timestamp,run,mode,frame_index,elapsed_s,volume_l
2026-08-28 14:50:15.056,capturas/2/20260828_144959/flow,original,0,19.7970,0.000000
2026-08-28 14:50:15.197,capturas/2/20260828_144959/flow,original,1,19.9380,0.000000
2026-08-28 14:50:15.384,capturas/2/20260828_144959/flow,original,2,20.1250,0.000000
2026-08-28 14:50:15.541,capturas/2/20260828_144959/flow,original,3,20.2820,0.000000
2026-08-28 14:50:15.712,capturas/2/20260828_144959/flow,original,4,20.4530,0.000000
2026-08-28 14:50:15.884,capturas/2/20260828_144959/flow,original,5,20.6250,0.000000
2026-08-28 14:50:16.025,capturas/2/20260828_144959/flow,original,6,20.7660,0.000000
2026-08-28 14:50:16.150,capturas/2/20260828_144959/flow,original,7,20.8910,0.000000
2026-08-28 14:50:16.306,capturas/2/20260828_144959/flow,original,8,21.0470,0.000000
2026-08-28 14:50:16.478,capturas/2/20260828_144959/flow,original,9,21.2190,0.000000
2026-08-28 14:50:16.666,capturas/2/20260828_144959/flow,original,10,21.4070,0.000000
2026-08-28 14:50:16.806,capturas/2/20260828_144959/flow,original,11,21.5470,0.000000
2026-08-28 14:50:16.994,capturas/2/20260828_144959/flow,original,12,21.7350,0.000000
2026-08-28 14:50:17.150,capturas/2/20260828_144959/flow,original,13,21.8910,0.000000
2026-08-28 14:50:17.306,capturas/2/20260828_144959/flow,original,14,22.0470,0.000000
2026-08-28 14:50:17.478,capturas/2/20260828_144959/flow,original,15,22.2190,0.000000
2026-08-28 14:50:17.619,capturas/2/20260828_144959/flow,original,16,22.3600,0.000000
2026-08-28 14:50:17.791,capturas/2/20260828_144959/flow,original,17,22.5320,0.000000
2026-08-28 14:50:17.962,capturas/2/20260828_144959/flow,original,18,22.7030,0.000000
2026-08-28 14:50:18.103,capturas/2/20260828_144959/flow,original,19,22.8440,0.000000
2026-08-28 14:50:18.275,capturas/2/20260828_144959/flow,original,20,23.0160,0.000308
2026-08-28 14:50:18.416,capturas/2/20260828_144959/flow,original,21,23.1570,0.001387
2026-08-28 14:50:18.541,capturas/2/20260828_144959/flow,original,22,23.2820,0.000000
2026-08-28 14:50:18.712,capturas/2/20260828_144959/flow,original,23,23.4530,0.000000
2026-08-28 14:50:18.884,capturas/2/20260828_144959/flow,original,24,23.6250,0.000000
2026-08-28 14:50:19.041,capturas/2/20260828_144959/flow,original,25,23.7820,0.000000
2026-08-28 14:50:19.166,capturas/2/20260828_144959/flow,original,26,23.9070,0.000000
2026-08-28 14:50:19.353,capturas/2/20260828_144959/flow,original,27,24.0940,0.000000
2026-08-28 14:50:19.525,capturas/2/20260828_144959/flow,original,28,24.2660,0.000000
2026-08-28 14:50:19.697,capturas/2/20260828_144959/flow,original,29,24.4380,0.000000
2026-08-28 14:50:19.884,capturas/2/20260828_144959/flow,original,30,24.6250,0.000000
2026-08-28 14:50:20.025,capturas/2/20260828_144959/flow,original,31,24.7660,0.000000
2026-08-28 14:50:20.212,capturas/2/20260828_144959/flow,original,32,24.9530,0.000000
2026-08-28 14:50:20.384,capturas/2/20260828_144959/flow,original,33,25.1250,0.000000
2026-08-28 14:50:20.525,capturas/2/20260828_144959/flow,original,34,25.2660,0.000000
2026-08-28 14:50:20.744,capturas/2/20260828_144959/flow,original,35,25.4850,0.000000
2026-08-28 14:50:20.884,capturas/2/20260828_144959/flow,original,36,25.6250,0.000000
2026-08-28 14:50:21.025,capturas/2/20260828_144959/flow,original,37,25.7660,0.000000
2026-08-28 14:50:21.197,capturas/2/20260828_144959/flow,original,38,25.9380,0.000000
2026-08-28 14:50:21.369,capturas/2/20260828_144959/flow,original,39,26.1100,0.000000
2026-08-28 14:50:21.525,capturas/2/20260828_144959/flow,original,40,26.2660,0.006027
2026-08-28 14:50:21.681,capturas/2/20260828_144959/flow,original,41,26.4220,0.000000
2026-08-28 14:50:21.853,capturas/2/20260828_144959/flow,original,42,26.5940,0.000000
2026-08-28 14:50:22.041,capturas/2/20260828_144959/flow,original,43,26.7820,0.000000
2026-08-28 14:50:22.244,capturas/2/20260828_144959/flow,original,44,26.9850,0.000000
2026-08-28 14:50:22.384,capturas/2/20260828_144959/flow,original,45,27.1250,0.000000
2026-08-28 14:50:22.572,capturas/2/20260828_144959/flow,original,46,27.3130,0.000000
2026-08-28 14:50:22.728,capturas/2/20260828_144959/flow,original,47,27.4690,0.000000
2026-08-28 14:50:22.869,capturas/2/20260828_144959/flow,original,48,27.6100,0.002747
2026-08-28 14:50:23.025,capturas/2/20260828_144959/flow,original,49,27.7660,0.000000
2026-08-28 14:50:23.181,capturas/2/20260828_144959/flow,original,50,27.9220,0.000000
2026-08-28 14:50:23.337,capturas/2/20260828_144959/flow,original,51,28.0780,0.000000
2026-08-28 14:50:23.478,capturas/2/20260828_144959/flow,original,52,28.2190,0.003494
2026-08-28 14:50:23.634,capturas/2/20260828_144959/flow,original,53,28.3750,0.000000
2026-08-28 14:50:23.791,capturas/2/20260828_144959/flow,original,54,28.5320,0.002165
2026-08-28 14:50:23.931,capturas/2/20260828_144959/flow,original,55,28.6720,0.000000
2026-08-28 14:50:24.087,capturas/2/20260828_144959/flow,original,56,28.8280,0.000000
2026-08-28 14:50:24.212,capturas/2/20260828_144959/flow,original,57,28.9530,0.000000
2026-08-28 14:50:24.337,capturas/2/20260828_144959/flow,original,58,29.0780,0.000302
2026-08-28 14:50:24.509,capturas/2/20260828_144959/flow,original,59,29.2500,0.000000
2026-08-28 14:50:24.697,capturas/2/20260828_144959/flow,original,60,29.4380,0.000000
2026-08-28 14:50:24.822,capturas/2/20260828_144959/flow,original,61,29.5630,0.000000
2026-08-28 14:50:24.978,capturas/2/20260828_144959/flow,original,62,29.7190,0.000000
2026-08-28 14:50:25.166,capturas/2/20260828_144959/flow,original,63,29.9070,0.000000
2026-08-28 14:50:25.291,capturas/2/20260828_144959/flow,original,64,30.0320,0.000000
2026-08-28 14:50:25.462,capturas/2/20260828_144959/flow,original,65,30.2030,0.000736
2026-08-28 14:50:25.587,capturas/2/20260828_144959/flow,original,66,30.3280,0.004888
2026-08-28 14:50:25.744,capturas/2/20260828_144959/flow,original,67,30.4850,0.003164
2026-08-28 14:50:25.900,capturas/2/20260828_144959/flow,original,68,30.6410,0.034889
2026-08-28 14:50:26.025,capturas/2/20260828_144959/flow,original,69,30.7660,0.015249
2026-08-28 14:50:26.197,capturas/2/20260828_144959/flow,original,70,30.9380,0.003096
2026-08-28 14:50:26.369,capturas/2/20260828_144959/flow,original,71,31.1100,0.000328
2026-08-28 14:50:26.525,capturas/2/20260828_144959/flow,original,72,31.2660,0.000000
2026-08-28 14:50:26.681,capturas/2/20260828_144959/flow,original,73,31.4220,0.000000
2026-08-28 14:50:26.853,capturas/2/20260828_144959/flow,original,74,31.5940,0.000000
2026-08-28 14:50:27.009,capturas/2/20260828_144959/flow,original,75,31.7500,0.000000
2026-08-28 14:50:27.197,capturas/2/20260828_144959/flow,original,76,31.9380,0.000000
2026-08-28 14:50:27.353,capturas/2/20260828_144959/flow,original,77,32.0940,0.000000
2026-08-28 14:50:27.525,capturas/2/20260828_144959/flow,original,78,32.2660,0.000000
2026-08-28 14:50:27.681,capturas/2/20260828_144959/flow,original,79,32.4220,0.000000
2026-08-28 14:50:27.822,capturas/2/20260828_144959/flow,original,80,32.5630,0.000000
2026-08-28 14:50:27.962,capturas/2/20260828_144959/flow,original,81,32.7030,0.000203
2026-08-28 14:50:28.134,capturas/2/20260828_144959/flow,original,82,32.8750,0.000000
2026-08-28 14:50:28.259,capturas/2/20260828_144959/flow,original,83,33.0000,0.000000
2026-08-28 14:50:28.447,capturas/2/20260828_144959/flow,original,84,33.1880,0.000982
2026-08-28 14:50:28.587,capturas/2/20260828_144959/flow,original,85,33.3280,0.000420
2026-08-28 14:50:28.775,capturas/2/20260828_144959/flow,original,86,33.5160,0.000000
2026-08-28 14:50:28.947,capturas/2/20260828_144959/flow,original,87,33.6880,0.000468
2026-08-28 14:50:29.119,capturas/2/20260828_144959/flow,original,88,33.8600,0.008265
2026-08-28 14:50:29.291,capturas/2/20260828_144959/flow,original,89,34.0320,0.024204
2026-08-28 14:50:29.478,capturas/2/20260828_144959/flow,original,90,34.2190,0.003842
2026-08-28 14:50:29.681,capturas/2/20260828_144959/flow,original,91,34.4220,0.000529
2026-08-28 14:50:29.869,capturas/2/20260828_144959/flow,original,92,34.6100,0.000000
2026-08-28 14:50:30.041,capturas/2/20260828_144959/flow,original,93,34.7820,0.000000
2026-08-28 14:50:30.212,capturas/2/20260828_144959/flow,original,94,34.9530,0.000000
2026-08-28 14:50:30.384,capturas/2/20260828_144959/flow,original,95,35.1250,0.000353
2026-08-28 14:50:30.541,capturas/2/20260828_144959/flow,original,96,35.2820,0.000000
2026-08-28 14:50:30.744,capturas/2/20260828_144959/flow,original,97,35.4850,0.002480
2026-08-28 14:50:30.900,capturas/2/20260828_144959/flow,original,98,35.6410,0.000473
2026-08-28 14:50:31.025,capturas/2/20260828_144959/flow,original,99,35.7660,0.000000
2026-08-28 14:50:31.212,capturas/2/20260828_144959/flow,original,100,35.9530,0.001747
2026-08-28 14:50:31.384,capturas/2/20260828_144959/flow,original,101,36.1250,0.002325
2026-08-28 14:50:31.541,capturas/2/20260828_144959/flow,original,102,36.2820,0.000392
2026-08-28 14:50:31.728,capturas/2/20260828_144959/flow,original,103,36.4690,0.000000
2026-08-28 14:50:31.884,capturas/2/20260828_144959/flow,original,104,36.6250,0.000000
2026-08-28 14:50:32.056,capturas/2/20260828_144959/flow,original,105,36.7970,0.000000
2026-08-28 14:50:32.244,capturas/2/20260828_144959/flow,original,106,36.9850,0.000000
2026-08-28 14:50:32.416,capturas/2/20260828_144959/flow,original,107,37.1570,0.000926
2026-08-28 14:50:32.572,capturas/2/20260828_144959/flow,original,108,37.3130,0.000000
2026-08-28 14:50:32.775,capturas/2/20260828_144959/flow,original,109,37.5160,0.000000
2026-08-28 14:50:32.931,capturas/2/20260828_144959/flow,original,110,37.6720,0.000000
2026-08-28 14:50:33.150,capturas/2/20260828_144959/flow,original,111,37.8910,0.000000
2026-08-28 14:50:33.275,capturas/2/20260828_144959/flow,original,112,38.0160,0.000000
2026-08-28 14:50:33.478,capturas/2/20260828_144959/flow,original,113,38.2190,0.000287
2026-08-28 14:50:33.634,capturas/2/20260828_144959/flow,original,114,38.3750,0.000287
2026-08-28 14:50:33.775,capturas/2/20260828_144959/flow,original,115,38.5160,0.000000
2026-08-28 14:50:33.947,capturas/2/20260828_144959/flow,original,116,38.6880,0.000000
2026-08-28 14:50:34.150,capturas/2/20260828_144959/flow,original,117,38.8910,0.000000
2026-08-28 14:50:34.291,capturas/2/20260828_144959/flow,original,118,39.0320,0.021087
2026-08-28 14:50:34.447,capturas/2/20260828_144959/flow,original,119,39.1880,0.005464
2026-08-28 14:50:34.619,capturas/2/20260828_144959/flow,original,120,39.3600,0.001770
2026-08-28 14:50:34.759,capturas/2/20260828_144959/flow,original,121,39.5000,0.000822
2026-08-28 14:50:34.931,capturas/2/20260828_144959/flow,original,122,39.6720,0.000000
2026-08-28 14:50:35.134,capturas/2/20260828_144959/flow,original,123,39.8750,0.003662
2026-08-28 14:50:35.306,capturas/2/20260828_144959/flow,original,124,40.0470,0.008230
2026-08-28 14:50:35.462,capturas/2/20260828_144959/flow,original,125,40.2030,0.002100
2026-08-28 14:50:35.634,capturas/2/20260828_144959/flow,original,126,40.3750,0.003616
2026-08-28 14:50:35.837,capturas/2/20260828_144959/flow,original,127,40.5780,0.000329
2026-08-28 14:50:35.994,capturas/2/20260828_144959/flow,original,128,40.7350,0.000000
2026-08-28 14:50:36.166,capturas/2/20260828_144959/flow,original,129,40.9070,0.000000
2026-08-28 14:50:36.353,capturas/2/20260828_144959/flow,original,130,41.0940,0.000000
2026-08-28 14:50:36.478,capturas/2/20260828_144959/flow,original,131,41.2190,0.000000
2026-08-28 14:50:36.650,capturas/2/20260828_144959/flow,original,132,41.3910,0.000000
2026-08-28 14:50:36.806,capturas/2/20260828_144959/flow,original,133,41.5470,0.000000
2026-08-28 14:50:36.978,capturas/2/20260828_144959/flow,original,134,41.7190,0.000000
2026-08-28 14:50:37.134,capturas/2/20260828_144959/flow,original,135,41.8750,0.000930
2026-08-28 14:50:37.306,capturas/2/20260828_144959/flow,original,136,42.0470,0.000365
2026-08-28 14:50:37.478,capturas/2/20260828_144959/flow,original,137,42.2190,0.000000
2026-08-28 14:50:37.666,capturas/2/20260828_144959/flow,original,138,42.4070,0.000000
2026-08-28 14:50:37.837,capturas/2/20260828_144959/flow,original,139,42.5780,0.000000
2026-08-28 14:50:38.009,capturas/2/20260828_144959/flow,original,140,42.7500,0.000000
2026-08-28 14:50:38.181,capturas/2/20260828_144959/flow,original,141,42.9220,0.000000
2026-08-28 14:50:38.337,capturas/2/20260828_144959/flow,original,142,43.0780,0.007640
2026-08-28 14:50:38.494,capturas/2/20260828_144959/flow,original,143,43.2350,0.006612
2026-08-28 14:50:38.666,capturas/2/20260828_144959/flow,original,144,43.4070,0.010146
2026-08-28 14:50:38.837,capturas/2/20260828_144959/flow,original,145,43.5780,0.000000
2026-08-28 14:50:38.994,capturas/2/20260828_144959/flow,original,146,43.7350,0.000000
2026-08-28 14:50:39.150,capturas/2/20260828_144959/flow,original,147,43.8910,0.000000
2026-08-28 14:50:39.306,capturas/2/20260828_144959/flow,original,148,44.0470,0.000000
2026-08-28 14:50:39.478,capturas/2/20260828_144959/flow,original,149,44.2190,0.000492
2026-08-28 14:50:39.650,capturas/2/20260828_144959/flow,original,150,44.3910,0.000000
2026-08-28 14:50:39.791,capturas/2/20260828_144959/flow,original,151,44.5320,0.000000
2026-08-28 14:50:39.947,capturas/2/20260828_144959/flow,original,152,44.6880,0.000000
2026-08-28 14:50:40.087,capturas/2/20260828_144959/flow,original,153,44.8280,0.010457
2026-08-28 14:50:40.275,capturas/2/20260828_144959/flow,original,154,45.0160,0.000572
2026-08-28 14:50:40.400,capturas/2/20260828_144959/flow,original,155,45.1410,0.000000
2026-08-28 14:50:40.587,capturas/2/20260828_144959/flow,original,156,45.3280,0.000000
2026-08-28 14:50:40.744,capturas/2/20260828_144959/flow,original,157,45.4850,0.000000
2026-08-28 14:50:40.916,capturas/2/20260828_144959/flow,original,158,45.6570,0.000000
2026-08-28 14:50:41.087,capturas/2/20260828_144959/flow,original,159,45.8280,0.000000
2026-08-28 14:50:41.244,capturas/2/20260828_144959/flow,original,160,45.9850,0.000000
2026-08-28 14:50:41.400,capturas/2/20260828_144959/flow,original,161,46.1410,0.000313
2026-08-28 14:50:41.541,capturas/2/20260828_144959/flow,original,162,46.2820,0.000000
2026-08-28 14:50:41.681,capturas/2/20260828_144959/flow,original,163,46.4220,0.000000
2026-08-28 14:50:41.869,capturas/2/20260828_144959/flow,original,164,46.6100,0.000000
2026-08-28 14:50:42.025,capturas/2/20260828_144959/flow,original,165,46.7660,0.000000
2026-08-28 14:50:42.166,capturas/2/20260828_144959/flow,original,166,46.9070,0.000241
2026-08-28 14:50:42.322,capturas/2/20260828_144959/flow,original,167,47.0630,0.000000
2026-08-28 14:50:42.494,capturas/2/20260828_144959/flow,original,168,47.2350,0.000000
2026-08-28 14:50:42.681,capturas/2/20260828_144959/flow,original,169,47.4220,0.000000
2026-08-28 14:50:42.837,capturas/2/20260828_144959/flow,original,170,47.5780,0.000000
2026-08-28 14:50:43.025,capturas/2/20260828_144959/flow,original,171,47.7660,0.000000
2026-08-28 14:50:43.197,capturas/2/20260828_144959/flow,original,172,47.9380,0.000513
2026-08-28 14:50:43.322,capturas/2/20260828_144959/flow,original,173,48.0630,0.000000
2026-08-28 14:50:43.509,capturas/2/20260828_144959/flow,original,174,48.2500,0.000000
2026-08-28 14:50:43.666,capturas/2/20260828_144959/flow,original,175,48.4070,0.000000
2026-08-28 14:50:43.822,capturas/2/20260828_144959/flow,original,176,48.5630,0.000000
2026-08-28 14:50:43.994,capturas/2/20260828_144959/flow,original,177,48.7350,0.000000
2026-08-28 14:50:44.119,capturas/2/20260828_144959/flow,original,178,48.8600,0.000000
2026-08-28 14:50:44.244,capturas/2/20260828_144959/flow,original,179,48.9850,0.000000
2026-08-28 14:50:44.416,capturas/2/20260828_144959/flow,original,180,49.1570,0.000000
2026-08-28 14:50:44.572,capturas/2/20260828_144959/flow,original,181,49.3130,0.000000
2026-08-28 14:50:44.759,capturas/2/20260828_144959/flow,original,182,49.5000,0.000000
2026-08-28 14:50:44.916,capturas/2/20260828_144959/flow,original,183,49.6570,0.000000
2026-08-28 14:50:45.103,capturas/2/20260828_144959/flow,original,184,49.8440,0.000000
2026-08-28 14:50:45.275,capturas/2/20260828_144959/flow,original,185,50.0160,0.000000
2026-08-28 14:50:45.416,capturas/2/20260828_144959/flow,original,186,50.1570,0.000000
2026-08-28 14:50:45.619,capturas/2/20260828_144959/flow,original,187,50.3600,0.000000
2026-08-28 14:50:45.775,capturas/2/20260828_144959/flow,original,188,50.5160,0.000000
2026-08-28 14:50:45.931,capturas/2/20260828_144959/flow,original,189,50.6720,0.000000
2026-08-28 14:50:46.119,capturas/2/20260828_144959/flow,original,190,50.8600,0.000000
2026-08-28 14:50:46.275,capturas/2/20260828_144959/flow,original,191,51.0160,0.000000
2026-08-28 14:50:46.416,capturas/2/20260828_144959/flow,original,192,51.1570,0.000000
2026-08-28 14:50:46.572,capturas/2/20260828_144959/flow,original,193,51.3130,0.000000
2026-08-28 14:50:46.744,capturas/2/20260828_144959/flow,original,194,51.4850,0.000000
2026-08-28 14:50:46.900,capturas/2/20260828_144959/flow,original,195,51.6410,0.000000
2026-08-28 14:50:47.087,capturas/2/20260828_144959/flow,original,196,51.8280,0.000000
2026-08-28 14:50:47.228,capturas/2/20260828_144959/flow,original,197,51.9690,0.000000
2026-08-28 14:50:47.369,capturas/2/20260828_144959/flow,original,198,52.1100,0.000000
2026-08-28 14:50:47.541,capturas/2/20260828_144959/flow,original,199,52.2820,0.000000
2026-08-28 14:50:47.728,capturas/2/20260828_144959/flow,original,200,52.4690,0.000000
2026-08-28 14:50:47.869,capturas/2/20260828_144959/flow,original,201,52.6100,0.000000
2026-08-28 14:50:48.056,capturas/2/20260828_144959/flow,original,202,52.7970,0.000000
2026-08-28 14:50:48.212,capturas/2/20260828_144959/flow,original,203,52.9530,0.000000
2026-08-28 14:50:48.400,capturas/2/20260828_144959/flow,original,204,53.1410,0.000837
2026-08-28 14:50:48.556,capturas/2/20260828_144959/flow,original,205,53.2970,0.000000
2026-08-28 14:50:48.728,capturas/2/20260828_144959/flow,original,206,53.4690,0.000000
2026-08-28 14:50:48.900,capturas/2/20260828_144959/flow,original,207,53.6410,0.000338
2026-08-28 14:50:49.041,capturas/2/20260828_144959/flow,original,208,53.7820,0.000000
2026-08-28 14:50:49.166,capturas/2/20260828_144959/flow,original,209,53.9070,0.000000
2026-08-28 14:50:49.369,capturas/2/20260828_144959/flow,original,210,54.1100,0.009668
2026-08-28 14:50:49.494,capturas/2/20260828_144959/flow,original,211,54.2350,0.006574
2026-08-28 14:50:49.650,capturas/2/20260828_144959/flow,original,212,54.3910,0.007297
2026-08-28 14:50:49.775,capturas/2/20260828_144959/flow,original,213,54.5160,0.000000
2026-08-28 14:50:49.947,capturas/2/20260828_144959/flow,original,214,54.6880,0.000000
2026-08-28 14:50:50.087,capturas/2/20260828_144959/flow,original,215,54.8280,0.000000
2026-08-28 14:50:50.275,capturas/2/20260828_144959/flow,original,216,55.0160,0.000000
2026-08-28 14:50:50.447,capturas/2/20260828_144959/flow,original,217,55.1880,0.000000
2026-08-28 14:50:50.619,capturas/2/20260828_144959/flow,original,218,55.3600,0.000000
2026-08-28 14:50:50.791,capturas/2/20260828_144959/flow,original,219,55.5320,0.000000
2026-08-28 14:50:50.962,capturas/2/20260828_144959/flow,original,220,55.7030,0.000000
2026-08-28 14:50:51.119,capturas/2/20260828_144959/flow,original,221,55.8600,0.000000
2026-08-28 14:50:51.259,capturas/2/20260828_144959/flow,original,222,56.0000,0.000000
2026-08-28 14:50:51.416,capturas/2/20260828_144959/flow,original,223,56.1570,0.000000
2026-08-28 14:50:51.603,capturas/2/20260828_144959/flow,original,224,56.3440,0.000000
2026-08-28 14:50:51.775,capturas/2/20260828_144959/flow,original,225,56.5160,0.000000
2026-08-28 14:50:51.931,capturas/2/20260828_144959/flow,original,226,56.6720,0.000000
2026-08-28 14:50:52.103,capturas/2/20260828_144959/flow,original,227,56.8440,0.000000
2026-08-28 14:50:52.291,capturas/2/20260828_144959/flow,original,228,57.0320,0.000282
2026-08-28 14:50:52.431,capturas/2/20260828_144959/flow,original,229,57.1720,0.000000
2026-08-28 14:50:52.587,capturas/2/20260828_144959/flow,original,230,57.3280,0.000000
2026-08-28 14:50:52.791,capturas/2/20260828_144959/flow,original,231,57.5320,0.000000
2026-08-28 14:50:52.962,capturas/2/20260828_144959/flow,original,232,57.7030,0.000000
2026-08-28 14:50:53.134,capturas/2/20260828_144959/flow,original,233,57.8750,0.000000
2026-08-28 14:50:53.306,capturas/2/20260828_144959/flow,original,234,58.0470,0.000000
2026-08-28 14:50:53.462,capturas/2/20260828_144959/flow,original,235,58.2030,0.000235
2026-08-28 14:50:53.650,capturas/2/20260828_144959/flow,original,236,58.3910,0.000000
2026-08-28 14:50:53.806,capturas/2/20260828_144959/flow,original,237,58.5470,0.000000
2026-08-28 14:50:53.978,capturas/2/20260828_144959/flow,original,238,58.7190,0.000000
2026-08-28 14:50:54.119,capturas/2/20260828_144959/flow,original,239,58.8600,0.001089
2026-08-28 14:50:54.306,capturas/2/20260828_144959/flow,original,240,59.0470,0.000000
2026-08-28 14:50:54.494,capturas/2/20260828_144959/flow,original,241,59.2350,0.001759
2026-08-28 14:50:54.634,capturas/2/20260828_144959/flow,original,242,59.3750,0.005874
2026-08-28 14:50:54.806,capturas/2/20260828_144959/flow,original,243,59.5470,0.002999
2026-08-28 14:50:54.994,capturas/2/20260828_144959/flow,original,244,59.7350,0.003569
2026-08-28 14:50:55.166,capturas/2/20260828_144959/flow,original,245,59.9070,0.014547
2026-08-28 14:50:55.337,capturas/2/20260828_144959/flow,original,246,60.0780,0.002404
2026-08-28 14:50:55.525,capturas/2/20260828_144959/flow,original,247,60.2660,0.001837
2026-08-28 14:50:55.681,capturas/2/20260828_144959/flow,original,248,60.4220,0.000308
2026-08-28 14:50:55.837,capturas/2/20260828_144959/flow,original,249,60.5780,0.000000
2026-08-28 14:50:55.962,capturas/2/20260828_144959/flow,original,250,60.7030,0.002900
2026-08-28 14:50:56.119,capturas/2/20260828_144959/flow,original,251,60.8600,0.000348
2026-08-28 14:50:56.259,capturas/2/20260828_144959/flow,original,252,61.0000,0.000000
2026-08-28 14:50:56.447,capturas/2/20260828_144959/flow,original,253,61.1880,0.000000
2026-08-28 14:50:56.572,capturas/2/20260828_144959/flow,original,254,61.3130,0.000000
2026-08-28 14:50:56.697,capturas/2/20260828_144959/flow,original,255,61.4380,0.000000
2026-08-28 14:50:56.853,capturas/2/20260828_144959/flow,original,256,61.5940,0.000262
2026-08-28 14:50:57.041,capturas/2/20260828_144959/flow,original,257,61.7820,0.001177
2026-08-28 14:50:57.212,capturas/2/20260828_144959/flow,original,258,61.9530,0.000000
2026-08-28 14:50:57.369,capturas/2/20260828_144959/flow,original,259,62.1100,0.000000
2026-08-28 14:50:57.541,capturas/2/20260828_144959/flow,original,260,62.2820,0.000000
2026-08-28 14:50:57.728,capturas/2/20260828_144959/flow,original,261,62.4690,0.000000
2026-08-28 14:50:57.900,capturas/2/20260828_144959/flow,original,262,62.6410,0.000365
2026-08-28 14:50:58.041,capturas/2/20260828_144959/flow,original,263,62.7820,0.001862
2026-08-28 14:50:58.244,capturas/2/20260828_144959/flow,original,264,62.9850,0.000729
2026-08-28 14:50:58.431,capturas/2/20260828_144959/flow,original,265,63.1720,0.000000
2026-08-28 14:50:58.556,capturas/2/20260828_144959/flow,original,266,63.2970,0.000000
2026-08-28 14:50:58.728,capturas/2/20260828_144959/flow,original,267,63.4690,0.000000
2026-08-28 14:50:58.931,capturas/2/20260828_144959/flow,original,268,63.6720,0.000000
2026-08-28 14:50:59.103,capturas/2/20260828_144959/flow,original,269,63.8440,0.000000
2026-08-28 14:50:59.291,capturas/2/20260828_144959/flow,original,270,64.0320,0.000000
2026-08-28 14:50:59.447,capturas/2/20260828_144959/flow,original,271,64.1880,0.000000
2026-08-28 14:50:59.572,capturas/2/20260828_144959/flow,original,272,64.3130,0.000000
2026-08-28 14:50:59.728,capturas/2/20260828_144959/flow,original,273,64.4690,0.000000
2026-08-28 14:50:59.916,capturas/2/20260828_144959/flow,original,274,64.6570,0.000000
2026-08-28 14:51:00.103,capturas/2/20260828_144959/flow,original,275,64.8440,0.000000
2026-08-28 14:51:00.275,capturas/2/20260828_144959/flow,original,276,65.0160,0.000306
2026-08-28 14:51:00.462,capturas/2/20260828_144959/flow,original,277,65.2030,0.000000
2026-08-28 14:51:00.587,capturas/2/20260828_144959/flow,original,278,65.3280,0.000000
2026-08-28 14:51:00.775,capturas/2/20260828_144959/flow,original,279,65.5160,0.001046
2026-08-28 14:51:00.916,capturas/2/20260828_144959/flow,original,280,65.6570,0.009911
2026-08-28 14:51:01.072,capturas/2/20260828_144959/flow,original,281,65.8130,0.005229
2026-08-28 14:51:01.244,capturas/2/20260828_144959/flow,original,282,65.9850,0.000371
2026-08-28 14:51:01.416,capturas/2/20260828_144959/flow,original,283,66.1570,0.000000
2026-08-28 14:51:01.572,capturas/2/20260828_144959/flow,original,284,66.3130,0.002135
2026-08-28 14:51:01.759,capturas/2/20260828_144959/flow,original,285,66.5000,0.000000
2026-08-28 14:51:01.916,capturas/2/20260828_144959/flow,original,286,66.6570,0.000000
2026-08-28 14:51:02.087,capturas/2/20260828_144959/flow,original,287,66.8280,0.000000
2026-08-28 14:51:02.244,capturas/2/20260828_144959/flow,original,288,66.9850,0.000000
2026-08-28 14:51:02.384,capturas/2/20260828_144959/flow,original,289,67.1250,0.000000
2026-08-28 14:51:02.525,capturas/2/20260828_144959/flow,original,290,67.2660,0.001129
2026-08-28 14:51:02.728,capturas/2/20260828_144959/flow,original,291,67.4690,0.002799
2026-08-28 14:51:02.900,capturas/2/20260828_144959/flow,original,292,67.6410,0.000000
2026-08-28 14:51:03.056,capturas/2/20260828_144959/flow,original,293,67.7970,0.000262
2026-08-28 14:51:03.244,capturas/2/20260828_144959/flow,original,294,67.9850,0.000000
2026-08-28 14:51:03.416,capturas/2/20260828_144959/flow,original,295,68.1570,0.000953
2026-08-28 14:51:03.572,capturas/2/20260828_144959/flow,original,296,68.3130,0.001473
2026-08-28 14:51:03.697,capturas/2/20260828_144959/flow,original,297,68.4380,0.001491
2026-08-28 14:51:03.900,capturas/2/20260828_144959/flow,original,298,68.6410,0.014679
2026-08-28 14:51:04.041,capturas/2/20260828_144959/flow,original,299,68.7820,0.008500
2026-08-28 14:51:04.228,capturas/2/20260828_144959/flow,original,300,68.9690,0.062544
2026-08-28 14:51:04.416,capturas/2/20260828_144959/flow,original,301,69.1570,0.050056
2026-08-28 14:51:04.587,capturas/2/20260828_144959/flow,original,302,69.3280,0.025450
2026-08-28 14:51:04.791,capturas/2/20260828_144959/flow,original,303,69.5320,0.000000
2026-08-28 14:51:04.931,capturas/2/20260828_144959/flow,original,304,69.6720,0.000594
2026-08-28 14:51:05.119,capturas/2/20260828_144959/flow,original,305,69.8600,0.000000
2026-08-28 14:51:05.291,capturas/2/20260828_144959/flow,original,306,70.0320,0.003762
2026-08-28 14:51:05.447,capturas/2/20260828_144959/flow,original,307,70.1880,0.001113
2026-08-28 14:51:05.572,capturas/2/20260828_144959/flow,original,308,70.3130,0.005322
2026-08-28 14:51:05.775,capturas/2/20260828_144959/flow,original,309,70.5160,0.001610
2026-08-28 14:51:05.916,capturas/2/20260828_144959/flow,original,310,70.6570,0.003457
2026-08-28 14:51:06.056,capturas/2/20260828_144959/flow,original,311,70.7970,0.003238
2026-08-28 14:51:06.212,capturas/2/20260828_144959/flow,original,312,70.9530,0.000797
2026-08-28 14:51:06.400,capturas/2/20260828_144959/flow,original,313,71.1410,0.000000
2026-08-28 14:51:06.556,capturas/2/20260828_144959/flow,original,314,71.2970,0.000000
2026-08-28 14:51:06.728,capturas/2/20260828_144959/flow,original,315,71.4690,0.000000
2026-08-28 14:51:06.884,capturas/2/20260828_144959/flow,original,316,71.6250,0.000000
2026-08-28 14:51:07.041,capturas/2/20260828_144959/flow,original,317,71.7820,0.000000
2026-08-28 14:51:07.197,capturas/2/20260828_144959/flow,original,318,71.9380,0.000000
2026-08-28 14:51:07.337,capturas/2/20260828_144959/flow,original,319,72.0780,0.000000
2026-08-28 14:51:07.541,capturas/2/20260828_144959/flow,original,320,72.2820,0.000000
2026-08-28 14:51:07.712,capturas/2/20260828_144959/flow,original,321,72.4530,0.000000
2026-08-28 14:51:07.884,capturas/2/20260828_144959/flow,original,322,72.6250,0.000000
2026-08-28 14:51:08.056,capturas/2/20260828_144959/flow,original,323,72.7970,0.000000
2026-08-28 14:51:08.197,capturas/2/20260828_144959/flow,original,324,72.9380,0.000000
2026-08-28 14:51:08.353,capturas/2/20260828_144959/flow,original,325,73.0940,0.000352
2026-08-28 14:51:08.509,capturas/2/20260828_144959/flow,original,326,73.2500,0.000000
2026-08-28 14:51:08.650,capturas/2/20260828_144959/flow,original,327,73.3910,0.000000
2026-08-28 14:51:08.791,capturas/2/20260828_144959/flow,original,328,73.5320,0.000000
2026-08-28 14:51:08.947,capturas/2/20260828_144959/flow,original,329,73.6880,0.000000
2026-08-28 14:51:09.119,capturas/2/20260828_144959/flow,original,330,73.8600,0.000000
2026-08-28 14:51:09.291,capturas/2/20260828_144959/flow,original,331,74.0320,0.001515
2026-08-28 14:51:09.447,capturas/2/20260828_144959/flow,original,332,74.1880,0.002842
2026-08-28 14:51:09.619,capturas/2/20260828_144959/flow,original,333,74.3600,0.003672
2026-08-28 14:51:09.775,capturas/2/20260828_144959/flow,original,334,74.5160,0.001100
2026-08-28 14:51:09.931,capturas/2/20260828_144959/flow,original,335,74.6720,0.000929
2026-08-28 14:51:10.134,capturas/2/20260828_144959/flow,original,336,74.8750,0.002177
2026-08-28 14:51:10.306,capturas/2/20260828_144959/flow,original,337,75.0470,0.000881
2026-08-28 14:51:10.478,capturas/2/20260828_144959/flow,original,338,75.2190,0.001239
2026-08-28 14:51:10.650,capturas/2/20260828_144959/flow,original,339,75.3910,0.000292
2026-08-28 14:51:10.791,capturas/2/20260828_144959/flow,original,340,75.5320,0.000000
2026-08-28 14:51:10.994,capturas/2/20260828_144959/flow,original,341,75.7350,0.001524
2026-08-28 14:51:11.134,capturas/2/20260828_144959/flow,original,342,75.8750,0.003310
2026-08-28 14:51:11.322,capturas/2/20260828_144959/flow,original,343,76.0630,0.000000
2026-08-28 14:51:11.525,capturas/2/20260828_144959/flow,original,344,76.2660,0.000000
2026-08-28 14:51:11.697,capturas/2/20260828_144959/flow,original,345,76.4380,0.000000
2026-08-28 14:51:11.884,capturas/2/20260828_144959/flow,original,346,76.6250,0.001085
2026-08-28 14:51:12.041,capturas/2/20260828_144959/flow,original,347,76.7820,0.000427
2026-08-28 14:51:12.212,capturas/2/20260828_144959/flow,original,348,76.9530,0.011120
2026-08-28 14:51:12.369,capturas/2/20260828_144959/flow,original,349,77.1100,0.010123
2026-08-28 14:51:12.556,capturas/2/20260828_144959/flow,original,350,77.2970,0.007306
2026-08-28 14:51:12.697,capturas/2/20260828_144959/flow,original,351,77.4380,0.000276
2026-08-28 14:51:12.884,capturas/2/20260828_144959/flow,original,352,77.6250,0.000241
2026-08-28 14:51:13.041,capturas/2/20260828_144959/flow,original,353,77.7820,0.005058
2026-08-28 14:51:13.228,capturas/2/20260828_144959/flow,original,354,77.9690,0.003961
2026-08-28 14:51:13.384,capturas/2/20260828_144959/flow,original,355,78.1250,0.001681
2026-08-28 14:51:13.556,capturas/2/20260828_144959/flow,original,356,78.2970,0.003519
2026-08-28 14:51:13.712,capturas/2/20260828_144959/flow,original,357,78.4530,0.001764
2026-08-28 14:51:13.869,capturas/2/20260828_144959/flow,original,358,78.6100,0.000000
2026-08-28 14:51:14.009,capturas/2/20260828_144959/flow,original,359,78.7500,0.000000
2026-08-28 14:51:14.197,capturas/2/20260828_144959/flow,original,360,78.9380,0.000000
2026-08-28 14:51:14.369,capturas/2/20260828_144959/flow,original,361,79.1100,0.000000
2026-08-28 14:51:14.525,capturas/2/20260828_144959/flow,original,362,79.2660,0.000000
2026-08-28 14:51:14.744,capturas/2/20260828_144959/flow,original,363,79.4850,0.000000
2026-08-28 14:51:14.978,capturas/2/20260828_144959/flow,original,364,79.7190,0.000574
2026-08-28 14:51:15.119,capturas/2/20260828_144959/flow,original,365,79.8600,0.000372
2026-08-28 14:51:15.353,capturas/2/20260828_144959/flow,original,366,80.0940,0.000177
2026-08-28 14:51:15.556,capturas/2/20260828_144959/flow,original,367,80.2970,0.000000
2026-08-28 14:51:15.759,capturas/2/20260828_144959/flow,original,368,80.5000,0.000195
2026-08-28 14:51:15.994,capturas/2/20260828_144959/flow,original,369,80.7350,0.000000
2026-08-28 14:51:16.197,capturas/2/20260828_144959/flow,original,370,80.9380,0.000000
2026-08-28 14:51:16.416,capturas/2/20260828_144959/flow,original,371,81.1570,0.001591
2026-08-28 14:51:16.572,capturas/2/20260828_144959/flow,original,372,81.3130,0.004046
2026-08-28 14:51:16.759,capturas/2/20260828_144959/flow,original,373,81.5000,0.000000
2026-08-28 14:51:16.947,capturas/2/20260828_144959/flow,original,374,81.6880,0.000346
2026-08-28 14:51:17.134,capturas/2/20260828_144959/flow,original,375,81.8750,0.000000
2026-08-28 14:51:17.322,capturas/2/20260828_144959/flow,original,376,82.0630,0.000000
2026-08-28 14:51:17.509,capturas/2/20260828_144959/flow,original,377,82.2500,0.000000
2026-08-28 14:51:17.666,capturas/2/20260828_144959/flow,original,378,82.4070,0.000000
2026-08-28 14:51:17.822,capturas/2/20260828_144959/flow,original,379,82.5630,0.000000
2026-08-28 14:51:18.025,capturas/2/20260828_144959/flow,original,380,82.7660,0.000000
2026-08-28 14:51:18.181,capturas/2/20260828_144959/flow,original,381,82.9220,0.000000
2026-08-28 14:51:18.322,capturas/2/20260828_144959/flow,original,382,83.0630,0.000000
2026-08-28 14:51:18.509,capturas/2/20260828_144959/flow,original,383,83.2500,0.000000
2026-08-28 14:51:18.744,capturas/2/20260828_144959/flow,original,384,83.4850,0.000000
2026-08-28 14:51:18.931,capturas/2/20260828_144959/flow,original,385,83.6720,0.000000
2026-08-28 14:51:19.087,capturas/2/20260828_144959/flow,original,386,83.8280,0.000000
2026-08-28 14:51:19.275,capturas/2/20260828_144959/flow,original,387,84.0160,0.000000
2026-08-28 14:51:19.447,capturas/2/20260828_144959/flow,original,388,84.1880,0.000000
2026-08-28 14:51:19.587,capturas/2/20260828_144959/flow,original,389,84.3280,0.000000
2026-08-28 14:51:19.744,capturas/2/20260828_144959/flow,original,390,84.4850,0.000831
2026-08-28 14:51:19.916,capturas/2/20260828_144959/flow,original,391,84.6570,0.001690
2026-08-28 14:51:20.072,capturas/2/20260828_144959/flow,original,392,84.8130,0.003030
2026-08-28 14:51:20.197,capturas/2/20260828_144959/flow,original,393,84.9380,0.004636
2026-08-28 14:51:20.400,capturas/2/20260828_144959/flow,original,394,85.1410,0.002106
2026-08-28 14:51:20.556,capturas/2/20260828_144959/flow,original,395,85.2970,0.005948
2026-08-28 14:51:20.744,capturas/2/20260828_144959/flow,original,396,85.4850,0.008177
2026-08-28 14:51:20.900,capturas/2/20260828_144959/flow,original,397,85.6410,0.003270
2026-08-28 14:51:21.087,capturas/2/20260828_144959/flow,original,398,85.8280,0.000255
2026-08-28 14:51:21.259,capturas/2/20260828_144959/flow,original,399,86.0000,0.000000
2026-08-28 14:51:21.447,capturas/2/20260828_144959/flow,original,400,86.1880,0.000000
2026-08-28 14:51:21.634,capturas/2/20260828_144959/flow,original,401,86.3750,0.005799
2026-08-28 14:51:21.775,capturas/2/20260828_144959/flow,original,402,86.5160,0.004104
2026-08-28 14:51:21.931,capturas/2/20260828_144959/flow,original,403,86.6720,0.000604
2026-08-28 14:51:22.103,capturas/2/20260828_144959/flow,original,404,86.8440,0.003045
2026-08-28 14:51:22.259,capturas/2/20260828_144959/flow,original,405,87.0000,0.000985
2026-08-28 14:51:22.431,capturas/2/20260828_144959/flow,original,406,87.1720,0.025667
2026-08-28 14:51:22.619,capturas/2/20260828_144959/flow,original,407,87.3600,0.028958
2026-08-28 14:51:22.759,capturas/2/20260828_144959/flow,original,408,87.5000,0.021528
2026-08-28 14:51:22.947,capturas/2/20260828_144959/flow,original,409,87.6880,0.021746
2026-08-28 14:51:23.103,capturas/2/20260828_144959/flow,original,410,87.8440,0.008711
2026-08-28 14:51:23.275,capturas/2/20260828_144959/flow,original,411,88.0160,0.000000
2026-08-28 14:51:23.431,capturas/2/20260828_144959/flow,original,412,88.1720,0.000000
2026-08-28 14:51:23.587,capturas/2/20260828_144959/flow,original,413,88.3280,0.000686
2026-08-28 14:51:23.775,capturas/2/20260828_144959/flow,original,414,88.5160,0.003123
2026-08-28 14:51:23.962,capturas/2/20260828_144959/flow,original,415,88.7030,0.015752
2026-08-28 14:51:24.119,capturas/2/20260828_144959/flow,original,416,88.8600,0.000000
2026-08-28 14:51:24.259,capturas/2/20260828_144959/flow,original,417,89.0000,0.000000
2026-08-28 14:51:24.447,capturas/2/20260828_144959/flow,original,418,89.1880,0.012582
2026-08-28 14:51:24.572,capturas/2/20260828_144959/flow,original,419,89.3130,0.035293
2026-08-28 14:51:24.712,capturas/2/20260828_144959/flow,original,420,89.4530,0.031267
2026-08-28 14:51:24.900,capturas/2/20260828_144959/flow,original,421,89.6410,0.079871
2026-08-28 14:51:25.087,capturas/2/20260828_144959/flow,original,422,89.8280,0.157467
2026-08-28 14:51:25.244,capturas/2/20260828_144959/flow,original,423,89.9850,0.361134
2026-08-28 14:51:25.431,capturas/2/20260828_144959/flow,original,424,90.1720,0.311253
2026-08-28 14:51:25.556,capturas/2/20260828_144959/flow,original,425,90.2970,0.089722
2026-08-28 14:51:25.759,capturas/2/20260828_144959/flow,original,426,90.5000,0.002024
2026-08-28 14:51:25.916,capturas/2/20260828_144959/flow,original,427,90.6570,0.000844
2026-08-28 14:51:26.072,capturas/2/20260828_144959/flow,original,428,90.8130,0.000540
2026-08-28 14:51:26.197,capturas/2/20260828_144959/flow,original,429,90.9380,0.000351
2026-08-28 14:51:26.369,capturas/2/20260828_144959/flow,original,430,91.1100,0.003186
2026-08-28 14:51:26.587,capturas/2/20260828_144959/flow,original,431,91.3280,0.000162
2026-08-28 14:51:26.744,capturas/2/20260828_144959/flow,original,432,91.4850,0.000000
2026-08-28 14:51:26.916,capturas/2/20260828_144959/flow,original,433,91.6570,0.000000
2026-08-28 14:51:27.072,capturas/2/20260828_144959/flow,original,434,91.8130,0.000319
2026-08-28 14:51:27.244,capturas/2/20260828_144959/flow,original,435,91.9850,0.001757
2026-08-28 14:51:27.400,capturas/2/20260828_144959/flow,original,436,92.1410,0.005085
2026-08-28 14:51:27.572,capturas/2/20260828_144959/flow,original,437,92.3130,0.009260
2026-08-28 14:51:27.759,capturas/2/20260828_144959/flow,original,438,92.5000,0.004694
2026-08-28 14:51:27.947,capturas/2/20260828_144959/flow,original,439,92.6880,0.005482
2026-08-28 14:51:28.134,capturas/2/20260828_144959/flow,original,440,92.8750,0.003420
2026-08-28 14:51:28.275,capturas/2/20260828_144959/flow,original,441,93.0160,0.033929
2026-08-28 14:51:28.447,capturas/2/20260828_144959/flow,original,442,93.1880,0.020473
2026-08-28 14:51:28.619,capturas/2/20260828_144959/flow,original,443,93.3600,0.012856
2026-08-28 14:51:28.791,capturas/2/20260828_144959/flow,original,444,93.5320,0.005644
2026-08-28 14:51:28.962,capturas/2/20260828_144959/flow,original,445,93.7030,0.003633
2026-08-28 14:51:29.119,capturas/2/20260828_144959/flow,original,446,93.8600,0.004572
2026-08-28 14:51:29.322,capturas/2/20260828_144959/flow,original,447,94.0630,0.004349
2026-08-28 14:51:29.509,capturas/2/20260828_144959/flow,original,448,94.2500,0.001630
2026-08-28 14:51:29.634,capturas/2/20260828_144959/flow,original,449,94.3750,0.003617
2026-08-28 14:51:29.822,capturas/2/20260828_144959/flow,original,450,94.5630,0.002138
2026-08-28 14:51:29.994,capturas/2/20260828_144959/flow,original,451,94.7350,0.002115
2026-08-28 14:51:30.166,capturas/2/20260828_144959/flow,original,452,94.9070,0.002845
2026-08-28 14:51:30.275,capturas/2/20260828_144959/flow,original,453,95.0160,0.001513
2026-08-28 14:51:30.447,capturas/2/20260828_144959/flow,original,454,95.1880,0.009933
2026-08-28 14:51:30.603,capturas/2/20260828_144959/flow,original,455,95.3440,0.008408
2026-08-28 14:51:30.775,capturas/2/20260828_144959/flow,original,456,95.5160,0.001494
2026-08-28 14:51:30.962,capturas/2/20260828_144959/flow,original,457,95.7030,0.001238
2026-08-28 14:51:31.134,capturas/2/20260828_144959/flow,original,458,95.8750,0.008321
2026-08-28 14:51:31.275,capturas/2/20260828_144959/flow,original,459,96.0160,0.034465
2026-08-28 14:51:31.447,capturas/2/20260828_144959/flow,original,460,96.1880,0.026963
2026-08-28 14:51:31.650,capturas/2/20260828_144959/flow,original,461,96.3910,0.000167
2026-08-28 14:51:31.822,capturas/2/20260828_144959/flow,original,462,96.5630,0.000000
2026-08-28 14:51:31.978,capturas/2/20260828_144959/flow,original,463,96.7190,0.000192
2026-08-28 14:51:32.119,capturas/2/20260828_144959/flow,original,464,96.8600,0.000241
2026-08-28 14:51:32.337,capturas/2/20260828_144959/flow,original,465,97.0780,0.000243
2026-08-28 14:51:32.509,capturas/2/20260828_144959/flow,original,466,97.2500,0.003284
2026-08-28 14:51:32.712,capturas/2/20260828_144959/flow,original,467,97.4530,0.009061
2026-08-28 14:51:32.869,capturas/2/20260828_144959/flow,original,468,97.6100,0.011997
2026-08-28 14:51:33.056,capturas/2/20260828_144959/flow,original,469,97.7970,0.035736
2026-08-28 14:51:33.212,capturas/2/20260828_144959/flow,original,470,97.9530,0.072412
2026-08-28 14:51:33.416,capturas/2/20260828_144959/flow,original,471,98.1570,0.002942
2026-08-28 14:51:33.572,capturas/2/20260828_144959/flow,original,472,98.3130,0.000000
2026-08-28 14:51:33.759,capturas/2/20260828_144959/flow,original,473,98.5000,0.000669
2026-08-28 14:51:33.884,capturas/2/20260828_144959/flow,original,474,98.6250,0.002953
2026-08-28 14:51:34.072,capturas/2/20260828_144959/flow,original,475,98.8130,0.003550
2026-08-28 14:51:34.244,capturas/2/20260828_144959/flow,original,476,98.9850,0.001659
2026-08-28 14:51:34.447,capturas/2/20260828_144959/flow,original,477,99.1880,0.000000
2026-08-28 14:51:34.603,capturas/2/20260828_144959/flow,original,478,99.3440,0.000000
2026-08-28 14:51:34.791,capturas/2/20260828_144959/flow,original,479,99.5320,0.000000
2026-08-28 14:51:34.962,capturas/2/20260828_144959/flow,original,480,99.7030,0.000000
2026-08-28 14:51:35.103,capturas/2/20260828_144959/flow,original,481,99.8440,0.000271
2026-08-28 14:51:35.322,capturas/2/20260828_144959/flow,original,482,100.0630,0.000000
2026-08-28 14:51:35.509,capturas/2/20260828_144959/flow,original,483,100.2500,0.000219
2026-08-28 14:51:35.681,capturas/2/20260828_144959/flow,original,484,100.4220,0.000219
2026-08-28 14:51:35.837,capturas/2/20260828_144959/flow,original,485,100.5780,0.000000
2026-08-28 14:51:35.994,capturas/2/20260828_144959/flow,original,486,100.7350,0.000000
2026-08-28 14:51:36.181,capturas/2/20260828_144959/flow,original,487,100.9220,0.000000
2026-08-28 14:51:36.306,capturas/2/20260828_144959/flow,original,488,101.0470,0.000000
2026-08-28 14:51:36.478,capturas/2/20260828_144959/flow,original,489,101.2190,0.000000
2026-08-28 14:51:36.666,capturas/2/20260828_144959/flow,original,490,101.4070,0.000656
2026-08-28 14:51:36.822,capturas/2/20260828_144959/flow,original,491,101.5630,0.000660
2026-08-28 14:51:36.994,capturas/2/20260828_144959/flow,original,492,101.7350,0.001565
2026-08-28 14:51:37.197,capturas/2/20260828_144959/flow,original,493,101.9380,0.000580
2026-08-28 14:51:37.369,capturas/2/20260828_144959/flow,original,494,102.1100,0.000000
2026-08-28 14:51:37.541,capturas/2/20260828_144959/flow,original,495,102.2820,0.000000
2026-08-28 14:51:37.697,capturas/2/20260828_144959/flow,original,496,102.4380,0.000000
2026-08-28 14:51:37.853,capturas/2/20260828_144959/flow,original,497,102.5940,0.000000
2026-08-28 14:51:38.056,capturas/2/20260828_144959/flow,original,498,102.7970,0.000000
2026-08-28 14:51:38.212,capturas/2/20260828_144959/flow,original,499,102.9530,0.000000
2026-08-28 14:51:38.369,capturas/2/20260828_144959/flow,original,500,103.1100,0.000000
2026-08-28 14:51:38.556,capturas/2/20260828_144959/flow,original,501,103.2970,0.000000
2026-08-28 14:51:38.712,capturas/2/20260828_144959/flow,original,502,103.4530,0.000000
2026-08-28 14:51:38.884,capturas/2/20260828_144959/flow,original,503,103.6250,0.000000
2026-08-28 14:51:39.056,capturas/2/20260828_144959/flow,original,504,103.7970,0.000000
2026-08-28 14:51:39.244,capturas/2/20260828_144959/flow,original,505,103.9850,0.000000
2026-08-28 14:51:39.416,capturas/2/20260828_144959/flow,original,506,104.1570,0.000000
2026-08-28 14:51:39.572,capturas/2/20260828_144959/flow,original,507,104.3130,0.000000
2026-08-28 14:51:39.759,capturas/2/20260828_144959/flow,original,508,104.5000,0.000000
2026-08-28 14:51:39.900,capturas/2/20260828_144959/flow,original,509,104.6410,0.000000
2026-08-28 14:51:40.072,capturas/2/20260828_144959/flow,original,510,104.8130,0.001825
2026-08-28 14:51:40.244,capturas/2/20260828_144959/flow,original,511,104.9850,0.005436
2026-08-28 14:51:40.431,capturas/2/20260828_144959/flow,original,512,105.1720,0.000932
2026-08-28 14:51:40.572,capturas/2/20260828_144959/flow,original,513,105.3130,0.003942
2026-08-28 14:51:40.759,capturas/2/20260828_144959/flow,original,514,105.5000,0.000243
2026-08-28 14:51:40.916,capturas/2/20260828_144959/flow,original,515,105.6570,0.000000
2026-08-28 14:51:41.103,capturas/2/20260828_144959/flow,original,516,105.8440,0.000000
2026-08-28 14:51:41.291,capturas/2/20260828_144959/flow,original,517,106.0320,0.000314
2026-08-28 14:51:41.494,capturas/2/20260828_144959/flow,original,518,106.2350,0.000000
2026-08-28 14:51:41.681,capturas/2/20260828_144959/flow,original,519,106.4220,0.000000
2026-08-28 14:51:41.869,capturas/2/20260828_144959/flow,original,520,106.6100,0.000000
2026-08-28 14:51:42.056,capturas/2/20260828_144959/flow,original,521,106.7970,0.001956
2026-08-28 14:51:42.275,capturas/2/20260828_144959/flow,original,522,107.0160,0.000722
2026-08-28 14:51:42.431,capturas/2/20260828_144959/flow,original,523,107.1720,0.000000
2026-08-28 14:51:42.587,capturas/2/20260828_144959/flow,original,524,107.3280,0.006290
2026-08-28 14:51:42.775,capturas/2/20260828_144959/flow,original,525,107.5160,0.002786
2026-08-28 14:51:42.947,capturas/2/20260828_144959/flow,original,526,107.6880,0.000000
2026-08-28 14:51:43.119,capturas/2/20260828_144959/flow,original,527,107.8600,0.000000
2026-08-28 14:51:43.306,capturas/2/20260828_144959/flow,original,528,108.0470,0.000000
2026-08-28 14:51:43.494,capturas/2/20260828_144959/flow,original,529,108.2350,0.000000
2026-08-28 14:51:43.681,capturas/2/20260828_144959/flow,original,530,108.4220,0.000733
2026-08-28 14:51:43.837,capturas/2/20260828_144959/flow,original,531,108.5780,0.000000
2026-08-28 14:51:44.025,capturas/2/20260828_144959/flow,original,532,108.7660,0.000000
2026-08-28 14:51:44.181,capturas/2/20260828_144959/flow,original,533,108.9220,0.000000
2026-08-28 14:51:44.369,capturas/2/20260828_144959/flow,original,534,109.1100,0.000610
2026-08-28 14:51:44.572,capturas/2/20260828_144959/flow,original,535,109.3130,0.003161
2026-08-28 14:51:44.759,capturas/2/20260828_144959/flow,original,536,109.5000,0.023075
2026-08-28 14:51:44.900,capturas/2/20260828_144959/flow,original,537,109.6410,0.008424
2026-08-28 14:51:45.072,capturas/2/20260828_144959/flow,original,538,109.8130,0.015296
2026-08-28 14:51:45.244,capturas/2/20260828_144959/flow,original,539,109.9850,0.011311
2026-08-28 14:51:45.431,capturas/2/20260828_144959/flow,original,540,110.1720,0.005080
2026-08-28 14:51:45.603,capturas/2/20260828_144959/flow,original,541,110.3440,0.000419
2026-08-28 14:51:45.759,capturas/2/20260828_144959/flow,original,542,110.5000,0.001269
2026-08-28 14:51:45.962,capturas/2/20260828_144959/flow,original,543,110.7030,0.000484
2026-08-28 14:51:46.119,capturas/2/20260828_144959/flow,original,544,110.8600,0.003549
2026-08-28 14:51:46.291,capturas/2/20260828_144959/flow,original,545,111.0320,0.005208
2026-08-28 14:51:46.478,capturas/2/20260828_144959/flow,original,546,111.2190,0.004447
2026-08-28 14:51:46.650,capturas/2/20260828_144959/flow,original,547,111.3910,0.004434
2026-08-28 14:51:46.791,capturas/2/20260828_144959/flow,original,548,111.5320,0.003143
2026-08-28 14:51:46.931,capturas/2/20260828_144959/flow,original,549,111.6720,0.009628
2026-08-28 14:51:47.134,capturas/2/20260828_144959/flow,original,550,111.8750,0.002054
2026-08-28 14:51:47.337,capturas/2/20260828_144959/flow,original,551,112.0780,0.000244
2026-08-28 14:51:47.525,capturas/2/20260828_144959/flow,original,552,112.2660,0.000000
2026-08-28 14:51:47.697,capturas/2/20260828_144959/flow,original,553,112.4380,0.000295
2026-08-28 14:51:47.869,capturas/2/20260828_144959/flow,original,554,112.6100,0.000244
2026-08-28 14:51:47.978,capturas/2/20260828_144959/flow,original,555,112.7190,0.000243
2026-08-28 14:51:48.150,capturas/2/20260828_144959/flow,original,556,112.8910,0.000680
2026-08-28 14:51:48.353,capturas/2/20260828_144959/flow,original,557,113.0940,0.000000
2026-08-28 14:51:48.509,capturas/2/20260828_144959/flow,original,558,113.2500,0.000000
2026-08-28 14:51:48.697,capturas/2/20260828_144959/flow,original,559,113.4380,0.000617
2026-08-28 14:51:48.884,capturas/2/20260828_144959/flow,original,560,113.6250,0.000000
2026-08-28 14:51:49.072,capturas/2/20260828_144959/flow,original,561,113.8130,0.000536
2026-08-28 14:51:49.275,capturas/2/20260828_144959/flow,original,562,114.0160,0.000230
2026-08-28 14:51:49.416,capturas/2/20260828_144959/flow,original,563,114.1570,0.000467
2026-08-28 14:51:49.603,capturas/2/20260828_144959/flow,original,564,114.3440,0.000000
2026-08-28 14:51:49.759,capturas/2/20260828_144959/flow,original,565,114.5000,0.000000
2026-08-28 14:51:49.978,capturas/2/20260828_144959/flow,original,566,114.7190,0.001448
2026-08-28 14:51:50.103,capturas/2/20260828_144959/flow,original,567,114.8440,0.000963
2026-08-28 14:51:50.275,capturas/2/20260828_144959/flow,original,568,115.0160,0.001241
2026-08-28 14:51:50.431,capturas/2/20260828_144959/flow,original,569,115.1720,0.000596
2026-08-28 14:51:50.603,capturas/2/20260828_144959/flow,original,570,115.3440,0.000731
2026-08-28 14:51:50.791,capturas/2/20260828_144959/flow,original,571,115.5320,0.000000
2026-08-28 14:51:50.978,capturas/2/20260828_144959/flow,original,572,115.7190,0.000207
2026-08-28 14:51:51.166,capturas/2/20260828_144959/flow,original,573,115.9070,0.001021
2026-08-28 14:51:51.337,capturas/2/20260828_144959/flow,original,574,116.0780,0.001666
2026-08-28 14:51:51.462,capturas/2/20260828_144959/flow,original,575,116.2030,0.004087
2026-08-28 14:51:51.619,capturas/2/20260828_144959/flow,original,576,116.3600,0.000000
2026-08-28 14:51:51.806,capturas/2/20260828_144959/flow,original,577,116.5470,0.000000
2026-08-28 14:51:51.978,capturas/2/20260828_144959/flow,original,578,116.7190,0.000615
2026-08-28 14:51:52.166,capturas/2/20260828_144959/flow,original,579,116.9070,0.000269
2026-08-28 14:51:52.337,capturas/2/20260828_144959/flow,original,580,117.0780,0.000000
2026-08-28 14:51:52.478,capturas/2/20260828_144959/flow,original,581,117.2190,0.002006
2026-08-28 14:51:52.681,capturas/2/20260828_144959/flow,original,582,117.4220,0.000000
2026-08-28 14:51:52.806,capturas/2/20260828_144959/flow,original,583,117.5470,0.000237
2026-08-28 14:51:52.994,capturas/2/20260828_144959/flow,original,584,117.7350,0.000000
2026-08-28 14:51:53.150,capturas/2/20260828_144959/flow,original,585,117.8910,0.002119
2026-08-28 14:51:53.353,capturas/2/20260828_144959/flow,original,586,118.0940,0.000000
2026-08-28 14:51:53.541,capturas/2/20260828_144959/flow,original,587,118.2820,0.000000
2026-08-28 14:51:53.681,capturas/2/20260828_144959/flow,original,588,118.4220,0.000268
2026-08-28 14:51:53.837,capturas/2/20260828_144959/flow,original,589,118.5780,0.000227
2026-08-28 14:51:54.009,capturas/2/20260828_144959/flow,original,590,118.7500,0.000311
2026-08-28 14:51:54.212,capturas/2/20260828_144959/flow,original,591,118.9530,0.000000
2026-08-28 14:51:54.384,capturas/2/20260828_144959/flow,original,592,119.1250,0.000000
2026-08-28 14:51:54.541,capturas/2/20260828_144959/flow,original,593,119.2820,0.000000
2026-08-28 14:51:54.681,capturas/2/20260828_144959/flow,original,594,119.4220,0.000000
2026-08-28 14:51:54.853,capturas/2/20260828_144959/flow,original,595,119.5940,0.000000
2026-08-28 14:51:55.009,capturas/2/20260828_144959/flow,original,596,119.7500,0.000000
2026-08-28 14:51:55.181,capturas/2/20260828_144959/flow,original,597,119.9220,0.000000
2026-08-28 14:51:55.337,capturas/2/20260828_144959/flow,original,598,120.0780,0.000000
2026-08-28 14:51:55.494,capturas/2/20260828_144959/flow,original,599,120.2350,0.000000
2026-08-28 14:51:55.681,capturas/2/20260828_144959/flow,original,600,120.4220,0.000000
2026-08-28 14:51:55.869,capturas/2/20260828_144959/flow,original,601,120.6100,0.000000
2026-08-28 14:51:56.041,capturas/2/20260828_144959/flow,original,602,120.7820,0.000000
2026-08-28 14:51:56.212,capturas/2/20260828_144959/flow,original,603,120.9530,0.000000
2026-08-28 14:51:56.384,capturas/2/20260828_144959/flow,original,604,121.1250,0.000000
2026-08-28 14:51:56.587,capturas/2/20260828_144959/flow,original,605,121.3280,0.000000
2026-08-28 14:51:56.759,capturas/2/20260828_144959/flow,original,606,121.5000,0.000000
2026-08-28 14:51:56.884,capturas/2/20260828_144959/flow,original,607,121.6250,0.008120
2026-08-28 14:51:57.041,capturas/2/20260828_144959/flow,original,608,121.7820,0.006166
2026-08-28 14:51:57.212,capturas/2/20260828_144959/flow,original,609,121.9530,0.003029
2026-08-28 14:51:57.400,capturas/2/20260828_144959/flow,original,610,122.1410,0.000297
2026-08-28 14:51:57.572,capturas/2/20260828_144959/flow,original,611,122.3130,0.000000
2026-08-28 14:51:57.697,capturas/2/20260828_144959/flow,original,612,122.4380,0.000000
2026-08-28 14:51:57.884,capturas/2/20260828_144959/flow,original,613,122.6250,0.000000
2026-08-28 14:51:58.056,capturas/2/20260828_144959/flow,original,614,122.7970,0.000000
2026-08-28 14:51:58.228,capturas/2/20260828_144959/flow,original,615,122.9690,0.000000
2026-08-28 14:51:58.416,capturas/2/20260828_144959/flow,original,616,123.1570,0.000000
2026-08-28 14:51:58.603,capturas/2/20260828_144959/flow,original,617,123.3440,0.000000
2026-08-28 14:51:58.791,capturas/2/20260828_144959/flow,original,618,123.5320,0.000000
2026-08-28 14:51:58.947,capturas/2/20260828_144959/flow,original,619,123.6880,0.000000
2026-08-28 14:51:59.087,capturas/2/20260828_144959/flow,original,620,123.8280,0.000000
2026-08-28 14:51:59.259,capturas/2/20260828_144959/flow,original,621,124.0000,0.000000
2026-08-28 14:51:59.416,capturas/2/20260828_144959/flow,original,622,124.1570,0.000000
2026-08-28 14:51:59.587,capturas/2/20260828_144959/flow,original,623,124.3280,0.000000
2026-08-28 14:51:59.728,capturas/2/20260828_144959/flow,original,624,124.4690,0.000000
2026-08-28 14:51:59.931,capturas/2/20260828_144959/flow,original,625,124.6720,0.000000
2026-08-28 14:52:00.134,capturas/2/20260828_144959/flow,original,626,124.8750,0.000451
2026-08-28 14:52:00.322,capturas/2/20260828_144959/flow,original,627,125.0630,0.000000
2026-08-28 14:52:00.494,capturas/2/20260828_144959/flow,original,628,125.2350,0.001154
2026-08-28 14:52:00.681,capturas/2/20260828_144959/flow,original,629,125.4220,0.000000
2026-08-28 14:52:00.837,capturas/2/20260828_144959/flow,original,630,125.5780,0.000000
2026-08-28 14:52:01.009,capturas/2/20260828_144959/flow,original,631,125.7500,0.001178
2026-08-28 14:52:01.212,capturas/2/20260828_144959/flow,original,632,125.9530,0.000491
2026-08-28 14:52:01.369,capturas/2/20260828_144959/flow,original,633,126.1100,0.002154
2026-08-28 14:52:01.556,capturas/2/20260828_144959/flow,original,634,126.2970,0.000000
2026-08-28 14:52:01.712,capturas/2/20260828_144959/flow,original,635,126.4530,0.001784
2026-08-28 14:52:01.931,capturas/2/20260828_144959/flow,original,636,126.6720,0.000000
2026-08-28 14:52:02.087,capturas/2/20260828_144959/flow,original,637,126.8280,0.000314
2026-08-28 14:52:02.259,capturas/2/20260828_144959/flow,original,638,127.0000,0.000456
2026-08-28 14:52:02.384,capturas/2/20260828_144959/flow,original,639,127.1250,0.000224
2026-08-28 14:52:02.556,capturas/2/20260828_144959/flow,original,640,127.2970,0.000204
2026-08-28 14:52:02.744,capturas/2/20260828_144959/flow,original,641,127.4850,0.001647
2026-08-28 14:52:02.916,capturas/2/20260828_144959/flow,original,642,127.6570,0.000946
2026-08-28 14:52:03.056,capturas/2/20260828_144959/flow,original,643,127.7970,0.003479
2026-08-28 14:52:03.212,capturas/2/20260828_144959/flow,original,644,127.9530,0.002829
2026-08-28 14:52:03.369,capturas/2/20260828_144959/flow,original,645,128.1100,0.002403
2026-08-28 14:52:03.541,capturas/2/20260828_144959/flow,original,646,128.2820,0.000000
2026-08-28 14:52:03.759,capturas/2/20260828_144959/flow,original,647,128.5000,0.000000
2026-08-28 14:52:03.931,capturas/2/20260828_144959/flow,original,648,128.6720,0.000000
2026-08-28 14:52:04.087,capturas/2/20260828_144959/flow,original,649,128.8280,0.000972
2026-08-28 14:52:04.259,capturas/2/20260828_144959/flow,original,650,129.0000,0.008046
2026-08-28 14:52:04.447,capturas/2/20260828_144959/flow,original,651,129.1880,0.013240
2026-08-28 14:52:04.619,capturas/2/20260828_144959/flow,original,652,129.3600,0.009253
2026-08-28 14:52:04.822,capturas/2/20260828_144959/flow,original,653,129.5630,0.012137
2026-08-28 14:52:04.994,capturas/2/20260828_144959/flow,original,654,129.7350,0.000239
2026-08-28 14:52:05.119,capturas/2/20260828_144959/flow,original,655,129.8600,0.000593
2026-08-28 14:52:05.291,capturas/2/20260828_144959/flow,original,656,130.0320,0.000000
2026-08-28 14:52:05.494,capturas/2/20260828_144959/flow,original,657,130.2350,0.000000
2026-08-28 14:52:05.666,capturas/2/20260828_144959/flow,original,658,130.4070,0.000000
2026-08-28 14:52:05.853,capturas/2/20260828_144959/flow,original,659,130.5940,0.000000
2026-08-28 14:52:06.041,capturas/2/20260828_144959/flow,original,660,130.7820,0.000000
2026-08-28 14:52:06.228,capturas/2/20260828_144959/flow,original,661,130.9690,0.000000
2026-08-28 14:52:06.384,capturas/2/20260828_144959/flow,original,662,131.1250,0.001416
2026-08-28 14:52:06.587,capturas/2/20260828_144959/flow,original,663,131.3280,0.012428
2026-08-28 14:52:06.775,capturas/2/20260828_144959/flow,original,664,131.5160,0.027280
2026-08-28 14:52:06.962,capturas/2/20260828_144959/flow,original,665,131.7030,0.112425
2026-08-28 14:52:07.119,capturas/2/20260828_144959/flow,original,666,131.8600,0.000000
2026-08-28 14:52:07.322,capturas/2/20260828_144959/flow,original,667,132.0630,0.001188
2026-08-28 14:52:07.478,capturas/2/20260828_144959/flow,original,668,132.2190,1.433146
2026-08-28 14:52:07.650,capturas/2/20260828_144959/flow,original,669,132.3910,2.906481
2026-08-28 14:52:07.806,capturas/2/20260828_144959/flow,original,670,132.5470,4.244604
2026-08-28 14:52:07.978,capturas/2/20260828_144959/flow,original,671,132.7190,7.468773
2026-08-28 14:52:08.166,capturas/2/20260828_144959/flow,original,672,132.9070,8.207455
2026-08-28 14:52:08.322,capturas/2/20260828_144959/flow,original,673,133.0630,9.765847
2026-08-28 14:52:08.525,capturas/2/20260828_144959/flow,original,674,133.2660,10.260600
2026-08-28 14:52:08.681,capturas/2/20260828_144959/flow,original,675,133.4220,10.937437
2026-08-28 14:52:08.853,capturas/2/20260828_144959/flow,original,676,133.5940,14.531819
2026-08-28 14:52:09.009,capturas/2/20260828_144959/flow,original,677,133.7500,15.907760
2026-08-28 14:52:09.228,capturas/2/20260828_144959/flow,original,678,133.9690,19.507248
2026-08-28 14:52:09.384,capturas/2/20260828_144959/flow,original,679,134.1250,20.548189
2026-08-28 14:52:09.556,capturas/2/20260828_144959/flow,original,680,134.2970,21.558956
2026-08-28 14:52:09.728,capturas/2/20260828_144959/flow,original,681,134.4690,24.467819
2026-08-28 14:52:09.931,capturas/2/20260828_144959/flow,original,682,134.6720,25.342731
2026-08-28 14:52:10.103,capturas/2/20260828_144959/flow,original,683,134.8440,26.849311
2026-08-28 14:52:10.259,capturas/2/20260828_144959/flow,original,684,135.0000,27.355160
2026-08-28 14:52:10.462,capturas/2/20260828_144959/flow,original,685,135.2030,27.739956
2026-08-28 14:52:10.666,capturas/2/20260828_144959/flow,original,686,135.4070,29.354729
2026-08-28 14:52:10.869,capturas/2/20260828_144959/flow,original,687,135.6100,29.834165
2026-08-28 14:52:11.056,capturas/2/20260828_144959/flow,original,688,135.7970,30.332063
2026-08-28 14:52:11.244,capturas/2/20260828_144959/flow,original,689,135.9850,31.950893
2026-08-28 14:52:11.431,capturas/2/20260828_144959/flow,original,690,136.1720,32.220925
2026-08-28 14:52:11.619,capturas/2/20260828_144959/flow,original,691,136.3600,32.360691
2026-08-28 14:52:11.791,capturas/2/20260828_144959/flow,original,692,136.5320,32.432163
2026-08-28 14:52:11.931,capturas/2/20260828_144959/flow,original,693,136.6720,32.416149
2026-08-28 14:52:12.056,capturas/2/20260828_144959/flow,original,694,136.7970,32.116960
2026-08-28 14:52:12.244,capturas/2/20260828_144959/flow,original,695,136.9850,32.140362
2026-08-28 14:52:12.447,capturas/2/20260828_144959/flow,original,696,137.1880,32.247900
2026-08-28 14:52:12.603,capturas/2/20260828_144959/flow,original,697,137.3440,32.486452
2026-08-28 14:52:12.775,capturas/2/20260828_144959/flow,original,698,137.5160,34.015259
2026-08-28 14:52:12.947,capturas/2/20260828_144959/flow,original,699,137.6880,34.846130
2026-08-28 14:52:13.072,capturas/2/20260828_144959/flow,original,700,137.8130,35.677143
2026-08-28 14:52:13.228,capturas/2/20260828_144959/flow,original,701,137.9690,37.940983
2026-08-28 14:52:13.400,capturas/2/20260828_144959/flow,original,702,138.1410,38.615840
2026-08-28 14:52:13.572,capturas/2/20260828_144959/flow,original,703,138.3130,39.218198
2026-08-28 14:52:13.759,capturas/2/20260828_144959/flow,original,704,138.5000,41.837479
2026-08-28 14:52:13.931,capturas/2/20260828_144959/flow,original,705,138.6720,42.287543
2026-08-28 14:52:14.103,capturas/2/20260828_144959/flow,original,706,138.8440,42.616877
2026-08-28 14:52:14.306,capturas/2/20260828_144959/flow,original,707,139.0470,43.038584
2026-08-28 14:52:14.462,capturas/2/20260828_144959/flow,original,708,139.2030,43.329637
2026-08-28 14:52:14.650,capturas/2/20260828_144959/flow,original,709,139.3910,43.596833
2026-08-28 14:52:14.822,capturas/2/20260828_144959/flow,original,710,139.5630,43.732223
2026-08-28 14:52:15.025,capturas/2/20260828_144959/flow,original,711,139.7660,44.072184
2026-08-28 14:52:15.150,capturas/2/20260828_144959/flow,original,712,139.8910,44.033895
2026-08-28 14:52:15.337,capturas/2/20260828_144959/flow,original,713,140.0780,43.904618
2026-08-28 14:52:15.494,capturas/2/20260828_144959/flow,original,714,140.2350,43.958801
2026-08-28 14:52:15.634,capturas/2/20260828_144959/flow,original,715,140.3750,44.014053
2026-08-28 14:52:15.822,capturas/2/20260828_144959/flow,original,716,140.5630,43.925938
2026-08-28 14:52:15.994,capturas/2/20260828_144959/flow,original,717,140.7350,43.691826
2026-08-28 14:52:16.134,capturas/2/20260828_144959/flow,original,718,140.8750,42.738895
2026-08-28 14:52:16.322,capturas/2/20260828_144959/flow,original,719,141.0630,42.388868
2026-08-28 14:52:16.494,capturas/2/20260828_144959/flow,original,720,141.2350,42.203722
2026-08-28 14:52:16.650,capturas/2/20260828_144959/flow,original,721,141.3910,41.981988
2026-08-28 14:52:16.822,capturas/2/20260828_144959/flow,original,722,141.5630,42.035593
2026-08-28 14:52:17.009,capturas/2/20260828_144959/flow,original,723,141.7500,42.211366
2026-08-28 14:52:17.134,capturas/2/20260828_144959/flow,original,724,141.8750,42.977075
2026-08-28 14:52:17.275,capturas/2/20260828_144959/flow,original,725,142.0160,43.064964
2026-08-28 14:52:17.447,capturas/2/20260828_144959/flow,original,726,142.1880,43.145968
2026-08-28 14:52:17.650,capturas/2/20260828_144959/flow,original,727,142.3910,43.222335
2026-08-28 14:52:17.822,capturas/2/20260828_144959/flow,original,728,142.5630,43.290663
2026-08-28 14:52:18.009,capturas/2/20260828_144959/flow,original,729,142.7500,43.441122
2026-08-28 14:52:18.134,capturas/2/20260828_144959/flow,original,730,142.8750,43.538190
2026-08-28 14:52:18.322,capturas/2/20260828_144959/flow,original,731,143.0630,43.660647
2026-08-28 14:52:18.525,capturas/2/20260828_144959/flow,original,732,143.2660,43.637332
2026-08-28 14:52:18.681,capturas/2/20260828_144959/flow,original,733,143.4220,43.620914
2026-08-28 14:52:18.837,capturas/2/20260828_144959/flow,original,734,143.5780,43.596866
2026-08-28 14:52:18.994,capturas/2/20260828_144959/flow,original,735,143.7350,43.568437
2026-08-28 14:52:19.134,capturas/2/20260828_144959/flow,original,736,143.8750,43.154541
2026-08-28 14:52:19.306,capturas/2/20260828_144959/flow,original,737,144.0470,43.036987
2026-08-28 14:52:19.462,capturas/2/20260828_144959/flow,original,738,144.2030,43.292368
2026-08-28 14:52:19.619,capturas/2/20260828_144959/flow,original,739,144.3600,43.516745
2026-08-28 14:52:19.775,capturas/2/20260828_144959/flow,original,740,144.5160,43.719639
2026-08-28 14:52:19.947,capturas/2/20260828_144959/flow,original,741,144.6880,44.322452
2026-08-28 14:52:20.072,capturas/2/20260828_144959/flow,original,742,144.8130,44.413470
2026-08-28 14:52:20.259,capturas/2/20260828_144959/flow,original,743,145.0000,44.614923
2026-08-28 14:52:20.478,capturas/2/20260828_144959/flow,original,744,145.2190,44.619077
2026-08-28 14:52:20.681,capturas/2/20260828_144959/flow,original,745,145.4220,44.566439
2026-08-28 14:52:20.853,capturas/2/20260828_144959/flow,original,746,145.5940,44.548103
2026-08-28 14:52:21.041,capturas/2/20260828_144959/flow,original,747,145.7820,44.217192
2026-08-28 14:52:21.197,capturas/2/20260828_144959/flow,original,748,145.9380,44.149892
2026-08-28 14:52:21.384,capturas/2/20260828_144959/flow,original,749,146.1250,44.036678
2026-08-28 14:52:21.603,capturas/2/20260828_144959/flow,original,750,146.3440,43.889960
2026-08-28 14:52:21.759,capturas/2/20260828_144959/flow,original,751,146.5000,43.373041
2026-08-28 14:52:21.931,capturas/2/20260828_144959/flow,original,752,146.6720,43.315601
2026-08-28 14:52:22.103,capturas/2/20260828_144959/flow,original,753,146.8440,43.659732
2026-08-28 14:52:22.275,capturas/2/20260828_144959/flow,original,754,147.0160,43.697175
2026-08-28 14:52:22.478,capturas/2/20260828_144959/flow,original,755,147.2190,43.679719
2026-08-28 14:52:22.603,capturas/2/20260828_144959/flow,original,756,147.3440,43.270820
2026-08-28 14:52:22.806,capturas/2/20260828_144959/flow,original,757,147.5470,43.171946
2026-08-28 14:52:22.962,capturas/2/20260828_144959/flow,original,758,147.7030,43.216631
2026-08-28 14:52:23.119,capturas/2/20260828_144959/flow,original,759,147.8600,43.183477
2026-08-28 14:52:23.291,capturas/2/20260828_144959/flow,original,760,148.0320,43.075726
2026-08-28 14:52:23.462,capturas/2/20260828_144959/flow,original,761,148.2030,42.508942
2026-08-28 14:52:23.650,capturas/2/20260828_144959/flow,original,762,148.3910,42.489129
2026-08-28 14:52:23.806,capturas/2/20260828_144959/flow,original,763,148.5470,42.502725
2026-08-28 14:52:23.994,capturas/2/20260828_144959/flow,original,764,148.7350,40.620837
2026-08-28 14:52:24.181,capturas/2/20260828_144959/flow,original,765,148.9220,39.930171
2026-08-28 14:52:24.337,capturas/2/20260828_144959/flow,original,766,149.0780,39.188820
2026-08-28 14:52:24.541,capturas/2/20260828_144959/flow,original,767,149.2820,38.492410
2026-08-28 14:52:24.681,capturas/2/20260828_144959/flow,original,768,149.4220,37.822609
2026-08-28 14:52:24.853,capturas/2/20260828_144959/flow,original,769,149.5940,37.279718
2026-08-28 14:52:25.009,capturas/2/20260828_144959/flow,original,770,149.7500,36.870519
2026-08-28 14:52:25.181,capturas/2/20260828_144959/flow,original,771,149.9220,37.284873
2026-08-28 14:52:25.369,capturas/2/20260828_144959/flow,original,772,150.1100,37.752721
2026-08-28 14:52:25.541,capturas/2/20260828_144959/flow,original,773,150.2820,38.197619
2026-08-28 14:52:25.728,capturas/2/20260828_144959/flow,original,774,150.4690,40.095752
2026-08-28 14:52:25.900,capturas/2/20260828_144959/flow,original,775,150.6410,40.407521
2026-08-28 14:52:26.056,capturas/2/20260828_144959/flow,original,776,150.7970,40.540617
2026-08-28 14:52:26.181,capturas/2/20260828_144959/flow,original,777,150.9220,40.545336
2026-08-28 14:52:26.384,capturas/2/20260828_144959/flow,original,778,151.1250,40.297518
2026-08-28 14:52:26.525,capturas/2/20260828_144959/flow,original,779,151.2660,39.880635
2026-08-28 14:52:26.712,capturas/2/20260828_144959/flow,original,780,151.4530,39.430953
2026-08-28 14:52:26.884,capturas/2/20260828_144959/flow,original,781,151.6250,37.992326
2026-08-28 14:52:27.087,capturas/2/20260828_144959/flow,original,782,151.8280,37.947564
2026-08-28 14:52:27.228,capturas/2/20260828_144959/flow,original,783,151.9690,38.739157
2026-08-28 14:52:27.384,capturas/2/20260828_144959/flow,original,784,152.1250,39.134600
2026-08-28 14:52:27.587,capturas/2/20260828_144959/flow,original,785,152.3280,39.617856
2026-08-28 14:52:27.759,capturas/2/20260828_144959/flow,original,786,152.5000,40.081578
2026-08-28 14:52:27.962,capturas/2/20260828_144959/flow,original,787,152.7030,41.514594
2026-08-28 14:52:28.119,capturas/2/20260828_144959/flow,original,788,152.8600,41.746882
2026-08-28 14:52:28.244,capturas/2/20260828_144959/flow,original,789,152.9850,42.026630
2026-08-28 14:52:28.400,capturas/2/20260828_144959/flow,original,790,153.1410,42.154133
2026-08-28 14:52:28.556,capturas/2/20260828_144959/flow,original,791,153.2970,42.162375
2026-08-28 14:52:28.712,capturas/2/20260828_144959/flow,original,792,153.4530,42.018491
2026-08-28 14:52:28.916,capturas/2/20260828_144959/flow,original,793,153.6570,41.823471
2026-08-28 14:52:29.103,capturas/2/20260828_144959/flow,original,794,153.8440,39.432996
2026-08-28 14:52:29.228,capturas/2/20260828_144959/flow,original,795,153.9690,38.569381
2026-08-28 14:52:29.384,capturas/2/20260828_144959/flow,original,796,154.1250,37.682957
2026-08-28 14:52:29.556,capturas/2/20260828_144959/flow,original,797,154.2970,36.847147
2026-08-28 14:52:29.775,capturas/2/20260828_144959/flow,original,798,154.5160,35.868916
2026-08-28 14:52:29.931,capturas/2/20260828_144959/flow,original,799,154.6720,34.974655
2026-08-28 14:52:30.087,capturas/2/20260828_144959/flow,original,800,154.8280,34.271150
2026-08-28 14:52:30.212,capturas/2/20260828_144959/flow,original,801,154.9530,32.718412
2026-08-28 14:52:30.400,capturas/2/20260828_144959/flow,original,802,155.1410,32.496632
2026-08-28 14:52:30.541,capturas/2/20260828_144959/flow,original,803,155.2820,32.322265
2026-08-28 14:52:30.712,capturas/2/20260828_144959/flow,original,804,155.4530,32.766779
2026-08-28 14:52:30.900,capturas/2/20260828_144959/flow,original,805,155.6410,33.268125
2026-08-28 14:52:31.025,capturas/2/20260828_144959/flow,original,806,155.7660,33.885384
2026-08-28 14:52:31.197,capturas/2/20260828_144959/flow,original,807,155.9380,34.605138
2026-08-28 14:52:31.384,capturas/2/20260828_144959/flow,original,808,156.1250,35.965887
2026-08-28 14:52:31.587,capturas/2/20260828_144959/flow,original,809,156.3280,36.574627
2026-08-28 14:52:31.744,capturas/2/20260828_144959/flow,original,810,156.4850,37.021636
2026-08-28 14:52:31.931,capturas/2/20260828_144959/flow,original,811,156.6720,38.704235
2026-08-28 14:52:32.103,capturas/2/20260828_144959/flow,original,812,156.8440,39.639635
2026-08-28 14:52:32.244,capturas/2/20260828_144959/flow,original,813,156.9850,40.742700
2026-08-28 14:52:32.384,capturas/2/20260828_144959/flow,original,814,157.1250,44.940754
2026-08-28 14:52:32.587,capturas/2/20260828_144959/flow,original,815,157.3280,45.280412
2026-08-28 14:52:32.744,capturas/2/20260828_144959/flow,original,816,157.4850,45.484489
2026-08-28 14:52:32.931,capturas/2/20260828_144959/flow,original,817,157.6720,45.527971
2026-08-28 14:52:33.103,capturas/2/20260828_144959/flow,original,818,157.8440,45.611603
2026-08-28 14:52:33.306,capturas/2/20260828_144959/flow,original,819,158.0470,46.734709
2026-08-28 14:52:33.494,capturas/2/20260828_144959/flow,original,820,158.2350,46.401174
2026-08-28 14:52:33.697,capturas/2/20260828_144959/flow,original,821,158.4380,45.984620
2026-08-28 14:52:33.884,capturas/2/20260828_144959/flow,original,822,158.6250,45.341896
2026-08-28 14:52:34.041,capturas/2/20260828_144959/flow,original,823,158.7820,44.586665
2026-08-28 14:52:34.228,capturas/2/20260828_144959/flow,original,824,158.9690,43.869186
2026-08-28 14:52:34.431,capturas/2/20260828_144959/flow,original,825,159.1720,43.152041
2026-08-28 14:52:34.603,capturas/2/20260828_144959/flow,original,826,159.3440,42.125095
2026-08-28 14:52:34.744,capturas/2/20260828_144959/flow,original,827,159.4850,42.193102
2026-08-28 14:52:34.900,capturas/2/20260828_144959/flow,original,828,159.6410,42.364414
2026-08-28 14:52:35.119,capturas/2/20260828_144959/flow,original,829,159.8600,42.515620
2026-08-28 14:52:35.244,capturas/2/20260828_144959/flow,original,830,159.9850,42.680823
2026-08-28 14:52:35.447,capturas/2/20260828_144959/flow,original,831,160.1880,42.858620
2026-08-28 14:52:35.619,capturas/2/20260828_144959/flow,original,832,160.3600,42.954842
2026-08-28 14:52:35.775,capturas/2/20260828_144959/flow,original,833,160.5160,43.115774
2026-08-28 14:52:35.931,capturas/2/20260828_144959/flow,original,834,160.6720,43.054862
2026-08-28 14:52:36.134,capturas/2/20260828_144959/flow,original,835,160.8750,42.978148
2026-08-28 14:52:36.275,capturas/2/20260828_144959/flow,original,836,161.0160,42.337961
2026-08-28 14:52:36.478,capturas/2/20260828_144959/flow,original,837,161.2190,42.111485
2026-08-28 14:52:36.666,capturas/2/20260828_144959/flow,original,838,161.4070,41.518575
2026-08-28 14:52:36.837,capturas/2/20260828_144959/flow,original,839,161.5780,41.165649
2026-08-28 14:52:37.056,capturas/2/20260828_144959/flow,original,840,161.7970,40.899714
2026-08-28 14:52:37.244,capturas/2/20260828_144959/flow,original,841,161.9850,40.569149
2026-08-28 14:52:37.447,capturas/2/20260828_144959/flow,original,842,162.1880,40.549391
2026-08-28 14:52:37.603,capturas/2/20260828_144959/flow,original,843,162.3440,39.960081
2026-08-28 14:52:37.775,capturas/2/20260828_144959/flow,original,844,162.5160,39.672627
2026-08-28 14:52:37.931,capturas/2/20260828_144959/flow,original,845,162.6720,39.347733
2026-08-28 14:52:38.056,capturas/2/20260828_144959/flow,original,846,162.7970,38.594916
2026-08-28 14:52:38.228,capturas/2/20260828_144959/flow,original,847,162.9690,38.380069
2026-08-28 14:52:38.400,capturas/2/20260828_144959/flow,original,848,163.1410,37.816010
2026-08-28 14:52:38.603,capturas/2/20260828_144959/flow,original,849,163.3440,37.625513
2026-08-28 14:52:38.759,capturas/2/20260828_144959/flow,original,850,163.5000,37.382880
2026-08-28 14:52:38.931,capturas/2/20260828_144959/flow,original,851,163.6720,36.708627
2026-08-28 14:52:39.134,capturas/2/20260828_144959/flow,original,852,163.8750,36.608578
2026-08-28 14:52:39.275,capturas/2/20260828_144959/flow,original,853,164.0160,36.663488
2026-08-28 14:52:39.431,capturas/2/20260828_144959/flow,original,854,164.1720,38.651698
2026-08-28 14:52:39.619,capturas/2/20260828_144959/flow,original,855,164.3600,39.290455
2026-08-28 14:52:39.806,capturas/2/20260828_144959/flow,original,856,164.5470,39.878062
2026-08-28 14:52:39.931,capturas/2/20260828_144959/flow,original,857,164.6720,40.448724
2026-08-28 14:52:40.134,capturas/2/20260828_144959/flow,original,858,164.8750,40.917527
2026-08-28 14:52:40.244,capturas/2/20260828_144959/flow,original,859,164.9850,43.754268
2026-08-28 14:52:40.447,capturas/2/20260828_144959/flow,original,860,165.1880,44.137067
2026-08-28 14:52:40.572,capturas/2/20260828_144959/flow,original,861,165.3130,44.481032
2026-08-28 14:52:40.759,capturas/2/20260828_144959/flow,original,862,165.5000,44.711851
2026-08-28 14:52:40.947,capturas/2/20260828_144959/flow,original,863,165.6880,44.876413
2026-08-28 14:52:41.119,capturas/2/20260828_144959/flow,original,864,165.8600,45.611368
2026-08-28 14:52:41.244,capturas/2/20260828_144959/flow,original,865,165.9850,45.667836
2026-08-28 14:52:41.447,capturas/2/20260828_144959/flow,original,866,166.1880,45.691550
2026-08-28 14:52:41.619,capturas/2/20260828_144959/flow,original,867,166.3600,45.701415
2026-08-28 14:52:41.806,capturas/2/20260828_144959/flow,original,868,166.5470,45.536964
2026-08-28 14:52:42.009,capturas/2/20260828_144959/flow,original,869,166.7500,45.026644
2026-08-28 14:52:42.212,capturas/2/20260828_144959/flow,original,870,166.9530,44.842325
2026-08-28 14:52:42.369,capturas/2/20260828_144959/flow,original,871,167.1100,44.728316
2026-08-28 14:52:42.541,capturas/2/20260828_144959/flow,original,872,167.2820,44.519351
2026-08-28 14:52:42.712,capturas/2/20260828_144959/flow,original,873,167.4530,43.809063
2026-08-28 14:52:42.900,capturas/2/20260828_144959/flow,original,874,167.6410,43.611901
2026-08-28 14:52:43.072,capturas/2/20260828_144959/flow,original,875,167.8130,43.266159
2026-08-28 14:52:43.259,capturas/2/20260828_144959/flow,original,876,168.0000,42.552632
2026-08-28 14:52:43.462,capturas/2/20260828_144959/flow,original,877,168.2030,42.443382
2026-08-28 14:52:43.619,capturas/2/20260828_144959/flow,original,878,168.3600,42.351226
2026-08-28 14:52:43.822,capturas/2/20260828_144959/flow,original,879,168.5630,42.292244
2026-08-28 14:52:43.994,capturas/2/20260828_144959/flow,original,880,168.7350,42.176182
2026-08-28 14:52:44.181,capturas/2/20260828_144959/flow,original,881,168.9220,42.170980
2026-08-28 14:52:44.306,capturas/2/20260828_144959/flow,original,882,169.0470,42.196077
2026-08-28 14:52:44.509,capturas/2/20260828_144959/flow,original,883,169.2500,42.325896
2026-08-28 14:52:44.634,capturas/2/20260828_144959/flow,original,884,169.3750,42.870113
2026-08-28 14:52:44.837,capturas/2/20260828_144959/flow,original,885,169.5780,42.911474
2026-08-28 14:52:45.025,capturas/2/20260828_144959/flow,original,886,169.7660,42.879512
2026-08-28 14:52:45.212,capturas/2/20260828_144959/flow,original,887,169.9530,42.785014
2026-08-28 14:52:45.384,capturas/2/20260828_144959/flow,original,888,170.1250,42.539496
2026-08-28 14:52:45.556,capturas/2/20260828_144959/flow,original,889,170.2970,42.370490
2026-08-28 14:52:45.728,capturas/2/20260828_144959/flow,original,890,170.4690,42.243581
2026-08-28 14:52:45.916,capturas/2/20260828_144959/flow,original,891,170.6570,42.179359
2026-08-28 14:52:46.119,capturas/2/20260828_144959/flow,original,892,170.8600,42.266767
2026-08-28 14:52:46.275,capturas/2/20260828_144959/flow,original,893,171.0160,42.402984
2026-08-28 14:52:46.462,capturas/2/20260828_144959/flow,original,894,171.2030,43.715063
2026-08-28 14:52:46.619,capturas/2/20260828_144959/flow,original,895,171.3600,43.868358
2026-08-28 14:52:46.791,capturas/2/20260828_144959/flow,original,896,171.5320,43.908640
2026-08-28 14:52:46.962,capturas/2/20260828_144959/flow,original,897,171.7030,43.944271
2026-08-28 14:52:47.150,capturas/2/20260828_144959/flow,original,898,171.8910,43.941990
2026-08-28 14:52:47.275,capturas/2/20260828_144959/flow,original,899,172.0160,43.382727
2026-08-28 14:52:47.462,capturas/2/20260828_144959/flow,original,900,172.2030,43.316373
2026-08-28 14:52:47.650,capturas/2/20260828_144959/flow,original,901,172.3910,43.189699
2026-08-28 14:52:47.822,capturas/2/20260828_144959/flow,original,902,172.5630,43.161327
2026-08-28 14:52:48.041,capturas/2/20260828_144959/flow,original,903,172.7820,43.077836
2026-08-28 14:52:48.228,capturas/2/20260828_144959/flow,original,904,172.9690,42.835492
2026-08-28 14:52:48.416,capturas/2/20260828_144959/flow,original,905,173.1570,42.926241
2026-08-28 14:52:48.603,capturas/2/20260828_144959/flow,original,906,173.3440,43.053126
2026-08-28 14:52:48.728,capturas/2/20260828_144959/flow,original,907,173.4690,43.142724
2026-08-28 14:52:48.916,capturas/2/20260828_144959/flow,original,908,173.6570,43.125360
2026-08-28 14:52:49.087,capturas/2/20260828_144959/flow,original,909,173.8280,42.461735
2026-08-28 14:52:49.275,capturas/2/20260828_144959/flow,original,910,174.0160,42.374756
2026-08-28 14:52:49.462,capturas/2/20260828_144959/flow,original,911,174.2030,42.320946
2026-08-28 14:52:49.587,capturas/2/20260828_144959/flow,original,912,174.3280,42.237275
2026-08-28 14:52:49.775,capturas/2/20260828_144959/flow,original,913,174.5160,41.741755
2026-08-28 14:52:49.947,capturas/2/20260828_144959/flow,original,914,174.6880,41.344946
2026-08-28 14:52:50.056,capturas/2/20260828_144959/flow,original,915,174.7970,40.918489
2026-08-28 14:52:50.228,capturas/2/20260828_144959/flow,original,916,174.9690,39.109757
2026-08-28 14:52:50.431,capturas/2/20260828_144959/flow,original,917,175.1720,38.289343
2026-08-28 14:52:50.587,capturas/2/20260828_144959/flow,original,918,175.3280,37.494628
2026-08-28 14:52:50.791,capturas/2/20260828_144959/flow,original,919,175.5320,33.045105
2026-08-28 14:52:50.947,capturas/2/20260828_144959/flow,original,920,175.6880,31.704319
2026-08-28 14:52:51.134,capturas/2/20260828_144959/flow,original,921,175.8750,30.512467
2026-08-28 14:52:51.322,capturas/2/20260828_144959/flow,original,922,176.0630,29.583894
2026-08-28 14:52:51.447,capturas/2/20260828_144959/flow,original,923,176.1880,28.036089
2026-08-28 14:52:51.619,capturas/2/20260828_144959/flow,original,924,176.3600,27.471193
2026-08-28 14:52:51.806,capturas/2/20260828_144959/flow,original,925,176.5470,27.020465
2026-08-28 14:52:52.009,capturas/2/20260828_144959/flow,original,926,176.7500,26.108917
2026-08-28 14:52:52.181,capturas/2/20260828_144959/flow,original,927,176.9220,25.921204
2026-08-28 14:52:52.306,capturas/2/20260828_144959/flow,original,928,177.0470,24.987323
2026-08-28 14:52:52.494,capturas/2/20260828_144959/flow,original,929,177.2350,24.676257
2026-08-28 14:52:52.681,capturas/2/20260828_144959/flow,original,930,177.4220,24.250282
2026-08-28 14:52:52.837,capturas/2/20260828_144959/flow,original,931,177.5780,22.424295
2026-08-28 14:52:53.025,capturas/2/20260828_144959/flow,original,932,177.7660,21.681485
2026-08-28 14:52:53.212,capturas/2/20260828_144959/flow,original,933,177.9530,19.364362
2026-08-28 14:52:53.353,capturas/2/20260828_144959/flow,original,934,178.0940,18.792932
2026-08-28 14:52:53.541,capturas/2/20260828_144959/flow,original,935,178.2820,18.270595
2026-08-28 14:52:53.728,capturas/2/20260828_144959/flow,original,936,178.4690,17.512215
2026-08-28 14:52:53.916,capturas/2/20260828_144959/flow,original,937,178.6570,17.175085
2026-08-28 14:52:54.103,capturas/2/20260828_144959/flow,original,938,178.8440,16.785197
2026-08-28 14:52:54.322,capturas/2/20260828_144959/flow,original,939,179.0630,13.959287
2026-08-28 14:52:54.509,capturas/2/20260828_144959/flow,original,940,179.2500,13.253853
2026-08-28 14:52:54.681,capturas/2/20260828_144959/flow,original,941,179.4220,12.514442
2026-08-28 14:52:54.884,capturas/2/20260828_144959/flow,original,942,179.6250,11.847194
2026-08-28 14:52:55.025,capturas/2/20260828_144959/flow,original,943,179.7660,11.122394
2026-08-28 14:52:55.212,capturas/2/20260828_144959/flow,original,944,179.9530,7.148936
2026-08-28 14:52:55.337,capturas/2/20260828_144959/flow,original,945,180.0780,6.386343
2026-08-28 14:52:55.556,capturas/2/20260828_144959/flow,original,946,180.2970,5.627470
2026-08-28 14:52:55.712,capturas/2/20260828_144959/flow,original,947,180.4530,4.888329
2026-08-28 14:52:55.884,capturas/2/20260828_144959/flow,original,948,180.6250,4.104320
2026-08-28 14:52:56.087,capturas/2/20260828_144959/flow,original,949,180.8280,1.157314
2026-08-28 14:52:56.259,capturas/2/20260828_144959/flow,original,950,181.0000,0.755286
2026-08-28 14:52:56.431,capturas/2/20260828_144959/flow,original,951,181.1720,0.468101
2026-08-28 14:52:56.619,capturas/2/20260828_144959/flow,original,952,181.3600,0.260485
2026-08-28 14:52:56.791,capturas/2/20260828_144959/flow,original,953,181.5320,0.123309
2026-08-28 14:52:56.931,capturas/2/20260828_144959/flow,original,954,181.6720,0.003170
2026-08-28 14:52:57.087,capturas/2/20260828_144959/flow,original,955,181.8280,0.001983
2026-08-28 14:52:57.291,capturas/2/20260828_144959/flow,original,956,182.0320,0.000215
2026-08-28 14:52:57.462,capturas/2/20260828_144959/flow,original,957,182.2030,0.000236
2026-08-28 14:52:57.634,capturas/2/20260828_144959/flow,original,958,182.3750,0.000000
2026-08-28 14:52:57.791,capturas/2/20260828_144959/flow,original,959,182.5320,0.000000
2026-08-28 14:52:57.947,capturas/2/20260828_144959/flow,original,960,182.6880,0.000000
2026-08-28 14:52:58.119,capturas/2/20260828_144959/flow,original,961,182.8600,0.000000
2026-08-28 14:52:58.275,capturas/2/20260828_144959/flow,original,962,183.0160,0.000000
2026-08-28 14:52:58.447,capturas/2/20260828_144959/flow,original,963,183.1880,0.000000
2026-08-28 14:52:58.634,capturas/2/20260828_144959/flow,original,964,183.3750,0.000000
2026-08-28 14:52:58.806,capturas/2/20260828_144959/flow,original,965,183.5470,0.000000
2026-08-28 14:52:58.962,capturas/2/20260828_144959/flow,original,966,183.7030,0.000000
2026-08-28 14:52:59.181,capturas/2/20260828_144959/flow,original,967,183.9220,0.000000
2026-08-28 14:52:59.337,capturas/2/20260828_144959/flow,original,968,184.0780,0.000000
2026-08-28 14:52:59.525,capturas/2/20260828_144959/flow,original,969,184.2660,0.000000
2026-08-28 14:52:59.712,capturas/2/20260828_144959/flow,original,970,184.4530,0.000000
2026-08-28 14:52:59.916,capturas/2/20260828_144959/flow,original,971,184.6570,0.000000
2026-08-28 14:53:00.103,capturas/2/20260828_144959/flow,original,972,184.8440,0.000000
2026-08-28 14:53:00.306,capturas/2/20260828_144959/flow,original,973,185.0470,0.000970
2026-08-28 14:53:00.494,capturas/2/20260828_144959/flow,original,974,185.2350,0.001291
2026-08-28 14:53:00.666,capturas/2/20260828_144959/flow,original,975,185.4070,0.000000
2026-08-28 14:53:00.791,capturas/2/20260828_144959/flow,original,976,185.5320,0.000000
2026-08-28 14:53:00.947,capturas/2/20260828_144959/flow,original,977,185.6880,0.000000
2026-08-28 14:53:01.134,capturas/2/20260828_144959/flow,original,978,185.8750,0.000000
2026-08-28 14:53:01.322,capturas/2/20260828_144959/flow,original,979,186.0630,0.000000
2026-08-28 14:53:01.525,capturas/2/20260828_144959/flow,original,980,186.2660,0.000000
2026-08-28 14:53:01.681,capturas/2/20260828_144959/flow,original,981,186.4220,0.000000
2026-08-28 14:53:01.869,capturas/2/20260828_144959/flow,original,982,186.6100,0.000000
2026-08-28 14:53:02.072,capturas/2/20260828_144959/flow,original,983,186.8130,0.000000
2026-08-28 14:53:02.259,capturas/2/20260828_144959/flow,original,984,187.0000,0.000000
2026-08-28 14:53:02.384,capturas/2/20260828_144959/flow,original,985,187.1250,0.000000
2026-08-28 14:53:02.587,capturas/2/20260828_144959/flow,original,986,187.3280,0.000000
2026-08-28 14:53:02.759,capturas/2/20260828_144959/flow,original,987,187.5000,0.000000
2026-08-28 14:53:02.916,capturas/2/20260828_144959/flow,original,988,187.6570,0.000000
2026-08-28 14:53:03.087,capturas/2/20260828_144959/flow,original,989,187.8280,0.000000
2026-08-28 14:53:03.291,capturas/2/20260828_144959/flow,original,990,188.0320,0.000000
2026-08-28 14:53:03.431,capturas/2/20260828_144959/flow,original,991,188.1720,0.000000
2026-08-28 14:53:03.650,capturas/2/20260828_144959/flow,original,992,188.3910,0.000000
2026-08-28 14:53:03.822,capturas/2/20260828_144959/flow,original,993,188.5630,0.001884
2026-08-28 14:53:03.994,capturas/2/20260828_144959/flow,original,994,188.7350,0.000000
2026-08-28 14:53:04.181,capturas/2/20260828_144959/flow,original,995,188.9220,0.000341
2026-08-28 14:53:04.337,capturas/2/20260828_144959/flow,original,996,189.0780,0.000000
2026-08-28 14:53:04.541,capturas/2/20260828_144959/flow,original,997,189.2820,0.000000
2026-08-28 14:53:04.712,capturas/2/20260828_144959/flow,original,998,189.4530,0.000000
2026-08-28 14:53:04.931,capturas/2/20260828_144959/flow,original,999,189.6720,0.001452
2026-08-28 14:53:05.072,capturas/2/20260828_144959/flow,original,1000,189.8130,0.000000
2026-08-28 14:53:05.275,capturas/2/20260828_144959/flow,original,1001,190.0160,0.000000
2026-08-28 14:53:05.400,capturas/2/20260828_144959/flow,original,1002,190.1410,0.002256
2026-08-28 14:53:05.603,capturas/2/20260828_144959/flow,original,1003,190.3440,0.002992
2026-08-28 14:53:05.744,capturas/2/20260828_144959/flow,original,1004,190.4850,0.007658
2026-08-28 14:53:06.494,capturas/2/20260828_144959/flow,original,1005,191.2350,0.004883
2026-08-28 14:53:06.681,capturas/2/20260828_144959/flow,original,1006,191.4220,0.001196
2026-08-28 14:53:06.869,capturas/2/20260828_144959/flow,original,1007,191.6100,0.003032
2026-08-28 14:53:07.041,capturas/2/20260828_144959/flow,original,1008,191.7820,0.012555
2026-08-28 14:53:07.212,capturas/2/20260828_144959/flow,original,1009,191.9530,0.003449
2026-08-28 14:53:07.400,capturas/2/20260828_144959/flow,original,1010,192.1410,0.000000
2026-08-28 14:53:07.603,capturas/2/20260828_144959/flow,original,1011,192.3440,0.004838
2026-08-28 14:53:07.791,capturas/2/20260828_144959/flow,original,1012,192.5320,0.009474
2026-08-28 14:53:07.962,capturas/2/20260828_144959/flow,original,1013,192.7030,0.008322
2026-08-28 14:53:08.134,capturas/2/20260828_144959/flow,original,1014,192.8750,0.001375
2026-08-28 14:53:08.322,capturas/2/20260828_144959/flow,original,1015,193.0630,0.001971
2026-08-28 14:53:08.447,capturas/2/20260828_144959/flow,original,1016,193.1880,0.000000
2026-08-28 14:53:08.650,capturas/2/20260828_144959/flow,original,1017,193.3910,0.002339
2026-08-28 14:53:08.853,capturas/2/20260828_144959/flow,original,1018,193.5940,0.001154
2026-08-28 14:53:09.025,capturas/2/20260828_144959/flow,original,1019,193.7660,0.005079
2026-08-28 14:53:09.181,capturas/2/20260828_144959/flow,original,1020,193.9220,0.014175
2026-08-28 14:53:09.369,capturas/2/20260828_144959/flow,original,1021,194.1100,0.021884
2026-08-28 14:53:09.587,capturas/2/20260828_144959/flow,original,1022,194.3280,0.020791
2026-08-28 14:53:09.728,capturas/2/20260828_144959/flow,original,1023,194.4690,0.019755
2026-08-28 14:53:09.900,capturas/2/20260828_144959/flow,original,1024,194.6410,0.010479
2026-08-28 14:53:10.056,capturas/2/20260828_144959/flow,original,1025,194.7970,0.005155
2026-08-28 14:53:10.212,capturas/2/20260828_144959/flow,original,1026,194.9530,0.006447
2026-08-28 14:53:10.416,capturas/2/20260828_144959/flow,original,1027,195.1570,0.005825
2026-08-28 14:53:10.541,capturas/2/20260828_144959/flow,original,1028,195.2820,0.001789
2026-08-28 14:53:10.744,capturas/2/20260828_144959/flow,original,1029,195.4850,0.018912
2026-08-28 14:53:10.916,capturas/2/20260828_144959/flow,original,1030,195.6570,0.019677
2026-08-28 14:53:11.119,capturas/2/20260828_144959/flow,original,1031,195.8600,0.086389
2026-08-28 14:53:11.291,capturas/2/20260828_144959/flow,original,1032,196.0320,0.068934
2026-08-28 14:53:11.462,capturas/2/20260828_144959/flow,original,1033,196.2030,0.055505
2026-08-28 14:53:11.650,capturas/2/20260828_144959/flow,original,1034,196.3910,0.052753
2026-08-28 14:53:11.822,capturas/2/20260828_144959/flow,original,1035,196.5630,0.049427
2026-08-28 14:53:12.009,capturas/2/20260828_144959/flow,original,1036,196.7500,0.057875
2026-08-28 14:53:12.181,capturas/2/20260828_144959/flow,original,1037,196.9220,0.083521
2026-08-28 14:53:12.353,capturas/2/20260828_144959/flow,original,1038,197.0940,0.070631
2026-08-28 14:53:12.556,capturas/2/20260828_144959/flow,original,1039,197.2970,0.152469
2026-08-28 14:53:12.728,capturas/2/20260828_144959/flow,original,1040,197.4690,0.111603
2026-08-28 14:53:12.931,capturas/2/20260828_144959/flow,original,1041,197.6720,0.116267
2026-08-28 14:53:13.103,capturas/2/20260828_144959/flow,original,1042,197.8440,0.230880
2026-08-28 14:53:13.244,capturas/2/20260828_144959/flow,original,1043,197.9850,0.230133
2026-08-28 14:53:13.400,capturas/2/20260828_144959/flow,original,1044,198.1410,0.160250
2026-08-28 14:53:13.587,capturas/2/20260828_144959/flow,original,1045,198.3280,0.141684
2026-08-28 14:53:13.744,capturas/2/20260828_144959/flow,original,1046,198.4850,0.115305
2026-08-28 14:53:13.947,capturas/2/20260828_144959/flow,original,1047,198.6880,0.127754
2026-08-28 14:53:14.119,capturas/2/20260828_144959/flow,original,1048,198.8600,0.324884
2026-08-28 14:53:14.322,capturas/2/20260828_144959/flow,original,1049,199.0630,0.405305
2026-08-28 14:53:14.462,capturas/2/20260828_144959/flow,original,1050,199.2030,0.426236
2026-08-28 14:53:14.603,capturas/2/20260828_144959/flow,original,1051,199.3440,0.400995
2026-08-28 14:53:14.806,capturas/2/20260828_144959/flow,original,1052,199.5470,0.354571
2026-08-28 14:53:15.009,capturas/2/20260828_144959/flow,original,1053,199.7500,0.302149
2026-08-28 14:53:15.197,capturas/2/20260828_144959/flow,original,1054,199.9380,0.337348
2026-08-28 14:53:15.369,capturas/2/20260828_144959/flow,original,1055,200.1100,0.347844
2026-08-28 14:53:15.478,capturas/2/20260828_144959/flow,original,1056,200.2190,0.586450
2026-08-28 14:53:15.650,capturas/2/20260828_144959/flow,original,1057,200.3910,0.503376
2026-08-28 14:53:15.837,capturas/2/20260828_144959/flow,original,1058,200.5780,0.381824
2026-08-28 14:53:15.978,capturas/2/20260828_144959/flow,original,1059,200.7190,0.445096
2026-08-28 14:53:16.181,capturas/2/20260828_144959/flow,original,1060,200.9220,0.427022
2026-08-28 14:53:16.337,capturas/2/20260828_144959/flow,original,1061,201.0780,0.538969
2026-08-28 14:53:16.509,capturas/2/20260828_144959/flow,original,1062,201.2500,0.589040
2026-08-28 14:53:16.666,capturas/2/20260828_144959/flow,original,1063,201.4070,0.597746
2026-08-28 14:53:16.837,capturas/2/20260828_144959/flow,original,1064,201.5780,0.376587
2026-08-28 14:53:16.994,capturas/2/20260828_144959/flow,original,1065,201.7350,0.338182
2026-08-28 14:53:17.181,capturas/2/20260828_144959/flow,original,1066,201.9220,0.335818
2026-08-28 14:53:17.337,capturas/2/20260828_144959/flow,original,1067,202.0780,0.368295
2026-08-28 14:53:17.462,capturas/2/20260828_144959/flow,original,1068,202.2030,0.322421
2026-08-28 14:53:17.666,capturas/2/20260828_144959/flow,original,1069,202.4070,0.237900
2026-08-28 14:53:17.869,capturas/2/20260828_144959/flow,original,1070,202.6100,0.264251
2026-08-28 14:53:18.056,capturas/2/20260828_144959/flow,original,1071,202.7970,0.359482
2026-08-28 14:53:18.212,capturas/2/20260828_144959/flow,original,1072,202.9530,0.378696
2026-08-28 14:53:18.400,capturas/2/20260828_144959/flow,original,1073,203.1410,0.420779
2026-08-28 14:53:18.541,capturas/2/20260828_144959/flow,original,1074,203.2820,0.394765
2026-08-28 14:53:18.666,capturas/2/20260828_144959/flow,original,1075,203.4070,0.322551
2026-08-28 14:53:18.837,capturas/2/20260828_144959/flow,original,1076,203.5780,0.283559
2026-08-28 14:53:19.025,capturas/2/20260828_144959/flow,original,1077,203.7660,0.257733
2026-08-28 14:53:19.181,capturas/2/20260828_144959/flow,original,1078,203.9220,0.291075
2026-08-28 14:53:19.384,capturas/2/20260828_144959/flow,original,1079,204.1250,0.345659
2026-08-28 14:53:19.525,capturas/2/20260828_144959/flow,original,1080,204.2660,0.417900
2026-08-28 14:53:19.650,capturas/2/20260828_144959/flow,original,1081,204.3910,0.344600
2026-08-28 14:53:19.837,capturas/2/20260828_144959/flow,original,1082,204.5780,0.360555
2026-08-28 14:53:20.009,capturas/2/20260828_144959/flow,original,1083,204.7500,0.301690
2026-08-28 14:53:20.181,capturas/2/20260828_144959/flow,original,1084,204.9220,0.278078
2026-08-28 14:53:20.384,capturas/2/20260828_144959/flow,original,1085,205.1250,0.334750
2026-08-28 14:53:20.525,capturas/2/20260828_144959/flow,original,1086,205.2660,0.535504
2026-08-28 14:53:20.697,capturas/2/20260828_144959/flow,original,1087,205.4380,0.590057
2026-08-28 14:53:20.900,capturas/2/20260828_144959/flow,original,1088,205.6410,0.613520
2026-08-28 14:53:21.072,capturas/2/20260828_144959/flow,original,1089,205.8130,0.433298
2026-08-28 14:53:21.244,capturas/2/20260828_144959/flow,original,1090,205.9850,0.448470
2026-08-28 14:53:21.400,capturas/2/20260828_144959/flow,original,1091,206.1410,0.492670
2026-08-28 14:53:21.587,capturas/2/20260828_144959/flow,original,1092,206.3280,0.506214
2026-08-28 14:53:21.775,capturas/2/20260828_144959/flow,original,1093,206.5160,0.458489
2026-08-28 14:53:21.978,capturas/2/20260828_144959/flow,original,1094,206.7190,0.398462
2026-08-28 14:53:22.181,capturas/2/20260828_144959/flow,original,1095,206.9220,0.366725
2026-08-28 14:53:22.369,capturas/2/20260828_144959/flow,original,1096,207.1100,0.327516
2026-08-28 14:53:22.494,capturas/2/20260828_144959/flow,original,1097,207.2350,0.322368
2026-08-28 14:53:22.666,capturas/2/20260828_144959/flow,original,1098,207.4070,0.412133
2026-08-28 14:53:22.806,capturas/2/20260828_144959/flow,original,1099,207.5470,0.393728
2026-08-28 14:53:23.025,capturas/2/20260828_144959/flow,original,1100,207.7660,0.401456
2026-08-28 14:53:23.212,capturas/2/20260828_144959/flow,original,1101,207.9530,0.398100
2026-08-28 14:53:23.416,capturas/2/20260828_144959/flow,original,1102,208.1570,0.383670
2026-08-28 14:53:23.541,capturas/2/20260828_144959/flow,original,1103,208.2820,0.277696
2026-08-28 14:53:23.728,capturas/2/20260828_144959/flow,original,1104,208.4690,0.461552
2026-08-28 14:53:23.900,capturas/2/20260828_144959/flow,original,1105,208.6410,0.456504
2026-08-28 14:53:24.103,capturas/2/20260828_144959/flow,original,1106,208.8440,0.418272
2026-08-28 14:53:24.306,capturas/2/20260828_144959/flow,original,1107,209.0470,0.412395
2026-08-28 14:53:24.494,capturas/2/20260828_144959/flow,original,1108,209.2350,0.453501
2026-08-28 14:53:24.697,capturas/2/20260828_144959/flow,original,1109,209.4380,0.350648
2026-08-28 14:53:24.869,capturas/2/20260828_144959/flow,original,1110,209.6100,0.429851
2026-08-28 14:53:25.072,capturas/2/20260828_144959/flow,original,1111,209.8130,0.403536
2026-08-28 14:53:25.275,capturas/2/20260828_144959/flow,original,1112,210.0160,0.337131
2026-08-28 14:53:25.478,capturas/2/20260828_144959/flow,original,1113,210.2190,0.313472
2026-08-28 14:53:25.634,capturas/2/20260828_144959/flow,original,1114,210.3750,0.347635
2026-08-28 14:53:25.837,capturas/2/20260828_144959/flow,original,1115,210.5780,0.295649
2026-08-28 14:53:25.994,capturas/2/20260828_144959/flow,original,1116,210.7350,0.289240
2026-08-28 14:53:26.181,capturas/2/20260828_144959/flow,original,1117,210.9220,0.302349
2026-08-28 14:53:26.353,capturas/2/20260828_144959/flow,original,1118,211.0940,0.362847
2026-08-28 14:53:26.541,capturas/2/20260828_144959/flow,original,1119,211.2820,0.424180
2026-08-28 14:53:26.744,capturas/2/20260828_144959/flow,original,1120,211.4850,0.434480
2026-08-28 14:53:26.884,capturas/2/20260828_144959/flow,original,1121,211.6250,0.508665
2026-08-28 14:53:27.087,capturas/2/20260828_144959/flow,original,1122,211.8280,0.541929
2026-08-28 14:53:27.275,capturas/2/20260828_144959/flow,original,1123,212.0160,0.402351
2026-08-28 14:53:27.447,capturas/2/20260828_144959/flow,original,1124,212.1880,0.332344
2026-08-28 14:53:27.603,capturas/2/20260828_144959/flow,original,1125,212.3440,0.365075
2026-08-28 14:53:27.806,capturas/2/20260828_144959/flow,original,1126,212.5470,0.408590
2026-08-28 14:53:27.994,capturas/2/20260828_144959/flow,original,1127,212.7350,0.433886
2026-08-28 14:53:28.197,capturas/2/20260828_144959/flow,original,1128,212.9380,0.305477
2026-08-28 14:53:28.384,capturas/2/20260828_144959/flow,original,1129,213.1250,0.292423
2026-08-28 14:53:28.525,capturas/2/20260828_144959/flow,original,1130,213.2660,0.338167
2026-08-28 14:53:28.712,capturas/2/20260828_144959/flow,original,1131,213.4530,0.273955
2026-08-28 14:53:28.900,capturas/2/20260828_144959/flow,original,1132,213.6410,0.311146
2026-08-28 14:53:29.056,capturas/2/20260828_144959/flow,original,1133,213.7970,0.232053
2026-08-28 14:53:29.259,capturas/2/20260828_144959/flow,original,1134,214.0000,0.249503
2026-08-28 14:53:29.462,capturas/2/20260828_144959/flow,original,1135,214.2030,0.274217
2026-08-28 14:53:29.587,capturas/2/20260828_144959/flow,original,1136,214.3280,0.249337
2026-08-28 14:53:29.791,capturas/2/20260828_144959/flow,original,1137,214.5320,0.199008
2026-08-28 14:53:29.994,capturas/2/20260828_144959/flow,original,1138,214.7350,0.192119
2026-08-28 14:53:30.181,capturas/2/20260828_144959/flow,original,1139,214.9220,0.362679
2026-08-28 14:53:30.353,capturas/2/20260828_144959/flow,original,1140,215.0940,0.376403
2026-08-28 14:53:30.556,capturas/2/20260828_144959/flow,original,1141,215.2970,0.372279
2026-08-28 14:53:30.744,capturas/2/20260828_144959/flow,original,1142,215.4850,0.422616
2026-08-28 14:53:30.916,capturas/2/20260828_144959/flow,original,1143,215.6570,0.471418
2026-08-28 14:53:31.087,capturas/2/20260828_144959/flow,original,1144,215.8280,0.438575
2026-08-28 14:53:31.244,capturas/2/20260828_144959/flow,original,1145,215.9850,0.439290
2026-08-28 14:53:31.447,capturas/2/20260828_144959/flow,original,1146,216.1880,0.461736
2026-08-28 14:53:31.572,capturas/2/20260828_144959/flow,original,1147,216.3130,0.385501
2026-08-28 14:53:31.744,capturas/2/20260828_144959/flow,original,1148,216.4850,0.385274
2026-08-28 14:53:31.947,capturas/2/20260828_144959/flow,original,1149,216.6880,0.334733
2026-08-28 14:53:32.119,capturas/2/20260828_144959/flow,original,1150,216.8600,0.362409
2026-08-28 14:53:32.291,capturas/2/20260828_144959/flow,original,1151,217.0320,0.383007
2026-08-28 14:53:32.462,capturas/2/20260828_144959/flow,original,1152,217.2030,0.369534
2026-08-28 14:53:32.666,capturas/2/20260828_144959/flow,original,1153,217.4070,0.315095
2026-08-28 14:53:32.853,capturas/2/20260828_144959/flow,original,1154,217.5940,0.324316
2026-08-28 14:53:33.009,capturas/2/20260828_144959/flow,original,1155,217.7500,0.362038
2026-08-28 14:53:33.197,capturas/2/20260828_144959/flow,original,1156,217.9380,0.363118
2026-08-28 14:53:33.400,capturas/2/20260828_144959/flow,original,1157,218.1410,0.340039
2026-08-28 14:53:33.572,capturas/2/20260828_144959/flow,original,1158,218.3130,0.367928
2026-08-28 14:53:33.728,capturas/2/20260828_144959/flow,original,1159,218.4690,0.334630
2026-08-28 14:53:33.884,capturas/2/20260828_144959/flow,original,1160,218.6250,0.330120
2026-08-28 14:53:34.072,capturas/2/20260828_144959/flow,original,1161,218.8130,0.297840
2026-08-28 14:53:34.259,capturas/2/20260828_144959/flow,original,1162,219.0000,0.271963
2026-08-28 14:53:34.431,capturas/2/20260828_144959/flow,original,1163,219.1720,0.354318
2026-08-28 14:53:34.572,capturas/2/20260828_144959/flow,original,1164,219.3130,0.388844
2026-08-28 14:53:34.728,capturas/2/20260828_144959/flow,original,1165,219.4690,0.425047
2026-08-28 14:53:34.931,capturas/2/20260828_144959/flow,original,1166,219.6720,0.464541
2026-08-28 14:53:35.056,capturas/2/20260828_144959/flow,original,1167,219.7970,0.451426
2026-08-28 14:53:35.275,capturas/2/20260828_144959/flow,original,1168,220.0160,0.409837
2026-08-28 14:53:35.447,capturas/2/20260828_144959/flow,original,1169,220.1880,0.366850
2026-08-28 14:53:35.572,capturas/2/20260828_144959/flow,original,1170,220.3130,0.315253
2026-08-28 14:53:35.791,capturas/2/20260828_144959/flow,original,1171,220.5320,0.324157
2026-08-28 14:53:35.978,capturas/2/20260828_144959/flow,original,1172,220.7190,0.402086
2026-08-28 14:53:36.166,capturas/2/20260828_144959/flow,original,1173,220.9070,0.454022
2026-08-28 14:53:36.353,capturas/2/20260828_144959/flow,original,1174,221.0940,0.285457
2026-08-28 14:53:36.525,capturas/2/20260828_144959/flow,original,1175,221.2660,0.345512
2026-08-28 14:53:36.697,capturas/2/20260828_144959/flow,original,1176,221.4380,0.330001
2026-08-28 14:53:36.916,capturas/2/20260828_144959/flow,original,1177,221.6570,0.243113
2026-08-28 14:53:37.072,capturas/2/20260828_144959/flow,original,1178,221.8130,0.267504
2026-08-28 14:53:37.244,capturas/2/20260828_144959/flow,original,1179,221.9850,0.264182
2026-08-28 14:53:37.447,capturas/2/20260828_144959/flow,original,1180,222.1880,0.279622
2026-08-28 14:53:37.587,capturas/2/20260828_144959/flow,original,1181,222.3280,0.241434
2026-08-28 14:53:37.822,capturas/2/20260828_144959/flow,original,1182,222.5630,0.248480
2026-08-28 14:53:37.994,capturas/2/20260828_144959/flow,original,1183,222.7350,0.271040
2026-08-28 14:53:38.166,capturas/2/20260828_144959/flow,original,1184,222.9070,0.311167
2026-08-28 14:53:38.353,capturas/2/20260828_144959/flow,original,1185,223.0940,0.312551
2026-08-28 14:53:38.556,capturas/2/20260828_144959/flow,original,1186,223.2970,0.245595
2026-08-28 14:53:38.759,capturas/2/20260828_144959/flow,original,1187,223.5000,0.211063
2026-08-28 14:53:38.931,capturas/2/20260828_144959/flow,original,1188,223.6720,0.201618
2026-08-28 14:53:39.119,capturas/2/20260828_144959/flow,original,1189,223.8600,0.213089
2026-08-28 14:53:39.306,capturas/2/20260828_144959/flow,original,1190,224.0470,0.152549
2026-08-28 14:53:39.509,capturas/2/20260828_144959/flow,original,1191,224.2500,0.136057
2026-08-28 14:53:39.650,capturas/2/20260828_144959/flow,original,1192,224.3910,0.162477
2026-08-28 14:53:39.806,capturas/2/20260828_144959/flow,original,1193,224.5470,0.238581
2026-08-28 14:53:39.978,capturas/2/20260828_144959/flow,original,1194,224.7190,0.349511
2026-08-28 14:53:40.150,capturas/2/20260828_144959/flow,original,1195,224.8910,0.327052
2026-08-28 14:53:40.337,capturas/2/20260828_144959/flow,original,1196,225.0780,0.276843
2026-08-28 14:53:40.541,capturas/2/20260828_144959/flow,original,1197,225.2820,0.259588
2026-08-28 14:53:40.744,capturas/2/20260828_144959/flow,original,1198,225.4850,0.198581
2026-08-28 14:53:40.916,capturas/2/20260828_144959/flow,original,1199,225.6570,0.172391
2026-08-28 14:53:41.087,capturas/2/20260828_144959/flow,original,1200,225.8280,0.221315
2026-08-28 14:53:41.275,capturas/2/20260828_144959/flow,original,1201,226.0160,0.092352
2026-08-28 14:53:41.478,capturas/2/20260828_144959/flow,original,1202,226.2190,0.141751
2026-08-28 14:53:41.728,capturas/2/20260828_144959/flow,original,1203,226.4690,0.108866
2026-08-28 14:53:41.962,capturas/2/20260828_144959/flow,original,1204,226.7030,0.237593
2026-08-28 14:53:42.197,capturas/2/20260828_144959/flow,original,1205,226.9380,0.203618
2026-08-28 14:53:42.416,capturas/2/20260828_144959/flow,original,1206,227.1570,0.160866
2026-08-28 14:53:42.634,capturas/2/20260828_144959/flow,original,1207,227.3750,0.195173
2026-08-28 14:53:42.822,capturas/2/20260828_144959/flow,original,1208,227.5630,0.121959
2026-08-28 14:53:43.134,capturas/2/20260828_144959/flow,original,1209,227.8750,0.118898
2026-08-28 14:53:43.462,capturas/2/20260828_144959/flow,original,1210,228.2030,0.172714
2026-08-28 14:53:43.634,capturas/2/20260828_144959/flow,original,1211,228.3750,0.174272
2026-08-28 14:53:43.837,capturas/2/20260828_144959/flow,original,1212,228.5780,0.144985
2026-08-28 14:53:44.056,capturas/2/20260828_144959/flow,original,1213,228.7970,0.172145
2026-08-28 14:53:44.228,capturas/2/20260828_144959/flow,original,1214,228.9690,0.158793
2026-08-28 14:53:44.369,capturas/2/20260828_144959/flow,original,1215,229.1100,0.153253
2026-08-28 14:53:44.572,capturas/2/20260828_144959/flow,original,1216,229.3130,0.101904
2026-08-28 14:53:44.775,capturas/2/20260828_144959/flow,original,1217,229.5160,0.135490
2026-08-28 14:53:45.025,capturas/2/20260828_144959/flow,original,1218,229.7660,0.075599
2026-08-28 14:53:45.197,capturas/2/20260828_144959/flow,original,1219,229.9380,0.088785
2026-08-28 14:53:45.400,capturas/2/20260828_144959/flow,original,1220,230.1410,0.117061
2026-08-28 14:53:45.587,capturas/2/20260828_144959/flow,original,1221,230.3280,0.100962
2026-08-28 14:53:45.791,capturas/2/20260828_144959/flow,original,1222,230.5320,0.085397
2026-08-28 14:53:45.994,capturas/2/20260828_144959/flow,original,1223,230.7350,0.123847
2026-08-28 14:53:46.197,capturas/2/20260828_144959/flow,original,1224,230.9380,0.152945
2026-08-28 14:53:46.384,capturas/2/20260828_144959/flow,original,1225,231.1250,0.144558
2026-08-28 14:53:46.619,capturas/2/20260828_144959/flow,original,1226,231.3600,0.199431
2026-08-28 14:53:46.775,capturas/2/20260828_144959/flow,original,1227,231.5160,0.181365
2026-08-28 14:53:46.962,capturas/2/20260828_144959/flow,original,1228,231.7030,0.164335
2026-08-28 14:53:47.166,capturas/2/20260828_144959/flow,original,1229,231.9070,0.141228
