timestamp,run,mode,frame_index,elapsed_s,volume_l
2026-08-28 14:31:50.304,captures/20260828_143150,mm_per_px,0,0.0386,0.000000
2026-08-28 14:31:50.409,captures/20260828_143150,mm_per_px,1,0.1431,0.000000
2026-08-28 14:31:50.504,captures/20260828_143150,mm_per_px,2,0.2388,0.000000
2026-08-28 14:31:50.613,captures/20260828_143150,mm_per_px,3,0.3477,0.000000
2026-08-28 14:31:50.706,captures/20260828_143150,mm_per_px,4,0.4400,0.000000
2026-08-28 14:31:50.806,captures/20260828_143150,mm_per_px,5,0.5403,0.000000
2026-08-28 14:31:50.905,captures/20260828_143150,mm_per_px,6,0.6398,0.000000
2026-08-28 14:31:51.005,captures/20260828_143150,mm_per_px,7,0.7395,0.000000
2026-08-28 14:31:51.128,captures/20260828_143150,mm_per_px,8,0.8628,0.000000
2026-08-28 14:31:51.204,captures/20260828_143150,mm_per_px,9,0.9381,0.000000
2026-08-28 14:31:51.304,captures/20260828_143150,mm_per_px,10,1.0386,0.000000
2026-08-28 14:31:51.405,captures/20260828_143150,mm_per_px,11,1.1392,0.000000
2026-08-28 14:31:51.508,captures/20260828_143150,mm_per_px,12,1.2427,0.000000
2026-08-28 14:31:51.613,captures/20260828_143150,mm_per_px,13,1.3476,0.000000
2026-08-28 14:31:51.719,captures/20260828_143150,mm_per_px,14,1.4532,0.000000
2026-08-28 14:31:51.806,captures/20260828_143150,mm_per_px,15,1.5408,0.000000
2026-08-28 14:31:51.911,captures/20260828_143150,mm_per_px,16,1.6454,0.000649
2026-08-28 14:31:52.005,captures/20260828_143150,mm_per_px,17,1.7397,0.000000
2026-08-28 14:31:52.104,captures/20260828_143150,mm_per_px,18,1.8383,0.000000
2026-08-28 14:31:52.204,captures/20260828_143150,mm_per_px,19,1.9381,0.000000
2026-08-28 14:31:52.308,captures/20260828_143150,mm_per_px,20,2.0426,0.000000
2026-08-28 14:31:52.423,captures/20260828_143150,mm_per_px,21,2.1578,0.000000
2026-08-28 14:31:52.510,captures/20260828_143150,mm_per_px,22,2.2447,0.000000
2026-08-28 14:31:52.611,captures/20260828_143150,mm_per_px,23,2.3455,0.000000
2026-08-28 14:31:52.709,captures/20260828_143150,mm_per_px,24,2.4434,0.000000
2026-08-28 14:31:52.804,captures/20260828_143150,mm_per_px,25,2.5389,0.000306
2026-08-28 14:31:52.904,captures/20260828_143150,mm_per_px,26,2.6381,0.002377
2026-08-28 14:31:53.014,captures/20260828_143150,mm_per_px,27,2.7481,0.003201
2026-08-28 14:31:53.106,captures/20260828_143150,mm_per_px,28,2.8403,0.000000
2026-08-28 14:31:53.204,captures/20260828_143150,mm_per_px,29,2.9389,0.000000
2026-08-28 14:31:53.305,captures/20260828_143150,mm_per_px,30,3.0392,0.000000
2026-08-28 14:31:53.404,captures/20260828_143150,mm_per_px,31,3.1386,0.000000
2026-08-28 14:31:53.508,captures/20260828_143150,mm_per_px,32,3.2424,0.000000
2026-08-28 14:31:53.620,captures/20260828_143150,mm_per_px,33,3.3541,0.000000
2026-08-28 14:31:53.712,captures/20260828_143150,mm_per_px,34,3.4468,0.000000
2026-08-28 14:31:53.809,captures/20260828_143150,mm_per_px,35,3.5437,0.000000
2026-08-28 14:31:53.911,captures/20260828_143150,mm_per_px,36,3.6456,0.000000
2026-08-28 14:31:54.006,captures/20260828_143150,mm_per_px,37,3.7407,0.000000
2026-08-28 14:31:54.118,captures/20260828_143150,mm_per_px,38,3.8520,0.000730
2026-08-28 14:31:54.207,captures/20260828_143150,mm_per_px,39,3.9416,0.000000
2026-08-28 14:31:54.307,captures/20260828_143150,mm_per_px,40,4.0410,0.000000
2026-08-28 14:31:54.405,captures/20260828_143150,mm_per_px,41,4.1399,0.000000
2026-08-28 14:31:54.508,captures/20260828_143150,mm_per_px,42,4.2425,0.000000
2026-08-28 14:31:54.615,captures/20260828_143150,mm_per_px,43,4.3493,0.000000
2026-08-28 14:31:54.707,captures/20260828_143150,mm_per_px,44,4.4416,0.000295
2026-08-28 14:31:54.814,captures/20260828_143150,mm_per_px,45,4.5484,0.000000
2026-08-28 14:31:54.905,captures/20260828_143150,mm_per_px,46,4.6394,0.000000
2026-08-28 14:31:55.008,captures/20260828_143150,mm_per_px,47,4.7420,0.000000
2026-08-28 14:31:55.117,captures/20260828_143150,mm_per_px,48,4.8516,0.000237
2026-08-28 14:31:55.209,captures/20260828_143150,mm_per_px,49,4.9437,0.000494
2026-08-28 14:31:55.308,captures/20260828_143150,mm_per_px,50,5.0428,0.000000
2026-08-28 14:31:55.409,captures/20260828_143150,mm_per_px,51,5.1435,0.000000
2026-08-28 14:31:55.510,captures/20260828_143150,mm_per_px,52,5.2442,0.000000
2026-08-28 14:31:55.609,captures/20260828_143150,mm_per_px,53,5.3433,0.000000
2026-08-28 14:31:55.713,captures/20260828_143150,mm_per_px,54,5.4472,0.000000
2026-08-28 14:31:55.812,captures/20260828_143150,mm_per_px,55,5.5467,0.000631
2026-08-28 14:31:55.924,captures/20260828_143150,mm_per_px,56,5.6586,0.001171
2026-08-28 14:31:56.022,captures/20260828_143150,mm_per_px,57,5.7565,0.000000
2026-08-28 14:31:56.111,captures/20260828_143150,mm_per_px,58,5.8453,0.002243
2026-08-28 14:31:56.209,captures/20260828_143150,mm_per_px,59,5.9437,0.002561
2026-08-28 14:31:56.307,captures/20260828_143150,mm_per_px,60,6.0415,0.006243
2026-08-28 14:31:56.405,captures/20260828_143150,mm_per_px,61,6.1393,0.002717
2026-08-28 14:31:56.514,captures/20260828_143150,mm_per_px,62,6.2488,0.003674
2026-08-28 14:31:56.606,captures/20260828_143150,mm_per_px,63,6.3408,0.000000
2026-08-28 14:31:56.708,captures/20260828_143150,mm_per_px,64,6.4426,0.000000
2026-08-28 14:31:56.806,captures/20260828_143150,mm_per_px,65,6.5407,0.000000
2026-08-28 14:31:56.905,captures/20260828_143150,mm_per_px,66,6.6394,0.000000
2026-08-28 14:31:57.006,captures/20260828_143150,mm_per_px,67,6.7400,0.000000
2026-08-28 14:31:57.108,captures/20260828_143150,mm_per_px,68,6.8427,0.000000
2026-08-28 14:31:57.204,captures/20260828_143150,mm_per_px,69,6.9381,0.000000
2026-08-28 14:31:57.307,captures/20260828_143150,mm_per_px,70,7.0411,0.000000
2026-08-28 14:31:57.407,captures/20260828_143150,mm_per_px,71,7.1410,0.000514
2026-08-28 14:31:57.507,captures/20260828_143150,mm_per_px,72,7.2419,0.000000
2026-08-28 14:31:57.607,captures/20260828_143150,mm_per_px,73,7.3412,0.000000
2026-08-28 14:31:57.708,captures/20260828_143150,mm_per_px,74,7.4422,0.000303
2026-08-28 14:31:57.807,captures/20260828_143150,mm_per_px,75,7.5415,0.000000
2026-08-28 14:31:57.915,captures/20260828_143150,mm_per_px,76,7.6490,0.000000
2026-08-28 14:31:58.013,captures/20260828_143150,mm_per_px,77,7.7479,0.000000
2026-08-28 14:31:58.106,captures/20260828_143150,mm_per_px,78,7.8409,0.000000
2026-08-28 14:31:58.207,captures/20260828_143150,mm_per_px,79,7.9410,0.000000
2026-08-28 14:31:58.309,captures/20260828_143150,mm_per_px,80,8.0431,0.000000
2026-08-28 14:31:58.408,captures/20260828_143150,mm_per_px,81,8.1423,0.000000
2026-08-28 14:31:58.520,captures/20260828_143150,mm_per_px,82,8.2544,0.000000
2026-08-28 14:31:58.618,captures/20260828_143150,mm_per_px,83,8.3525,0.000000
2026-08-28 14:31:58.709,captures/20260828_143150,mm_per_px,84,8.4437,0.000000
2026-08-28 14:31:58.824,captures/20260828_143150,mm_per_px,85,8.5585,0.000000
2026-08-28 14:31:58.920,captures/20260828_143150,mm_per_px,86,8.6549,0.000000
2026-08-28 14:31:59.014,captures/20260828_143150,mm_per_px,87,8.7483,0.000000
2026-08-28 14:31:59.113,captures/20260828_143150,mm_per_px,88,8.8474,0.000000
2026-08-28 14:31:59.205,captures/20260828_143150,mm_per_px,89,8.9397,0.000000
2026-08-28 14:31:59.308,captures/20260828_143150,mm_per_px,90,9.0423,0.000000
2026-08-28 14:31:59.414,captures/20260828_143150,mm_per_px,91,9.1480,0.000000
2026-08-28 14:31:59.505,captures/20260828_143150,mm_per_px,92,9.2391,0.000241
2026-08-28 14:31:59.613,captures/20260828_143150,mm_per_px,93,9.3473,0.000000
2026-08-28 14:31:59.708,captures/20260828_143150,mm_per_px,94,9.4427,0.000000
2026-08-28 14:31:59.809,captures/20260828_143150,mm_per_px,95,9.5431,0.000000
2026-08-28 14:31:59.906,captures/20260828_143150,mm_per_px,96,9.6403,0.000000
2026-08-28 14:32:00.005,captures/20260828_143150,mm_per_px,97,9.7396,0.000000
2026-08-28 14:32:00.105,captures/20260828_143150,mm_per_px,98,9.8390,0.000000
2026-08-28 14:32:00.205,captures/20260828_143150,mm_per_px,99,9.9393,0.000000
2026-08-28 14:32:00.305,captures/20260828_143150,mm_per_px,100,10.0394,0.000000
2026-08-28 14:32:00.404,captures/20260828_143150,mm_per_px,101,10.1386,0.000000
2026-08-28 14:32:00.504,captures/20260828_143150,mm_per_px,102,10.2388,0.000000
2026-08-28 14:32:00.608,captures/20260828_143150,mm_per_px,103,10.3428,0.000260
2026-08-28 14:32:00.706,captures/20260828_143150,mm_per_px,104,10.4402,0.000000
2026-08-28 14:32:00.807,captures/20260828_143150,mm_per_px,105,10.5415,0.000302
2026-08-28 14:32:00.908,captures/20260828_143150,mm_per_px,106,10.6428,0.000351
2026-08-28 14:32:01.007,captures/20260828_143150,mm_per_px,107,10.7411,0.000348
2026-08-28 14:32:01.105,captures/20260828_143150,mm_per_px,108,10.8390,0.000773
2026-08-28 14:32:01.204,captures/20260828_143150,mm_per_px,109,10.9389,0.002038
2026-08-28 14:32:01.305,captures/20260828_143150,mm_per_px,110,11.0395,0.003612
2026-08-28 14:32:01.404,captures/20260828_143150,mm_per_px,111,11.1389,0.006375
2026-08-28 14:32:01.504,captures/20260828_143150,mm_per_px,112,11.2389,0.002832
2026-08-28 14:32:01.613,captures/20260828_143150,mm_per_px,113,11.3471,0.000556
2026-08-28 14:32:01.708,captures/20260828_143150,mm_per_px,114,11.4422,0.000000
2026-08-28 14:32:01.805,captures/20260828_143150,mm_per_px,115,11.5397,0.000000
2026-08-28 14:32:01.907,captures/20260828_143150,mm_per_px,116,11.6413,0.000723
2026-08-28 14:32:02.004,captures/20260828_143150,mm_per_px,117,11.7388,0.000723
2026-08-28 14:32:02.108,captures/20260828_143150,mm_per_px,118,11.8420,0.000000
2026-08-28 14:32:02.210,captures/20260828_143150,mm_per_px,119,11.9442,0.000000
2026-08-28 14:32:02.308,captures/20260828_143150,mm_per_px,120,12.0420,0.000000
2026-08-28 14:32:02.429,captures/20260828_143150,mm_per_px,121,12.1638,0.002068
2026-08-28 14:32:02.508,captures/20260828_143150,mm_per_px,122,12.2426,0.001604
2026-08-28 14:32:02.605,captures/20260828_143150,mm_per_px,123,12.3397,0.000000
2026-08-28 14:32:02.707,captures/20260828_143150,mm_per_px,124,12.4413,0.000000
2026-08-28 14:32:02.807,captures/20260828_143150,mm_per_px,125,12.5413,0.000000
2026-08-28 14:32:02.905,captures/20260828_143150,mm_per_px,126,12.6391,0.000000
2026-08-28 14:32:03.010,captures/20260828_143150,mm_per_px,127,12.7443,0.000000
2026-08-28 14:32:03.110,captures/20260828_143150,mm_per_px,128,12.8441,0.000000
2026-08-28 14:32:03.208,captures/20260828_143150,mm_per_px,129,12.9425,0.000000
2026-08-28 14:32:03.308,captures/20260828_143150,mm_per_px,130,13.0427,0.000000
2026-08-28 14:32:03.408,captures/20260828_143150,mm_per_px,131,13.1422,0.000000
2026-08-28 14:32:03.549,captures/20260828_143150,mm_per_px,132,13.2838,0.000000
2026-08-28 14:32:03.631,captures/20260828_143150,mm_per_px,133,13.3658,0.000000
2026-08-28 14:32:03.758,captures/20260828_143150,mm_per_px,134,13.4922,0.000000
2026-08-28 14:32:03.818,captures/20260828_143150,mm_per_px,135,13.5525,0.000000
2026-08-28 14:32:03.913,captures/20260828_143150,mm_per_px,136,13.6476,0.000000
2026-08-28 14:32:04.008,captures/20260828_143150,mm_per_px,137,13.7429,0.002604
2026-08-28 14:32:04.111,captures/20260828_143150,mm_per_px,138,13.8454,0.000000
2026-08-28 14:32:04.258,captures/20260828_143150,mm_per_px,139,13.9925,0.003946
2026-08-28 14:32:04.362,captures/20260828_143150,mm_per_px,140,14.0961,0.002632
2026-08-28 14:32:04.408,captures/20260828_143150,mm_per_px,141,14.1422,0.003693
2026-08-28 14:32:04.507,captures/20260828_143150,mm_per_px,142,14.2417,0.000000
2026-08-28 14:32:04.616,captures/20260828_143150,mm_per_px,143,14.3500,0.000000
2026-08-28 14:32:04.706,captures/20260828_143150,mm_per_px,144,14.4404,0.000000
2026-08-28 14:32:04.807,captures/20260828_143150,mm_per_px,145,14.5414,0.000000
2026-08-28 14:32:04.909,captures/20260828_143150,mm_per_px,146,14.6438,0.000000
2026-08-28 14:32:05.006,captures/20260828_143150,mm_per_px,147,14.7409,0.000000
2026-08-28 14:32:05.108,captures/20260828_143150,mm_per_px,148,14.8420,0.000000
2026-08-28 14:32:05.206,captures/20260828_143150,mm_per_px,149,14.9405,0.000000
2026-08-28 14:32:05.307,captures/20260828_143150,mm_per_px,150,15.0412,0.000000
2026-08-28 14:32:05.406,captures/20260828_143150,mm_per_px,151,15.1407,0.000000
2026-08-28 14:32:05.514,captures/20260828_143150,mm_per_px,152,15.2483,0.000000
2026-08-28 14:32:05.611,captures/20260828_143150,mm_per_px,153,15.3454,0.000000
2026-08-28 14:32:05.719,captures/20260828_143150,mm_per_px,154,15.4533,0.000000
2026-08-28 14:32:05.807,captures/20260828_143150,mm_per_px,155,15.5415,0.000266
2026-08-28 14:32:05.913,captures/20260828_143150,mm_per_px,156,15.6475,0.001056
2026-08-28 14:32:06.010,captures/20260828_143150,mm_per_px,157,15.7444,0.002824
2026-08-28 14:32:06.109,captures/20260828_143150,mm_per_px,158,15.8434,0.003135
2026-08-28 14:32:06.206,captures/20260828_143150,mm_per_px,159,15.9404,0.001491
2026-08-28 14:32:06.316,captures/20260828_143150,mm_per_px,160,16.0508,0.000000
2026-08-28 14:32:06.407,captures/20260828_143150,mm_per_px,161,16.1414,0.000000
2026-08-28 14:32:06.508,captures/20260828_143150,mm_per_px,162,16.2423,0.001745
2026-08-28 14:32:06.613,captures/20260828_143150,mm_per_px,163,16.3475,0.005309
2026-08-28 14:32:06.706,captures/20260828_143150,mm_per_px,164,16.4403,0.010694
2026-08-28 14:32:06.814,captures/20260828_143150,mm_per_px,165,16.5489,0.008514
2026-08-28 14:32:06.959,captures/20260828_143150,mm_per_px,166,16.6930,0.002841
2026-08-28 14:32:07.066,captures/20260828_143150,mm_per_px,167,16.8003,0.000892
2026-08-28 14:32:07.106,captures/20260828_143150,mm_per_px,168,16.8407,0.000000
2026-08-28 14:32:07.205,captures/20260828_143150,mm_per_px,169,16.9399,0.001017
2026-08-28 14:32:07.305,captures/20260828_143150,mm_per_px,170,17.0394,0.004981
2026-08-28 14:32:07.405,captures/20260828_143150,mm_per_px,171,17.1393,0.000590
2026-08-28 14:32:07.515,captures/20260828_143150,mm_per_px,172,17.2491,0.002864
2026-08-28 14:32:07.607,captures/20260828_143150,mm_per_px,173,17.3418,0.000000
2026-08-28 14:32:07.707,captures/20260828_143150,mm_per_px,174,17.4417,0.000722
2026-08-28 14:32:07.857,captures/20260828_143150,mm_per_px,175,17.5916,0.000000
2026-08-28 14:32:07.953,captures/20260828_143150,mm_per_px,176,17.6876,0.000611
2026-08-28 14:32:08.012,captures/20260828_143150,mm_per_px,177,17.7465,0.001718
2026-08-28 14:32:08.115,captures/20260828_143150,mm_per_px,178,17.8492,0.002991
2026-08-28 14:32:08.214,captures/20260828_143150,mm_per_px,179,17.9486,0.003808
2026-08-28 14:32:08.311,captures/20260828_143150,mm_per_px,180,18.0452,0.003265
2026-08-28 14:32:08.408,captures/20260828_143150,mm_per_px,181,18.1422,0.007222
2026-08-28 14:32:08.509,captures/20260828_143150,mm_per_px,182,18.2439,0.008108
2026-08-28 14:32:08.615,captures/20260828_143150,mm_per_px,183,18.3490,0.001870
2026-08-28 14:32:08.707,captures/20260828_143150,mm_per_px,184,18.4419,0.001050
2026-08-28 14:32:08.807,captures/20260828_143150,mm_per_px,185,18.5417,0.004018
2026-08-28 14:32:08.909,captures/20260828_143150,mm_per_px,186,18.6436,0.000000
2026-08-28 14:32:09.006,captures/20260828_143150,mm_per_px,187,18.7409,0.000324
2026-08-28 14:32:09.108,captures/20260828_143150,mm_per_px,188,18.8428,0.000411
2026-08-28 14:32:09.217,captures/20260828_143150,mm_per_px,189,18.9515,0.000000
2026-08-28 14:32:09.307,captures/20260828_143150,mm_per_px,190,19.0414,0.000000
2026-08-28 14:32:09.408,captures/20260828_143150,mm_per_px,191,19.1422,0.000000
2026-08-28 14:32:09.505,captures/20260828_143150,mm_per_px,192,19.2397,0.003025
2026-08-28 14:32:09.665,captures/20260828_143150,mm_per_px,193,19.3993,0.000000
2026-08-28 14:32:09.769,captures/20260828_143150,mm_per_px,194,19.5038,0.000000
2026-08-28 14:32:09.816,captures/20260828_143150,mm_per_px,195,19.5506,0.000000
2026-08-28 14:32:09.909,captures/20260828_143150,mm_per_px,196,19.6439,0.002060
2026-08-28 14:32:10.016,captures/20260828_143150,mm_per_px,197,19.7501,0.003018
2026-08-28 14:32:10.106,captures/20260828_143150,mm_per_px,198,19.8401,0.002660
2026-08-28 14:32:10.209,captures/20260828_143150,mm_per_px,199,19.9438,0.002642
2026-08-28 14:32:10.311,captures/20260828_143150,mm_per_px,200,20.0459,0.013617
2026-08-28 14:32:10.461,captures/20260828_143150,mm_per_px,201,20.1950,0.012974
2026-08-28 14:32:10.554,captures/20260828_143150,mm_per_px,202,20.2885,0.006312
2026-08-28 14:32:10.607,captures/20260828_143150,mm_per_px,203,20.3419,0.007639
2026-08-28 14:32:10.748,captures/20260828_143150,mm_per_px,204,20.4826,0.008950
2026-08-28 14:32:10.846,captures/20260828_143150,mm_per_px,205,20.5807,0.020404
2026-08-28 14:32:10.908,captures/20260828_143150,mm_per_px,206,20.6424,0.019367
2026-08-28 14:32:11.008,captures/20260828_143150,mm_per_px,207,20.7424,0.016803
2026-08-28 14:32:11.107,captures/20260828_143150,mm_per_px,208,20.8415,0.005367
2026-08-28 14:32:11.215,captures/20260828_143150,mm_per_px,209,20.9490,0.001202
2026-08-28 14:32:11.309,captures/20260828_143150,mm_per_px,210,21.0436,0.000251
2026-08-28 14:32:11.407,captures/20260828_143150,mm_per_px,211,21.1417,0.002040
2026-08-28 14:32:11.558,captures/20260828_143150,mm_per_px,212,21.2921,0.001010
2026-08-28 14:32:11.654,captures/20260828_143150,mm_per_px,213,21.3889,0.000133
2026-08-28 14:32:11.706,captures/20260828_143150,mm_per_px,214,21.4405,0.000497
2026-08-28 14:32:11.807,captures/20260828_143150,mm_per_px,215,21.5412,0.000170
2026-08-28 14:32:11.932,captures/20260828_143150,mm_per_px,216,21.6668,0.001735
2026-08-28 14:32:12.009,captures/20260828_143150,mm_per_px,217,21.7439,0.002479
2026-08-28 14:32:12.119,captures/20260828_143150,mm_per_px,218,21.8534,0.005493
2026-08-28 14:32:12.209,captures/20260828_143150,mm_per_px,219,21.9439,0.006287
2026-08-28 14:32:12.317,captures/20260828_143150,mm_per_px,220,22.0513,0.004942
2026-08-28 14:32:12.415,captures/20260828_143150,mm_per_px,221,22.1498,0.000810
2026-08-28 14:32:12.508,captures/20260828_143150,mm_per_px,222,22.2422,0.001911
2026-08-28 14:32:12.607,captures/20260828_143150,mm_per_px,223,22.3415,0.002026
2026-08-28 14:32:12.756,captures/20260828_143150,mm_per_px,224,22.4901,0.004979
2026-08-28 14:32:12.860,captures/20260828_143150,mm_per_px,225,22.5947,0.003587
2026-08-28 14:32:12.905,captures/20260828_143150,mm_per_px,226,22.6398,0.005762
2026-08-28 14:32:13.008,captures/20260828_143150,mm_per_px,227,22.7422,0.001963
2026-08-28 14:32:13.114,captures/20260828_143150,mm_per_px,228,22.8484,0.000000
2026-08-28 14:32:13.207,captures/20260828_143150,mm_per_px,229,22.9413,0.000000
2026-08-28 14:32:13.316,captures/20260828_143150,mm_per_px,230,23.0508,0.000000
2026-08-28 14:32:13.406,captures/20260828_143150,mm_per_px,231,23.1403,0.000200
2026-08-28 14:32:13.519,captures/20260828_143150,mm_per_px,232,23.2537,0.000000
2026-08-28 14:32:13.612,captures/20260828_143150,mm_per_px,233,23.3469,0.000000
2026-08-28 14:32:13.705,captures/20260828_143150,mm_per_px,234,23.4399,0.000000
2026-08-28 14:32:13.811,captures/20260828_143150,mm_per_px,235,23.5451,0.000000
2026-08-28 14:32:13.904,captures/20260828_143150,mm_per_px,236,23.6389,0.000000
2026-08-28 14:32:14.010,captures/20260828_143150,mm_per_px,237,23.7441,0.000000
2026-08-28 14:32:14.107,captures/20260828_143150,mm_per_px,238,23.8412,0.000000
2026-08-28 14:32:14.210,captures/20260828_143150,mm_per_px,239,23.9443,0.000000
2026-08-28 14:32:14.328,captures/20260828_143150,mm_per_px,240,24.0626,0.000000
2026-08-28 14:32:14.404,captures/20260828_143150,mm_per_px,241,24.1388,0.000000
2026-08-28 14:32:14.512,captures/20260828_143150,mm_per_px,242,24.2467,0.000000
2026-08-28 14:32:14.614,captures/20260828_143150,mm_per_px,243,24.3486,0.000262
2026-08-28 14:32:14.709,captures/20260828_143150,mm_per_px,244,24.4437,0.000000
2026-08-28 14:32:14.810,captures/20260828_143150,mm_per_px,245,24.5441,0.000000
2026-08-28 14:32:14.910,captures/20260828_143150,mm_per_px,246,24.6447,0.000000
2026-08-28 14:32:15.006,captures/20260828_143150,mm_per_px,247,24.7409,0.000000
2026-08-28 14:32:15.109,captures/20260828_143150,mm_per_px,248,24.8432,0.000000
2026-08-28 14:32:15.216,captures/20260828_143150,mm_per_px,249,24.9500,0.000000
2026-08-28 14:32:15.307,captures/20260828_143150,mm_per_px,250,25.0419,0.000000
2026-08-28 14:32:15.463,captures/20260828_143150,mm_per_px,251,25.1972,0.000000
2026-08-28 14:32:15.546,captures/20260828_143150,mm_per_px,252,25.2808,0.000332
2026-08-28 14:32:15.607,captures/20260828_143150,mm_per_px,253,25.3418,0.000428
2026-08-28 14:32:15.706,captures/20260828_143150,mm_per_px,254,25.4402,0.003458
2026-08-28 14:32:15.808,captures/20260828_143150,mm_per_px,255,25.5423,0.004698
2026-08-28 14:32:15.905,captures/20260828_143150,mm_per_px,256,25.6396,0.002101
2026-08-28 14:32:16.006,captures/20260828_143150,mm_per_px,257,25.7404,0.000633
2026-08-28 14:32:16.106,captures/20260828_143150,mm_per_px,258,25.8400,0.000133
2026-08-28 14:32:16.217,captures/20260828_143150,mm_per_px,259,25.9510,0.000000
2026-08-28 14:32:16.314,captures/20260828_143150,mm_per_px,260,26.0484,0.000000
2026-08-28 14:32:16.411,captures/20260828_143150,mm_per_px,261,26.1455,0.000000
2026-08-28 14:32:16.508,captures/20260828_143150,mm_per_px,262,26.2429,0.000000
2026-08-28 14:32:16.608,captures/20260828_143150,mm_per_px,263,26.3428,0.000000
2026-08-28 14:32:16.708,captures/20260828_143150,mm_per_px,264,26.4426,0.000000
2026-08-28 14:32:16.808,captures/20260828_143150,mm_per_px,265,26.5429,0.000000
2026-08-28 14:32:16.914,captures/20260828_143150,mm_per_px,266,26.6486,0.000000
2026-08-28 14:32:17.004,captures/20260828_143150,mm_per_px,267,26.7389,0.000000
2026-08-28 14:32:17.106,captures/20260828_143150,mm_per_px,268,26.8409,0.000000
2026-08-28 14:32:17.207,captures/20260828_143150,mm_per_px,269,26.9417,0.000000
2026-08-28 14:32:17.315,captures/20260828_143150,mm_per_px,270,27.0492,0.000000
2026-08-28 14:32:17.406,captures/20260828_143150,mm_per_px,271,27.1404,0.000000
2026-08-28 14:32:17.529,captures/20260828_143150,mm_per_px,272,27.2634,0.000000
2026-08-28 14:32:17.607,captures/20260828_143150,mm_per_px,273,27.3419,0.000000
2026-08-28 14:32:17.708,captures/20260828_143150,mm_per_px,274,27.4429,0.000000
2026-08-28 14:32:17.806,captures/20260828_143150,mm_per_px,275,27.5408,0.003532
2026-08-28 14:32:17.906,captures/20260828_143150,mm_per_px,276,27.6406,0.005479
2026-08-28 14:32:18.005,captures/20260828_143150,mm_per_px,277,27.7398,0.001538
2026-08-28 14:32:18.107,captures/20260828_143150,mm_per_px,278,27.8419,0.000457
2026-08-28 14:32:18.205,captures/20260828_143150,mm_per_px,279,27.9391,0.000229
2026-08-28 14:32:18.310,captures/20260828_143150,mm_per_px,280,28.0448,0.000000
2026-08-28 14:32:18.405,captures/20260828_143150,mm_per_px,281,28.1399,0.000000
2026-08-28 14:32:18.505,captures/20260828_143150,mm_per_px,282,28.2399,0.000000
2026-08-28 14:32:18.618,captures/20260828_143150,mm_per_px,283,28.3521,0.000568
2026-08-28 14:32:18.705,captures/20260828_143150,mm_per_px,284,28.4392,0.000000
2026-08-28 14:32:18.817,captures/20260828_143150,mm_per_px,285,28.5517,0.000000
2026-08-28 14:32:18.905,captures/20260828_143150,mm_per_px,286,28.6395,0.000215
2026-08-28 14:32:19.004,captures/20260828_143150,mm_per_px,287,28.7388,0.000215
2026-08-28 14:32:19.116,captures/20260828_143150,mm_per_px,288,28.8502,0.000798
2026-08-28 14:32:19.208,captures/20260828_143150,mm_per_px,289,28.9424,0.001979
2026-08-28 14:32:19.320,captures/20260828_143150,mm_per_px,290,29.0541,0.000989
2026-08-28 14:32:19.407,captures/20260828_143150,mm_per_px,291,29.1414,0.000835
2026-08-28 14:32:19.505,captures/20260828_143150,mm_per_px,292,29.2395,0.001335
2026-08-28 14:32:19.606,captures/20260828_143150,mm_per_px,293,29.3404,0.007051
2026-08-28 14:32:19.713,captures/20260828_143150,mm_per_px,294,29.4478,0.014560
2026-08-28 14:32:19.809,captures/20260828_143150,mm_per_px,295,29.5433,0.029610
2026-08-28 14:32:19.915,captures/20260828_143150,mm_per_px,296,29.6496,0.014565
2026-08-28 14:32:20.005,captures/20260828_143150,mm_per_px,297,29.7392,0.015766
2026-08-28 14:32:20.106,captures/20260828_143150,mm_per_px,298,29.8406,0.009285
2026-08-28 14:32:20.246,captures/20260828_143150,mm_per_px,299,29.9803,0.003806
2026-08-28 14:32:20.351,captures/20260828_143150,mm_per_px,300,30.0856,0.004520
2026-08-28 14:32:20.406,captures/20260828_143150,mm_per_px,301,30.1403,0.001812
2026-08-28 14:32:20.510,captures/20260828_143150,mm_per_px,302,30.2440,0.000582
2026-08-28 14:32:20.607,captures/20260828_143150,mm_per_px,303,30.3417,0.000392
2026-08-28 14:32:20.707,captures/20260828_143150,mm_per_px,304,30.4419,0.000533
2026-08-28 14:32:20.808,captures/20260828_143150,mm_per_px,305,30.5428,0.000694
2026-08-28 14:32:20.908,captures/20260828_143150,mm_per_px,306,30.6429,0.000979
2026-08-28 14:32:21.006,captures/20260828_143150,mm_per_px,307,30.7407,0.011145
2026-08-28 14:32:21.109,captures/20260828_143150,mm_per_px,308,30.8434,0.003549
2026-08-28 14:32:21.261,captures/20260828_143150,mm_per_px,309,30.9954,0.005332
2026-08-28 14:32:21.339,captures/20260828_143150,mm_per_px,310,31.0732,0.002556
2026-08-28 14:32:21.405,captures/20260828_143150,mm_per_px,311,31.1392,0.015895
2026-08-28 14:32:21.524,captures/20260828_143150,mm_per_px,312,31.2589,0.013875
2026-08-28 14:32:21.606,captures/20260828_143150,mm_per_px,313,31.3403,0.032810
2026-08-28 14:32:21.719,captures/20260828_143150,mm_per_px,314,31.4539,0.049840
2026-08-28 14:32:21.814,captures/20260828_143150,mm_per_px,315,31.5485,0.065618
2026-08-28 14:32:21.908,captures/20260828_143150,mm_per_px,316,31.6420,0.108682
2026-08-28 14:32:22.009,captures/20260828_143150,mm_per_px,317,31.7431,0.137609
2026-08-28 14:32:22.106,captures/20260828_143150,mm_per_px,318,31.8406,0.178728
2026-08-28 14:32:22.219,captures/20260828_143150,mm_per_px,319,31.9534,0.348619
2026-08-28 14:32:22.313,captures/20260828_143150,mm_per_px,320,32.0476,0.836722
2026-08-28 14:32:22.406,captures/20260828_143150,mm_per_px,321,32.1405,1.374160
2026-08-28 14:32:22.511,captures/20260828_143150,mm_per_px,322,32.2452,1.320140
2026-08-28 14:32:22.607,captures/20260828_143150,mm_per_px,323,32.3415,1.898402
2026-08-28 14:32:22.717,captures/20260828_143150,mm_per_px,324,32.4515,1.348181
2026-08-28 14:32:22.824,captures/20260828_143150,mm_per_px,325,32.5586,0.554246
2026-08-28 14:32:22.906,captures/20260828_143150,mm_per_px,326,32.6402,0.749863
2026-08-28 14:32:23.008,captures/20260828_143150,mm_per_px,327,32.7425,1.193637
2026-08-28 14:32:23.107,captures/20260828_143150,mm_per_px,328,32.8413,1.075985
2026-08-28 14:32:23.213,captures/20260828_143150,mm_per_px,329,32.9479,1.344279
2026-08-28 14:32:23.309,captures/20260828_143150,mm_per_px,330,33.0436,1.552139
2026-08-28 14:32:23.415,captures/20260828_143150,mm_per_px,331,33.1498,0.994383
2026-08-28 14:32:23.551,captures/20260828_143150,mm_per_px,332,33.2855,0.581661
2026-08-28 14:32:23.623,captures/20260828_143150,mm_per_px,333,33.3575,0.546303
2026-08-28 14:32:23.754,captures/20260828_143150,mm_per_px,334,33.4884,1.078933
2026-08-28 14:32:23.865,captures/20260828_143150,mm_per_px,335,33.5997,1.389044
2026-08-28 14:32:23.957,captures/20260828_143150,mm_per_px,336,33.6916,1.124157
2026-08-28 14:32:24.058,captures/20260828_143150,mm_per_px,337,33.7924,1.026289
2026-08-28 14:32:24.158,captures/20260828_143150,mm_per_px,338,33.8920,0.720147
2026-08-28 14:32:24.205,captures/20260828_143150,mm_per_px,339,33.9393,0.231350
2026-08-28 14:32:24.309,captures/20260828_143150,mm_per_px,340,34.0435,0.071995
2026-08-28 14:32:24.421,captures/20260828_143150,mm_per_px,341,34.1551,0.045474
2026-08-28 14:32:24.508,captures/20260828_143150,mm_per_px,342,34.2427,0.017338
2026-08-28 14:32:24.622,captures/20260828_143150,mm_per_px,343,34.3565,0.010425
2026-08-28 14:32:24.705,captures/20260828_143150,mm_per_px,344,34.4398,0.022799
2026-08-28 14:32:24.807,captures/20260828_143150,mm_per_px,345,34.5410,0.026084
2026-08-28 14:32:24.905,captures/20260828_143150,mm_per_px,346,34.6398,0.040613
2026-08-28 14:32:25.005,captures/20260828_143150,mm_per_px,347,34.7395,0.078424
2026-08-28 14:32:25.106,captures/20260828_143150,mm_per_px,348,34.8400,0.088267
2026-08-28 14:32:25.207,captures/20260828_143150,mm_per_px,349,34.9410,0.078684
2026-08-28 14:32:25.316,captures/20260828_143150,mm_per_px,350,35.0508,0.084805
2026-08-28 14:32:25.409,captures/20260828_143150,mm_per_px,351,35.1431,0.140614
2026-08-28 14:32:25.506,captures/20260828_143150,mm_per_px,352,35.2402,0.213412
2026-08-28 14:32:25.605,captures/20260828_143150,mm_per_px,353,35.3398,0.297936
2026-08-28 14:32:25.722,captures/20260828_143150,mm_per_px,354,35.4564,0.290120
2026-08-28 14:32:25.819,captures/20260828_143150,mm_per_px,355,35.5539,0.146985
2026-08-28 14:32:25.904,captures/20260828_143150,mm_per_px,356,35.6386,0.097572
2026-08-28 14:32:26.004,captures/20260828_143150,mm_per_px,357,35.7388,0.017100
2026-08-28 14:32:26.105,captures/20260828_143150,mm_per_px,358,35.8396,0.010363
2026-08-28 14:32:26.209,captures/20260828_143150,mm_per_px,359,35.9437,0.012841
2026-08-28 14:32:26.308,captures/20260828_143150,mm_per_px,360,36.0424,0.015495
2026-08-28 14:32:26.416,captures/20260828_143150,mm_per_px,361,36.1500,0.036654
2026-08-28 14:32:26.505,captures/20260828_143150,mm_per_px,362,36.2396,0.046391
2026-08-28 14:32:26.604,captures/20260828_143150,mm_per_px,363,36.3388,0.067112
2026-08-28 14:32:26.705,captures/20260828_143150,mm_per_px,364,36.4397,0.055438
2026-08-28 14:32:26.813,captures/20260828_143150,mm_per_px,365,36.5473,0.028509
2026-08-28 14:32:26.906,captures/20260828_143150,mm_per_px,366,36.6405,0.028142
2026-08-28 14:32:27.009,captures/20260828_143150,mm_per_px,367,36.7432,0.008552
2026-08-28 14:32:27.107,captures/20260828_143150,mm_per_px,368,36.8416,0.005964
2026-08-28 14:32:27.207,captures/20260828_143150,mm_per_px,369,36.9415,0.004349
2026-08-28 14:32:27.315,captures/20260828_143150,mm_per_px,370,37.0498,0.008337
2026-08-28 14:32:27.408,captures/20260828_143150,mm_per_px,371,37.1423,0.002924
2026-08-28 14:32:27.511,captures/20260828_143150,mm_per_px,372,37.2455,0.000792
2026-08-28 14:32:27.605,captures/20260828_143150,mm_per_px,373,37.3398,0.002790
2026-08-28 14:32:27.708,captures/20260828_143150,mm_per_px,374,37.4424,0.011409
2026-08-28 14:32:27.806,captures/20260828_143150,mm_per_px,375,37.5401,0.007289
2026-08-28 14:32:27.908,captures/20260828_143150,mm_per_px,376,37.6428,0.016464
2026-08-28 14:32:28.006,captures/20260828_143150,mm_per_px,377,37.7400,0.004230
2026-08-28 14:32:28.106,captures/20260828_143150,mm_per_px,378,37.8400,0.011644
2026-08-28 14:32:28.209,captures/20260828_143150,mm_per_px,379,37.9436,0.004315
2026-08-28 14:32:28.308,captures/20260828_143150,mm_per_px,380,38.0423,0.008731
2026-08-28 14:32:28.409,captures/20260828_143150,mm_per_px,381,38.1435,0.011870
2026-08-28 14:32:28.507,captures/20260828_143150,mm_per_px,382,38.2418,0.012244
2026-08-28 14:32:28.616,captures/20260828_143150,mm_per_px,383,38.3505,0.008966
2026-08-28 14:32:28.708,captures/20260828_143150,mm_per_px,384,38.4420,0.012002
2026-08-28 14:32:28.810,captures/20260828_143150,mm_per_px,385,38.5448,0.008727
2026-08-28 14:32:28.910,captures/20260828_143150,mm_per_px,386,38.6442,0.013860
2026-08-28 14:32:29.007,captures/20260828_143150,mm_per_px,387,38.7414,0.000667
2026-08-28 14:32:29.106,captures/20260828_143150,mm_per_px,388,38.8401,0.000564
2026-08-28 14:32:29.215,captures/20260828_143150,mm_per_px,389,38.9499,0.000976
2026-08-28 14:32:29.308,captures/20260828_143150,mm_per_px,390,39.0422,0.001057
2026-08-28 14:32:29.410,captures/20260828_143150,mm_per_px,391,39.1441,0.000439
2026-08-28 14:32:29.508,captures/20260828_143150,mm_per_px,392,39.2424,0.002888
2026-08-28 14:32:29.604,captures/20260828_143150,mm_per_px,393,39.3382,0.005358
2026-08-28 14:32:29.706,captures/20260828_143150,mm_per_px,394,39.4403,0.004549
2026-08-28 14:32:29.811,captures/20260828_143150,mm_per_px,395,39.5451,0.007792
2026-08-28 14:32:29.906,captures/20260828_143150,mm_per_px,396,39.6402,0.011110
2026-08-28 14:32:30.010,captures/20260828_143150,mm_per_px,397,39.7444,0.005856
2026-08-28 14:32:30.107,captures/20260828_143150,mm_per_px,398,39.8417,0.006638
2026-08-28 14:32:30.212,captures/20260828_143150,mm_per_px,399,39.9463,0.001060
2026-08-28 14:32:30.311,captures/20260828_143150,mm_per_px,400,40.0456,0.001319
2026-08-28 14:32:30.408,captures/20260828_143150,mm_per_px,401,40.1421,0.007062
2026-08-28 14:32:30.507,captures/20260828_143150,mm_per_px,402,40.2417,0.010447
2026-08-28 14:32:30.608,captures/20260828_143150,mm_per_px,403,40.3429,0.016068
2026-08-28 14:32:30.710,captures/20260828_143150,mm_per_px,404,40.4444,0.031181
2026-08-28 14:32:30.809,captures/20260828_143150,mm_per_px,405,40.5431,0.067123
2026-08-28 14:32:30.923,captures/20260828_143150,mm_per_px,406,40.6570,0.045509
2026-08-28 14:32:31.020,captures/20260828_143150,mm_per_px,407,40.7547,0.033845
2026-08-28 14:32:31.109,captures/20260828_143150,mm_per_px,408,40.8434,0.022727
2026-08-28 14:32:31.217,captures/20260828_143150,mm_per_px,409,40.9512,0.019239
2026-08-28 14:32:31.308,captures/20260828_143150,mm_per_px,410,41.0421,0.004706
2026-08-28 14:32:31.408,captures/20260828_143150,mm_per_px,411,41.1425,0.000349
2026-08-28 14:32:31.511,captures/20260828_143150,mm_per_px,412,41.2455,0.002212
2026-08-28 14:32:31.618,captures/20260828_143150,mm_per_px,413,41.3528,0.005455
2026-08-28 14:32:31.706,captures/20260828_143150,mm_per_px,414,41.4407,0.002540
2026-08-28 14:32:31.819,captures/20260828_143150,mm_per_px,415,41.5537,0.010891
2026-08-28 14:32:31.924,captures/20260828_143150,mm_per_px,416,41.6589,0.017906
2026-08-28 14:32:32.007,captures/20260828_143150,mm_per_px,417,41.7417,0.012447
2026-08-28 14:32:32.119,captures/20260828_143150,mm_per_px,418,41.8533,0.007441
2026-08-28 14:32:32.214,captures/20260828_143150,mm_per_px,419,41.9486,0.007642
2026-08-28 14:32:32.306,captures/20260828_143150,mm_per_px,420,42.0406,0.013169
2026-08-28 14:32:32.415,captures/20260828_143150,mm_per_px,421,42.1490,0.007632
2026-08-28 14:32:32.509,captures/20260828_143150,mm_per_px,422,42.2430,0.002879
2026-08-28 14:32:32.609,captures/20260828_143150,mm_per_px,423,42.3436,0.003254
2026-08-28 14:32:32.705,captures/20260828_143150,mm_per_px,424,42.4392,0.001958
2026-08-28 14:32:32.810,captures/20260828_143150,mm_per_px,425,42.5440,0.005983
2026-08-28 14:32:32.906,captures/20260828_143150,mm_per_px,426,42.6404,0.009456
2026-08-28 14:32:33.019,captures/20260828_143150,mm_per_px,427,42.7530,0.017075
2026-08-28 14:32:33.107,captures/20260828_143150,mm_per_px,428,42.8412,0.016120
2026-08-28 14:32:33.208,captures/20260828_143150,mm_per_px,429,42.9423,0.010478
2026-08-28 14:32:33.307,captures/20260828_143150,mm_per_px,430,43.0414,0.035806
2026-08-28 14:32:33.416,captures/20260828_143150,mm_per_px,431,43.1509,0.085759
2026-08-28 14:32:33.510,captures/20260828_143150,mm_per_px,432,43.2441,0.083396
2026-08-28 14:32:33.608,captures/20260828_143150,mm_per_px,433,43.3422,0.082845
2026-08-28 14:32:33.706,captures/20260828_143150,mm_per_px,434,43.4407,0.053813
2026-08-28 14:32:33.805,captures/20260828_143150,mm_per_px,435,43.5399,0.020848
2026-08-28 14:32:33.905,captures/20260828_143150,mm_per_px,436,43.6395,0.011667
2026-08-28 14:32:34.021,captures/20260828_143150,mm_per_px,437,43.7558,0.005981
2026-08-28 14:32:34.108,captures/20260828_143150,mm_per_px,438,43.8422,0.004653
2026-08-28 14:32:34.217,captures/20260828_143150,mm_per_px,439,43.9515,0.008144
2026-08-28 14:32:34.308,captures/20260828_143150,mm_per_px,440,44.0425,0.001018
2026-08-28 14:32:34.408,captures/20260828_143150,mm_per_px,441,44.1422,0.000486
2026-08-28 14:32:34.509,captures/20260828_143150,mm_per_px,442,44.2438,0.000000
2026-08-28 14:32:34.610,captures/20260828_143150,mm_per_px,443,44.3440,0.000241
2026-08-28 14:32:34.711,captures/20260828_143150,mm_per_px,444,44.4455,0.001812
2026-08-28 14:32:34.822,captures/20260828_143150,mm_per_px,445,44.5565,0.000192
2026-08-28 14:32:34.907,captures/20260828_143150,mm_per_px,446,44.6415,0.000000
2026-08-28 14:32:35.007,captures/20260828_143150,mm_per_px,447,44.7416,0.000000
2026-08-28 14:32:35.108,captures/20260828_143150,mm_per_px,448,44.8423,0.000847
2026-08-28 14:32:35.217,captures/20260828_143150,mm_per_px,449,44.9512,0.000000
2026-08-28 14:32:35.308,captures/20260828_143150,mm_per_px,450,45.0425,0.004489
2026-08-28 14:32:35.415,captures/20260828_143150,mm_per_px,451,45.1498,0.006394
2026-08-28 14:32:35.508,captures/20260828_143150,mm_per_px,452,45.2426,0.006195
2026-08-28 14:32:35.663,captures/20260828_143150,mm_per_px,453,45.3978,0.009848
2026-08-28 14:32:35.708,captures/20260828_143150,mm_per_px,454,45.4423,0.015216
2026-08-28 14:32:35.807,captures/20260828_143150,mm_per_px,455,45.5415,0.012344
2026-08-28 14:32:35.905,captures/20260828_143150,mm_per_px,456,45.6397,0.003057
2026-08-28 14:32:36.014,captures/20260828_143150,mm_per_px,457,45.7481,0.018890
2026-08-28 14:32:36.112,captures/20260828_143150,mm_per_px,458,45.8465,0.026296
2026-08-28 14:32:36.210,captures/20260828_143150,mm_per_px,459,45.9442,0.015372
2026-08-28 14:32:36.323,captures/20260828_143150,mm_per_px,460,46.0577,0.027142
2026-08-28 14:32:36.407,captures/20260828_143150,mm_per_px,461,46.1414,0.047671
2026-08-28 14:32:36.513,captures/20260828_143150,mm_per_px,462,46.2475,0.063086
2026-08-28 14:32:36.610,captures/20260828_143150,mm_per_px,463,46.3441,0.056612
2026-08-28 14:32:36.709,captures/20260828_143150,mm_per_px,464,46.4433,0.050457
2026-08-28 14:32:36.809,captures/20260828_143150,mm_per_px,465,46.5439,0.049404
2026-08-28 14:32:36.911,captures/20260828_143150,mm_per_px,466,46.6452,0.046813
2026-08-28 14:32:37.022,captures/20260828_143150,mm_per_px,467,46.7565,0.019283
2026-08-28 14:32:37.107,captures/20260828_143150,mm_per_px,468,46.8412,0.022281
2026-08-28 14:32:37.207,captures/20260828_143150,mm_per_px,469,46.9413,0.027476
2026-08-28 14:32:37.306,captures/20260828_143150,mm_per_px,470,47.0404,0.020210
2026-08-28 14:32:37.416,captures/20260828_143150,mm_per_px,471,47.1509,0.010099
2026-08-28 14:32:37.506,captures/20260828_143150,mm_per_px,472,47.2409,0.019563
2026-08-28 14:32:37.614,captures/20260828_143150,mm_per_px,473,47.3489,0.007621
2026-08-28 14:32:37.711,captures/20260828_143150,mm_per_px,474,47.4455,0.001609
2026-08-28 14:32:37.827,captures/20260828_143150,mm_per_px,475,47.5614,0.003679
2026-08-28 14:32:37.905,captures/20260828_143150,mm_per_px,476,47.6394,0.004549
2026-08-28 14:32:38.005,captures/20260828_143150,mm_per_px,477,47.7398,0.006294
2026-08-28 14:32:38.105,captures/20260828_143150,mm_per_px,478,47.8397,0.002911
2026-08-28 14:32:38.216,captures/20260828_143150,mm_per_px,479,47.9502,0.000766
2026-08-28 14:32:38.306,captures/20260828_143150,mm_per_px,480,48.0405,0.000179
2026-08-28 14:32:38.413,captures/20260828_143150,mm_per_px,481,48.1475,0.002820
2026-08-28 14:32:38.505,captures/20260828_143150,mm_per_px,482,48.2393,0.002303
2026-08-28 14:32:38.606,captures/20260828_143150,mm_per_px,483,48.3400,0.005279
2026-08-28 14:32:38.705,captures/20260828_143150,mm_per_px,484,48.4395,0.012375
2026-08-28 14:32:38.810,captures/20260828_143150,mm_per_px,485,48.5443,0.020703
2026-08-28 14:32:38.908,captures/20260828_143150,mm_per_px,486,48.6425,0.016748
2026-08-28 14:32:39.013,captures/20260828_143150,mm_per_px,487,48.7470,0.034034
2026-08-28 14:32:39.104,captures/20260828_143150,mm_per_px,488,48.8387,0.028315
2026-08-28 14:32:39.205,captures/20260828_143150,mm_per_px,489,48.9397,0.024052
2026-08-28 14:32:39.307,captures/20260828_143150,mm_per_px,490,49.0416,0.039570
2026-08-28 14:32:39.418,captures/20260828_143150,mm_per_px,491,49.1524,0.020054
2026-08-28 14:32:39.504,captures/20260828_143150,mm_per_px,492,49.2385,0.007225
2026-08-28 14:32:39.607,captures/20260828_143150,mm_per_px,493,49.3415,0.001769
2026-08-28 14:32:39.709,captures/20260828_143150,mm_per_px,494,49.4439,0.001741
2026-08-28 14:32:39.804,captures/20260828_143150,mm_per_px,495,49.5384,0.000000
2026-08-28 14:32:39.907,captures/20260828_143150,mm_per_px,496,49.6414,0.000000
2026-08-28 14:32:40.004,captures/20260828_143150,mm_per_px,497,49.7386,0.000000
2026-08-28 14:32:40.105,captures/20260828_143150,mm_per_px,498,49.8390,0.000000
2026-08-28 14:32:40.214,captures/20260828_143150,mm_per_px,499,49.9481,0.000000
2026-08-28 14:32:40.304,captures/20260828_143150,mm_per_px,500,50.0389,0.000000
2026-08-28 14:32:40.405,captures/20260828_143150,mm_per_px,501,50.1393,0.000000
2026-08-28 14:32:40.506,captures/20260828_143150,mm_per_px,502,50.2400,0.000000
2026-08-28 14:32:40.611,captures/20260828_143150,mm_per_px,503,50.3455,0.000364
2026-08-28 14:32:40.706,captures/20260828_143150,mm_per_px,504,50.4409,0.004461
2026-08-28 14:32:40.820,captures/20260828_143150,mm_per_px,505,50.5545,0.015092
2026-08-28 14:32:40.911,captures/20260828_143150,mm_per_px,506,50.6456,0.022402
2026-08-28 14:32:41.006,captures/20260828_143150,mm_per_px,507,50.7406,0.031581
2026-08-28 14:32:41.110,captures/20260828_143150,mm_per_px,508,50.8440,0.025255
2026-08-28 14:32:41.223,captures/20260828_143150,mm_per_px,509,50.9577,0.011525
2026-08-28 14:32:41.330,captures/20260828_143150,mm_per_px,510,51.0643,0.006078
2026-08-28 14:32:41.426,captures/20260828_143150,mm_per_px,511,51.1602,0.008202
2026-08-28 14:32:41.508,captures/20260828_143150,mm_per_px,512,51.2428,0.002753
2026-08-28 14:32:41.611,captures/20260828_143150,mm_per_px,513,51.3455,0.003671
2026-08-28 14:32:41.711,captures/20260828_143150,mm_per_px,514,51.4455,0.003868
2026-08-28 14:32:41.833,captures/20260828_143150,mm_per_px,515,51.5672,0.005194
2026-08-28 14:32:41.907,captures/20260828_143150,mm_per_px,516,51.6417,0.005090
2026-08-28 14:32:42.008,captures/20260828_143150,mm_per_px,517,51.7425,0.002138
2026-08-28 14:32:42.105,captures/20260828_143150,mm_per_px,518,51.8394,0.001653
2026-08-28 14:32:42.207,captures/20260828_143150,mm_per_px,519,51.9414,0.001438
2026-08-28 14:32:42.305,captures/20260828_143150,mm_per_px,520,52.0394,0.002660
2026-08-28 14:32:42.421,captures/20260828_143150,mm_per_px,521,52.1558,0.005323
2026-08-28 14:32:42.516,captures/20260828_143150,mm_per_px,522,52.2505,0.018395
2026-08-28 14:32:42.607,captures/20260828_143150,mm_per_px,523,52.3416,0.030780
2026-08-28 14:32:42.715,captures/20260828_143150,mm_per_px,524,52.4491,0.038489
2026-08-28 14:32:42.807,captures/20260828_143150,mm_per_px,525,52.5414,0.030092
2026-08-28 14:32:42.908,captures/20260828_143150,mm_per_px,526,52.6420,0.044244
2026-08-28 14:32:43.011,captures/20260828_143150,mm_per_px,527,52.7455,0.031240
2026-08-28 14:32:43.126,captures/20260828_143150,mm_per_px,528,52.8602,0.017126
2026-08-28 14:32:43.206,captures/20260828_143150,mm_per_px,529,52.9402,0.013825
2026-08-28 14:32:43.315,captures/20260828_143150,mm_per_px,530,53.0499,0.003813
2026-08-28 14:32:43.405,captures/20260828_143150,mm_per_px,531,53.1397,0.003483
2026-08-28 14:32:43.505,captures/20260828_143150,mm_per_px,532,53.2396,0.002756
2026-08-28 14:32:43.605,captures/20260828_143150,mm_per_px,533,53.3395,0.006102
2026-08-28 14:32:43.706,captures/20260828_143150,mm_per_px,534,53.4402,0.001080
2026-08-28 14:32:43.807,captures/20260828_143150,mm_per_px,535,53.5410,0.002258
2026-08-28 14:32:43.917,captures/20260828_143150,mm_per_px,536,53.6510,0.000639
2026-08-28 14:32:44.005,captures/20260828_143150,mm_per_px,537,53.7392,0.001670
2026-08-28 14:32:44.125,captures/20260828_143150,mm_per_px,538,53.8590,0.002223
2026-08-28 14:32:44.206,captures/20260828_143150,mm_per_px,539,53.9403,0.011154
2026-08-28 14:32:44.305,captures/20260828_143150,mm_per_px,540,54.0399,0.019590
2026-08-28 14:32:44.421,captures/20260828_143150,mm_per_px,541,54.1559,0.054847
2026-08-28 14:32:44.507,captures/20260828_143150,mm_per_px,542,54.2410,0.068957
2026-08-28 14:32:44.608,captures/20260828_143150,mm_per_px,543,54.3423,0.032020
2026-08-28 14:32:44.705,captures/20260828_143150,mm_per_px,544,54.4397,0.016172
2026-08-28 14:32:44.806,captures/20260828_143150,mm_per_px,545,54.5402,0.023022
2026-08-28 14:32:44.912,captures/20260828_143150,mm_per_px,546,54.6462,0.013010
2026-08-28 14:32:45.005,captures/20260828_143150,mm_per_px,547,54.7396,0.006240
2026-08-28 14:32:45.109,captures/20260828_143150,mm_per_px,548,54.8438,0.007059
2026-08-28 14:32:45.206,captures/20260828_143150,mm_per_px,549,54.9402,0.017594
2026-08-28 14:32:45.309,captures/20260828_143150,mm_per_px,550,55.0431,0.013840
2026-08-28 14:32:45.409,captures/20260828_143150,mm_per_px,551,55.1437,0.012873
2026-08-28 14:32:45.521,captures/20260828_143150,mm_per_px,552,55.2559,0.010328
2026-08-28 14:32:45.605,captures/20260828_143150,mm_per_px,553,55.3393,0.025644
2026-08-28 14:32:45.717,captures/20260828_143150,mm_per_px,554,55.4516,0.031249
2026-08-28 14:32:45.807,captures/20260828_143150,mm_per_px,555,55.5418,0.045815
2026-08-28 14:32:45.911,captures/20260828_143150,mm_per_px,556,55.6454,0.042478
2026-08-28 14:32:46.007,captures/20260828_143150,mm_per_px,557,55.7416,0.037825
2026-08-28 14:32:46.109,captures/20260828_143150,mm_per_px,558,55.8434,0.034722
2026-08-28 14:32:46.207,captures/20260828_143150,mm_per_px,559,55.9411,0.031038
2026-08-28 14:32:46.307,captures/20260828_143150,mm_per_px,560,56.0417,0.036376
2026-08-28 14:32:46.409,captures/20260828_143150,mm_per_px,561,56.1436,0.032050
2026-08-28 14:32:46.508,captures/20260828_143150,mm_per_px,562,56.2422,0.048593
2026-08-28 14:32:46.619,captures/20260828_143150,mm_per_px,563,56.3535,0.053837
2026-08-28 14:32:46.709,captures/20260828_143150,mm_per_px,564,56.4439,0.057984
2026-08-28 14:32:46.823,captures/20260828_143150,mm_per_px,565,56.5575,0.039737
2026-08-28 14:32:46.913,captures/20260828_143150,mm_per_px,566,56.6474,0.034017
2026-08-28 14:32:47.013,captures/20260828_143150,mm_per_px,567,56.7470,0.031009
2026-08-28 14:32:47.112,captures/20260828_143150,mm_per_px,568,56.8467,0.021174
2026-08-28 14:32:47.223,captures/20260828_143150,mm_per_px,569,56.9575,0.018965
2026-08-28 14:32:47.307,captures/20260828_143150,mm_per_px,570,57.0418,0.041647
2026-08-28 14:32:47.411,captures/20260828_143150,mm_per_px,571,57.1456,0.040188
2026-08-28 14:32:47.507,captures/20260828_143150,mm_per_px,572,57.2415,0.044515
2026-08-28 14:32:47.608,captures/20260828_143150,mm_per_px,573,57.3427,0.037141
2026-08-28 14:32:47.710,captures/20260828_143150,mm_per_px,574,57.4443,0.029265
2026-08-28 14:32:47.818,captures/20260828_143150,mm_per_px,575,57.5528,0.025391
2026-08-28 14:32:47.904,captures/20260828_143150,mm_per_px,576,57.6389,0.033356
2026-08-28 14:32:48.011,captures/20260828_143150,mm_per_px,577,57.7452,0.036445
2026-08-28 14:32:48.109,captures/20260828_143150,mm_per_px,578,57.8436,0.042465
2026-08-28 14:32:48.208,captures/20260828_143150,mm_per_px,579,57.9420,0.038644
2026-08-28 14:32:48.307,captures/20260828_143150,mm_per_px,580,58.0412,0.033662
2026-08-28 14:32:48.407,captures/20260828_143150,mm_per_px,581,58.1415,0.029237
2026-08-28 14:32:48.509,captures/20260828_143150,mm_per_px,582,58.2433,0.043236
2026-08-28 14:32:48.614,captures/20260828_143150,mm_per_px,583,58.3485,0.035476
2026-08-28 14:32:48.707,captures/20260828_143150,mm_per_px,584,58.4411,0.019546
2026-08-28 14:32:48.807,captures/20260828_143150,mm_per_px,585,58.5419,0.010248
2026-08-28 14:32:48.920,captures/20260828_143150,mm_per_px,586,58.6548,0.024862
2026-08-28 14:32:49.009,captures/20260828_143150,mm_per_px,587,58.7438,0.012402
2026-08-28 14:32:49.112,captures/20260828_143150,mm_per_px,588,58.8463,0.016898
2026-08-28 14:32:49.209,captures/20260828_143150,mm_per_px,589,58.9439,0.056704
2026-08-28 14:32:49.308,captures/20260828_143150,mm_per_px,590,59.0425,0.055266
2026-08-28 14:32:49.410,captures/20260828_143150,mm_per_px,591,59.1441,0.044760
2026-08-28 14:32:49.516,captures/20260828_143150,mm_per_px,592,59.2500,0.056461
2026-08-28 14:32:49.610,captures/20260828_143150,mm_per_px,593,59.3443,0.034697
2026-08-28 14:32:49.717,captures/20260828_143150,mm_per_px,594,59.4518,0.021794
2026-08-28 14:32:49.809,captures/20260828_143150,mm_per_px,595,59.5438,0.016539
2026-08-28 14:32:49.927,captures/20260828_143150,mm_per_px,596,59.6617,0.005645
2026-08-28 14:32:50.009,captures/20260828_143150,mm_per_px,597,59.7435,0.003150
2026-08-28 14:32:50.110,captures/20260828_143150,mm_per_px,598,59.8449,0.002259
2026-08-28 14:32:50.209,captures/20260828_143150,mm_per_px,599,59.9437,0.004572
2026-08-28 14:32:50.307,captures/20260828_143150,mm_per_px,600,60.0417,0.002874
2026-08-28 14:32:50.405,captures/20260828_143150,mm_per_px,601,60.1395,0.003830
2026-08-28 14:32:50.504,captures/20260828_143150,mm_per_px,602,60.2389,0.005818
2026-08-28 14:32:50.607,captures/20260828_143150,mm_per_px,603,60.3413,0.001774
2026-08-28 14:32:50.708,captures/20260828_143150,mm_per_px,604,60.4425,0.022115
2026-08-28 14:32:50.807,captures/20260828_143150,mm_per_px,605,60.5412,0.013611
2026-08-28 14:32:50.906,captures/20260828_143150,mm_per_px,606,60.6403,0.007229
2026-08-28 14:32:51.010,captures/20260828_143150,mm_per_px,607,60.7444,0.027747
2026-08-28 14:32:51.111,captures/20260828_143150,mm_per_px,608,60.8453,0.047315
2026-08-28 14:32:51.210,captures/20260828_143150,mm_per_px,609,60.9441,0.047488
2026-08-28 14:32:51.311,captures/20260828_143150,mm_per_px,610,61.0452,0.057291
2026-08-28 14:32:51.408,captures/20260828_143150,mm_per_px,611,61.1421,0.059918
2026-08-28 14:32:51.508,captures/20260828_143150,mm_per_px,612,61.2428,0.038427
2026-08-28 14:32:51.609,captures/20260828_143150,mm_per_px,613,61.3435,0.061100
2026-08-28 14:32:51.708,captures/20260828_143150,mm_per_px,614,61.4427,0.048419
2026-08-28 14:32:51.808,captures/20260828_143150,mm_per_px,615,61.5424,0.057491
2026-08-28 14:32:51.904,captures/20260828_143150,mm_per_px,616,61.6389,0.044125
2026-08-28 14:32:52.007,captures/20260828_143150,mm_per_px,617,61.7418,0.046148
2026-08-28 14:32:52.105,captures/20260828_143150,mm_per_px,618,61.8396,0.074071
2026-08-28 14:32:52.208,captures/20260828_143150,mm_per_px,619,61.9425,0.083504
2026-08-28 14:32:52.306,captures/20260828_143150,mm_per_px,620,62.0404,0.095640
2026-08-28 14:32:52.409,captures/20260828_143150,mm_per_px,621,62.1435,0.080899
2026-08-28 14:32:52.510,captures/20260828_143150,mm_per_px,622,62.2440,0.041476
2026-08-28 14:32:52.607,captures/20260828_143150,mm_per_px,623,62.3412,0.011573
2026-08-28 14:32:52.711,captures/20260828_143150,mm_per_px,624,62.4453,0.002818
2026-08-28 14:32:52.810,captures/20260828_143150,mm_per_px,625,62.5449,0.004803
2026-08-28 14:32:52.908,captures/20260828_143150,mm_per_px,626,62.6420,0.000381
2026-08-28 14:32:53.010,captures/20260828_143150,mm_per_px,627,62.7446,0.005047
2026-08-28 14:32:53.106,captures/20260828_143150,mm_per_px,628,62.8404,0.009104
2026-08-28 14:32:53.207,captures/20260828_143150,mm_per_px,629,62.9415,0.008961
2026-08-28 14:32:53.305,captures/20260828_143150,mm_per_px,630,63.0398,0.008006
2026-08-28 14:32:53.405,captures/20260828_143150,mm_per_px,631,63.1391,0.010100
2026-08-28 14:32:53.506,captures/20260828_143150,mm_per_px,632,63.2400,0.023027
2026-08-28 14:32:53.606,captures/20260828_143150,mm_per_px,633,63.3403,0.031208
2026-08-28 14:32:53.705,captures/20260828_143150,mm_per_px,634,63.4395,0.008559
2026-08-28 14:32:53.806,captures/20260828_143150,mm_per_px,635,63.5404,0.001955
2026-08-28 14:32:53.911,captures/20260828_143150,mm_per_px,636,63.6455,0.004495
2026-08-28 14:32:54.009,captures/20260828_143150,mm_per_px,637,63.7432,0.005723
2026-08-28 14:32:54.106,captures/20260828_143150,mm_per_px,638,63.8404,0.000324
2026-08-28 14:32:54.205,captures/20260828_143150,mm_per_px,639,63.9396,0.001641
2026-08-28 14:32:54.306,captures/20260828_143150,mm_per_px,640,64.0406,0.005569
2026-08-28 14:32:54.409,captures/20260828_143150,mm_per_px,641,64.1433,0.001242
2026-08-28 14:32:54.509,captures/20260828_143150,mm_per_px,642,64.2439,0.000000
2026-08-28 14:32:54.607,captures/20260828_143150,mm_per_px,643,64.3418,0.001078
2026-08-28 14:32:54.706,captures/20260828_143150,mm_per_px,644,64.4400,0.000534
2026-08-28 14:32:54.806,captures/20260828_143150,mm_per_px,645,64.5403,0.002084
2026-08-28 14:32:54.905,captures/20260828_143150,mm_per_px,646,64.6399,0.000946
2026-08-28 14:32:55.004,captures/20260828_143150,mm_per_px,647,64.7387,0.000000
2026-08-28 14:32:55.108,captures/20260828_143150,mm_per_px,648,64.8420,0.000000
2026-08-28 14:32:55.207,captures/20260828_143150,mm_per_px,649,64.9419,0.000872
2026-08-28 14:32:55.305,captures/20260828_143150,mm_per_px,650,65.0394,0.000000
2026-08-28 14:32:55.404,captures/20260828_143150,mm_per_px,651,65.1386,0.000000
2026-08-28 14:32:55.510,captures/20260828_143150,mm_per_px,652,65.2440,0.000000
2026-08-28 14:32:55.607,captures/20260828_143150,mm_per_px,653,65.3416,0.000000
2026-08-28 14:32:55.708,captures/20260828_143150,mm_per_px,654,65.4425,0.000000
2026-08-28 14:32:55.809,captures/20260828_143150,mm_per_px,655,65.5432,0.000000
2026-08-28 14:32:55.908,captures/20260828_143150,mm_per_px,656,65.6426,0.000000
2026-08-28 14:32:56.005,captures/20260828_143150,mm_per_px,657,65.7392,0.000000
2026-08-28 14:32:56.110,captures/20260828_143150,mm_per_px,658,65.8444,0.000000
2026-08-28 14:32:56.210,captures/20260828_143150,mm_per_px,659,65.9446,0.000484
2026-08-28 14:32:56.307,captures/20260828_143150,mm_per_px,660,66.0411,0.002255
2026-08-28 14:32:56.416,captures/20260828_143150,mm_per_px,661,66.1503,0.000154
2026-08-28 14:32:56.507,captures/20260828_143150,mm_per_px,662,66.2413,0.004004
2026-08-28 14:32:56.615,captures/20260828_143150,mm_per_px,663,66.3496,0.000704
2026-08-28 14:32:56.706,captures/20260828_143150,mm_per_px,664,66.4404,0.000000
2026-08-28 14:32:56.809,captures/20260828_143150,mm_per_px,665,66.5436,0.001663
2026-08-28 14:32:56.905,captures/20260828_143150,mm_per_px,666,66.6397,0.004232
2026-08-28 14:32:57.009,captures/20260828_143150,mm_per_px,667,66.7432,0.003582
2026-08-28 14:32:57.117,captures/20260828_143150,mm_per_px,668,66.8512,0.009673
2026-08-28 14:32:57.212,captures/20260828_143150,mm_per_px,669,66.9462,0.009532
2026-08-28 14:32:57.321,captures/20260828_143150,mm_per_px,670,67.0556,0.005845
2026-08-28 14:32:57.412,captures/20260828_143150,mm_per_px,671,67.1468,0.006042
2026-08-28 14:32:57.524,captures/20260828_143150,mm_per_px,672,67.2585,0.002381
2026-08-28 14:32:57.611,captures/20260828_143150,mm_per_px,673,67.3456,0.001053
2026-08-28 14:32:57.719,captures/20260828_143150,mm_per_px,674,67.4538,0.006229
2026-08-28 14:32:57.811,captures/20260828_143150,mm_per_px,675,67.5455,0.001233
2026-08-28 14:32:57.908,captures/20260828_143150,mm_per_px,676,67.6427,0.000000
2026-08-28 14:32:58.007,captures/20260828_143150,mm_per_px,677,67.7418,0.004482
2026-08-28 14:32:58.118,captures/20260828_143150,mm_per_px,678,67.8520,0.003089
2026-08-28 14:32:58.211,captures/20260828_143150,mm_per_px,679,67.9459,0.005244
2026-08-28 14:32:58.325,captures/20260828_143150,mm_per_px,680,68.0592,0.000182
2026-08-28 14:32:58.409,captures/20260828_143150,mm_per_px,681,68.1430,0.001132
2026-08-28 14:32:58.508,captures/20260828_143150,mm_per_px,682,68.2420,0.000361
2026-08-28 14:32:58.610,captures/20260828_143150,mm_per_px,683,68.3444,0.000000
2026-08-28 14:32:58.716,captures/20260828_143150,mm_per_px,684,68.4504,0.000000
2026-08-28 14:32:58.806,captures/20260828_143150,mm_per_px,685,68.5409,0.000000
2026-08-28 14:32:58.915,captures/20260828_143150,mm_per_px,686,68.6498,0.000000
2026-08-28 14:32:59.005,captures/20260828_143150,mm_per_px,687,68.7399,0.000000
2026-08-28 14:32:59.105,captures/20260828_143150,mm_per_px,688,68.8392,0.000000
2026-08-28 14:32:59.205,captures/20260828_143150,mm_per_px,689,68.9393,0.000000
2026-08-28 14:32:59.319,captures/20260828_143150,mm_per_px,690,69.0535,0.000000
2026-08-28 14:32:59.405,captures/20260828_143150,mm_per_px,691,69.1394,0.000127
2026-08-28 14:32:59.521,captures/20260828_143150,mm_per_px,692,69.2554,0.000000
2026-08-28 14:32:59.611,captures/20260828_143150,mm_per_px,693,69.3459,0.000959
2026-08-28 14:32:59.714,captures/20260828_143150,mm_per_px,694,69.4484,0.000294
2026-08-28 14:32:59.807,captures/20260828_143150,mm_per_px,695,69.5414,0.000305
2026-08-28 14:32:59.906,captures/20260828_143150,mm_per_px,696,69.6404,0.000253
2026-08-28 14:33:00.006,captures/20260828_143150,mm_per_px,697,69.7401,0.000699
2026-08-28 14:33:00.108,captures/20260828_143150,mm_per_px,698,69.8422,0.004047
2026-08-28 14:33:00.211,captures/20260828_143150,mm_per_px,699,69.9452,0.006353
2026-08-28 14:33:00.309,captures/20260828_143150,mm_per_px,700,70.0438,0.021039
2026-08-28 14:33:00.407,captures/20260828_143150,mm_per_px,701,70.1417,0.023212
2026-08-28 14:33:00.511,captures/20260828_143150,mm_per_px,702,70.2452,0.012008
2026-08-28 14:33:00.610,captures/20260828_143150,mm_per_px,703,70.3446,0.006362
2026-08-28 14:33:00.709,captures/20260828_143150,mm_per_px,704,70.4435,0.005021
2026-08-28 14:33:00.809,captures/20260828_143150,mm_per_px,705,70.5437,0.007427
2026-08-28 14:33:00.918,captures/20260828_143150,mm_per_px,706,70.6527,0.012525
2026-08-28 14:33:01.010,captures/20260828_143150,mm_per_px,707,70.7443,0.004208
2026-08-28 14:33:01.120,captures/20260828_143150,mm_per_px,708,70.8542,0.000850
2026-08-28 14:33:01.211,captures/20260828_143150,mm_per_px,709,70.9451,0.000860
2026-08-28 14:33:01.321,captures/20260828_143150,mm_per_px,710,71.0550,0.000434
2026-08-28 14:33:01.408,captures/20260828_143150,mm_per_px,711,71.1427,0.001418
2026-08-28 14:33:01.509,captures/20260828_143150,mm_per_px,712,71.2432,0.004688
2026-08-28 14:33:01.608,captures/20260828_143150,mm_per_px,713,71.3423,0.004019
2026-08-28 14:33:01.721,captures/20260828_143150,mm_per_px,714,71.4556,0.003136
2026-08-28 14:33:01.811,captures/20260828_143150,mm_per_px,715,71.5451,0.001383
2026-08-28 14:33:01.923,captures/20260828_143150,mm_per_px,716,71.6577,0.001327
2026-08-28 14:33:02.008,captures/20260828_143150,mm_per_px,717,71.7427,0.000621
2026-08-28 14:33:02.107,captures/20260828_143150,mm_per_px,718,71.8415,0.000000
2026-08-28 14:33:02.223,captures/20260828_143150,mm_per_px,719,71.9570,0.000189
2026-08-28 14:33:02.309,captures/20260828_143150,mm_per_px,720,72.0438,0.000000
2026-08-28 14:33:02.430,captures/20260828_143150,mm_per_px,721,72.1642,0.000000
2026-08-28 14:33:02.516,captures/20260828_143150,mm_per_px,722,72.2502,0.000000
2026-08-28 14:33:02.635,captures/20260828_143150,mm_per_px,723,72.3691,0.000000
2026-08-28 14:33:02.720,captures/20260828_143150,mm_per_px,724,72.4541,0.000000
2026-08-28 14:33:02.810,captures/20260828_143150,mm_per_px,725,72.5442,0.000359
2026-08-28 14:33:02.913,captures/20260828_143150,mm_per_px,726,72.6471,0.000000
2026-08-28 14:33:03.033,captures/20260828_143150,mm_per_px,727,72.7676,0.000000
2026-08-28 14:33:03.110,captures/20260828_143150,mm_per_px,728,72.8442,0.000000
2026-08-28 14:33:03.215,captures/20260828_143150,mm_per_px,729,72.9495,0.000000
2026-08-28 14:33:03.310,captures/20260828_143150,mm_per_px,730,73.0445,0.000000
2026-08-28 14:33:03.411,captures/20260828_143150,mm_per_px,731,73.1452,0.000216
2026-08-28 14:33:03.511,captures/20260828_143150,mm_per_px,732,73.2451,0.001763
2026-08-28 14:33:03.611,captures/20260828_143150,mm_per_px,733,73.3453,0.000410
2026-08-28 14:33:03.711,captures/20260828_143150,mm_per_px,734,73.4454,0.000337
2026-08-28 14:33:03.808,captures/20260828_143150,mm_per_px,735,73.5422,0.001932
2026-08-28 14:33:03.928,captures/20260828_143150,mm_per_px,736,73.6627,0.000333
2026-08-28 14:33:04.008,captures/20260828_143150,mm_per_px,737,73.7426,0.000567
2026-08-28 14:33:04.106,captures/20260828_143150,mm_per_px,738,73.8408,0.002224
2026-08-28 14:33:04.214,captures/20260828_143150,mm_per_px,739,73.9485,0.000403
2026-08-28 14:33:04.310,captures/20260828_143150,mm_per_px,740,74.0442,0.000000
2026-08-28 14:33:04.423,captures/20260828_143150,mm_per_px,741,74.1576,0.000000
2026-08-28 14:33:04.509,captures/20260828_143150,mm_per_px,742,74.2431,0.000685
2026-08-28 14:33:04.626,captures/20260828_143150,mm_per_px,743,74.3607,0.000000
2026-08-28 14:33:04.707,captures/20260828_143150,mm_per_px,744,74.4415,0.001707
2026-08-28 14:33:04.807,captures/20260828_143150,mm_per_px,745,74.5410,0.001219
2026-08-28 14:33:04.910,captures/20260828_143150,mm_per_px,746,74.6442,0.006699
2026-08-28 14:33:05.017,captures/20260828_143150,mm_per_px,747,74.7512,0.000261
2026-08-28 14:33:05.106,captures/20260828_143150,mm_per_px,748,74.8403,0.002701
2026-08-28 14:33:05.207,captures/20260828_143150,mm_per_px,749,74.9411,0.003555
2026-08-28 14:33:05.308,captures/20260828_143150,mm_per_px,750,75.0424,0.004947
2026-08-28 14:33:05.422,captures/20260828_143150,mm_per_px,751,75.1560,0.003272
2026-08-28 14:33:05.509,captures/20260828_143150,mm_per_px,752,75.2431,0.004841
2026-08-28 14:33:05.608,captures/20260828_143150,mm_per_px,753,75.3424,0.014982
2026-08-28 14:33:05.717,captures/20260828_143150,mm_per_px,754,75.4515,0.014646
2026-08-28 14:33:05.806,captures/20260828_143150,mm_per_px,755,75.5409,0.016639
2026-08-28 14:33:05.909,captures/20260828_143150,mm_per_px,756,75.6438,0.017733
2026-08-28 14:33:06.007,captures/20260828_143150,mm_per_px,757,75.7418,0.010106
2026-08-28 14:33:06.107,captures/20260828_143150,mm_per_px,758,75.8416,0.004301
2026-08-28 14:33:06.224,captures/20260828_143150,mm_per_px,759,75.9583,0.001787
2026-08-28 14:33:06.309,captures/20260828_143150,mm_per_px,760,76.0439,0.007478
2026-08-28 14:33:06.408,captures/20260828_143150,mm_per_px,761,76.1421,0.007119
2026-08-28 14:33:06.508,captures/20260828_143150,mm_per_px,762,76.2424,0.015022
2026-08-28 14:33:06.609,captures/20260828_143150,mm_per_px,763,76.3439,0.009198
2026-08-28 14:33:06.716,captures/20260828_143150,mm_per_px,764,76.4504,0.004530
2026-08-28 14:33:06.807,captures/20260828_143150,mm_per_px,765,76.5410,0.000419
2026-08-28 14:33:06.934,captures/20260828_143150,mm_per_px,766,76.6684,0.001792
2026-08-28 14:33:07.006,captures/20260828_143150,mm_per_px,767,76.7406,0.002789
2026-08-28 14:33:07.107,captures/20260828_143150,mm_per_px,768,76.8412,0.002849
2026-08-28 14:33:07.210,captures/20260828_143150,mm_per_px,769,76.9447,0.000156
2026-08-28 14:33:07.308,captures/20260828_143150,mm_per_px,770,77.0429,0.001245
2026-08-28 14:33:07.421,captures/20260828_143150,mm_per_px,771,77.1555,0.004085
2026-08-28 14:33:07.506,captures/20260828_143150,mm_per_px,772,77.2401,0.000929
2026-08-28 14:33:07.623,captures/20260828_143150,mm_per_px,773,77.3572,0.000250
2026-08-28 14:33:07.708,captures/20260828_143150,mm_per_px,774,77.4421,0.000645
2026-08-28 14:33:07.817,captures/20260828_143150,mm_per_px,775,77.5513,0.000000
2026-08-28 14:33:07.908,captures/20260828_143150,mm_per_px,776,77.6422,0.000000
2026-08-28 14:33:08.014,captures/20260828_143150,mm_per_px,777,77.7486,0.000000
2026-08-28 14:33:08.105,captures/20260828_143150,mm_per_px,778,77.8399,0.000000
2026-08-28 14:33:08.219,captures/20260828_143150,mm_per_px,779,77.9530,0.000427
2026-08-28 14:33:08.308,captures/20260828_143150,mm_per_px,780,78.0421,0.000000
2026-08-28 14:33:08.407,captures/20260828_143150,mm_per_px,781,78.1419,0.000623
2026-08-28 14:33:08.508,captures/20260828_143150,mm_per_px,782,78.2423,0.000147
2026-08-28 14:33:08.626,captures/20260828_143150,mm_per_px,783,78.3602,0.000615
2026-08-28 14:33:08.726,captures/20260828_143150,mm_per_px,784,78.4608,0.001764
2026-08-28 14:33:08.809,captures/20260828_143150,mm_per_px,785,78.5434,0.000216
2026-08-28 14:33:08.939,captures/20260828_143150,mm_per_px,786,78.6733,0.000135
2026-08-28 14:33:09.033,captures/20260828_143150,mm_per_px,787,78.7672,0.000146
2026-08-28 14:33:09.109,captures/20260828_143150,mm_per_px,788,78.8439,0.000000
2026-08-28 14:33:09.210,captures/20260828_143150,mm_per_px,789,78.9446,0.000000
2026-08-28 14:33:09.311,captures/20260828_143150,mm_per_px,790,79.0454,0.000000
2026-08-28 14:33:09.433,captures/20260828_143150,mm_per_px,791,79.1673,0.001297
2026-08-28 14:33:09.514,captures/20260828_143150,mm_per_px,792,79.2486,0.002395
2026-08-28 14:33:09.606,captures/20260828_143150,mm_per_px,793,79.3406,0.001277
2026-08-28 14:33:09.723,captures/20260828_143150,mm_per_px,794,79.4577,0.001385
2026-08-28 14:33:09.805,captures/20260828_143150,mm_per_px,795,79.5399,0.003231
2026-08-28 14:33:09.918,captures/20260828_143150,mm_per_px,796,79.6521,0.001653
2026-08-28 14:33:10.006,captures/20260828_143150,mm_per_px,797,79.7403,0.000000
2026-08-28 14:33:10.106,captures/20260828_143150,mm_per_px,798,79.8409,0.000000
2026-08-28 14:33:10.206,captures/20260828_143150,mm_per_px,799,79.9404,0.000000
2026-08-28 14:33:10.308,captures/20260828_143150,mm_per_px,800,80.0423,0.000000
2026-08-28 14:33:10.407,captures/20260828_143150,mm_per_px,801,80.1410,0.000000
2026-08-28 14:33:10.529,captures/20260828_143150,mm_per_px,802,80.2633,0.000000
2026-08-28 14:33:10.607,captures/20260828_143150,mm_per_px,803,80.3414,0.000523
2026-08-28 14:33:10.708,captures/20260828_143150,mm_per_px,804,80.4427,0.001383
2026-08-28 14:33:10.806,captures/20260828_143150,mm_per_px,805,80.5401,0.000000
2026-08-28 14:33:10.922,captures/20260828_143150,mm_per_px,806,80.6568,0.000490
2026-08-28 14:33:11.006,captures/20260828_143150,mm_per_px,807,80.7404,0.000000
2026-08-28 14:33:11.107,captures/20260828_143150,mm_per_px,808,80.8411,0.000000
2026-08-28 14:33:11.214,captures/20260828_143150,mm_per_px,809,80.9487,0.000000
2026-08-28 14:33:11.305,captures/20260828_143150,mm_per_px,810,81.0397,0.000000
2026-08-28 14:33:11.421,captures/20260828_143150,mm_per_px,811,81.1559,0.004393
2026-08-28 14:33:11.510,captures/20260828_143150,mm_per_px,812,81.2441,0.001462
2026-08-28 14:33:11.619,captures/20260828_143150,mm_per_px,813,81.3530,0.002346
2026-08-28 14:33:11.707,captures/20260828_143150,mm_per_px,814,81.4414,0.000000
2026-08-28 14:33:11.821,captures/20260828_143150,mm_per_px,815,81.5559,0.000000
2026-08-28 14:33:11.905,captures/20260828_143150,mm_per_px,816,81.6396,0.000000
2026-08-28 14:33:12.004,captures/20260828_143150,mm_per_px,817,81.7389,0.000000
2026-08-28 14:33:12.120,captures/20260828_143150,mm_per_px,818,81.8542,0.000000
2026-08-28 14:33:12.207,captures/20260828_143150,mm_per_px,819,81.9411,0.000000
2026-08-28 14:33:12.305,captures/20260828_143150,mm_per_px,820,82.0395,0.000000
2026-08-28 14:33:12.406,captures/20260828_143150,mm_per_px,821,82.1406,0.001308
2026-08-28 14:33:12.517,captures/20260828_143150,mm_per_px,822,82.2518,0.001024
2026-08-28 14:33:12.610,captures/20260828_143150,mm_per_px,823,82.3445,0.000000
2026-08-28 14:33:12.739,captures/20260828_143150,mm_per_px,824,82.4735,0.000674
2026-08-28 14:33:12.807,captures/20260828_143150,mm_per_px,825,82.5412,0.003251
2026-08-28 14:33:12.905,captures/20260828_143150,mm_per_px,826,82.6394,0.002235
2026-08-28 14:33:13.017,captures/20260828_143150,mm_per_px,827,82.7518,0.000333
2026-08-28 14:33:13.107,captures/20260828_143150,mm_per_px,828,82.8412,0.000456
2026-08-28 14:33:13.224,captures/20260828_143150,mm_per_px,829,82.9585,0.000354
2026-08-28 14:33:13.306,captures/20260828_143150,mm_per_px,830,83.0400,0.000000
2026-08-28 14:33:13.408,captures/20260828_143150,mm_per_px,831,83.1427,0.000000
2026-08-28 14:33:13.510,captures/20260828_143150,mm_per_px,832,83.2448,0.000000
2026-08-28 14:33:13.614,captures/20260828_143150,mm_per_px,833,83.3486,0.000000
2026-08-28 14:33:13.708,captures/20260828_143150,mm_per_px,834,83.4421,0.000215
2026-08-28 14:33:13.817,captures/20260828_143150,mm_per_px,835,83.5511,0.000431
2026-08-28 14:33:13.910,captures/20260828_143150,mm_per_px,836,83.6444,0.000215
2026-08-28 14:33:14.005,captures/20260828_143150,mm_per_px,837,83.7394,0.000265
2026-08-28 14:33:14.114,captures/20260828_143150,mm_per_px,838,83.8482,0.000000
2026-08-28 14:33:14.230,captures/20260828_143150,mm_per_px,839,83.9644,0.000000
2026-08-28 14:33:14.310,captures/20260828_143150,mm_per_px,840,84.0445,0.000456
2026-08-28 14:33:14.412,captures/20260828_143150,mm_per_px,841,84.1468,0.000000
2026-08-28 14:33:14.508,captures/20260828_143150,mm_per_px,842,84.2421,0.001539
2026-08-28 14:33:14.606,captures/20260828_143150,mm_per_px,843,84.3406,0.000191
2026-08-28 14:33:14.706,captures/20260828_143150,mm_per_px,844,84.4405,0.001269
2026-08-28 14:33:14.824,captures/20260828_143150,mm_per_px,845,84.5589,0.006693
2026-08-28 14:33:14.909,captures/20260828_143150,mm_per_px,846,84.6436,0.004184
2026-08-28 14:33:15.011,captures/20260828_143150,mm_per_px,847,84.7455,0.001290
2026-08-28 14:33:15.106,captures/20260828_143150,mm_per_px,848,84.8400,0.000590
2026-08-28 14:33:15.211,captures/20260828_143150,mm_per_px,849,84.9458,0.000297
2026-08-28 14:33:15.314,captures/20260828_143150,mm_per_px,850,85.0482,0.000000
2026-08-28 14:33:15.424,captures/20260828_143150,mm_per_px,851,85.1589,0.000000
2026-08-28 14:33:15.507,captures/20260828_143150,mm_per_px,852,85.2412,0.000000
2026-08-28 14:33:15.623,captures/20260828_143150,mm_per_px,853,85.3577,0.000000
2026-08-28 14:33:15.704,captures/20260828_143150,mm_per_px,854,85.4389,0.000000
2026-08-28 14:33:15.810,captures/20260828_143150,mm_per_px,855,85.5440,0.000000
2026-08-28 14:33:15.908,captures/20260828_143150,mm_per_px,856,85.6420,0.000000
2026-08-28 14:33:16.041,captures/20260828_143150,mm_per_px,857,85.7753,0.000000
2026-08-28 14:33:16.117,captures/20260828_143150,mm_per_px,858,85.8510,0.000000
2026-08-28 14:33:16.224,captures/20260828_143150,mm_per_px,859,85.9584,0.000000
2026-08-28 14:33:16.314,captures/20260828_143150,mm_per_px,860,86.0483,0.000619
2026-08-28 14:33:16.411,captures/20260828_143150,mm_per_px,861,86.1450,0.000207
2026-08-28 14:33:16.513,captures/20260828_143150,mm_per_px,862,86.2472,0.002431
2026-08-28 14:33:16.625,captures/20260828_143150,mm_per_px,863,86.3592,0.000409
2026-08-28 14:33:16.714,captures/20260828_143150,mm_per_px,864,86.4485,0.000000
2026-08-28 14:33:16.817,captures/20260828_143150,mm_per_px,865,86.5510,0.000381
2026-08-28 14:33:16.920,captures/20260828_143150,mm_per_px,866,86.6540,0.000534
2026-08-28 14:33:17.021,captures/20260828_143150,mm_per_px,867,86.7553,0.001176
2026-08-28 14:33:17.112,captures/20260828_143150,mm_per_px,868,86.8464,0.002520
2026-08-28 14:33:17.241,captures/20260828_143150,mm_per_px,869,86.9753,0.000245
2026-08-28 14:33:17.314,captures/20260828_143150,mm_per_px,870,87.0484,0.003524
2026-08-28 14:33:17.434,captures/20260828_143150,mm_per_px,871,87.1685,0.000924
2026-08-28 14:33:17.553,captures/20260828_143150,mm_per_px,872,87.2875,0.000250
2026-08-28 14:33:17.634,captures/20260828_143150,mm_per_px,873,87.3680,0.004347
2026-08-28 14:33:17.746,captures/20260828_143150,mm_per_px,874,87.4801,0.015664
2026-08-28 14:33:17.808,captures/20260828_143150,mm_per_px,875,87.5422,0.008882
2026-08-28 14:33:17.919,captures/20260828_143150,mm_per_px,876,87.6535,0.017547
2026-08-28 14:33:18.024,captures/20260828_143150,mm_per_px,877,87.7581,0.001244
2026-08-28 14:33:18.110,captures/20260828_143150,mm_per_px,878,87.8441,0.004866
2026-08-28 14:33:18.215,captures/20260828_143150,mm_per_px,879,87.9499,0.003242
2026-08-28 14:33:18.308,captures/20260828_143150,mm_per_px,880,88.0422,0.000305
2026-08-28 14:33:18.414,captures/20260828_143150,mm_per_px,881,88.1488,0.003410
2026-08-28 14:33:18.507,captures/20260828_143150,mm_per_px,882,88.2417,0.003423
2026-08-28 14:33:18.616,captures/20260828_143150,mm_per_px,883,88.3501,0.001756
2026-08-28 14:33:18.706,captures/20260828_143150,mm_per_px,884,88.4403,0.000527
2026-08-28 14:33:18.813,captures/20260828_143150,mm_per_px,885,88.5470,0.000676
2026-08-28 14:33:18.918,captures/20260828_143150,mm_per_px,886,88.6523,0.001300
2026-08-28 14:33:19.011,captures/20260828_143150,mm_per_px,887,88.7455,0.002174
2026-08-28 14:33:19.126,captures/20260828_143150,mm_per_px,888,88.8606,0.000219
2026-08-28 14:33:19.214,captures/20260828_143150,mm_per_px,889,88.9488,0.001644
2026-08-28 14:33:19.328,captures/20260828_143150,mm_per_px,890,89.0627,0.001161
2026-08-28 14:33:19.424,captures/20260828_143150,mm_per_px,891,89.1583,0.000654
2026-08-28 14:33:19.540,captures/20260828_143150,mm_per_px,892,89.2746,0.001217
2026-08-28 14:33:19.619,captures/20260828_143150,mm_per_px,893,89.3532,0.000000
2026-08-28 14:33:19.729,captures/20260828_143150,mm_per_px,894,89.4637,0.000214
2026-08-28 14:33:19.809,captures/20260828_143150,mm_per_px,895,89.5439,0.000171
2026-08-28 14:33:19.907,captures/20260828_143150,mm_per_px,896,89.6416,0.004834
2026-08-28 14:33:20.010,captures/20260828_143150,mm_per_px,897,89.7447,0.000813
2026-08-28 14:33:20.122,captures/20260828_143150,mm_per_px,898,89.8569,0.006671
2026-08-28 14:33:20.209,captures/20260828_143150,mm_per_px,899,89.9435,0.005747
2026-08-28 14:33:20.324,captures/20260828_143150,mm_per_px,900,90.0581,0.000379
2026-08-28 14:33:20.405,captures/20260828_143150,mm_per_px,901,90.1397,0.005466
2026-08-28 14:33:20.508,captures/20260828_143150,mm_per_px,902,90.2421,0.003166
2026-08-28 14:33:20.614,captures/20260828_143150,mm_per_px,903,90.3487,0.003009
2026-08-28 14:33:20.729,captures/20260828_143150,mm_per_px,904,90.4637,0.002326
2026-08-28 14:33:20.810,captures/20260828_143150,mm_per_px,905,90.5449,0.001031
2026-08-28 14:33:20.922,captures/20260828_143150,mm_per_px,906,90.6562,0.004276
2026-08-28 14:33:21.009,captures/20260828_143150,mm_per_px,907,90.7437,0.001723
2026-08-28 14:33:21.132,captures/20260828_143150,mm_per_px,908,90.8664,0.001906
2026-08-28 14:33:21.206,captures/20260828_143150,mm_per_px,909,90.9409,0.002224
2026-08-28 14:33:21.307,captures/20260828_143150,mm_per_px,910,91.0412,0.002238
2026-08-28 14:33:21.409,captures/20260828_143150,mm_per_px,911,91.1435,0.002171
2026-08-28 14:33:21.505,captures/20260828_143150,mm_per_px,912,91.2398,0.000000
2026-08-28 14:33:21.618,captures/20260828_143150,mm_per_px,913,91.3527,0.005092
2026-08-28 14:33:21.707,captures/20260828_143150,mm_per_px,914,91.4417,0.023336
2026-08-28 14:33:21.824,captures/20260828_143150,mm_per_px,915,91.5586,0.039481
2026-08-28 14:33:21.923,captures/20260828_143150,mm_per_px,916,91.6574,0.030314
2026-08-28 14:33:22.006,captures/20260828_143150,mm_per_px,917,91.7402,0.028966
2026-08-28 14:33:22.107,captures/20260828_143150,mm_per_px,918,91.8419,0.019047
2026-08-28 14:33:22.210,captures/20260828_143150,mm_per_px,919,91.9446,0.015372
2026-08-28 14:33:22.319,captures/20260828_143150,mm_per_px,920,92.0531,0.016190
2026-08-28 14:33:22.409,captures/20260828_143150,mm_per_px,921,92.1437,0.024203
2026-08-28 14:33:22.509,captures/20260828_143150,mm_per_px,922,92.2432,0.011126
2026-08-28 14:33:22.624,captures/20260828_143150,mm_per_px,923,92.3588,0.008715
2026-08-28 14:33:22.711,captures/20260828_143150,mm_per_px,924,92.4450,0.011069
2026-08-28 14:33:22.820,captures/20260828_143150,mm_per_px,925,92.5547,0.015139
2026-08-28 14:33:22.910,captures/20260828_143150,mm_per_px,926,92.6445,0.026178
2026-08-28 14:33:23.023,captures/20260828_143150,mm_per_px,927,92.7573,0.027044
2026-08-28 14:33:23.110,captures/20260828_143150,mm_per_px,928,92.8446,0.023715
2026-08-28 14:33:23.210,captures/20260828_143150,mm_per_px,929,92.9446,0.026987
2026-08-28 14:33:23.308,captures/20260828_143150,mm_per_px,930,93.0429,0.039191
2026-08-28 14:33:23.409,captures/20260828_143150,mm_per_px,931,93.1437,0.019471
2026-08-28 14:33:23.510,captures/20260828_143150,mm_per_px,932,93.2445,0.017642
2026-08-28 14:33:23.625,captures/20260828_143150,mm_per_px,933,93.3596,0.014467
2026-08-28 14:33:23.712,captures/20260828_143150,mm_per_px,934,93.4460,0.028727
2026-08-28 14:33:23.824,captures/20260828_143150,mm_per_px,935,93.5587,0.026519
2026-08-28 14:33:23.907,captures/20260828_143150,mm_per_px,936,93.6413,0.030194
2026-08-28 14:33:24.009,captures/20260828_143150,mm_per_px,937,93.7439,0.028748
2026-08-28 14:33:24.106,captures/20260828_143150,mm_per_px,938,93.8403,0.022491
2026-08-28 14:33:24.218,captures/20260828_143150,mm_per_px,939,93.9526,0.029178
2026-08-28 14:33:24.309,captures/20260828_143150,mm_per_px,940,94.0435,0.022485
2026-08-28 14:33:24.423,captures/20260828_143150,mm_per_px,941,94.1579,0.014278
2026-08-28 14:33:24.505,captures/20260828_143150,mm_per_px,942,94.2398,0.006999
2026-08-28 14:33:24.607,captures/20260828_143150,mm_per_px,943,94.3411,0.006095
2026-08-28 14:33:24.709,captures/20260828_143150,mm_per_px,944,94.4430,0.010165
2026-08-28 14:33:24.817,captures/20260828_143150,mm_per_px,945,94.5519,0.015664
2026-08-28 14:33:24.908,captures/20260828_143150,mm_per_px,946,94.6423,0.016007
2026-08-28 14:33:25.027,captures/20260828_143150,mm_per_px,947,94.7618,0.015373
2026-08-28 14:33:25.118,captures/20260828_143150,mm_per_px,948,94.8526,0.006407
2026-08-28 14:33:25.208,captures/20260828_143150,mm_per_px,949,94.9425,0.007450
2026-08-28 14:33:25.320,captures/20260828_143150,mm_per_px,950,95.0543,0.007528
2026-08-28 14:33:25.409,captures/20260828_143150,mm_per_px,951,95.1433,0.006864
2026-08-28 14:33:25.526,captures/20260828_143150,mm_per_px,952,95.2602,0.019640
2026-08-28 14:33:25.611,captures/20260828_143150,mm_per_px,953,95.3456,0.039936
2026-08-28 14:33:25.716,captures/20260828_143150,mm_per_px,954,95.4506,0.058367
2026-08-28 14:33:25.806,captures/20260828_143150,mm_per_px,955,95.5409,0.047911
2026-08-28 14:33:25.924,captures/20260828_143150,mm_per_px,956,95.6589,0.013562
2026-08-28 14:33:26.023,captures/20260828_143150,mm_per_px,957,95.7575,0.004062
2026-08-28 14:33:26.110,captures/20260828_143150,mm_per_px,958,95.8440,0.006156
2026-08-28 14:33:26.212,captures/20260828_143150,mm_per_px,959,95.9460,0.016369
2026-08-28 14:33:26.309,captures/20260828_143150,mm_per_px,960,96.0438,0.179248
2026-08-28 14:33:26.432,captures/20260828_143150,mm_per_px,961,96.1663,0.720563
2026-08-28 14:33:26.509,captures/20260828_143150,mm_per_px,962,96.2434,1.396577
2026-08-28 14:33:26.616,captures/20260828_143150,mm_per_px,963,96.3508,2.096349
2026-08-28 14:33:26.708,captures/20260828_143150,mm_per_px,964,96.4420,2.876400
2026-08-28 14:33:26.808,captures/20260828_143150,mm_per_px,965,96.5424,3.608129
2026-08-28 14:33:26.955,captures/20260828_143150,mm_per_px,966,96.6897,4.283276
2026-08-28 14:33:27.053,captures/20260828_143150,mm_per_px,967,96.7877,4.988585
2026-08-28 14:33:27.106,captures/20260828_143150,mm_per_px,968,96.8408,5.866327
2026-08-28 14:33:27.211,captures/20260828_143150,mm_per_px,969,96.9459,6.831779
2026-08-28 14:33:27.338,captures/20260828_143150,mm_per_px,970,97.0724,7.765154
2026-08-28 14:33:27.410,captures/20260828_143150,mm_per_px,971,97.1441,8.487385
2026-08-28 14:33:27.512,captures/20260828_143150,mm_per_px,972,97.2460,9.166905
2026-08-28 14:33:27.631,captures/20260828_143150,mm_per_px,973,97.3657,9.643791
2026-08-28 14:33:27.706,captures/20260828_143150,mm_per_px,974,97.4404,10.003667
2026-08-28 14:33:27.814,captures/20260828_143150,mm_per_px,975,97.5487,10.453964
2026-08-28 14:33:27.909,captures/20260828_143150,mm_per_px,976,97.6431,10.904563
2026-08-28 14:33:28.010,captures/20260828_143150,mm_per_px,977,97.7441,11.325000
2026-08-28 14:33:28.114,captures/20260828_143150,mm_per_px,978,97.8488,11.665026
2026-08-28 14:33:28.218,captures/20260828_143150,mm_per_px,979,97.9522,11.955267
2026-08-28 14:33:28.308,captures/20260828_143150,mm_per_px,980,98.0421,12.144980
2026-08-28 14:33:28.410,captures/20260828_143150,mm_per_px,981,98.1443,12.324630
2026-08-28 14:33:28.511,captures/20260828_143150,mm_per_px,982,98.2450,12.468041
2026-08-28 14:33:28.611,captures/20260828_143150,mm_per_px,983,98.3454,12.592502
2026-08-28 14:33:28.708,captures/20260828_143150,mm_per_px,984,98.4421,12.785295
2026-08-28 14:33:28.809,captures/20260828_143150,mm_per_px,985,98.5433,13.021383
2026-08-28 14:33:28.910,captures/20260828_143150,mm_per_px,986,98.6446,13.264456
2026-08-28 14:33:29.010,captures/20260828_143150,mm_per_px,987,98.7447,13.581609
2026-08-28 14:33:29.112,captures/20260828_143150,mm_per_px,988,98.8461,13.933415
2026-08-28 14:33:29.231,captures/20260828_143150,mm_per_px,989,98.9651,14.285876
2026-08-28 14:33:29.308,captures/20260828_143150,mm_per_px,990,99.0421,14.512935
2026-08-28 14:33:29.424,captures/20260828_143150,mm_per_px,991,99.1583,14.758825
2026-08-28 14:33:29.507,captures/20260828_143150,mm_per_px,992,99.2416,14.922236
2026-08-28 14:33:29.625,captures/20260828_143150,mm_per_px,993,99.3595,15.089294
2026-08-28 14:33:29.707,captures/20260828_143150,mm_per_px,994,99.4414,15.220958
2026-08-28 14:33:29.817,captures/20260828_143150,mm_per_px,995,99.5510,15.339619
2026-08-28 14:33:29.911,captures/20260828_143150,mm_per_px,996,99.6454,15.407352
2026-08-28 14:33:30.007,captures/20260828_143150,mm_per_px,997,99.7418,15.519554
2026-08-28 14:33:30.109,captures/20260828_143150,mm_per_px,998,99.8436,15.679704
2026-08-28 14:33:30.239,captures/20260828_143150,mm_per_px,999,99.9739,15.706865
2026-08-28 14:33:30.308,captures/20260828_143150,mm_per_px,1000,100.0429,15.703371
2026-08-28 14:33:30.424,captures/20260828_143150,mm_per_px,1001,100.1586,15.729376
2026-08-28 14:33:30.527,captures/20260828_143150,mm_per_px,1002,100.2613,15.641578
2026-08-28 14:33:30.610,captures/20260828_143150,mm_per_px,1003,100.3442,15.500992
2026-08-28 14:33:30.725,captures/20260828_143150,mm_per_px,1004,100.4593,15.389680
2026-08-28 14:33:30.809,captures/20260828_143150,mm_per_px,1005,100.5431,15.238953
2026-08-28 14:33:30.919,captures/20260828_143150,mm_per_px,1006,100.6531,15.233627
2026-08-28 14:33:31.006,captures/20260828_143150,mm_per_px,1007,100.7405,15.326479
2026-08-28 14:33:31.111,captures/20260828_143150,mm_per_px,1008,100.8454,15.521274
2026-08-28 14:33:31.211,captures/20260828_143150,mm_per_px,1009,100.9459,15.709490
2026-08-28 14:33:31.331,captures/20260828_143150,mm_per_px,1010,101.0655,15.942251
2026-08-28 14:33:31.446,captures/20260828_143150,mm_per_px,1011,101.1807,16.018472
2026-08-28 14:33:31.549,captures/20260828_143150,mm_per_px,1012,101.2831,16.031221
2026-08-28 14:33:31.611,captures/20260828_143150,mm_per_px,1013,101.3450,16.034602
2026-08-28 14:33:31.709,captures/20260828_143150,mm_per_px,1014,101.4430,16.108972
2026-08-28 14:33:31.826,captures/20260828_143150,mm_per_px,1015,101.5604,16.262826
2026-08-28 14:33:31.909,captures/20260828_143150,mm_per_px,1016,101.6438,16.513759
2026-08-28 14:33:32.024,captures/20260828_143150,mm_per_px,1017,101.7587,16.827913
2026-08-28 14:33:32.110,captures/20260828_143150,mm_per_px,1018,101.8445,17.070647
2026-08-28 14:33:32.210,captures/20260828_143150,mm_per_px,1019,101.9445,17.331172
2026-08-28 14:33:32.310,captures/20260828_143150,mm_per_px,1020,102.0449,17.383336
2026-08-28 14:33:32.414,captures/20260828_143150,mm_per_px,1021,102.1486,17.290564
2026-08-28 14:33:32.510,captures/20260828_143150,mm_per_px,1022,102.2444,17.206669
2026-08-28 14:33:32.622,captures/20260828_143150,mm_per_px,1023,102.3560,17.183737
2026-08-28 14:33:32.711,captures/20260828_143150,mm_per_px,1024,102.4453,17.080762
2026-08-28 14:33:32.810,captures/20260828_143150,mm_per_px,1025,102.5443,16.997285
2026-08-28 14:33:32.910,captures/20260828_143150,mm_per_px,1026,102.6446,16.979293
2026-08-28 14:33:33.025,captures/20260828_143150,mm_per_px,1027,102.7597,16.839760
2026-08-28 14:33:33.109,captures/20260828_143150,mm_per_px,1028,102.8437,16.717213
2026-08-28 14:33:33.224,captures/20260828_143150,mm_per_px,1029,102.9580,16.626551
2026-08-28 14:33:33.307,captures/20260828_143150,mm_per_px,1030,103.0412,16.527357
2026-08-28 14:33:33.407,captures/20260828_143150,mm_per_px,1031,103.1418,16.475461
2026-08-28 14:33:33.511,captures/20260828_143150,mm_per_px,1032,103.2456,16.467532
2026-08-28 14:33:33.628,captures/20260828_143150,mm_per_px,1033,103.3620,16.469554
2026-08-28 14:33:33.759,captures/20260828_143150,mm_per_px,1034,103.4934,16.484173
2026-08-28 14:33:33.868,captures/20260828_143150,mm_per_px,1035,103.6025,16.433909
2026-08-28 14:33:33.911,captures/20260828_143150,mm_per_px,1036,103.6458,16.477395
2026-08-28 14:33:34.011,captures/20260828_143150,mm_per_px,1037,103.7459,16.535796
2026-08-28 14:33:34.132,captures/20260828_143150,mm_per_px,1038,103.8664,16.667357
2026-08-28 14:33:34.260,captures/20260828_143150,mm_per_px,1039,103.9949,16.759371
2026-08-28 14:33:34.379,captures/20260828_143150,mm_per_px,1040,104.1134,16.907984
2026-08-28 14:33:34.487,captures/20260828_143150,mm_per_px,1041,104.2219,17.086428
2026-08-28 14:33:34.519,captures/20260828_143150,mm_per_px,1042,104.2535,17.235384
2026-08-28 14:33:34.609,captures/20260828_143150,mm_per_px,1043,104.3438,17.292344
2026-08-28 14:33:34.725,captures/20260828_143150,mm_per_px,1044,104.4598,17.469392
2026-08-28 14:33:34.809,captures/20260828_143150,mm_per_px,1045,104.5432,17.593986
2026-08-28 14:33:34.919,captures/20260828_143150,mm_per_px,1046,104.6538,17.631666
2026-08-28 14:33:35.007,captures/20260828_143150,mm_per_px,1047,104.7419,17.652990
2026-08-28 14:33:35.158,captures/20260828_143150,mm_per_px,1048,104.8929,17.643186
2026-08-28 14:33:35.253,captures/20260828_143150,mm_per_px,1049,104.9875,17.611821
2026-08-28 14:33:35.314,captures/20260828_143150,mm_per_px,1050,105.0481,17.653890
2026-08-28 14:33:35.423,captures/20260828_143150,mm_per_px,1051,105.1576,17.772226
2026-08-28 14:33:35.512,captures/20260828_143150,mm_per_px,1052,105.2463,17.957231
2026-08-28 14:33:35.621,captures/20260828_143150,mm_per_px,1053,105.3553,18.190602
2026-08-28 14:33:35.712,captures/20260828_143150,mm_per_px,1054,105.4467,18.397855
2026-08-28 14:33:35.829,captures/20260828_143150,mm_per_px,1055,105.5636,18.546341
2026-08-28 14:33:35.912,captures/20260828_143150,mm_per_px,1056,105.6460,18.718551
2026-08-28 14:33:36.034,captures/20260828_143150,mm_per_px,1057,105.7683,18.974170
2026-08-28 14:33:36.134,captures/20260828_143150,mm_per_px,1058,105.8689,19.295127
2026-08-28 14:33:36.212,captures/20260828_143150,mm_per_px,1059,105.9462,19.710065
2026-08-28 14:33:36.329,captures/20260828_143150,mm_per_px,1060,106.0639,20.125733
2026-08-28 14:33:36.440,captures/20260828_143150,mm_per_px,1061,106.1740,20.403359
2026-08-28 14:33:36.509,captures/20260828_143150,mm_per_px,1062,106.2436,20.569911
2026-08-28 14:33:36.627,captures/20260828_143150,mm_per_px,1063,106.3616,20.639398
2026-08-28 14:33:36.714,captures/20260828_143150,mm_per_px,1064,106.4484,20.819630
2026-08-28 14:33:36.809,captures/20260828_143150,mm_per_px,1065,106.5432,21.101478
2026-08-28 14:33:36.916,captures/20260828_143150,mm_per_px,1066,106.6504,21.489571
2026-08-28 14:33:37.013,captures/20260828_143150,mm_per_px,1067,106.7470,21.873794
2026-08-28 14:33:37.128,captures/20260828_143150,mm_per_px,1068,106.8629,22.221273
2026-08-28 14:33:37.208,captures/20260828_143150,mm_per_px,1069,106.9426,22.434134
2026-08-28 14:33:37.310,captures/20260828_143150,mm_per_px,1070,107.0442,22.640739
2026-08-28 14:33:37.408,captures/20260828_143150,mm_per_px,1071,107.1427,22.693015
2026-08-28 14:33:37.510,captures/20260828_143150,mm_per_px,1072,107.2440,22.697803
2026-08-28 14:33:37.625,captures/20260828_143150,mm_per_px,1073,107.3594,22.695344
2026-08-28 14:33:37.762,captures/20260828_143150,mm_per_px,1074,107.4968,22.646238
2026-08-28 14:33:37.878,captures/20260828_143150,mm_per_px,1075,107.6128,22.492326
2026-08-28 14:33:37.963,captures/20260828_143150,mm_per_px,1076,107.6970,22.408999
2026-08-28 14:33:38.007,captures/20260828_143150,mm_per_px,1077,107.7416,22.263573
2026-08-28 14:33:38.147,captures/20260828_143150,mm_per_px,1078,107.8818,22.072134
2026-08-28 14:33:38.258,captures/20260828_143150,mm_per_px,1079,107.9924,21.798918
2026-08-28 14:33:38.362,captures/20260828_143150,mm_per_px,1080,108.0965,21.557145
2026-08-28 14:33:38.475,captures/20260828_143150,mm_per_px,1081,108.2095,21.092848
2026-08-28 14:33:38.512,captures/20260828_143150,mm_per_px,1082,108.2465,20.573960
2026-08-28 14:33:38.610,captures/20260828_143150,mm_per_px,1083,108.3447,20.080996
2026-08-28 14:33:38.718,captures/20260828_143150,mm_per_px,1084,108.4525,19.523909
2026-08-28 14:33:38.855,captures/20260828_143150,mm_per_px,1085,108.5897,19.083005
2026-08-28 14:33:38.964,captures/20260828_143150,mm_per_px,1086,108.6981,18.725144
2026-08-28 14:33:39.008,captures/20260828_143150,mm_per_px,1087,108.7421,18.604032
2026-08-28 14:33:39.109,captures/20260828_143150,mm_per_px,1088,108.8430,18.533102
2026-08-28 14:33:39.221,captures/20260828_143150,mm_per_px,1089,108.9551,18.596727
2026-08-28 14:33:39.310,captures/20260828_143150,mm_per_px,1090,109.0446,18.460248
2026-08-28 14:33:39.430,captures/20260828_143150,mm_per_px,1091,109.1649,18.286224
2026-08-28 14:33:39.538,captures/20260828_143150,mm_per_px,1092,109.2721,17.908014
2026-08-28 14:33:39.609,captures/20260828_143150,mm_per_px,1093,109.3436,17.472500
2026-08-28 14:33:39.707,captures/20260828_143150,mm_per_px,1094,109.4414,17.038896
2026-08-28 14:33:39.808,captures/20260828_143150,mm_per_px,1095,109.5420,16.574695
2026-08-28 14:33:39.929,captures/20260828_143150,mm_per_px,1096,109.6635,16.003629
2026-08-28 14:33:40.008,captures/20260828_143150,mm_per_px,1097,109.7421,15.480342
2026-08-28 14:33:40.112,captures/20260828_143150,mm_per_px,1098,109.8468,14.930048
2026-08-28 14:33:40.210,captures/20260828_143150,mm_per_px,1099,109.9443,14.555612
2026-08-28 14:33:40.307,captures/20260828_143150,mm_per_px,1100,110.0410,14.440965
2026-08-28 14:33:40.415,captures/20260828_143150,mm_per_px,1101,110.1491,14.632500
2026-08-28 14:33:40.515,captures/20260828_143150,mm_per_px,1102,110.2491,14.904449
2026-08-28 14:33:40.613,captures/20260828_143150,mm_per_px,1103,110.3472,15.312716
2026-08-28 14:33:40.723,captures/20260828_143150,mm_per_px,1104,110.4572,15.619913
2026-08-28 14:33:40.851,captures/20260828_143150,mm_per_px,1105,110.5857,15.921156
2026-08-28 14:33:40.948,captures/20260828_143150,mm_per_px,1106,110.6829,16.219182
2026-08-28 14:33:41.060,captures/20260828_143150,mm_per_px,1107,110.7949,16.499119
2026-08-28 14:33:41.165,captures/20260828_143150,mm_per_px,1108,110.8991,16.774549
2026-08-28 14:33:41.207,captures/20260828_143150,mm_per_px,1109,110.9417,17.122593
2026-08-28 14:33:41.311,captures/20260828_143150,mm_per_px,1110,111.0457,17.384077
2026-08-28 14:33:41.437,captures/20260828_143150,mm_per_px,1111,111.1711,17.662526
2026-08-28 14:33:41.507,captures/20260828_143150,mm_per_px,1112,111.2418,17.951734
2026-08-28 14:33:41.626,captures/20260828_143150,mm_per_px,1113,111.3609,18.220854
2026-08-28 14:33:41.740,captures/20260828_143150,mm_per_px,1114,111.4743,18.440107
2026-08-28 14:33:41.850,captures/20260828_143150,mm_per_px,1115,111.5848,18.656972
2026-08-28 14:33:41.908,captures/20260828_143150,mm_per_px,1116,111.6427,18.665821
2026-08-28 14:33:42.009,captures/20260828_143150,mm_per_px,1117,111.7437,18.650899
2026-08-28 14:33:42.126,captures/20260828_143150,mm_per_px,1118,111.8607,18.490475
2026-08-28 14:33:42.208,captures/20260828_143150,mm_per_px,1119,111.9425,18.250501
2026-08-28 14:33:42.313,captures/20260828_143150,mm_per_px,1120,112.0471,17.903617
2026-08-28 14:33:42.424,captures/20260828_143150,mm_per_px,1121,112.1585,17.557064
2026-08-28 14:33:42.507,captures/20260828_143150,mm_per_px,1122,112.2414,17.132664
2026-08-28 14:33:42.615,captures/20260828_143150,mm_per_px,1123,112.3491,16.629882
2026-08-28 14:33:42.750,captures/20260828_143150,mm_per_px,1124,112.4840,16.196214
2026-08-28 14:33:42.856,captures/20260828_143150,mm_per_px,1125,112.5906,15.936791
2026-08-28 14:33:42.908,captures/20260828_143150,mm_per_px,1126,112.6429,15.872495
2026-08-28 14:33:43.009,captures/20260828_143150,mm_per_px,1127,112.7434,15.931891
2026-08-28 14:33:43.108,captures/20260828_143150,mm_per_px,1128,112.8421,16.137873
2026-08-28 14:33:43.208,captures/20260828_143150,mm_per_px,1129,112.9424,16.296656
2026-08-28 14:33:43.309,captures/20260828_143150,mm_per_px,1130,113.0433,16.343833
2026-08-28 14:33:43.410,captures/20260828_143150,mm_per_px,1131,113.1442,16.178062
2026-08-28 14:33:43.527,captures/20260828_143150,mm_per_px,1132,113.2619,15.879127
2026-08-28 14:33:43.608,captures/20260828_143150,mm_per_px,1133,113.3426,15.443106
2026-08-28 14:33:43.724,captures/20260828_143150,mm_per_px,1134,113.4587,15.023955
2026-08-28 14:33:43.809,captures/20260828_143150,mm_per_px,1135,113.5431,14.563336
2026-08-28 14:33:43.933,captures/20260828_143150,mm_per_px,1136,113.6677,14.213520
2026-08-28 14:33:44.008,captures/20260828_143150,mm_per_px,1137,113.7421,13.883701
2026-08-28 14:33:44.121,captures/20260828_143150,mm_per_px,1138,113.8558,13.763551
2026-08-28 14:33:44.208,captures/20260828_143150,mm_per_px,1139,113.9422,13.648296
2026-08-28 14:33:44.309,captures/20260828_143150,mm_per_px,1140,114.0430,13.657284
2026-08-28 14:33:44.454,captures/20260828_143150,mm_per_px,1141,114.1880,13.518411
2026-08-28 14:33:44.562,captures/20260828_143150,mm_per_px,1142,114.2963,13.487995
2026-08-28 14:33:44.618,captures/20260828_143150,mm_per_px,1143,114.3525,13.368141
2026-08-28 14:33:44.709,captures/20260828_143150,mm_per_px,1144,114.4435,13.284640
2026-08-28 14:33:44.835,captures/20260828_143150,mm_per_px,1145,114.5693,13.154237
2026-08-28 14:33:44.909,captures/20260828_143150,mm_per_px,1146,114.6433,13.133291
2026-08-28 14:33:45.015,captures/20260828_143150,mm_per_px,1147,114.7490,13.101212
2026-08-28 14:33:45.155,captures/20260828_143150,mm_per_px,1148,114.8893,13.141897
2026-08-28 14:33:45.270,captures/20260828_143150,mm_per_px,1149,115.0045,13.300290
2026-08-28 14:33:45.307,captures/20260828_143150,mm_per_px,1150,115.0419,13.703344
2026-08-28 14:33:45.455,captures/20260828_143150,mm_per_px,1151,115.1894,14.240444
2026-08-28 14:33:45.564,captures/20260828_143150,mm_per_px,1152,115.2981,14.936210
2026-08-28 14:33:45.610,captures/20260828_143150,mm_per_px,1153,115.3442,15.647744
2026-08-28 14:33:45.710,captures/20260828_143150,mm_per_px,1154,115.4447,16.251987
2026-08-28 14:33:45.828,captures/20260828_143150,mm_per_px,1155,115.5624,16.693412
2026-08-28 14:33:45.908,captures/20260828_143150,mm_per_px,1156,115.6421,17.074454
2026-08-28 14:33:46.035,captures/20260828_143150,mm_per_px,1157,115.7697,17.431094
2026-08-28 14:33:46.107,captures/20260828_143150,mm_per_px,1158,115.8419,17.843394
2026-08-28 14:33:46.227,captures/20260828_143150,mm_per_px,1159,115.9615,18.323722
2026-08-28 14:33:46.357,captures/20260828_143150,mm_per_px,1160,116.0917,18.883884
2026-08-28 14:33:46.457,captures/20260828_143150,mm_per_px,1161,116.1914,19.435585
2026-08-28 14:33:46.558,captures/20260828_143150,mm_per_px,1162,116.2928,19.986876
2026-08-28 14:33:46.671,captures/20260828_143150,mm_per_px,1163,116.4058,20.364331
2026-08-28 14:33:46.711,captures/20260828_143150,mm_per_px,1164,116.4459,20.763887
2026-08-28 14:33:46.808,captures/20260828_143150,mm_per_px,1165,116.5428,20.946288
2026-08-28 14:33:46.940,captures/20260828_143150,mm_per_px,1166,116.6748,21.081238
2026-08-28 14:33:47.048,captures/20260828_143150,mm_per_px,1167,116.7829,21.092743
2026-08-28 14:33:47.149,captures/20260828_143150,mm_per_px,1168,116.8832,21.215086
2026-08-28 14:33:47.264,captures/20260828_143150,mm_per_px,1169,116.9987,21.294526
2026-08-28 14:33:47.307,captures/20260828_143150,mm_per_px,1170,117.0418,21.393109
2026-08-28 14:33:47.411,captures/20260828_143150,mm_per_px,1171,117.1453,21.449387
2026-08-28 14:33:47.514,captures/20260828_143150,mm_per_px,1172,117.2484,21.503642
2026-08-28 14:33:47.610,captures/20260828_143150,mm_per_px,1173,117.3449,21.414495
2026-08-28 14:33:47.707,captures/20260828_143150,mm_per_px,1174,117.4414,21.288289
2026-08-28 14:33:47.809,captures/20260828_143150,mm_per_px,1175,117.5438,21.241297
2026-08-28 14:33:47.922,captures/20260828_143150,mm_per_px,1176,117.6566,21.164790
2026-08-28 14:33:48.007,captures/20260828_143150,mm_per_px,1177,117.7417,21.017403
2026-08-28 14:33:48.124,captures/20260828_143150,mm_per_px,1178,117.8583,20.996740
2026-08-28 14:33:48.229,captures/20260828_143150,mm_per_px,1179,117.9639,20.845807
2026-08-28 14:33:48.349,captures/20260828_143150,mm_per_px,1180,118.0831,20.622541
2026-08-28 14:33:48.465,captures/20260828_143150,mm_per_px,1181,118.1998,20.291966
2026-08-28 14:33:48.514,captures/20260828_143150,mm_per_px,1182,118.2482,20.021261
2026-08-28 14:33:48.654,captures/20260828_143150,mm_per_px,1183,118.3886,19.676083
2026-08-28 14:33:48.772,captures/20260828_143150,mm_per_px,1184,118.5062,19.313041
2026-08-28 14:33:48.855,captures/20260828_143150,mm_per_px,1185,118.5891,18.885774
2026-08-28 14:33:48.908,captures/20260828_143150,mm_per_px,1186,118.6424,18.537512
2026-08-28 14:33:49.011,captures/20260828_143150,mm_per_px,1187,118.7458,18.220291
2026-08-28 14:33:49.107,captures/20260828_143150,mm_per_px,1188,118.8419,18.007923
2026-08-28 14:33:49.210,captures/20260828_143150,mm_per_px,1189,118.9447,17.879050
2026-08-28 14:33:49.329,captures/20260828_143150,mm_per_px,1190,119.0635,17.865605
2026-08-28 14:33:49.409,captures/20260828_143150,mm_per_px,1191,119.1439,17.868096
2026-08-28 14:33:49.530,captures/20260828_143150,mm_per_px,1192,119.2645,17.846186
2026-08-28 14:33:49.611,captures/20260828_143150,mm_per_px,1193,119.3458,17.848182
2026-08-28 14:33:49.730,captures/20260828_143150,mm_per_px,1194,119.4647,17.910261
2026-08-28 14:33:49.842,captures/20260828_143150,mm_per_px,1195,119.5761,17.955555
2026-08-28 14:33:49.920,captures/20260828_143150,mm_per_px,1196,119.6544,18.002700
2026-08-28 14:33:50.035,captures/20260828_143150,mm_per_px,1197,119.7691,18.014749
2026-08-28 14:33:50.109,captures/20260828_143150,mm_per_px,1198,119.8432,18.041015
2026-08-28 14:33:50.221,captures/20260828_143150,mm_per_px,1199,119.9551,18.113921
2026-08-28 14:33:50.364,captures/20260828_143150,mm_per_px,1200,120.0985,18.250643
2026-08-28 14:33:50.453,captures/20260828_143150,mm_per_px,1201,120.1876,18.451989
2026-08-28 14:33:50.560,captures/20260828_143150,mm_per_px,1202,120.2949,18.562378
2026-08-28 14:33:50.668,captures/20260828_143150,mm_per_px,1203,120.4021,18.616961
2026-08-28 14:33:50.712,captures/20260828_143150,mm_per_px,1204,120.4460,18.722199
2026-08-28 14:33:50.811,captures/20260828_143150,mm_per_px,1205,120.5455,18.705990
2026-08-28 14:33:50.922,captures/20260828_143150,mm_per_px,1206,120.6561,18.763051
2026-08-28 14:33:51.008,captures/20260828_143150,mm_per_px,1207,120.7424,18.879418
2026-08-28 14:33:51.121,captures/20260828_143150,mm_per_px,1208,120.8559,18.996424
2026-08-28 14:33:51.208,captures/20260828_143150,mm_per_px,1209,120.9424,18.983274
2026-08-28 14:33:51.323,captures/20260828_143150,mm_per_px,1210,121.0570,19.015296
2026-08-28 14:33:51.410,captures/20260828_143150,mm_per_px,1211,121.1443,19.000598
2026-08-28 14:33:51.508,captures/20260828_143150,mm_per_px,1212,121.2420,18.902469
2026-08-28 14:33:51.629,captures/20260828_143150,mm_per_px,1213,121.3639,18.772637
2026-08-28 14:33:51.713,captures/20260828_143150,mm_per_px,1214,121.4479,18.665720
2026-08-28 14:33:51.813,captures/20260828_143150,mm_per_px,1215,121.5474,18.592300
2026-08-28 14:33:51.910,captures/20260828_143150,mm_per_px,1216,121.6442,18.630239
2026-08-28 14:33:52.020,captures/20260828_143150,mm_per_px,1217,121.7548,18.644866
2026-08-28 14:33:52.108,captures/20260828_143150,mm_per_px,1218,121.8428,18.710187
2026-08-28 14:33:52.230,captures/20260828_143150,mm_per_px,1219,121.9646,18.853965
2026-08-28 14:33:52.309,captures/20260828_143150,mm_per_px,1220,122.0434,18.860146
2026-08-28 14:33:52.432,captures/20260828_143150,mm_per_px,1221,122.1661,18.903962
2026-08-28 14:33:52.535,captures/20260828_143150,mm_per_px,1222,122.2692,19.097435
2026-08-28 14:33:52.612,captures/20260828_143150,mm_per_px,1223,122.3460,19.235159
2026-08-28 14:33:52.719,captures/20260828_143150,mm_per_px,1224,122.4539,19.221528
2026-08-28 14:33:52.812,captures/20260828_143150,mm_per_px,1225,122.5460,19.241022
2026-08-28 14:33:52.927,captures/20260828_143150,mm_per_px,1226,122.6616,19.208710
2026-08-28 14:33:53.008,captures/20260828_143150,mm_per_px,1227,122.7423,19.182813
2026-08-28 14:33:53.127,captures/20260828_143150,mm_per_px,1228,122.8619,19.140991
2026-08-28 14:33:53.252,captures/20260828_143150,mm_per_px,1229,122.9869,19.197642
2026-08-28 14:33:53.308,captures/20260828_143150,mm_per_px,1230,123.0421,19.182408
2026-08-28 14:33:53.408,captures/20260828_143150,mm_per_px,1231,123.1427,19.208818
2026-08-28 14:33:53.524,captures/20260828_143150,mm_per_px,1232,123.2585,19.144344
2026-08-28 14:33:53.661,captures/20260828_143150,mm_per_px,1233,123.3958,19.100917
2026-08-28 14:33:53.737,captures/20260828_143150,mm_per_px,1234,123.4717,19.144840
2026-08-28 14:33:53.856,captures/20260828_143150,mm_per_px,1235,123.5907,19.156567
2026-08-28 14:33:53.974,captures/20260828_143150,mm_per_px,1236,123.7082,19.097504
2026-08-28 14:33:54.010,captures/20260828_143150,mm_per_px,1237,123.7449,19.027745
2026-08-28 14:33:54.109,captures/20260828_143150,mm_per_px,1238,123.8439,18.885615
2026-08-28 14:33:54.235,captures/20260828_143150,mm_per_px,1239,123.9696,18.716462
2026-08-28 14:33:54.308,captures/20260828_143150,mm_per_px,1240,124.0422,18.628249
2026-08-28 14:33:54.409,captures/20260828_143150,mm_per_px,1241,124.1435,18.600606
2026-08-28 14:33:54.512,captures/20260828_143150,mm_per_px,1242,124.2465,18.587943
2026-08-28 14:33:54.664,captures/20260828_143150,mm_per_px,1243,124.3984,18.529769
2026-08-28 14:33:54.786,captures/20260828_143150,mm_per_px,1244,124.5201,18.463623
2026-08-28 14:33:54.832,captures/20260828_143150,mm_per_px,1245,124.5664,18.335078
2026-08-28 14:33:54.911,captures/20260828_143150,mm_per_px,1246,124.6452,18.235637
2026-08-28 14:33:55.013,captures/20260828_143150,mm_per_px,1247,124.7474,18.141418
2026-08-28 14:33:55.110,captures/20260828_143150,mm_per_px,1248,124.8441,18.022644
2026-08-28 14:33:55.208,captures/20260828_143150,mm_per_px,1249,124.9427,17.952115
2026-08-28 14:33:55.325,captures/20260828_143150,mm_per_px,1250,125.0594,17.931540
2026-08-28 14:33:55.408,captures/20260828_143150,mm_per_px,1251,125.1420,17.958072
2026-08-28 14:33:55.522,captures/20260828_143150,mm_per_px,1252,125.2565,17.962474
2026-08-28 14:33:55.609,captures/20260828_143150,mm_per_px,1253,125.3437,18.106093
2026-08-28 14:33:55.729,captures/20260828_143150,mm_per_px,1254,125.4637,18.193368
2026-08-28 14:33:55.821,captures/20260828_143150,mm_per_px,1255,125.5554,18.264127
2026-08-28 14:33:55.913,captures/20260828_143150,mm_per_px,1256,125.6475,18.281187
2026-08-28 14:33:56.062,captures/20260828_143150,mm_per_px,1257,125.7964,18.282213
2026-08-28 14:33:56.181,captures/20260828_143150,mm_per_px,1258,125.9158,18.309358
2026-08-28 14:33:56.293,captures/20260828_143150,mm_per_px,1259,126.0276,18.291181
2026-08-28 14:33:56.331,captures/20260828_143150,mm_per_px,1260,126.0659,18.242855
2026-08-28 14:33:56.408,captures/20260828_143150,mm_per_px,1261,126.1420,18.227032
2026-08-28 14:33:56.526,captures/20260828_143150,mm_per_px,1262,126.2603,18.199048
2026-08-28 14:33:56.609,captures/20260828_143150,mm_per_px,1263,126.3439,18.120409
2026-08-28 14:33:56.736,captures/20260828_143150,mm_per_px,1264,126.4705,17.958187
2026-08-28 14:33:56.811,captures/20260828_143150,mm_per_px,1265,126.5452,17.899644
2026-08-28 14:33:56.925,captures/20260828_143150,mm_per_px,1266,126.6591,17.761705
2026-08-28 14:33:57.009,captures/20260828_143150,mm_per_px,1267,126.7437,17.678696
2026-08-28 14:33:57.116,captures/20260828_143150,mm_per_px,1268,126.8507,17.609766
2026-08-28 14:33:57.208,captures/20260828_143150,mm_per_px,1269,126.9425,17.482278
2026-08-28 14:33:57.308,captures/20260828_143150,mm_per_px,1270,127.0420,17.351192
2026-08-28 14:33:57.408,captures/20260828_143150,mm_per_px,1271,127.1425,17.108877
2026-08-28 14:33:57.524,captures/20260828_143150,mm_per_px,1272,127.2589,16.889859
2026-08-28 14:33:57.647,captures/20260828_143150,mm_per_px,1273,127.3819,16.878904
2026-08-28 14:33:57.752,captures/20260828_143150,mm_per_px,1274,127.4863,17.031953
2026-08-28 14:33:57.811,captures/20260828_143150,mm_per_px,1275,127.5456,17.132911
2026-08-28 14:33:57.908,captures/20260828_143150,mm_per_px,1276,127.6425,17.173075
2026-08-28 14:33:58.022,captures/20260828_143150,mm_per_px,1277,127.7568,17.265912
2026-08-28 14:33:58.153,captures/20260828_143150,mm_per_px,1278,127.8872,17.257027
2026-08-28 14:33:58.264,captures/20260828_143150,mm_per_px,1279,127.9982,17.181381
2026-08-28 14:33:58.309,captures/20260828_143150,mm_per_px,1280,128.0430,17.263763
2026-08-28 14:33:58.410,captures/20260828_143150,mm_per_px,1281,128.1442,17.400804
2026-08-28 14:33:58.527,captures/20260828_143150,mm_per_px,1282,128.2615,17.555608
2026-08-28 14:33:58.609,captures/20260828_143150,mm_per_px,1283,128.3431,17.754996
2026-08-28 14:33:58.716,captures/20260828_143150,mm_per_px,1284,128.4504,17.932933
2026-08-28 14:33:58.853,captures/20260828_143150,mm_per_px,1285,128.5879,17.960956
2026-08-28 14:33:58.963,captures/20260828_143150,mm_per_px,1286,128.6972,18.060164
2026-08-28 14:33:59.014,captures/20260828_143150,mm_per_px,1287,128.7486,18.073159
2026-08-28 14:33:59.116,captures/20260828_143150,mm_per_px,1288,128.8504,18.098221
2026-08-28 14:33:59.228,captures/20260828_143150,mm_per_px,1289,128.9627,18.029524
2026-08-28 14:33:59.310,captures/20260828_143150,mm_per_px,1290,129.0441,18.111808
2026-08-28 14:33:59.410,captures/20260828_143150,mm_per_px,1291,129.1440,18.036518
2026-08-28 14:33:59.559,captures/20260828_143150,mm_per_px,1292,129.2938,17.920139
2026-08-28 14:33:59.683,captures/20260828_143150,mm_per_px,1293,129.4171,17.841084
2026-08-28 14:33:59.720,captures/20260828_143150,mm_per_px,1294,129.4548,17.710434
2026-08-28 14:33:59.809,captures/20260828_143150,mm_per_px,1295,129.5436,17.583855
2026-08-28 14:33:59.910,captures/20260828_143150,mm_per_px,1296,129.6443,17.567270
2026-08-28 14:34:00.010,captures/20260828_143150,mm_per_px,1297,129.7449,17.546222
2026-08-28 14:34:00.110,captures/20260828_143150,mm_per_px,1298,129.8449,17.556367
2026-08-28 14:34:00.214,captures/20260828_143150,mm_per_px,1299,129.9481,17.605805
2026-08-28 14:34:00.362,captures/20260828_143150,mm_per_px,1300,130.0965,17.656489
2026-08-28 14:34:00.454,captures/20260828_143150,mm_per_px,1301,130.1881,17.596436
2026-08-28 14:34:00.510,captures/20260828_143150,mm_per_px,1302,130.2442,17.564760
2026-08-28 14:34:00.658,captures/20260828_143150,mm_per_px,1303,130.3922,17.469592
2026-08-28 14:34:00.749,captures/20260828_143150,mm_per_px,1304,130.4835,17.433104
2026-08-28 14:34:00.811,captures/20260828_143150,mm_per_px,1305,130.5451,17.508976
2026-08-28 14:34:00.961,captures/20260828_143150,mm_per_px,1306,130.6958,17.690278
2026-08-28 14:34:01.047,captures/20260828_143150,mm_per_px,1307,130.7819,17.882761
2026-08-28 14:34:01.112,captures/20260828_143150,mm_per_px,1308,130.8463,18.060500
2026-08-28 14:34:01.238,captures/20260828_143150,mm_per_px,1309,130.9724,18.123761
2026-08-28 14:34:01.332,captures/20260828_143150,mm_per_px,1310,131.0661,18.091956
2026-08-28 14:34:01.412,captures/20260828_143150,mm_per_px,1311,131.1461,18.026478
2026-08-28 14:34:01.533,captures/20260828_143150,mm_per_px,1312,131.2677,17.926753
2026-08-28 14:34:01.610,captures/20260828_143150,mm_per_px,1313,131.3449,17.810409
2026-08-28 14:34:01.707,captures/20260828_143150,mm_per_px,1314,131.4412,17.803230
2026-08-28 14:34:01.811,captures/20260828_143150,mm_per_px,1315,131.5459,17.772386
2026-08-28 14:34:01.915,captures/20260828_143150,mm_per_px,1316,131.6493,17.780503
2026-08-28 14:34:02.053,captures/20260828_143150,mm_per_px,1317,131.7871,17.832764
2026-08-28 14:34:02.171,captures/20260828_143150,mm_per_px,1318,131.9057,17.850675
2026-08-28 14:34:02.211,captures/20260828_143150,mm_per_px,1319,131.9456,17.853825
2026-08-28 14:34:02.311,captures/20260828_143150,mm_per_px,1320,132.0457,17.855455
2026-08-28 14:34:02.454,captures/20260828_143150,mm_per_px,1321,132.1884,17.799344
2026-08-28 14:34:02.565,captures/20260828_143150,mm_per_px,1322,132.2991,17.796598
2026-08-28 14:34:02.611,captures/20260828_143150,mm_per_px,1323,132.3450,17.839984
2026-08-28 14:34:02.709,captures/20260828_143150,mm_per_px,1324,132.4431,18.003709
2026-08-28 14:34:02.828,captures/20260828_143150,mm_per_px,1325,132.5627,18.146539
2026-08-28 14:34:02.908,captures/20260828_143150,mm_per_px,1326,132.6428,18.127256
2026-08-28 14:34:03.060,captures/20260828_143150,mm_per_px,1327,132.7948,18.109615
2026-08-28 14:34:03.187,captures/20260828_143150,mm_per_px,1328,132.9219,18.028222
2026-08-28 14:34:03.280,captures/20260828_143150,mm_per_px,1329,133.0148,17.990101
2026-08-28 14:34:03.330,captures/20260828_143150,mm_per_px,1330,133.0648,18.086731
2026-08-28 14:34:03.410,captures/20260828_143150,mm_per_px,1331,133.1444,18.337486
2026-08-28 14:34:03.511,captures/20260828_143150,mm_per_px,1332,133.2453,18.593037
2026-08-28 14:34:03.613,captures/20260828_143150,mm_per_px,1333,133.3471,18.842283
2026-08-28 14:34:03.727,captures/20260828_143150,mm_per_px,1334,133.4616,18.891503
2026-08-28 14:34:03.812,captures/20260828_143150,mm_per_px,1335,133.5469,18.922271
2026-08-28 14:34:03.935,captures/20260828_143150,mm_per_px,1336,133.6693,18.945748
2026-08-28 14:34:04.053,captures/20260828_143150,mm_per_px,1337,133.7876,18.927640
2026-08-28 14:34:04.154,captures/20260828_143150,mm_per_px,1338,133.8886,18.916822
2026-08-28 14:34:04.214,captures/20260828_143150,mm_per_px,1339,133.9482,18.931517
2026-08-28 14:34:04.313,captures/20260828_143150,mm_per_px,1340,134.0477,18.986751
2026-08-28 14:34:04.412,captures/20260828_143150,mm_per_px,1341,134.1468,18.936792
2026-08-28 14:34:04.511,captures/20260828_143150,mm_per_px,1342,134.2454,18.967309
2026-08-28 14:34:04.633,captures/20260828_143150,mm_per_px,1343,134.3677,18.946926
2026-08-28 14:34:04.723,captures/20260828_143150,mm_per_px,1344,134.4570,18.898197
2026-08-28 14:34:04.809,captures/20260828_143150,mm_per_px,1345,134.5438,18.769933
2026-08-28 14:34:04.976,captures/20260828_143150,mm_per_px,1346,134.7101,18.602170
2026-08-28 14:34:05.018,captures/20260828_143150,mm_per_px,1347,134.7523,18.306592
2026-08-28 14:34:05.114,captures/20260828_143150,mm_per_px,1348,134.8487,18.044854
2026-08-28 14:34:05.231,captures/20260828_143150,mm_per_px,1349,134.9653,17.771869
2026-08-28 14:34:05.312,captures/20260828_143150,mm_per_px,1350,135.0469,17.396584
2026-08-28 14:34:05.428,captures/20260828_143150,mm_per_px,1351,135.1622,17.100939
2026-08-28 14:34:05.511,captures/20260828_143150,mm_per_px,1352,135.2451,16.959834
2026-08-28 14:34:05.626,captures/20260828_143150,mm_per_px,1353,135.3607,17.052526
2026-08-28 14:34:05.708,captures/20260828_143150,mm_per_px,1354,135.4424,17.146222
2026-08-28 14:34:05.810,captures/20260828_143150,mm_per_px,1355,135.5443,17.307574
2026-08-28 14:34:05.953,captures/20260828_143150,mm_per_px,1356,135.6872,17.370576
2026-08-28 14:34:06.074,captures/20260828_143150,mm_per_px,1357,135.8080,17.199888
2026-08-28 14:34:06.111,captures/20260828_143150,mm_per_px,1358,135.8459,16.776619
2026-08-28 14:34:06.213,captures/20260828_143150,mm_per_px,1359,135.9471,16.311524
2026-08-28 14:34:06.312,captures/20260828_143150,mm_per_px,1360,136.0466,15.788715
2026-08-28 14:34:06.413,captures/20260828_143150,mm_per_px,1361,136.1471,15.294607
2026-08-28 14:34:06.508,captures/20260828_143150,mm_per_px,1362,136.2423,14.892791
2026-08-28 14:34:06.623,captures/20260828_143150,mm_per_px,1363,136.3571,14.492726
2026-08-28 14:34:06.711,captures/20260828_143150,mm_per_px,1364,136.4450,14.237769
2026-08-28 14:34:06.826,captures/20260828_143150,mm_per_px,1365,136.5606,14.217173
2026-08-28 14:34:06.908,captures/20260828_143150,mm_per_px,1366,136.6422,14.428426
2026-08-28 14:34:07.021,captures/20260828_143150,mm_per_px,1367,136.7559,14.724319
2026-08-28 14:34:07.116,captures/20260828_143150,mm_per_px,1368,136.8509,15.152782
2026-08-28 14:34:07.255,captures/20260828_143150,mm_per_px,1369,136.9891,15.470815
2026-08-28 14:34:07.380,captures/20260828_143150,mm_per_px,1370,137.1149,15.780307
2026-08-28 14:34:07.421,captures/20260828_143150,mm_per_px,1371,137.1555,16.037056
2026-08-28 14:34:07.507,captures/20260828_143150,mm_per_px,1372,137.2417,16.293238
2026-08-28 14:34:07.616,captures/20260828_143150,mm_per_px,1373,137.3501,16.612215
2026-08-28 14:34:07.753,captures/20260828_143150,mm_per_px,1374,137.4875,16.993182
2026-08-28 14:34:07.891,captures/20260828_143150,mm_per_px,1375,137.6258,17.307055
2026-08-28 14:34:08.003,captures/20260828_143150,mm_per_px,1376,137.7371,17.647303
2026-08-28 14:34:08.046,captures/20260828_143150,mm_per_px,1377,137.7809,17.959637
2026-08-28 14:34:08.111,captures/20260828_143150,mm_per_px,1378,137.8450,18.214486
2026-08-28 14:34:08.223,captures/20260828_143150,mm_per_px,1379,137.9570,18.573162
2026-08-28 14:34:08.364,captures/20260828_143150,mm_per_px,1380,138.0983,18.813356
2026-08-28 14:34:08.451,captures/20260828_143150,mm_per_px,1381,138.1850,18.952278
2026-08-28 14:34:08.507,captures/20260828_143150,mm_per_px,1382,138.2417,19.004609
2026-08-28 14:34:08.623,captures/20260828_143150,mm_per_px,1383,138.3576,18.886823
2026-08-28 14:34:08.717,captures/20260828_143150,mm_per_px,1384,138.4512,18.619335
2026-08-28 14:34:08.808,captures/20260828_143150,mm_per_px,1385,138.5427,18.313659
2026-08-28 14:34:08.916,captures/20260828_143150,mm_per_px,1386,138.6501,17.964282
2026-08-28 14:34:09.008,captures/20260828_143150,mm_per_px,1387,138.7427,17.602465
2026-08-28 14:34:09.135,captures/20260828_143150,mm_per_px,1388,138.8696,17.162067
2026-08-28 14:34:09.210,captures/20260828_143150,mm_per_px,1389,138.9448,16.788796
2026-08-28 14:34:09.321,captures/20260828_143150,mm_per_px,1390,139.0553,16.517735
2026-08-28 14:34:09.408,captures/20260828_143150,mm_per_px,1391,139.1423,16.480409
2026-08-28 14:34:09.530,captures/20260828_143150,mm_per_px,1392,139.2641,16.543390
2026-08-28 14:34:09.611,captures/20260828_143150,mm_per_px,1393,139.3453,16.736947
2026-08-28 14:34:09.738,captures/20260828_143150,mm_per_px,1394,139.4722,16.850533
2026-08-28 14:34:09.848,captures/20260828_143150,mm_per_px,1395,139.5823,16.784517
2026-08-28 14:34:09.955,captures/20260828_143150,mm_per_px,1396,139.6895,16.489497
2026-08-28 14:34:10.016,captures/20260828_143150,mm_per_px,1397,139.7505,16.215155
2026-08-28 14:34:10.110,captures/20260828_143150,mm_per_px,1398,139.8447,15.920405
2026-08-28 14:34:10.244,captures/20260828_143150,mm_per_px,1399,139.9785,15.568852
2026-08-28 14:34:10.311,captures/20260828_143150,mm_per_px,1400,140.0459,15.328914
2026-08-28 14:34:10.411,captures/20260828_143150,mm_per_px,1401,140.1457,15.048865
2026-08-28 14:34:10.508,captures/20260828_143150,mm_per_px,1402,140.2422,14.702703
2026-08-28 14:34:10.611,captures/20260828_143150,mm_per_px,1403,140.3457,14.467058
2026-08-28 14:34:10.736,captures/20260828_143150,mm_per_px,1404,140.4703,14.369887
2026-08-28 14:34:10.811,captures/20260828_143150,mm_per_px,1405,140.5458,14.202438
2026-08-28 14:34:10.927,captures/20260828_143150,mm_per_px,1406,140.6619,14.077159
2026-08-28 14:34:11.007,captures/20260828_143150,mm_per_px,1407,140.7419,13.885065
2026-08-28 14:34:11.118,captures/20260828_143150,mm_per_px,1408,140.8528,13.690350
2026-08-28 14:34:11.263,captures/20260828_143150,mm_per_px,1409,140.9970,13.566743
2026-08-28 14:34:11.386,captures/20260828_143150,mm_per_px,1410,141.1208,13.542499
2026-08-28 14:34:11.421,captures/20260828_143150,mm_per_px,1411,141.1556,13.519702
2026-08-28 14:34:11.511,captures/20260828_143150,mm_per_px,1412,141.2455,13.565989
2026-08-28 14:34:11.622,captures/20260828_143150,mm_per_px,1413,141.3562,13.562455
2026-08-28 14:34:11.710,captures/20260828_143150,mm_per_px,1414,141.4441,13.596569
2026-08-28 14:34:11.835,captures/20260828_143150,mm_per_px,1415,141.5697,13.890379
2026-08-28 14:34:11.910,captures/20260828_143150,mm_per_px,1416,141.6449,14.426923
2026-08-28 14:34:12.031,captures/20260828_143150,mm_per_px,1417,141.7651,15.131531
2026-08-28 14:34:12.107,captures/20260828_143150,mm_per_px,1418,141.8417,15.927031
2026-08-28 14:34:12.219,captures/20260828_143150,mm_per_px,1419,141.9531,16.650765
2026-08-28 14:34:12.311,captures/20260828_143150,mm_per_px,1420,142.0455,17.248137
2026-08-28 14:34:12.420,captures/20260828_143150,mm_per_px,1421,142.1546,17.736775
2026-08-28 14:34:12.510,captures/20260828_143150,mm_per_px,1422,142.2448,18.184610
2026-08-28 14:34:12.648,captures/20260828_143150,mm_per_px,1423,142.3824,18.677182
2026-08-28 14:34:12.724,captures/20260828_143150,mm_per_px,1424,142.4581,19.164124
2026-08-28 14:34:12.830,captures/20260828_143150,mm_per_px,1425,142.5641,19.753932
2026-08-28 14:34:12.910,captures/20260828_143150,mm_per_px,1426,142.6443,20.220488
2026-08-28 14:34:13.026,captures/20260828_143150,mm_per_px,1427,142.7603,20.600707
2026-08-28 14:34:13.111,captures/20260828_143150,mm_per_px,1428,142.8451,21.016640
2026-08-28 14:34:13.222,captures/20260828_143150,mm_per_px,1429,142.9567,21.394948
2026-08-28 14:34:13.315,captures/20260828_143150,mm_per_px,1430,143.0494,21.538944
2026-08-28 14:34:13.416,captures/20260828_143150,mm_per_px,1431,143.1500,21.630666
2026-08-28 14:34:13.515,captures/20260828_143150,mm_per_px,1432,143.2497,21.743900
2026-08-28 14:34:13.634,captures/20260828_143150,mm_per_px,1433,143.3682,21.741922
2026-08-28 14:34:13.708,captures/20260828_143150,mm_per_px,1434,143.4421,21.827908
2026-08-28 14:34:14.490,captures/20260828_143150,mm_per_px,1435,144.2242,22.061507
2026-08-28 14:34:14.530,captures/20260828_143150,mm_per_px,1436,144.2646,22.244705
2026-08-28 14:34:14.574,captures/20260828_143150,mm_per_px,1437,144.3088,22.326224
2026-08-28 14:34:14.614,captures/20260828_143150,mm_per_px,1438,144.3487,22.293772
2026-08-28 14:34:14.648,captures/20260828_143150,mm_per_px,1439,144.3825,22.161530
2026-08-28 14:34:14.692,captures/20260828_143150,mm_per_px,1440,144.4269,21.967909
2026-08-28 14:34:14.732,captures/20260828_143150,mm_per_px,1441,144.4663,21.760279
2026-08-28 14:34:14.771,captures/20260828_143150,mm_per_px,1442,144.5050,21.654190
2026-08-28 14:34:14.814,captures/20260828_143150,mm_per_px,1443,144.5481,21.572679
2026-08-28 14:34:14.850,captures/20260828_143150,mm_per_px,1444,144.5849,21.387124
2026-08-28 14:34:14.887,captures/20260828_143150,mm_per_px,1445,144.6216,21.216250
2026-08-28 14:34:14.928,captures/20260828_143150,mm_per_px,1446,144.6622,21.017770
2026-08-28 14:34:15.008,captures/20260828_143150,mm_per_px,1447,144.7422,20.707434
2026-08-28 14:34:15.119,captures/20260828_143150,mm_per_px,1448,144.8534,20.317355
2026-08-28 14:34:15.250,captures/20260828_143150,mm_per_px,1449,144.9849,19.915318
2026-08-28 14:34:15.365,captures/20260828_143150,mm_per_px,1450,145.0996,19.468528
2026-08-28 14:34:15.415,captures/20260828_143150,mm_per_px,1451,145.1492,19.059538
2026-08-28 14:34:15.552,captures/20260828_143150,mm_per_px,1452,145.2860,18.791820
2026-08-28 14:34:15.657,captures/20260828_143150,mm_per_px,1453,145.3919,18.658855
2026-08-28 14:34:15.711,captures/20260828_143150,mm_per_px,1454,145.4452,18.658920
2026-08-28 14:34:15.810,captures/20260828_143150,mm_per_px,1455,145.5441,18.771278
2026-08-28 14:34:15.925,captures/20260828_143150,mm_per_px,1456,145.6597,18.915779
2026-08-28 14:34:16.042,captures/20260828_143150,mm_per_px,1457,145.7768,18.939149
2026-08-28 14:34:16.111,captures/20260828_143150,mm_per_px,1458,145.8451,19.000996
2026-08-28 14:34:16.210,captures/20260828_143150,mm_per_px,1459,145.9442,19.003807
2026-08-28 14:34:16.309,captures/20260828_143150,mm_per_px,1460,146.0433,18.932356
2026-08-28 14:34:16.407,captures/20260828_143150,mm_per_px,1461,146.1415,18.831081
2026-08-28 14:34:16.514,captures/20260828_143150,mm_per_px,1462,146.2482,18.641670
2026-08-28 14:34:16.667,captures/20260828_143150,mm_per_px,1463,146.4010,18.492735
2026-08-28 14:34:16.734,captures/20260828_143150,mm_per_px,1464,146.4682,18.411236
2026-08-28 14:34:16.866,captures/20260828_143150,mm_per_px,1465,146.6009,18.512860
2026-08-28 14:34:16.928,captures/20260828_143150,mm_per_px,1466,146.6625,18.568704
2026-08-28 14:34:17.010,captures/20260828_143150,mm_per_px,1467,146.7442,18.738955
2026-08-28 14:34:17.107,captures/20260828_143150,mm_per_px,1468,146.8416,18.829259
2026-08-28 14:34:17.212,captures/20260828_143150,mm_per_px,1469,146.9466,18.867029
2026-08-28 14:34:17.307,captures/20260828_143150,mm_per_px,1470,147.0417,18.793901
2026-08-28 14:34:17.411,captures/20260828_143150,mm_per_px,1471,147.1454,18.749799
2026-08-28 14:34:17.513,captures/20260828_143150,mm_per_px,1472,147.2473,18.818549
2026-08-28 14:34:17.607,captures/20260828_143150,mm_per_px,1473,147.3416,18.930709
2026-08-28 14:34:17.710,captures/20260828_143150,mm_per_px,1474,147.4444,19.006210
2026-08-28 14:34:17.859,captures/20260828_143150,mm_per_px,1475,147.5936,19.069239
2026-08-28 14:34:17.941,captures/20260828_143150,mm_per_px,1476,147.6754,19.093068
2026-08-28 14:34:18.007,captures/20260828_143150,mm_per_px,1477,147.7417,19.038286
2026-08-28 14:34:18.108,captures/20260828_143150,mm_per_px,1478,147.8428,18.942577
2026-08-28 14:34:18.208,captures/20260828_143150,mm_per_px,1479,147.9422,18.949080
2026-08-28 14:34:18.308,captures/20260828_143150,mm_per_px,1480,148.0425,19.065090
2026-08-28 14:34:18.410,captures/20260828_143150,mm_per_px,1481,148.1443,19.195436
2026-08-28 14:34:18.509,captures/20260828_143150,mm_per_px,1482,148.2434,19.332022
2026-08-28 14:34:18.614,captures/20260828_143150,mm_per_px,1483,148.3481,19.501367
2026-08-28 14:34:18.711,captures/20260828_143150,mm_per_px,1484,148.4459,19.566749
2026-08-28 14:34:18.809,captures/20260828_143150,mm_per_px,1485,148.5434,19.593484
2026-08-28 14:34:18.911,captures/20260828_143150,mm_per_px,1486,148.6453,19.642434
2026-08-28 14:34:19.008,captures/20260828_143150,mm_per_px,1487,148.7428,19.788307
2026-08-28 14:34:19.109,captures/20260828_143150,mm_per_px,1488,148.8431,19.873220
2026-08-28 14:34:19.209,captures/20260828_143150,mm_per_px,1489,148.9436,19.911603
2026-08-28 14:34:19.308,captures/20260828_143150,mm_per_px,1490,149.0429,19.922606
2026-08-28 14:34:19.411,captures/20260828_143150,mm_per_px,1491,149.1456,19.835506
2026-08-28 14:34:19.508,captures/20260828_143150,mm_per_px,1492,149.2427,19.695079
2026-08-28 14:34:19.661,captures/20260828_143150,mm_per_px,1493,149.3953,19.621798
2026-08-28 14:34:19.728,captures/20260828_143150,mm_per_px,1494,149.4626,19.515521
2026-08-28 14:34:19.806,captures/20260828_143150,mm_per_px,1495,149.5408,19.358356
2026-08-28 14:34:19.911,captures/20260828_143150,mm_per_px,1496,149.6451,19.247371
2026-08-28 14:34:20.053,captures/20260828_143150,mm_per_px,1497,149.7873,19.267682
2026-08-28 14:34:20.111,captures/20260828_143150,mm_per_px,1498,149.8451,19.353976
2026-08-28 14:34:20.262,captures/20260828_143150,mm_per_px,1499,149.9969,19.366077
2026-08-28 14:34:20.322,captures/20260828_143150,mm_per_px,1500,150.0563,19.369533
2026-08-28 14:34:20.459,captures/20260828_143150,mm_per_px,1501,150.1930,19.402933
2026-08-28 14:34:20.508,captures/20260828_143150,mm_per_px,1502,150.2421,19.286328
2026-08-28 14:34:20.669,captures/20260828_143150,mm_per_px,1503,150.4036,19.148387
2026-08-28 14:34:20.741,captures/20260828_143150,mm_per_px,1504,150.4755,19.156838
2026-08-28 14:34:20.810,captures/20260828_143150,mm_per_px,1505,150.5449,19.133780
2026-08-28 14:34:20.912,captures/20260828_143150,mm_per_px,1506,150.6463,19.157411
2026-08-28 14:34:21.009,captures/20260828_143150,mm_per_px,1507,150.7433,19.073797
2026-08-28 14:34:21.150,captures/20260828_143150,mm_per_px,1508,150.8842,19.011052
2026-08-28 14:34:21.221,captures/20260828_143150,mm_per_px,1509,150.9550,18.966550
2026-08-28 14:34:21.310,captures/20260828_143150,mm_per_px,1510,151.0440,18.846351
2026-08-28 14:34:21.408,captures/20260828_143150,mm_per_px,1511,151.1429,18.718577
2026-08-28 14:34:21.511,captures/20260828_143150,mm_per_px,1512,151.2451,18.594636
2026-08-28 14:34:21.611,captures/20260828_143150,mm_per_px,1513,151.3451,18.501206
2026-08-28 14:34:21.710,captures/20260828_143150,mm_per_px,1514,151.4441,18.335849
2026-08-28 14:34:21.810,captures/20260828_143150,mm_per_px,1515,151.5447,18.305723
2026-08-28 14:34:21.967,captures/20260828_143150,mm_per_px,1516,151.7017,18.282580
2026-08-28 14:34:22.029,captures/20260828_143150,mm_per_px,1517,151.7632,18.362666
2026-08-28 14:34:22.108,captures/20260828_143150,mm_per_px,1518,151.8421,18.475812
2026-08-28 14:34:22.208,captures/20260828_143150,mm_per_px,1519,151.9426,18.687822
2026-08-28 14:34:22.365,captures/20260828_143150,mm_per_px,1520,152.0992,18.861344
2026-08-28 14:34:22.439,captures/20260828_143150,mm_per_px,1521,152.1738,19.082246
2026-08-28 14:34:22.511,captures/20260828_143150,mm_per_px,1522,152.2458,19.171750
2026-08-28 14:34:22.613,captures/20260828_143150,mm_per_px,1523,152.3476,19.211931
2026-08-28 14:34:22.711,captures/20260828_143150,mm_per_px,1524,152.4459,19.150656
2026-08-28 14:34:22.812,captures/20260828_143150,mm_per_px,1525,152.5463,19.079778
2026-08-28 14:34:22.911,captures/20260828_143150,mm_per_px,1526,152.6453,18.858279
2026-08-28 14:34:23.064,captures/20260828_143150,mm_per_px,1527,152.7982,18.629716
2026-08-28 14:34:23.133,captures/20260828_143150,mm_per_px,1528,152.8676,18.291362
2026-08-28 14:34:23.210,captures/20260828_143150,mm_per_px,1529,152.9440,17.851561
2026-08-28 14:34:23.310,captures/20260828_143150,mm_per_px,1530,153.0443,17.315094
2026-08-28 14:34:23.451,captures/20260828_143150,mm_per_px,1531,153.1853,16.728851
2026-08-28 14:34:23.512,captures/20260828_143150,mm_per_px,1532,153.2462,16.097872
2026-08-28 14:34:23.612,captures/20260828_143150,mm_per_px,1533,153.3463,15.487086
2026-08-28 14:34:23.755,captures/20260828_143150,mm_per_px,1534,153.4893,14.877029
2026-08-28 14:34:23.852,captures/20260828_143150,mm_per_px,1535,153.5866,14.264097
2026-08-28 14:34:23.909,captures/20260828_143150,mm_per_px,1536,153.6439,13.761133
2026-08-28 14:34:24.012,captures/20260828_143150,mm_per_px,1537,153.7465,13.211560
2026-08-28 14:34:24.109,captures/20260828_143150,mm_per_px,1538,153.8433,12.626074
2026-08-28 14:34:24.209,captures/20260828_143150,mm_per_px,1539,153.9435,12.086142
2026-08-28 14:34:24.311,captures/20260828_143150,mm_per_px,1540,154.0456,11.518420
2026-08-28 14:34:24.449,captures/20260828_143150,mm_per_px,1541,154.1838,10.913161
2026-08-28 14:34:24.509,captures/20260828_143150,mm_per_px,1542,154.2433,10.354200
2026-08-28 14:34:24.610,captures/20260828_143150,mm_per_px,1543,154.3448,9.816326
2026-08-28 14:34:24.712,captures/20260828_143150,mm_per_px,1544,154.4466,9.283330
2026-08-28 14:34:24.808,captures/20260828_143150,mm_per_px,1545,154.5429,8.787641
2026-08-28 14:34:24.911,captures/20260828_143150,mm_per_px,1546,154.6455,8.316044
2026-08-28 14:34:25.007,captures/20260828_143150,mm_per_px,1547,154.7419,7.863498
2026-08-28 14:34:25.109,captures/20260828_143150,mm_per_px,1548,154.8436,7.419924
2026-08-28 14:34:25.210,captures/20260828_143150,mm_per_px,1549,154.9441,6.917308
2026-08-28 14:34:25.311,captures/20260828_143150,mm_per_px,1550,155.0453,6.396877
2026-08-28 14:34:25.408,captures/20260828_143150,mm_per_px,1551,155.1428,5.822672
2026-08-28 14:34:25.563,captures/20260828_143150,mm_per_px,1552,155.2974,5.172858
2026-08-28 14:34:25.622,captures/20260828_143150,mm_per_px,1553,155.3563,4.485020
2026-08-28 14:34:25.710,captures/20260828_143150,mm_per_px,1554,155.4449,3.840751
2026-08-28 14:34:25.807,captures/20260828_143150,mm_per_px,1555,155.5418,3.189098
2026-08-28 14:34:25.909,captures/20260828_143150,mm_per_px,1556,155.6438,2.668402
2026-08-28 14:34:26.008,captures/20260828_143150,mm_per_px,1557,155.7428,2.275603
2026-08-28 14:34:26.113,captures/20260828_143150,mm_per_px,1558,155.8474,1.926594
2026-08-28 14:34:26.208,captures/20260828_143150,mm_per_px,1559,155.9428,1.554248
2026-08-28 14:34:26.307,captures/20260828_143150,mm_per_px,1560,156.0415,1.316693
2026-08-28 14:34:26.408,captures/20260828_143150,mm_per_px,1561,156.1421,1.084791
2026-08-28 14:34:26.510,captures/20260828_143150,mm_per_px,1562,156.2444,0.859005
2026-08-28 14:34:26.613,captures/20260828_143150,mm_per_px,1563,156.3471,0.710030
2026-08-28 14:34:26.710,captures/20260828_143150,mm_per_px,1564,156.4449,0.553530
2026-08-28 14:34:26.808,captures/20260828_143150,mm_per_px,1565,156.5421,0.464485
2026-08-28 14:34:26.912,captures/20260828_143150,mm_per_px,1566,156.6462,0.345469
2026-08-28 14:34:27.008,captures/20260828_143150,mm_per_px,1567,156.7421,0.287181
2026-08-28 14:34:27.111,captures/20260828_143150,mm_per_px,1568,156.8459,0.177500
2026-08-28 14:34:27.208,captures/20260828_143150,mm_per_px,1569,156.9421,0.140830
2026-08-28 14:34:27.308,captures/20260828_143150,mm_per_px,1570,157.0420,0.096797
2026-08-28 14:34:27.406,captures/20260828_143150,mm_per_px,1571,157.1409,0.090889
2026-08-28 14:34:27.507,captures/20260828_143150,mm_per_px,1572,157.2418,0.068670
2026-08-28 14:34:27.607,captures/20260828_143150,mm_per_px,1573,157.3419,0.039997
2026-08-28 14:34:27.712,captures/20260828_143150,mm_per_px,1574,157.4463,0.032279
2026-08-28 14:34:27.809,captures/20260828_143150,mm_per_px,1575,157.5438,0.016518
2026-08-28 14:34:27.913,captures/20260828_143150,mm_per_px,1576,157.6472,0.022888
2026-08-28 14:34:28.007,captures/20260828_143150,mm_per_px,1577,157.7412,0.005048
2026-08-28 14:34:28.108,captures/20260828_143150,mm_per_px,1578,157.8427,0.002126
2026-08-28 14:34:28.207,captures/20260828_143150,mm_per_px,1579,157.9418,0.001154
2026-08-28 14:34:28.307,captures/20260828_143150,mm_per_px,1580,158.0415,0.000697
2026-08-28 14:34:28.407,captures/20260828_143150,mm_per_px,1581,158.1416,0.000327
2026-08-28 14:34:28.508,captures/20260828_143150,mm_per_px,1582,158.2421,0.000311
2026-08-28 14:34:28.608,captures/20260828_143150,mm_per_px,1583,158.3425,0.000130
2026-08-28 14:34:28.756,captures/20260828_143150,mm_per_px,1584,158.4905,0.000166
2026-08-28 14:34:28.828,captures/20260828_143150,mm_per_px,1585,158.5621,0.000168
2026-08-28 14:34:28.907,captures/20260828_143150,mm_per_px,1586,158.6416,0.000000
2026-08-28 14:34:29.008,captures/20260828_143150,mm_per_px,1587,158.7421,0.000000
2026-08-28 14:34:29.106,captures/20260828_143150,mm_per_px,1588,158.8406,0.000000
2026-08-28 14:34:29.208,captures/20260828_143150,mm_per_px,1589,158.9424,0.000000
2026-08-28 14:34:29.311,captures/20260828_143150,mm_per_px,1590,159.0450,0.000000
2026-08-28 14:34:29.454,captures/20260828_143150,mm_per_px,1591,159.1884,0.000000
2026-08-28 14:34:29.541,captures/20260828_143150,mm_per_px,1592,159.2758,0.001301
2026-08-28 14:34:29.610,captures/20260828_143150,mm_per_px,1593,159.3448,0.000000
2026-08-28 14:34:29.708,captures/20260828_143150,mm_per_px,1594,159.4428,0.000000
2026-08-28 14:34:29.809,captures/20260828_143150,mm_per_px,1595,159.5438,0.000000
2026-08-28 14:34:29.907,captures/20260828_143150,mm_per_px,1596,159.6417,0.001523
2026-08-28 14:34:30.007,captures/20260828_143150,mm_per_px,1597,159.7415,0.000000
2026-08-28 14:34:30.107,captures/20260828_143150,mm_per_px,1598,159.8410,0.001596
2026-08-28 14:34:30.208,captures/20260828_143150,mm_per_px,1599,159.9424,0.002522
2026-08-28 14:34:30.307,captures/20260828_143150,mm_per_px,1600,160.0414,0.000000
2026-08-28 14:34:30.448,captures/20260828_143150,mm_per_px,1601,160.1822,0.000298
2026-08-28 14:34:30.507,captures/20260828_143150,mm_per_px,1602,160.2416,0.000000
2026-08-28 14:34:30.661,captures/20260828_143150,mm_per_px,1603,160.3956,0.000598
2026-08-28 14:34:30.730,captures/20260828_143150,mm_per_px,1604,160.4643,0.001964
2026-08-28 14:34:30.808,captures/20260828_143150,mm_per_px,1605,160.5420,0.001698
2026-08-28 14:34:30.908,captures/20260828_143150,mm_per_px,1606,160.6428,0.001413
2026-08-28 14:34:31.007,captures/20260828_143150,mm_per_px,1607,160.7414,0.000595
2026-08-28 14:34:31.109,captures/20260828_143150,mm_per_px,1608,160.8430,0.005491
2026-08-28 14:34:31.256,captures/20260828_143150,mm_per_px,1609,160.9909,0.002850
2026-08-28 14:34:31.354,captures/20260828_143150,mm_per_px,1610,161.0882,0.000000
2026-08-28 14:34:31.423,captures/20260828_143150,mm_per_px,1611,161.1575,0.000000
2026-08-28 14:34:31.507,captures/20260828_143150,mm_per_px,1612,161.2414,0.000499
2026-08-28 14:34:31.666,captures/20260828_143150,mm_per_px,1613,161.4006,0.000000
2026-08-28 14:34:31.723,captures/20260828_143150,mm_per_px,1614,161.4577,0.000000
2026-08-28 14:34:31.808,captures/20260828_143150,mm_per_px,1615,161.5423,0.000000
2026-08-28 14:34:31.911,captures/20260828_143150,mm_per_px,1616,161.6450,0.000000
2026-08-28 14:34:32.007,captures/20260828_143150,mm_per_px,1617,161.7417,0.000486
2026-08-28 14:34:32.109,captures/20260828_143150,mm_per_px,1618,161.8430,0.000000
2026-08-28 14:34:32.209,captures/20260828_143150,mm_per_px,1619,161.9431,0.000766
2026-08-28 14:34:32.307,captures/20260828_143150,mm_per_px,1620,162.0419,0.000585
2026-08-28 14:34:32.407,captures/20260828_143150,mm_per_px,1621,162.1414,0.002306
2026-08-28 14:34:32.508,captures/20260828_143150,mm_per_px,1622,162.2422,0.010920
2026-08-28 14:34:32.610,captures/20260828_143150,mm_per_px,1623,162.3440,0.018333
2026-08-28 14:34:32.706,captures/20260828_143150,mm_per_px,1624,162.4409,0.019034
2026-08-28 14:34:32.810,captures/20260828_143150,mm_per_px,1625,162.5446,0.011239
2026-08-28 14:34:32.911,captures/20260828_143150,mm_per_px,1626,162.6459,0.012664
2026-08-28 14:34:33.064,captures/20260828_143150,mm_per_px,1627,162.7981,0.006609
2026-08-28 14:34:33.138,captures/20260828_143150,mm_per_px,1628,162.8726,0.012903
2026-08-28 14:34:33.207,captures/20260828_143150,mm_per_px,1629,162.9418,0.019620
2026-08-28 14:34:33.313,captures/20260828_143150,mm_per_px,1630,163.0470,0.003906
2026-08-28 14:34:33.409,captures/20260828_143150,mm_per_px,1631,163.1437,0.006571
2026-08-28 14:34:33.507,captures/20260828_143150,mm_per_px,1632,163.2415,0.006981
2026-08-28 14:34:33.655,captures/20260828_143150,mm_per_px,1633,163.3894,0.007225
2026-08-28 14:34:33.730,captures/20260828_143150,mm_per_px,1634,163.4648,0.002073
2026-08-28 14:34:33.809,captures/20260828_143150,mm_per_px,1635,163.5431,0.010704
2026-08-28 14:34:33.909,captures/20260828_143150,mm_per_px,1636,163.6438,0.013340
2026-08-28 14:34:34.058,captures/20260828_143150,mm_per_px,1637,163.7925,0.009578
2026-08-28 14:34:34.113,captures/20260828_143150,mm_per_px,1638,163.8472,0.020016
2026-08-28 14:34:34.208,captures/20260828_143150,mm_per_px,1639,163.9425,0.023220
2026-08-28 14:34:34.308,captures/20260828_143150,mm_per_px,1640,164.0426,0.029001
2026-08-28 14:34:34.409,captures/20260828_143150,mm_per_px,1641,164.1434,0.011393
2026-08-28 14:34:34.506,captures/20260828_143150,mm_per_px,1642,164.2409,0.012219
2026-08-28 14:34:34.654,captures/20260828_143150,mm_per_px,1643,164.3887,0.019950
2026-08-28 14:34:34.707,captures/20260828_143150,mm_per_px,1644,164.4413,0.021453
2026-08-28 14:34:34.808,captures/20260828_143150,mm_per_px,1645,164.5424,0.021145
2026-08-28 14:34:34.910,captures/20260828_143150,mm_per_px,1646,164.6445,0.015010
2026-08-28 14:34:35.007,captures/20260828_143150,mm_per_px,1647,164.7418,0.004183
2026-08-28 14:34:35.108,captures/20260828_143150,mm_per_px,1648,164.8427,0.005287
2026-08-28 14:34:35.212,captures/20260828_143150,mm_per_px,1649,164.9464,0.008093
2026-08-28 14:34:35.310,captures/20260828_143150,mm_per_px,1650,165.0445,0.007359
2026-08-28 14:34:35.458,captures/20260828_143150,mm_per_px,1651,165.1921,0.012233
2026-08-28 14:34:35.538,captures/20260828_143150,mm_per_px,1652,165.2729,0.012752
2026-08-28 14:34:35.607,captures/20260828_143150,mm_per_px,1653,165.3415,0.022294
2026-08-28 14:34:35.754,captures/20260828_143150,mm_per_px,1654,165.4881,0.043722
2026-08-28 14:34:35.806,captures/20260828_143150,mm_per_px,1655,165.5407,0.056610
2026-08-28 14:34:35.912,captures/20260828_143150,mm_per_px,1656,165.6468,0.044373
2026-08-28 14:34:36.062,captures/20260828_143150,mm_per_px,1657,165.7964,0.056017
2026-08-28 14:34:36.127,captures/20260828_143150,mm_per_px,1658,165.8614,0.058577
2026-08-28 14:34:36.260,captures/20260828_143150,mm_per_px,1659,165.9948,0.053780
2026-08-28 14:34:36.316,captures/20260828_143150,mm_per_px,1660,166.0502,0.063704
2026-08-28 14:34:36.452,captures/20260828_143150,mm_per_px,1661,166.1865,0.090165
2026-08-28 14:34:36.507,captures/20260828_143150,mm_per_px,1662,166.2415,0.089949
2026-08-28 14:34:36.661,captures/20260828_143150,mm_per_px,1663,166.3953,0.082213
2026-08-28 14:34:36.720,captures/20260828_143150,mm_per_px,1664,166.4542,0.068083
2026-08-28 14:34:36.808,captures/20260828_143150,mm_per_px,1665,166.5422,0.067192
2026-08-28 14:34:36.953,captures/20260828_143150,mm_per_px,1666,166.6873,0.073204
2026-08-28 14:34:37.009,captures/20260828_143150,mm_per_px,1667,166.7437,0.076068
2026-08-28 14:34:37.111,captures/20260828_143150,mm_per_px,1668,166.8455,0.081314
2026-08-28 14:34:37.214,captures/20260828_143150,mm_per_px,1669,166.9486,0.075482
2026-08-28 14:34:37.311,captures/20260828_143150,mm_per_px,1670,167.0452,0.058878
2026-08-28 14:34:37.408,captures/20260828_143150,mm_per_px,1671,167.1421,0.074797
2026-08-28 14:34:37.512,captures/20260828_143150,mm_per_px,1672,167.2467,0.102138
2026-08-28 14:34:37.667,captures/20260828_143150,mm_per_px,1673,167.4011,0.114466
2026-08-28 14:34:37.726,captures/20260828_143150,mm_per_px,1674,167.4603,0.100819
2026-08-28 14:34:37.861,captures/20260828_143150,mm_per_px,1675,167.5956,0.099920
2026-08-28 14:34:37.917,captures/20260828_143150,mm_per_px,1676,167.6510,0.087151
2026-08-28 14:34:38.063,captures/20260828_143150,mm_per_px,1677,167.7975,0.092627
2026-08-28 14:34:38.139,captures/20260828_143150,mm_per_px,1678,167.8735,0.103455
2026-08-28 14:34:38.207,captures/20260828_143150,mm_per_px,1679,167.9418,0.086084
2026-08-28 14:34:38.307,captures/20260828_143150,mm_per_px,1680,168.0417,0.110580
2026-08-28 14:34:38.407,captures/20260828_143150,mm_per_px,1681,168.1418,0.108494
2026-08-28 14:34:38.507,captures/20260828_143150,mm_per_px,1682,168.2419,0.085079
2026-08-28 14:34:38.607,captures/20260828_143150,mm_per_px,1683,168.3414,0.071258
2026-08-28 14:34:38.708,captures/20260828_143150,mm_per_px,1684,168.4421,0.088756
2026-08-28 14:34:38.807,captures/20260828_143150,mm_per_px,1685,168.5416,0.146532
2026-08-28 14:34:38.908,captures/20260828_143150,mm_per_px,1686,168.6420,0.209675
2026-08-28 14:34:39.013,captures/20260828_143150,mm_per_px,1687,168.7477,0.254533
2026-08-28 14:34:39.107,captures/20260828_143150,mm_per_px,1688,168.8419,0.245585
2026-08-28 14:34:39.208,captures/20260828_143150,mm_per_px,1689,168.9427,0.259946
2026-08-28 14:34:39.307,captures/20260828_143150,mm_per_px,1690,169.0413,0.238330
2026-08-28 14:34:39.408,captures/20260828_143150,mm_per_px,1691,169.1426,0.252102
2026-08-28 14:34:39.507,captures/20260828_143150,mm_per_px,1692,169.2414,0.247233
2026-08-28 14:34:39.607,captures/20260828_143150,mm_per_px,1693,169.3419,0.280225
2026-08-28 14:34:39.710,captures/20260828_143150,mm_per_px,1694,169.4445,0.282155
2026-08-28 14:34:39.861,captures/20260828_143150,mm_per_px,1695,169.5954,0.298629
2026-08-28 14:34:39.907,captures/20260828_143150,mm_per_px,1696,169.6419,0.286385
2026-08-28 14:34:40.012,captures/20260828_143150,mm_per_px,1697,169.7463,0.297604
2026-08-28 14:34:40.108,captures/20260828_143150,mm_per_px,1698,169.8425,0.295480
2026-08-28 14:34:40.250,captures/20260828_143150,mm_per_px,1699,169.9846,0.224222
2026-08-28 14:34:40.322,captures/20260828_143150,mm_per_px,1700,170.0563,0.209090
2026-08-28 14:34:40.408,captures/20260828_143150,mm_per_px,1701,170.1420,0.200865
2026-08-28 14:34:40.507,captures/20260828_143150,mm_per_px,1702,170.2411,0.173660
2026-08-28 14:34:40.608,captures/20260828_143150,mm_per_px,1703,170.3422,0.137335
2026-08-28 14:34:40.707,captures/20260828_143150,mm_per_px,1704,170.4412,0.103427
2026-08-28 14:34:40.807,captures/20260828_143150,mm_per_px,1705,170.5414,0.064261
2026-08-28 14:34:40.907,captures/20260828_143150,mm_per_px,1706,170.6416,0.063950
2026-08-28 14:34:41.008,captures/20260828_143150,mm_per_px,1707,170.7429,0.071372
2026-08-28 14:34:41.153,captures/20260828_143150,mm_per_px,1708,170.8870,0.080003
2026-08-28 14:34:41.227,captures/20260828_143150,mm_per_px,1709,170.9613,0.081592
2026-08-28 14:34:41.362,captures/20260828_143150,mm_per_px,1710,171.0964,0.075048
2026-08-28 14:34:41.430,captures/20260828_143150,mm_per_px,1711,171.1648,0.060808
2026-08-28 14:34:41.507,captures/20260828_143150,mm_per_px,1712,171.2416,0.048800
2026-08-28 14:34:41.607,captures/20260828_143150,mm_per_px,1713,171.3411,0.043425
2026-08-28 14:34:41.709,captures/20260828_143150,mm_per_px,1714,171.4435,0.055423
2026-08-28 14:34:41.808,captures/20260828_143150,mm_per_px,1715,171.5421,0.064649
2026-08-28 14:34:41.948,captures/20260828_143150,mm_per_px,1716,171.6828,0.048953
2026-08-28 14:34:42.021,captures/20260828_143150,mm_per_px,1717,171.7553,0.071207
2026-08-28 14:34:42.153,captures/20260828_143150,mm_per_px,1718,171.8871,0.091326
2026-08-28 14:34:42.207,captures/20260828_143150,mm_per_px,1719,171.9410,0.065909
2026-08-28 14:34:42.307,captures/20260828_143150,mm_per_px,1720,172.0410,0.068599
2026-08-28 14:34:42.412,captures/20260828_143150,mm_per_px,1721,172.1469,0.094839
2026-08-28 14:34:42.551,captures/20260828_143150,mm_per_px,1722,172.2852,0.129149
2026-08-28 14:34:42.611,captures/20260828_143150,mm_per_px,1723,172.3451,0.127736
2026-08-28 14:34:42.709,captures/20260828_143150,mm_per_px,1724,172.4439,0.151631
2026-08-28 14:34:42.860,captures/20260828_143150,mm_per_px,1725,172.5948,0.154158
2026-08-28 14:34:42.927,captures/20260828_143150,mm_per_px,1726,172.6618,0.145153
2026-08-28 14:34:43.007,captures/20260828_143150,mm_per_px,1727,172.7413,0.190191
2026-08-28 14:34:43.110,captures/20260828_143150,mm_per_px,1728,172.8445,0.224445
2026-08-28 14:34:43.208,captures/20260828_143150,mm_per_px,1729,172.9422,0.232479
2026-08-28 14:34:43.309,captures/20260828_143150,mm_per_px,1730,173.0437,0.234288
2026-08-28 14:34:43.452,captures/20260828_143150,mm_per_px,1731,173.1862,0.239886
2026-08-28 14:34:43.520,captures/20260828_143150,mm_per_px,1732,173.2541,0.226888
2026-08-28 14:34:43.660,captures/20260828_143150,mm_per_px,1733,173.3940,0.214964
2026-08-28 14:34:43.707,captures/20260828_143150,mm_per_px,1734,173.4415,0.171978
2026-08-28 14:34:43.808,captures/20260828_143150,mm_per_px,1735,173.5420,0.147868
2026-08-28 14:34:43.909,captures/20260828_143150,mm_per_px,1736,173.6438,0.183222
2026-08-28 14:34:44.054,captures/20260828_143150,mm_per_px,1737,173.7882,0.154967
2026-08-28 14:34:44.113,captures/20260828_143150,mm_per_px,1738,173.8470,0.165311
2026-08-28 14:34:44.209,captures/20260828_143150,mm_per_px,1739,173.9430,0.179149
2026-08-28 14:34:44.311,captures/20260828_143150,mm_per_px,1740,174.0457,0.147357
2026-08-28 14:34:44.407,captures/20260828_143150,mm_per_px,1741,174.1416,0.088815
2026-08-28 14:34:44.507,captures/20260828_143150,mm_per_px,1742,174.2419,0.147596
2026-08-28 14:34:44.608,captures/20260828_143150,mm_per_px,1743,174.3420,0.193254
2026-08-28 14:34:44.711,captures/20260828_143150,mm_per_px,1744,174.4455,0.192138
2026-08-28 14:34:44.809,captures/20260828_143150,mm_per_px,1745,174.5430,0.171844
2026-08-28 14:34:44.911,captures/20260828_143150,mm_per_px,1746,174.6450,0.179042
2026-08-28 14:34:45.009,captures/20260828_143150,mm_per_px,1747,174.7430,0.216454
2026-08-28 14:34:45.110,captures/20260828_143150,mm_per_px,1748,174.8440,0.224699
2026-08-28 14:34:45.208,captures/20260828_143150,mm_per_px,1749,174.9420,0.242306
2026-08-28 14:34:45.309,captures/20260828_143150,mm_per_px,1750,175.0438,0.317627
2026-08-28 14:34:45.461,captures/20260828_143150,mm_per_px,1751,175.1954,0.342920
2026-08-28 14:34:45.527,captures/20260828_143150,mm_per_px,1752,175.2618,0.339294
2026-08-28 14:34:45.653,captures/20260828_143150,mm_per_px,1753,175.3873,0.374021
2026-08-28 14:34:45.707,captures/20260828_143150,mm_per_px,1754,175.4413,0.381646
2026-08-28 14:34:45.809,captures/20260828_143150,mm_per_px,1755,175.5434,0.378007
2026-08-28 14:34:45.908,captures/20260828_143150,mm_per_px,1756,175.6423,0.351911
2026-08-28 14:34:46.008,captures/20260828_143150,mm_per_px,1757,175.7420,0.448908
2026-08-28 14:34:46.110,captures/20260828_143150,mm_per_px,1758,175.8442,0.404205
2026-08-28 14:34:46.211,captures/20260828_143150,mm_per_px,1759,175.9456,0.393971
2026-08-28 14:34:46.314,captures/20260828_143150,mm_per_px,1760,176.0489,0.424038
2026-08-28 14:34:46.408,captures/20260828_143150,mm_per_px,1761,176.1424,0.354960
2026-08-28 14:34:46.508,captures/20260828_143150,mm_per_px,1762,176.2426,0.394352
2026-08-28 14:34:46.656,captures/20260828_143150,mm_per_px,1763,176.3906,0.432736
2026-08-28 14:34:46.754,captures/20260828_143150,mm_per_px,1764,176.4880,0.381348
2026-08-28 14:34:46.809,captures/20260828_143150,mm_per_px,1765,176.5434,0.418819
2026-08-28 14:34:46.908,captures/20260828_143150,mm_per_px,1766,176.6424,0.433100
2026-08-28 14:34:47.011,captures/20260828_143150,mm_per_px,1767,176.7456,0.519976
2026-08-28 14:34:47.107,captures/20260828_143150,mm_per_px,1768,176.8416,0.489994
2026-08-28 14:34:47.212,captures/20260828_143150,mm_per_px,1769,176.9467,0.411748
2026-08-28 14:34:47.307,captures/20260828_143150,mm_per_px,1770,177.0413,0.363877
2026-08-28 14:34:47.408,captures/20260828_143150,mm_per_px,1771,177.1426,0.343579
2026-08-28 14:34:47.508,captures/20260828_143150,mm_per_px,1772,177.2428,0.349629
2026-08-28 14:34:47.651,captures/20260828_143150,mm_per_px,1773,177.3855,0.379905
2026-08-28 14:34:47.707,captures/20260828_143150,mm_per_px,1774,177.4413,0.346697
2026-08-28 14:34:47.809,captures/20260828_143150,mm_per_px,1775,177.5435,0.320673
2026-08-28 14:34:47.907,captures/20260828_143150,mm_per_px,1776,177.6415,0.283255
2026-08-28 14:34:48.007,captures/20260828_143150,mm_per_px,1777,177.7414,0.223185
2026-08-28 14:34:48.109,captures/20260828_143150,mm_per_px,1778,177.8433,0.267325
2026-08-28 14:34:48.260,captures/20260828_143150,mm_per_px,1779,177.9944,0.281058
2026-08-28 14:34:48.318,captures/20260828_143150,mm_per_px,1780,178.0522,0.324148
2026-08-28 14:34:48.408,captures/20260828_143150,mm_per_px,1781,178.1422,0.317976
2026-08-28 14:34:48.507,captures/20260828_143150,mm_per_px,1782,178.2411,0.325336
2026-08-28 14:34:48.657,captures/20260828_143150,mm_per_px,1783,178.3916,0.294516
2026-08-28 14:34:48.706,captures/20260828_143150,mm_per_px,1784,178.4408,0.322674
2026-08-28 14:34:48.811,captures/20260828_143150,mm_per_px,1785,178.5454,0.314969
2026-08-28 14:34:48.907,captures/20260828_143150,mm_per_px,1786,178.6419,0.381623
2026-08-28 14:34:49.007,captures/20260828_143150,mm_per_px,1787,178.7416,0.378374
2026-08-28 14:34:49.107,captures/20260828_143150,mm_per_px,1788,178.8419,0.344229
2026-08-28 14:34:49.210,captures/20260828_143150,mm_per_px,1789,178.9442,0.361307
2026-08-28 14:34:49.307,captures/20260828_143150,mm_per_px,1790,179.0412,0.455585
2026-08-28 14:34:49.412,captures/20260828_143150,mm_per_px,1791,179.1466,0.459612
2026-08-28 14:34:49.514,captures/20260828_143150,mm_per_px,1792,179.2487,0.505926
2026-08-28 14:34:49.608,captures/20260828_143150,mm_per_px,1793,179.3427,0.426389
2026-08-28 14:34:49.751,captures/20260828_143150,mm_per_px,1794,179.4858,0.342559
2026-08-28 14:34:49.858,captures/20260828_143150,mm_per_px,1795,179.5922,0.340943
2026-08-28 14:34:49.928,captures/20260828_143150,mm_per_px,1796,179.6626,0.352827
2026-08-28 14:34:50.008,captures/20260828_143150,mm_per_px,1797,179.7422,0.379623
2026-08-28 14:34:50.152,captures/20260828_143150,mm_per_px,1798,179.8868,0.449556
2026-08-28 14:34:50.224,captures/20260828_143150,mm_per_px,1799,179.9582,0.484113
2026-08-28 14:34:50.309,captures/20260828_143150,mm_per_px,1800,180.0438,0.453989
2026-08-28 14:34:50.455,captures/20260828_143150,mm_per_px,1801,180.1897,0.492178
2026-08-28 14:34:50.522,captures/20260828_143150,mm_per_px,1802,180.2561,0.463241
2026-08-28 14:34:50.608,captures/20260828_143150,mm_per_px,1803,180.3420,0.584748
2026-08-28 14:34:50.710,captures/20260828_143150,mm_per_px,1804,180.4443,0.557116
2026-08-28 14:34:50.808,captures/20260828_143150,mm_per_px,1805,180.5420,0.633961
2026-08-28 14:34:50.960,captures/20260828_143150,mm_per_px,1806,180.6940,0.612269
2026-08-28 14:34:51.028,captures/20260828_143150,mm_per_px,1807,180.7625,0.500031
2026-08-28 14:34:51.108,captures/20260828_143150,mm_per_px,1808,180.8426,0.533462
2026-08-28 14:34:51.210,captures/20260828_143150,mm_per_px,1809,180.9444,0.586688
2026-08-28 14:34:51.309,captures/20260828_143150,mm_per_px,1810,181.0434,0.550238
2026-08-28 14:34:51.451,captures/20260828_143150,mm_per_px,1811,181.1855,0.491824
2026-08-28 14:34:51.509,captures/20260828_143150,mm_per_px,1812,181.2431,0.461414
2026-08-28 14:34:51.657,captures/20260828_143150,mm_per_px,1813,181.3915,0.399970
2026-08-28 14:34:51.730,captures/20260828_143150,mm_per_px,1814,181.4649,0.356756
2026-08-28 14:34:51.851,captures/20260828_143150,mm_per_px,1815,181.5858,0.377313
2026-08-28 14:34:51.925,captures/20260828_143150,mm_per_px,1816,181.6591,0.400478
2026-08-28 14:34:52.008,captures/20260828_143150,mm_per_px,1817,181.7425,0.346784
2026-08-28 14:34:52.158,captures/20260828_143150,mm_per_px,1818,181.8924,0.329442
2026-08-28 14:34:52.235,captures/20260828_143150,mm_per_px,1819,181.9696,0.350582
2026-08-28 14:34:52.350,captures/20260828_143150,mm_per_px,1820,182.0848,0.398958
2026-08-28 14:34:52.415,captures/20260828_143150,mm_per_px,1821,182.1497,0.329522
2026-08-28 14:34:52.560,captures/20260828_143150,mm_per_px,1822,182.2941,0.431357
2026-08-28 14:34:52.636,captures/20260828_143150,mm_per_px,1823,182.3707,0.450964
2026-08-28 14:34:52.709,captures/20260828_143150,mm_per_px,1824,182.4430,0.408437
2026-08-28 14:34:52.807,captures/20260828_143150,mm_per_px,1825,182.5416,0.392271
2026-08-28 14:34:52.907,captures/20260828_143150,mm_per_px,1826,182.6413,0.456889
2026-08-28 14:34:53.007,captures/20260828_143150,mm_per_px,1827,182.7417,0.489837
2026-08-28 14:34:53.109,captures/20260828_143150,mm_per_px,1828,182.8439,0.561781
2026-08-28 14:34:53.208,captures/20260828_143150,mm_per_px,1829,182.9421,0.592185
2026-08-28 14:34:53.311,captures/20260828_143150,mm_per_px,1830,183.0456,0.489090
2026-08-28 14:34:53.409,captures/20260828_143150,mm_per_px,1831,183.1435,0.403982
2026-08-28 14:34:53.510,captures/20260828_143150,mm_per_px,1832,183.2444,0.383943
2026-08-28 14:34:53.664,captures/20260828_143150,mm_per_px,1833,183.3981,0.406364
2026-08-28 14:34:53.741,captures/20260828_143150,mm_per_px,1834,183.4752,0.405023
2026-08-28 14:34:53.860,captures/20260828_143150,mm_per_px,1835,183.5943,0.508705
2026-08-28 14:34:53.910,captures/20260828_143150,mm_per_px,1836,183.6442,0.452362
2026-08-28 14:34:54.062,captures/20260828_143150,mm_per_px,1837,183.7969,0.395359
2026-08-28 14:34:54.125,captures/20260828_143150,mm_per_px,1838,183.8592,0.431294
2026-08-28 14:34:54.207,captures/20260828_143150,mm_per_px,1839,183.9416,0.488716
2026-08-28 14:34:54.307,captures/20260828_143150,mm_per_px,1840,184.0412,0.407162
2026-08-28 14:34:54.408,captures/20260828_143150,mm_per_px,1841,184.1428,0.402724
2026-08-28 14:34:54.511,captures/20260828_143150,mm_per_px,1842,184.2451,0.420145
2026-08-28 14:34:54.651,captures/20260828_143150,mm_per_px,1843,184.3857,0.430439
2026-08-28 14:34:54.725,captures/20260828_143150,mm_per_px,1844,184.4598,0.445576
2026-08-28 14:34:54.853,captures/20260828_143150,mm_per_px,1845,184.5876,0.438352
2026-08-28 14:34:54.919,captures/20260828_143150,mm_per_px,1846,184.6539,0.381449
2026-08-28 14:34:55.058,captures/20260828_143150,mm_per_px,1847,184.7927,0.380806
2026-08-28 14:34:55.118,captures/20260828_143150,mm_per_px,1848,184.8525,0.345549
2026-08-28 14:34:55.209,captures/20260828_143150,mm_per_px,1849,184.9432,0.365218
2026-08-28 14:34:55.357,captures/20260828_143150,mm_per_px,1850,185.0911,0.367957
2026-08-28 14:34:55.425,captures/20260828_143150,mm_per_px,1851,185.1598,0.356131
2026-08-28 14:34:55.508,captures/20260828_143150,mm_per_px,1852,185.2423,0.413167
2026-08-28 14:34:55.608,captures/20260828_143150,mm_per_px,1853,185.3427,0.442636
2026-08-28 14:34:55.712,captures/20260828_143150,mm_per_px,1854,185.4466,0.435010
2026-08-28 14:34:55.813,captures/20260828_143150,mm_per_px,1855,185.5472,0.475531
2026-08-28 14:34:55.909,captures/20260828_143150,mm_per_px,1856,185.6439,0.364565
2026-08-28 14:34:56.007,captures/20260828_143150,mm_per_px,1857,185.7419,0.308078
2026-08-28 14:34:56.107,captures/20260828_143150,mm_per_px,1858,185.8417,0.349954
2026-08-28 14:34:56.208,captures/20260828_143150,mm_per_px,1859,185.9426,0.428786
2026-08-28 14:34:56.308,captures/20260828_143150,mm_per_px,1860,186.0428,0.474125
2026-08-28 14:34:56.407,captures/20260828_143150,mm_per_px,1861,186.1419,0.501580
2026-08-28 14:34:56.510,captures/20260828_143150,mm_per_px,1862,186.2440,0.515845
2026-08-28 14:34:56.611,captures/20260828_143150,mm_per_px,1863,186.3450,0.489276
2026-08-28 14:34:56.710,captures/20260828_143150,mm_per_px,1864,186.4445,0.442772
2026-08-28 14:34:56.859,captures/20260828_143150,mm_per_px,1865,186.5938,0.419366
2026-08-28 14:34:56.933,captures/20260828_143150,mm_per_px,1866,186.6671,0.343962
2026-08-28 14:34:57.007,captures/20260828_143150,mm_per_px,1867,186.7419,0.352275
2026-08-28 14:34:57.163,captures/20260828_143150,mm_per_px,1868,186.8979,0.421369
2026-08-28 14:34:57.225,captures/20260828_143150,mm_per_px,1869,186.9593,0.478733
2026-08-28 14:34:57.307,captures/20260828_143150,mm_per_px,1870,187.0415,0.471160
2026-08-28 14:34:57.456,captures/20260828_143150,mm_per_px,1871,187.1904,0.512716
2026-08-28 14:34:57.532,captures/20260828_143150,mm_per_px,1872,187.2660,0.517090
2026-08-28 14:34:57.648,captures/20260828_143150,mm_per_px,1873,187.3829,0.441249
2026-08-28 14:34:57.727,captures/20260828_143150,mm_per_px,1874,187.4618,0.430944
2026-08-28 14:34:57.814,captures/20260828_143150,mm_per_px,1875,187.5485,0.433096
2026-08-28 14:34:57.911,captures/20260828_143150,mm_per_px,1876,187.6452,0.415396
2026-08-28 14:34:58.011,captures/20260828_143150,mm_per_px,1877,187.7450,0.478545
2026-08-28 14:34:58.114,captures/20260828_143150,mm_per_px,1878,187.8481,0.533480
2026-08-28 14:34:58.213,captures/20260828_143150,mm_per_px,1879,187.9476,0.518378
2026-08-28 14:34:58.359,captures/20260828_143150,mm_per_px,1880,188.0936,0.531484
2026-08-28 14:34:58.424,captures/20260828_143150,mm_per_px,1881,188.1580,0.484729
2026-08-28 14:34:58.553,captures/20260828_143150,mm_per_px,1882,188.2875,0.524710
2026-08-28 14:34:58.608,captures/20260828_143150,mm_per_px,1883,188.3421,0.454521
2026-08-28 14:34:58.708,captures/20260828_143150,mm_per_px,1884,188.4423,0.507150
2026-08-28 14:34:58.809,captures/20260828_143150,mm_per_px,1885,188.5435,0.501239
2026-08-28 14:34:58.911,captures/20260828_143150,mm_per_px,1886,188.6450,0.480569
2026-08-28 14:34:59.008,captures/20260828_143150,mm_per_px,1887,188.7420,0.371017
2026-08-28 14:34:59.108,captures/20260828_143150,mm_per_px,1888,188.8428,0.362018
2026-08-28 14:34:59.210,captures/20260828_143150,mm_per_px,1889,188.9443,0.335361
2026-08-28 14:34:59.348,captures/20260828_143150,mm_per_px,1890,189.0823,0.300253
2026-08-28 14:34:59.423,captures/20260828_143150,mm_per_px,1891,189.1571,0.340393
2026-08-28 14:34:59.553,captures/20260828_143150,mm_per_px,1892,189.2872,0.333827
2026-08-28 14:34:59.608,captures/20260828_143150,mm_per_px,1893,189.3421,0.256470
2026-08-28 14:34:59.707,captures/20260828_143150,mm_per_px,1894,189.4411,0.342303
2026-08-28 14:34:59.808,captures/20260828_143150,mm_per_px,1895,189.5422,0.391559
2026-08-28 14:34:59.909,captures/20260828_143150,mm_per_px,1896,189.6430,0.439294
2026-08-28 14:35:00.008,captures/20260828_143150,mm_per_px,1897,189.7426,0.434280
2026-08-28 14:35:00.107,captures/20260828_143150,mm_per_px,1898,189.8415,0.359583
2026-08-28 14:35:00.260,captures/20260828_143150,mm_per_px,1899,189.9944,0.302983
2026-08-28 14:35:00.309,captures/20260828_143150,mm_per_px,1900,190.0439,0.281885
2026-08-28 14:35:00.407,captures/20260828_143150,mm_per_px,1901,190.1417,0.242024
2026-08-28 14:35:00.547,captures/20260828_143150,mm_per_px,1902,190.2814,0.328513
2026-08-28 14:35:00.607,captures/20260828_143150,mm_per_px,1903,190.3415,0.350671
2026-08-28 14:35:00.708,captures/20260828_143150,mm_per_px,1904,190.4426,0.370395
2026-08-28 14:35:00.808,captures/20260828_143150,mm_per_px,1905,190.5423,0.354951
2026-08-28 14:35:00.908,captures/20260828_143150,mm_per_px,1906,190.6424,0.339746
2026-08-28 14:35:01.009,captures/20260828_143150,mm_per_px,1907,190.7437,0.274527
2026-08-28 14:35:01.108,captures/20260828_143150,mm_per_px,1908,190.8427,0.266079
2026-08-28 14:35:01.209,captures/20260828_143150,mm_per_px,1909,190.9433,0.270548
2026-08-28 14:35:01.308,captures/20260828_143150,mm_per_px,1910,191.0420,0.265842
2026-08-28 14:35:01.408,captures/20260828_143150,mm_per_px,1911,191.1428,0.252338
2026-08-28 14:35:01.551,captures/20260828_143150,mm_per_px,1912,191.2852,0.244777
2026-08-28 14:35:01.649,captures/20260828_143150,mm_per_px,1913,191.3835,0.202632
2026-08-28 14:35:01.706,captures/20260828_143150,mm_per_px,1914,191.4408,0.237783
2026-08-28 14:35:01.807,captures/20260828_143150,mm_per_px,1915,191.5418,0.275252
2026-08-28 14:35:01.907,captures/20260828_143150,mm_per_px,1916,191.6418,0.296181
2026-08-28 14:35:02.008,captures/20260828_143150,mm_per_px,1917,191.7427,0.276206
2026-08-28 14:35:02.107,captures/20260828_143150,mm_per_px,1918,191.8414,0.233229
2026-08-28 14:35:02.208,captures/20260828_143150,mm_per_px,1919,191.9424,0.211419
2026-08-28 14:35:02.307,captures/20260828_143150,mm_per_px,1920,192.0415,0.222994
2026-08-28 14:35:02.407,captures/20260828_143150,mm_per_px,1921,192.1419,0.280755
2026-08-28 14:35:02.508,captures/20260828_143150,mm_per_px,1922,192.2428,0.218150
2026-08-28 14:35:02.609,captures/20260828_143150,mm_per_px,1923,192.3432,0.215623
2026-08-28 14:35:02.707,captures/20260828_143150,mm_per_px,1924,192.4418,0.243484
2026-08-28 14:35:02.807,captures/20260828_143150,mm_per_px,1925,192.5412,0.228982
2026-08-28 14:35:02.908,captures/20260828_143150,mm_per_px,1926,192.6421,0.264384
2026-08-28 14:35:03.064,captures/20260828_143150,mm_per_px,1927,192.7986,0.294828
2026-08-28 14:35:03.128,captures/20260828_143150,mm_per_px,1928,192.8624,0.264520
2026-08-28 14:35:03.253,captures/20260828_143150,mm_per_px,1929,192.9871,0.310905
2026-08-28 14:35:03.318,captures/20260828_143150,mm_per_px,1930,193.0521,0.320761
2026-08-28 14:35:03.408,captures/20260828_143150,mm_per_px,1931,193.1420,0.248587
2026-08-28 14:35:03.507,captures/20260828_143150,mm_per_px,1932,193.2412,0.198939
2026-08-28 14:35:03.659,captures/20260828_143150,mm_per_px,1933,193.3932,0.142826
2026-08-28 14:35:03.749,captures/20260828_143150,mm_per_px,1934,193.4833,0.168098
2026-08-28 14:35:03.808,captures/20260828_143150,mm_per_px,1935,193.5424,0.161648
2026-08-28 14:35:03.908,captures/20260828_143150,mm_per_px,1936,193.6425,0.174048
2026-08-28 14:35:04.059,captures/20260828_143150,mm_per_px,1937,193.7930,0.202970
2026-08-28 14:35:04.125,captures/20260828_143150,mm_per_px,1938,193.8590,0.197389
2026-08-28 14:35:04.207,captures/20260828_143150,mm_per_px,1939,193.9419,0.176732
2026-08-28 14:35:04.308,captures/20260828_143150,mm_per_px,1940,194.0426,0.162359
2026-08-28 14:35:04.409,captures/20260828_143150,mm_per_px,1941,194.1434,0.215091
2026-08-28 14:35:04.507,captures/20260828_143150,mm_per_px,1942,194.2416,0.178332
2026-08-28 14:35:04.611,captures/20260828_143150,mm_per_px,1943,194.3456,0.208012
2026-08-28 14:35:04.764,captures/20260828_143150,mm_per_px,1944,194.4988,0.204510
2026-08-28 14:35:04.841,captures/20260828_143150,mm_per_px,1945,194.5752,0.189561
2026-08-28 14:35:04.908,captures/20260828_143150,mm_per_px,1946,194.6422,0.162579
2026-08-28 14:35:05.008,captures/20260828_143150,mm_per_px,1947,194.7424,0.147889
2026-08-28 14:35:05.108,captures/20260828_143150,mm_per_px,1948,194.8423,0.180034
2026-08-28 14:35:05.255,captures/20260828_143150,mm_per_px,1949,194.9890,0.212963
2026-08-28 14:35:05.310,captures/20260828_143150,mm_per_px,1950,195.0448,0.208938
2026-08-28 14:35:05.408,captures/20260828_143150,mm_per_px,1951,195.1424,0.205046
2026-08-28 14:35:05.508,captures/20260828_143150,mm_per_px,1952,195.2421,0.222632
2026-08-28 14:35:05.662,captures/20260828_143150,mm_per_px,1953,195.3961,0.195237
2026-08-28 14:35:05.726,captures/20260828_143150,mm_per_px,1954,195.4602,0.198913
2026-08-28 14:35:05.808,captures/20260828_143150,mm_per_px,1955,195.5427,0.206018
2026-08-28 14:35:05.909,captures/20260828_143150,mm_per_px,1956,195.6434,0.207390
2026-08-28 14:35:06.008,captures/20260828_143150,mm_per_px,1957,195.7421,0.229549
2026-08-28 14:35:06.156,captures/20260828_143150,mm_per_px,1958,195.8908,0.206243
2026-08-28 14:35:06.227,captures/20260828_143150,mm_per_px,1959,195.9617,0.191868
2026-08-28 14:35:06.360,captures/20260828_143150,mm_per_px,1960,196.0942,0.139427
2026-08-28 14:35:06.431,captures/20260828_143150,mm_per_px,1961,196.1652,0.147677
2026-08-28 14:35:06.558,captures/20260828_143150,mm_per_px,1962,196.2920,0.163762
2026-08-28 14:35:06.636,captures/20260828_143150,mm_per_px,1963,196.3706,0.180536
2026-08-28 14:35:06.749,captures/20260828_143150,mm_per_px,1964,196.4839,0.184045
2026-08-28 14:35:06.812,captures/20260828_143150,mm_per_px,1965,196.5461,0.190034
2026-08-28 14:35:06.909,captures/20260828_143150,mm_per_px,1966,196.6434,0.109355
2026-08-28 14:35:07.009,captures/20260828_143150,mm_per_px,1967,196.7439,0.063986
2026-08-28 14:35:07.107,captures/20260828_143150,mm_per_px,1968,196.8417,0.056145
2026-08-28 14:35:07.255,captures/20260828_143150,mm_per_px,1969,196.9896,0.050941
2026-08-28 14:35:07.322,captures/20260828_143150,mm_per_px,1970,197.0569,0.054795
2026-08-28 14:35:07.463,captures/20260828_143150,mm_per_px,1971,197.1975,0.065856
2026-08-28 14:35:07.520,captures/20260828_143150,mm_per_px,1972,197.2546,0.079343
2026-08-28 14:35:07.609,captures/20260828_143150,mm_per_px,1973,197.3434,0.106638
2026-08-28 14:35:07.708,captures/20260828_143150,mm_per_px,1974,197.4429,0.141106
2026-08-28 14:35:07.810,captures/20260828_143150,mm_per_px,1975,197.5442,0.163856
2026-08-28 14:35:07.909,captures/20260828_143150,mm_per_px,1976,197.6432,0.143763
2026-08-28 14:35:08.008,captures/20260828_143150,mm_per_px,1977,197.7422,0.120778
2026-08-28 14:35:08.109,captures/20260828_143150,mm_per_px,1978,197.8432,0.109253
2026-08-28 14:35:08.208,captures/20260828_143150,mm_per_px,1979,197.9429,0.120598
2026-08-28 14:35:08.362,captures/20260828_143150,mm_per_px,1980,198.0964,0.123719
2026-08-28 14:35:08.430,captures/20260828_143150,mm_per_px,1981,198.1649,0.133062
2026-08-28 14:35:08.549,captures/20260828_143150,mm_per_px,1982,198.2836,0.130643
2026-08-28 14:35:08.620,captures/20260828_143150,mm_per_px,1983,198.3541,0.129819
2026-08-28 14:35:08.707,captures/20260828_143150,mm_per_px,1984,198.4415,0.128540
2026-08-28 14:35:08.810,captures/20260828_143150,mm_per_px,1985,198.5446,0.159456
2026-08-28 14:35:08.908,captures/20260828_143150,mm_per_px,1986,198.6422,0.143957
2026-08-28 14:35:09.014,captures/20260828_143150,mm_per_px,1987,198.7485,0.149303
2026-08-28 14:35:09.109,captures/20260828_143150,mm_per_px,1988,198.8439,0.126920
2026-08-28 14:35:09.208,captures/20260828_143150,mm_per_px,1989,198.9426,0.134017
2026-08-28 14:35:09.307,captures/20260828_143150,mm_per_px,1990,199.0415,0.127738
2026-08-28 14:35:09.408,captures/20260828_143150,mm_per_px,1991,199.1421,0.142548
2026-08-28 14:35:09.507,captures/20260828_143150,mm_per_px,1992,199.2418,0.143171
2026-08-28 14:35:09.613,captures/20260828_143150,mm_per_px,1993,199.3472,0.157792
2026-08-28 14:35:09.708,captures/20260828_143150,mm_per_px,1994,199.4426,0.165012
2026-08-28 14:35:09.812,captures/20260828_143150,mm_per_px,1995,199.5465,0.187287
2026-08-28 14:35:09.910,captures/20260828_143150,mm_per_px,1996,199.6441,0.180396
2026-08-28 14:35:10.010,captures/20260828_143150,mm_per_px,1997,199.7440,0.165935
2026-08-28 14:35:10.109,captures/20260828_143150,mm_per_px,1998,199.8438,0.170258
2026-08-28 14:35:10.208,captures/20260828_143150,mm_per_px,1999,199.9421,0.165464
2026-08-28 14:35:10.307,captures/20260828_143150,mm_per_px,2000,200.0419,0.159311
2026-08-28 14:35:10.408,captures/20260828_143150,mm_per_px,2001,200.1424,0.197991
2026-08-28 14:35:10.507,captures/20260828_143150,mm_per_px,2002,200.2411,0.166412
2026-08-28 14:35:10.609,captures/20260828_143150,mm_per_px,2003,200.3431,0.142181
2026-08-28 14:35:10.710,captures/20260828_143150,mm_per_px,2004,200.4441,0.134474
2026-08-28 14:35:10.807,captures/20260828_143150,mm_per_px,2005,200.5411,0.146910
2026-08-28 14:35:10.907,captures/20260828_143150,mm_per_px,2006,200.6416,0.211843
2026-08-28 14:35:11.008,captures/20260828_143150,mm_per_px,2007,200.7425,0.261262
2026-08-28 14:35:11.109,captures/20260828_143150,mm_per_px,2008,200.8438,0.259240
2026-08-28 14:35:11.208,captures/20260828_143150,mm_per_px,2009,200.9421,0.262373
2026-08-28 14:35:11.309,captures/20260828_143150,mm_per_px,2010,201.0430,0.223753
2026-08-28 14:35:11.407,captures/20260828_143150,mm_per_px,2011,201.1419,0.189047
2026-08-28 14:35:11.507,captures/20260828_143150,mm_per_px,2012,201.2419,0.225692
2026-08-28 14:35:11.609,captures/20260828_143150,mm_per_px,2013,201.3438,0.249304
2026-08-28 14:35:11.713,captures/20260828_143150,mm_per_px,2014,201.4479,0.266188
2026-08-28 14:35:11.810,captures/20260828_143150,mm_per_px,2015,201.5448,0.213318
2026-08-28 14:35:11.907,captures/20260828_143150,mm_per_px,2016,201.6418,0.233558
2026-08-28 14:35:12.009,captures/20260828_143150,mm_per_px,2017,201.7434,0.241316
2026-08-28 14:35:12.108,captures/20260828_143150,mm_per_px,2018,201.8429,0.171616
2026-08-28 14:35:12.209,captures/20260828_143150,mm_per_px,2019,201.9435,0.171353
2026-08-28 14:35:12.308,captures/20260828_143150,mm_per_px,2020,202.0424,0.161266
2026-08-28 14:35:12.410,captures/20260828_143150,mm_per_px,2021,202.1442,0.180584
2026-08-28 14:35:12.508,captures/20260828_143150,mm_per_px,2022,202.2423,0.216099
2026-08-28 14:35:12.607,captures/20260828_143150,mm_per_px,2023,202.3417,0.207883
2026-08-28 14:35:12.707,captures/20260828_143150,mm_per_px,2024,202.4419,0.226651
2026-08-28 14:35:12.809,captures/20260828_143150,mm_per_px,2025,202.5430,0.256616
2026-08-28 14:35:12.913,captures/20260828_143150,mm_per_px,2026,202.6473,0.176441
2026-08-28 14:35:13.007,captures/20260828_143150,mm_per_px,2027,202.7417,0.204131
2026-08-28 14:35:13.110,captures/20260828_143150,mm_per_px,2028,202.8440,0.210705
2026-08-28 14:35:13.209,captures/20260828_143150,mm_per_px,2029,202.9430,0.214527
2026-08-28 14:35:13.307,captures/20260828_143150,mm_per_px,2030,203.0413,0.237166
2026-08-28 14:35:13.409,captures/20260828_143150,mm_per_px,2031,203.1430,0.305267
2026-08-28 14:35:13.508,captures/20260828_143150,mm_per_px,2032,203.2424,0.285628
2026-08-28 14:35:13.612,captures/20260828_143150,mm_per_px,2033,203.3460,0.264162
2026-08-28 14:35:13.712,captures/20260828_143150,mm_per_px,2034,203.4467,0.291350
2026-08-28 14:35:13.812,captures/20260828_143150,mm_per_px,2035,203.5469,0.354698
2026-08-28 14:35:13.909,captures/20260828_143150,mm_per_px,2036,203.6432,0.391549
2026-08-28 14:35:14.008,captures/20260828_143150,mm_per_px,2037,203.7424,0.357231
2026-08-28 14:35:14.107,captures/20260828_143150,mm_per_px,2038,203.8415,0.360265
2026-08-28 14:35:14.213,captures/20260828_143150,mm_per_px,2039,203.9470,0.365116
2026-08-28 14:35:14.307,captures/20260828_143150,mm_per_px,2040,204.0416,0.342619
2026-08-28 14:35:14.406,captures/20260828_143150,mm_per_px,2041,204.1407,0.375823
2026-08-28 14:35:14.509,captures/20260828_143150,mm_per_px,2042,204.2430,0.319901
2026-08-28 14:35:14.607,captures/20260828_143150,mm_per_px,2043,204.3413,0.360438
2026-08-28 14:35:14.707,captures/20260828_143150,mm_per_px,2044,204.4414,0.397519
2026-08-28 14:35:14.808,captures/20260828_143150,mm_per_px,2045,204.5424,0.324198
2026-08-28 14:35:14.908,captures/20260828_143150,mm_per_px,2046,204.6422,0.287001
2026-08-28 14:35:15.007,captures/20260828_143150,mm_per_px,2047,204.7414,0.263945
2026-08-28 14:35:15.108,captures/20260828_143150,mm_per_px,2048,204.8426,0.251970
2026-08-28 14:35:15.210,captures/20260828_143150,mm_per_px,2049,204.9444,0.222548
2026-08-28 14:35:15.308,captures/20260828_143150,mm_per_px,2050,205.0422,0.276102
2026-08-28 14:35:15.453,captures/20260828_143150,mm_per_px,2051,205.1874,0.311076
2026-08-28 14:35:15.515,captures/20260828_143150,mm_per_px,2052,205.2491,0.293897
2026-08-28 14:35:15.611,captures/20260828_143150,mm_per_px,2053,205.3456,0.287979
2026-08-28 14:35:15.710,captures/20260828_143150,mm_per_px,2054,205.4441,0.217860
2026-08-28 14:35:15.808,captures/20260828_143150,mm_per_px,2055,205.5428,0.192849
2026-08-28 14:35:15.908,captures/20260828_143150,mm_per_px,2056,205.6424,0.128805
2026-08-28 14:35:16.013,captures/20260828_143150,mm_per_px,2057,205.7471,0.155625
2026-08-28 14:35:16.110,captures/20260828_143150,mm_per_px,2058,205.8449,0.151086
2026-08-28 14:35:16.212,captures/20260828_143150,mm_per_px,2059,205.9463,0.128567
2026-08-28 14:35:16.309,captures/20260828_143150,mm_per_px,2060,206.0430,0.143836
2026-08-28 14:35:16.407,captures/20260828_143150,mm_per_px,2061,206.1418,0.117990
2026-08-28 14:35:16.507,captures/20260828_143150,mm_per_px,2062,206.2414,0.120817
2026-08-28 14:35:16.608,captures/20260828_143150,mm_per_px,2063,206.3429,0.113945
2026-08-28 14:35:16.707,captures/20260828_143150,mm_per_px,2064,206.4417,0.116674
2026-08-28 14:35:16.809,captures/20260828_143150,mm_per_px,2065,206.5432,0.108584
2026-08-28 14:35:16.910,captures/20260828_143150,mm_per_px,2066,206.6442,0.103908
2026-08-28 14:35:17.012,captures/20260828_143150,mm_per_px,2067,206.7467,0.083568
2026-08-28 14:35:17.108,captures/20260828_143150,mm_per_px,2068,206.8423,0.058350
2026-08-28 14:35:17.207,captures/20260828_143150,mm_per_px,2069,206.9415,0.042016
2026-08-28 14:35:17.310,captures/20260828_143150,mm_per_px,2070,207.0449,0.037935
2026-08-28 14:35:17.409,captures/20260828_143150,mm_per_px,2071,207.1438,0.063834
2026-08-28 14:35:17.508,captures/20260828_143150,mm_per_px,2072,207.2426,0.073247
2026-08-28 14:35:17.609,captures/20260828_143150,mm_per_px,2073,207.3438,0.073239
2026-08-28 14:35:17.708,captures/20260828_143150,mm_per_px,2074,207.4422,0.090653
2026-08-28 14:35:17.809,captures/20260828_143150,mm_per_px,2075,207.5431,0.104776
2026-08-28 14:35:17.907,captures/20260828_143150,mm_per_px,2076,207.6418,0.086428
2026-08-28 14:35:18.009,captures/20260828_143150,mm_per_px,2077,207.7435,0.077005
2026-08-28 14:35:18.107,captures/20260828_143150,mm_per_px,2078,207.8418,0.089043
2026-08-28 14:35:18.211,captures/20260828_143150,mm_per_px,2079,207.9456,0.108815
2026-08-28 14:35:18.308,captures/20260828_143150,mm_per_px,2080,208.0429,0.120168
2026-08-28 14:35:18.407,captures/20260828_143150,mm_per_px,2081,208.1416,0.066917
2026-08-28 14:35:18.507,captures/20260828_143150,mm_per_px,2082,208.2418,0.071855
2026-08-28 14:35:18.610,captures/20260828_143150,mm_per_px,2083,208.3449,0.052470
2026-08-28 14:35:18.711,captures/20260828_143150,mm_per_px,2084,208.4456,0.041656
2026-08-28 14:35:18.811,captures/20260828_143150,mm_per_px,2085,208.5459,0.062009
2026-08-28 14:35:18.912,captures/20260828_143150,mm_per_px,2086,208.6466,0.044699
2026-08-28 14:35:19.011,captures/20260828_143150,mm_per_px,2087,208.7454,0.039324
2026-08-28 14:35:19.112,captures/20260828_143150,mm_per_px,2088,208.8468,0.034923
2026-08-28 14:35:19.210,captures/20260828_143150,mm_per_px,2089,208.9441,0.031536
2026-08-28 14:35:19.308,captures/20260828_143150,mm_per_px,2090,209.0420,0.058802
2026-08-28 14:35:19.408,captures/20260828_143150,mm_per_px,2091,209.1426,0.072604
2026-08-28 14:35:19.511,captures/20260828_143150,mm_per_px,2092,209.2451,0.066181
2026-08-28 14:35:19.612,captures/20260828_143150,mm_per_px,2093,209.3462,0.064784
2026-08-28 14:35:19.707,captures/20260828_143150,mm_per_px,2094,209.4412,0.086890
2026-08-28 14:35:19.808,captures/20260828_143150,mm_per_px,2095,209.5424,0.063210
2026-08-28 14:35:19.910,captures/20260828_143150,mm_per_px,2096,209.6444,0.058312
2026-08-28 14:35:20.008,captures/20260828_143150,mm_per_px,2097,209.7423,0.042331
2026-08-28 14:35:20.108,captures/20260828_143150,mm_per_px,2098,209.8425,0.042601
2026-08-28 14:35:20.209,captures/20260828_143150,mm_per_px,2099,209.9430,0.032744
2026-08-28 14:35:20.307,captures/20260828_143150,mm_per_px,2100,210.0418,0.030931
2026-08-28 14:35:20.410,captures/20260828_143150,mm_per_px,2101,210.1449,0.021810
2026-08-28 14:35:20.508,captures/20260828_143150,mm_per_px,2102,210.2422,0.039447
2026-08-28 14:35:20.608,captures/20260828_143150,mm_per_px,2103,210.3421,0.064706
2026-08-28 14:35:20.710,captures/20260828_143150,mm_per_px,2104,210.4447,0.080109
2026-08-28 14:35:20.810,captures/20260828_143150,mm_per_px,2105,210.5444,0.085767
2026-08-28 14:35:20.913,captures/20260828_143150,mm_per_px,2106,210.6472,0.083865
2026-08-28 14:35:21.009,captures/20260828_143150,mm_per_px,2107,210.7439,0.072185
2026-08-28 14:35:21.108,captures/20260828_143150,mm_per_px,2108,210.8426,0.045987
2026-08-28 14:35:21.209,captures/20260828_143150,mm_per_px,2109,210.9432,0.033790
2026-08-28 14:35:21.306,captures/20260828_143150,mm_per_px,2110,211.0404,0.026574
2026-08-28 14:35:21.407,captures/20260828_143150,mm_per_px,2111,211.1418,0.030214
2026-08-28 14:35:21.507,captures/20260828_143150,mm_per_px,2112,211.2413,0.029808
2026-08-28 14:35:21.607,captures/20260828_143150,mm_per_px,2113,211.3412,0.032149
2026-08-28 14:35:21.708,captures/20260828_143150,mm_per_px,2114,211.4425,0.037552
2026-08-28 14:35:21.807,captures/20260828_143150,mm_per_px,2115,211.5415,0.041866
2026-08-28 14:35:21.907,captures/20260828_143150,mm_per_px,2116,211.6416,0.034200
2026-08-28 14:35:22.010,captures/20260828_143150,mm_per_px,2117,211.7441,0.021211
2026-08-28 14:35:22.111,captures/20260828_143150,mm_per_px,2118,211.8459,0.026985
2026-08-28 14:35:22.208,captures/20260828_143150,mm_per_px,2119,211.9424,0.018499
2026-08-28 14:35:22.309,captures/20260828_143150,mm_per_px,2120,212.0438,0.026643
2026-08-28 14:35:22.408,captures/20260828_143150,mm_per_px,2121,212.1422,0.098617
2026-08-28 14:35:22.507,captures/20260828_143150,mm_per_px,2122,212.2417,0.112417
2026-08-28 14:35:22.607,captures/20260828_143150,mm_per_px,2123,212.3416,0.111059
2026-08-28 14:35:22.707,captures/20260828_143150,mm_per_px,2124,212.4412,0.057713
2026-08-28 14:35:22.807,captures/20260828_143150,mm_per_px,2125,212.5413,0.021871
2026-08-28 14:35:22.907,captures/20260828_143150,mm_per_px,2126,212.6418,0.008706
2026-08-28 14:35:23.007,captures/20260828_143150,mm_per_px,2127,212.7416,0.001227
2026-08-28 14:35:23.109,captures/20260828_143150,mm_per_px,2128,212.8431,0.001546
2026-08-28 14:35:23.207,captures/20260828_143150,mm_per_px,2129,212.9416,0.003943
2026-08-28 14:35:23.307,captures/20260828_143150,mm_per_px,2130,213.0419,0.005095
2026-08-28 14:35:23.407,captures/20260828_143150,mm_per_px,2131,213.1418,0.007499
2026-08-28 14:35:23.507,captures/20260828_143150,mm_per_px,2132,213.2413,0.008228
2026-08-28 14:35:23.607,captures/20260828_143150,mm_per_px,2133,213.3418,0.006808
2026-08-28 14:35:23.707,captures/20260828_143150,mm_per_px,2134,213.4416,0.023834
2026-08-28 14:35:23.807,captures/20260828_143150,mm_per_px,2135,213.5411,0.025135
2026-08-28 14:35:23.908,captures/20260828_143150,mm_per_px,2136,213.6429,0.040126
2026-08-28 14:35:24.007,captures/20260828_143150,mm_per_px,2137,213.7414,0.053791
2026-08-28 14:35:24.107,captures/20260828_143150,mm_per_px,2138,213.8417,0.033929
2026-08-28 14:35:24.208,captures/20260828_143150,mm_per_px,2139,213.9424,0.079288
2026-08-28 14:35:24.309,captures/20260828_143150,mm_per_px,2140,214.0439,0.115420
2026-08-28 14:35:24.408,captures/20260828_143150,mm_per_px,2141,214.1423,0.127838
2026-08-28 14:35:24.508,captures/20260828_143150,mm_per_px,2142,214.2420,0.140431
2026-08-28 14:35:24.612,captures/20260828_143150,mm_per_px,2143,214.3464,0.136471
2026-08-28 14:35:24.709,captures/20260828_143150,mm_per_px,2144,214.4431,0.100383
2026-08-28 14:35:24.811,captures/20260828_143150,mm_per_px,2145,214.5452,0.084049
2026-08-28 14:35:24.910,captures/20260828_143150,mm_per_px,2146,214.6447,0.059596
2026-08-28 14:35:25.012,captures/20260828_143150,mm_per_px,2147,214.7464,0.050251
2026-08-28 14:35:25.111,captures/20260828_143150,mm_per_px,2148,214.8456,0.037221
2026-08-28 14:35:25.209,captures/20260828_143150,mm_per_px,2149,214.9432,0.020470
2026-08-28 14:35:25.308,captures/20260828_143150,mm_per_px,2150,215.0421,0.017364
2026-08-28 14:35:25.410,captures/20260828_143150,mm_per_px,2151,215.1449,0.012661
2026-08-28 14:35:25.509,captures/20260828_143150,mm_per_px,2152,215.2438,0.015979
2026-08-28 14:35:25.610,captures/20260828_143150,mm_per_px,2153,215.3444,0.015499
2026-08-28 14:35:25.712,captures/20260828_143150,mm_per_px,2154,215.4468,0.010051
2026-08-28 14:35:25.810,captures/20260828_143150,mm_per_px,2155,215.5446,0.008314
2026-08-28 14:35:25.908,captures/20260828_143150,mm_per_px,2156,215.6427,0.007364
2026-08-28 14:35:26.008,captures/20260828_143150,mm_per_px,2157,215.7423,0.005184
2026-08-28 14:35:26.109,captures/20260828_143150,mm_per_px,2158,215.8432,0.010517
2026-08-28 14:35:26.208,captures/20260828_143150,mm_per_px,2159,215.9423,0.006826
2026-08-28 14:35:26.308,captures/20260828_143150,mm_per_px,2160,216.0423,0.008476
2026-08-28 14:35:26.413,captures/20260828_143150,mm_per_px,2161,216.1471,0.004838
2026-08-28 14:35:26.508,captures/20260828_143150,mm_per_px,2162,216.2422,0.010135
2026-08-28 14:35:26.611,captures/20260828_143150,mm_per_px,2163,216.3454,0.025366
2026-08-28 14:35:26.710,captures/20260828_143150,mm_per_px,2164,216.4441,0.029077
2026-08-28 14:35:26.808,captures/20260828_143150,mm_per_px,2165,216.5426,0.012004
2026-08-28 14:35:26.912,captures/20260828_143150,mm_per_px,2166,216.6465,0.006735
2026-08-28 14:35:27.008,captures/20260828_143150,mm_per_px,2167,216.7429,0.010191
2026-08-28 14:35:27.108,captures/20260828_143150,mm_per_px,2168,216.8420,0.006240
2026-08-28 14:35:27.208,captures/20260828_143150,mm_per_px,2169,216.9427,0.001797
2026-08-28 14:35:27.308,captures/20260828_143150,mm_per_px,2170,217.0420,0.001007
2026-08-28 14:35:27.411,captures/20260828_143150,mm_per_px,2171,217.1459,0.000000
2026-08-28 14:35:27.508,captures/20260828_143150,mm_per_px,2172,217.2422,0.000234
2026-08-28 14:35:27.609,captures/20260828_143150,mm_per_px,2173,217.3438,0.000465
2026-08-28 14:35:27.712,captures/20260828_143150,mm_per_px,2174,217.4467,0.000966
2026-08-28 14:35:27.811,captures/20260828_143150,mm_per_px,2175,217.5456,0.004491
2026-08-28 14:35:27.913,captures/20260828_143150,mm_per_px,2176,217.6475,0.004104
2026-08-28 14:35:28.009,captures/20260828_143150,mm_per_px,2177,217.7435,0.004347
2026-08-28 14:35:28.108,captures/20260828_143150,mm_per_px,2178,217.8427,0.006958
2026-08-28 14:35:28.214,captures/20260828_143150,mm_per_px,2179,217.9482,0.006849
2026-08-28 14:35:28.308,captures/20260828_143150,mm_per_px,2180,218.0424,0.008357
2026-08-28 14:35:28.409,captures/20260828_143150,mm_per_px,2181,218.1430,0.012972
2026-08-28 14:35:28.509,captures/20260828_143150,mm_per_px,2182,218.2433,0.009086
2026-08-28 14:35:28.611,captures/20260828_143150,mm_per_px,2183,218.3456,0.005531
2026-08-28 14:35:28.711,captures/20260828_143150,mm_per_px,2184,218.4457,0.005042
2026-08-28 14:35:28.811,captures/20260828_143150,mm_per_px,2185,218.5454,0.003812
2026-08-28 14:35:28.911,captures/20260828_143150,mm_per_px,2186,218.6457,0.001253
2026-08-28 14:35:29.009,captures/20260828_143150,mm_per_px,2187,218.7432,0.001538
2026-08-28 14:35:29.110,captures/20260828_143150,mm_per_px,2188,218.8444,0.006782
2026-08-28 14:35:29.210,captures/20260828_143150,mm_per_px,2189,218.9445,0.005816
2026-08-28 14:35:29.308,captures/20260828_143150,mm_per_px,2190,219.0423,0.009458
2026-08-28 14:35:29.409,captures/20260828_143150,mm_per_px,2191,219.1434,0.017888
2026-08-28 14:35:29.510,captures/20260828_143150,mm_per_px,2192,219.2445,0.022057
2026-08-28 14:35:29.663,captures/20260828_143150,mm_per_px,2193,219.3971,0.055585
2026-08-28 14:35:29.733,captures/20260828_143150,mm_per_px,2194,219.4670,0.043642
2026-08-28 14:35:29.811,captures/20260828_143150,mm_per_px,2195,219.5451,0.041798
2026-08-28 14:35:29.912,captures/20260828_143150,mm_per_px,2196,219.6465,0.062257
2026-08-28 14:35:30.010,captures/20260828_143150,mm_per_px,2197,219.7442,0.059665
2026-08-28 14:35:30.108,captures/20260828_143150,mm_per_px,2198,219.8429,0.066200
2026-08-28 14:35:30.208,captures/20260828_143150,mm_per_px,2199,219.9424,0.081782
2026-08-28 14:35:30.308,captures/20260828_143150,mm_per_px,2200,220.0429,0.124554
2026-08-28 14:35:30.408,captures/20260828_143150,mm_per_px,2201,220.1426,0.150629
2026-08-28 14:35:30.511,captures/20260828_143150,mm_per_px,2202,220.2454,0.167557
2026-08-28 14:35:30.609,captures/20260828_143150,mm_per_px,2203,220.3438,0.143924
2026-08-28 14:35:30.712,captures/20260828_143150,mm_per_px,2204,220.4464,0.115450
2026-08-28 14:35:30.812,captures/20260828_143150,mm_per_px,2205,220.5467,0.071701
2026-08-28 14:35:30.912,captures/20260828_143150,mm_per_px,2206,220.6463,0.031763
2026-08-28 14:35:31.008,captures/20260828_143150,mm_per_px,2207,220.7422,0.020923
2026-08-28 14:35:31.109,captures/20260828_143150,mm_per_px,2208,220.8433,0.024855
2026-08-28 14:35:31.210,captures/20260828_143150,mm_per_px,2209,220.9443,0.017652
2026-08-28 14:35:31.312,captures/20260828_143150,mm_per_px,2210,221.0460,0.020150
2026-08-28 14:35:31.410,captures/20260828_143150,mm_per_px,2211,221.1449,0.030358
2026-08-28 14:35:31.509,captures/20260828_143150,mm_per_px,2212,221.2434,0.034625
2026-08-28 14:35:31.610,captures/20260828_143150,mm_per_px,2213,221.3449,0.022304
2026-08-28 14:35:31.714,captures/20260828_143150,mm_per_px,2214,221.4486,0.027491
2026-08-28 14:35:31.810,captures/20260828_143150,mm_per_px,2215,221.5441,0.032549
2026-08-28 14:35:31.911,captures/20260828_143150,mm_per_px,2216,221.6459,0.019901
2026-08-28 14:35:32.012,captures/20260828_143150,mm_per_px,2217,221.7461,0.021936
2026-08-28 14:35:32.164,captures/20260828_143150,mm_per_px,2218,221.8980,0.025476
2026-08-28 14:35:32.212,captures/20260828_143150,mm_per_px,2219,221.9466,0.027930
2026-08-28 14:35:32.312,captures/20260828_143150,mm_per_px,2220,222.0461,0.040636
2026-08-28 14:35:32.411,captures/20260828_143150,mm_per_px,2221,222.1457,0.024835
2026-08-28 14:35:32.510,captures/20260828_143150,mm_per_px,2222,222.2440,0.008470
2026-08-28 14:35:32.611,captures/20260828_143150,mm_per_px,2223,222.3454,0.011142
2026-08-28 14:35:32.710,captures/20260828_143150,mm_per_px,2224,222.4449,0.004918
2026-08-28 14:35:32.812,captures/20260828_143150,mm_per_px,2225,222.5461,0.002940
2026-08-28 14:35:32.911,captures/20260828_143150,mm_per_px,2226,222.6455,0.005127
2026-08-28 14:35:33.012,captures/20260828_143150,mm_per_px,2227,222.7461,0.007549
2026-08-28 14:35:33.111,captures/20260828_143150,mm_per_px,2228,222.8456,0.016027
2026-08-28 14:35:33.212,captures/20260828_143150,mm_per_px,2229,222.9467,0.013369
2026-08-28 14:35:33.308,captures/20260828_143150,mm_per_px,2230,223.0420,0.013152
2026-08-28 14:35:33.412,captures/20260828_143150,mm_per_px,2231,223.1462,0.051154
2026-08-28 14:35:33.508,captures/20260828_143150,mm_per_px,2232,223.2426,0.078396
2026-08-28 14:35:33.609,captures/20260828_143150,mm_per_px,2233,223.3431,0.127883
2026-08-28 14:35:33.709,captures/20260828_143150,mm_per_px,2234,223.4434,0.102461
2026-08-28 14:35:33.813,captures/20260828_143150,mm_per_px,2235,223.5471,0.068223
2026-08-28 14:35:33.911,captures/20260828_143150,mm_per_px,2236,223.6454,0.073777
2026-08-28 14:35:34.011,captures/20260828_143150,mm_per_px,2237,223.7458,0.061863
2026-08-28 14:35:34.110,captures/20260828_143150,mm_per_px,2238,223.8448,0.038882
2026-08-28 14:35:34.212,captures/20260828_143150,mm_per_px,2239,223.9464,0.032895
2026-08-28 14:35:34.312,captures/20260828_143150,mm_per_px,2240,224.0460,0.037107
2026-08-28 14:35:34.411,captures/20260828_143150,mm_per_px,2241,224.1457,0.035855
2026-08-28 14:35:34.512,captures/20260828_143150,mm_per_px,2242,224.2469,0.017184
2026-08-28 14:35:34.610,captures/20260828_143150,mm_per_px,2243,224.3445,0.014212
2026-08-28 14:35:34.707,captures/20260828_143150,mm_per_px,2244,224.4418,0.008312
2026-08-28 14:35:34.812,captures/20260828_143150,mm_per_px,2245,224.5460,0.005085
2026-08-28 14:35:34.908,captures/20260828_143150,mm_per_px,2246,224.6429,0.008872
2026-08-28 14:35:35.009,captures/20260828_143150,mm_per_px,2247,224.7433,0.005354
2026-08-28 14:35:35.109,captures/20260828_143150,mm_per_px,2248,224.8433,0.001205
2026-08-28 14:35:35.211,captures/20260828_143150,mm_per_px,2249,224.9455,0.003968
2026-08-28 14:35:35.311,captures/20260828_143150,mm_per_px,2250,225.0458,0.007419
2026-08-28 14:35:35.413,captures/20260828_143150,mm_per_px,2251,225.1470,0.016903
2026-08-28 14:35:35.513,captures/20260828_143150,mm_per_px,2252,225.2479,0.024599
2026-08-28 14:35:35.608,captures/20260828_143150,mm_per_px,2253,225.3420,0.038705
2026-08-28 14:35:35.707,captures/20260828_143150,mm_per_px,2254,225.4418,0.034820
2026-08-28 14:35:35.812,captures/20260828_143150,mm_per_px,2255,225.5460,0.031921
2026-08-28 14:35:35.908,captures/20260828_143150,mm_per_px,2256,225.6429,0.006891
2026-08-28 14:35:36.013,captures/20260828_143150,mm_per_px,2257,225.7474,0.016883
2026-08-28 14:35:36.110,captures/20260828_143150,mm_per_px,2258,225.8446,0.025012
2026-08-28 14:35:36.208,captures/20260828_143150,mm_per_px,2259,225.9421,0.008992
2026-08-28 14:35:36.308,captures/20260828_143150,mm_per_px,2260,226.0427,0.000000
2026-08-28 14:35:36.409,captures/20260828_143150,mm_per_px,2261,226.1438,0.003116
2026-08-28 14:35:36.508,captures/20260828_143150,mm_per_px,2262,226.2425,0.011126
2026-08-28 14:35:36.610,captures/20260828_143150,mm_per_px,2263,226.3445,0.015587
2026-08-28 14:35:36.708,captures/20260828_143150,mm_per_px,2264,226.4420,0.039329
2026-08-28 14:35:36.809,captures/20260828_143150,mm_per_px,2265,226.5430,0.023370
2026-08-28 14:35:36.908,captures/20260828_143150,mm_per_px,2266,226.6421,0.036621
2026-08-28 14:35:37.008,captures/20260828_143150,mm_per_px,2267,226.7424,0.052353
2026-08-28 14:35:37.107,captures/20260828_143150,mm_per_px,2268,226.8418,0.054852
2026-08-28 14:35:37.207,captures/20260828_143150,mm_per_px,2269,226.9413,0.020283
2026-08-28 14:35:37.308,captures/20260828_143150,mm_per_px,2270,227.0422,0.008701
2026-08-28 14:35:37.407,captures/20260828_143150,mm_per_px,2271,227.1416,0.005860
2026-08-28 14:35:37.508,captures/20260828_143150,mm_per_px,2272,227.2421,0.004005
2026-08-28 14:35:37.609,captures/20260828_143150,mm_per_px,2273,227.3438,0.015260
2026-08-28 14:35:37.708,captures/20260828_143150,mm_per_px,2274,227.4428,0.009091
2026-08-28 14:35:37.809,captures/20260828_143150,mm_per_px,2275,227.5430,0.016610
2026-08-28 14:35:37.909,captures/20260828_143150,mm_per_px,2276,227.6436,0.020677
2026-08-28 14:35:38.007,captures/20260828_143150,mm_per_px,2277,227.7413,0.021023
2026-08-28 14:35:38.107,captures/20260828_143150,mm_per_px,2278,227.8416,0.005120
2026-08-28 14:35:38.207,captures/20260828_143150,mm_per_px,2279,227.9410,0.016285
2026-08-28 14:35:38.307,captures/20260828_143150,mm_per_px,2280,228.0413,0.012522
2026-08-28 14:35:38.410,captures/20260828_143150,mm_per_px,2281,228.1441,0.010857
2026-08-28 14:35:38.512,captures/20260828_143150,mm_per_px,2282,228.2467,0.005512
2026-08-28 14:35:38.608,captures/20260828_143150,mm_per_px,2283,228.3420,0.002360
2026-08-28 14:35:38.708,captures/20260828_143150,mm_per_px,2284,228.4422,0.003393
2026-08-28 14:35:38.812,captures/20260828_143150,mm_per_px,2285,228.5464,0.001620
2026-08-28 14:35:38.908,captures/20260828_143150,mm_per_px,2286,228.6426,0.002365
2026-08-28 14:35:39.009,captures/20260828_143150,mm_per_px,2287,228.7435,0.005436
2026-08-28 14:35:39.108,captures/20260828_143150,mm_per_px,2288,228.8428,0.012946
2026-08-28 14:35:39.211,captures/20260828_143150,mm_per_px,2289,228.9457,0.020403
2026-08-28 14:35:39.308,captures/20260828_143150,mm_per_px,2290,229.0424,0.030761
2026-08-28 14:35:39.407,captures/20260828_143150,mm_per_px,2291,229.1419,0.011827
2026-08-28 14:35:39.507,captures/20260828_143150,mm_per_px,2292,229.2419,0.047957
2026-08-28 14:35:39.608,captures/20260828_143150,mm_per_px,2293,229.3422,0.041062
2026-08-28 14:35:39.709,captures/20260828_143150,mm_per_px,2294,229.4437,0.040676
2026-08-28 14:35:39.811,captures/20260828_143150,mm_per_px,2295,229.5452,0.038463
2026-08-28 14:35:39.908,captures/20260828_143150,mm_per_px,2296,229.6429,0.046044
2026-08-28 14:35:40.009,captures/20260828_143150,mm_per_px,2297,229.7438,0.081336
2026-08-28 14:35:40.108,captures/20260828_143150,mm_per_px,2298,229.8425,0.076639
2026-08-28 14:35:40.209,captures/20260828_143150,mm_per_px,2299,229.9431,0.092359
2026-08-28 14:35:40.308,captures/20260828_143150,mm_per_px,2300,230.0423,0.107946
2026-08-28 14:35:40.409,captures/20260828_143150,mm_per_px,2301,230.1434,0.077933
2026-08-28 14:35:40.511,captures/20260828_143150,mm_per_px,2302,230.2453,0.072135
2026-08-28 14:35:40.609,captures/20260828_143150,mm_per_px,2303,230.3439,0.076110
2026-08-28 14:35:40.710,captures/20260828_143150,mm_per_px,2304,230.4441,0.055427
2026-08-28 14:35:40.808,captures/20260828_143150,mm_per_px,2305,230.5429,0.044010
2026-08-28 14:35:40.908,captures/20260828_143150,mm_per_px,2306,230.6424,0.042233
2026-08-28 14:35:41.009,captures/20260828_143150,mm_per_px,2307,230.7438,0.064925
2026-08-28 14:35:41.112,captures/20260828_143150,mm_per_px,2308,230.8464,0.091043
2026-08-28 14:35:41.209,captures/20260828_143150,mm_per_px,2309,230.9433,0.115226
2026-08-28 14:35:41.312,captures/20260828_143150,mm_per_px,2310,231.0463,0.110166
2026-08-28 14:35:41.408,captures/20260828_143150,mm_per_px,2311,231.1422,0.127066
2026-08-28 14:35:41.507,captures/20260828_143150,mm_per_px,2312,231.2416,0.094425
2026-08-28 14:35:41.607,captures/20260828_143150,mm_per_px,2313,231.3419,0.097731
2026-08-28 14:35:41.711,captures/20260828_143150,mm_per_px,2314,231.4454,0.085379
2026-08-28 14:35:41.809,captures/20260828_143150,mm_per_px,2315,231.5435,0.060529
2026-08-28 14:35:41.915,captures/20260828_143150,mm_per_px,2316,231.6498,0.026175
2026-08-28 14:35:42.009,captures/20260828_143150,mm_per_px,2317,231.7435,0.010712
2026-08-28 14:35:42.108,captures/20260828_143150,mm_per_px,2318,231.8429,0.009940
2026-08-28 14:35:42.209,captures/20260828_143150,mm_per_px,2319,231.9432,0.003786
2026-08-28 14:35:42.308,captures/20260828_143150,mm_per_px,2320,232.0422,0.012002
2026-08-28 14:35:42.408,captures/20260828_143150,mm_per_px,2321,232.1424,0.011969
2026-08-28 14:35:42.512,captures/20260828_143150,mm_per_px,2322,232.2466,0.030078
2026-08-28 14:35:42.608,captures/20260828_143150,mm_per_px,2323,232.3429,0.030030
2026-08-28 14:35:42.707,captures/20260828_143150,mm_per_px,2324,232.4419,0.018557
2026-08-28 14:35:42.808,captures/20260828_143150,mm_per_px,2325,232.5425,0.021577
2026-08-28 14:35:42.907,captures/20260828_143150,mm_per_px,2326,232.6412,0.022217
2026-08-28 14:35:43.008,captures/20260828_143150,mm_per_px,2327,232.7425,0.019268
2026-08-28 14:35:43.108,captures/20260828_143150,mm_per_px,2328,232.8423,0.006217
2026-08-28 14:35:43.207,captures/20260828_143150,mm_per_px,2329,232.9416,0.002681
2026-08-28 14:35:43.308,captures/20260828_143150,mm_per_px,2330,233.0425,0.002427
2026-08-28 14:35:43.407,captures/20260828_143150,mm_per_px,2331,233.1416,0.001947
2026-08-28 14:35:43.508,captures/20260828_143150,mm_per_px,2332,233.2424,0.002144
2026-08-28 14:35:43.608,captures/20260828_143150,mm_per_px,2333,233.3420,0.000578
2026-08-28 14:35:43.707,captures/20260828_143150,mm_per_px,2334,233.4413,0.000808
2026-08-28 14:35:43.810,captures/20260828_143150,mm_per_px,2335,233.5443,0.001060
2026-08-28 14:35:43.908,captures/20260828_143150,mm_per_px,2336,233.6424,0.000000
2026-08-28 14:35:44.008,captures/20260828_143150,mm_per_px,2337,233.7420,0.000214
2026-08-28 14:35:44.109,captures/20260828_143150,mm_per_px,2338,233.8436,0.001965
2026-08-28 14:35:44.208,captures/20260828_143150,mm_per_px,2339,233.9429,0.003312
2026-08-28 14:35:44.308,captures/20260828_143150,mm_per_px,2340,234.0422,0.008266
2026-08-28 14:35:44.409,captures/20260828_143150,mm_per_px,2341,234.1434,0.007194
2026-08-28 14:35:44.507,captures/20260828_143150,mm_per_px,2342,234.2417,0.018299
2026-08-28 14:35:44.608,captures/20260828_143150,mm_per_px,2343,234.3427,0.029492
2026-08-28 14:35:44.708,captures/20260828_143150,mm_per_px,2344,234.4428,0.007695
2026-08-28 14:35:44.853,captures/20260828_143150,mm_per_px,2345,234.5876,0.001387
2026-08-28 14:35:44.925,captures/20260828_143150,mm_per_px,2346,234.6599,0.005244
2026-08-28 14:35:45.008,captures/20260828_143150,mm_per_px,2347,234.7425,0.002772
2026-08-28 14:35:45.109,captures/20260828_143150,mm_per_px,2348,234.8431,0.001546
2026-08-28 14:35:45.210,captures/20260828_143150,mm_per_px,2349,234.9441,0.000183
2026-08-28 14:35:45.308,captures/20260828_143150,mm_per_px,2350,235.0422,0.002507
2026-08-28 14:35:45.409,captures/20260828_143150,mm_per_px,2351,235.1430,0.003533
2026-08-28 14:35:45.508,captures/20260828_143150,mm_per_px,2352,235.2428,0.000636
2026-08-28 14:35:45.611,captures/20260828_143150,mm_per_px,2353,235.3459,0.002220
2026-08-28 14:35:45.712,captures/20260828_143150,mm_per_px,2354,235.4461,0.000191
2026-08-28 14:35:45.812,captures/20260828_143150,mm_per_px,2355,235.5461,0.000000
2026-08-28 14:35:45.911,captures/20260828_143150,mm_per_px,2356,235.6458,0.000000
2026-08-28 14:35:46.009,captures/20260828_143150,mm_per_px,2357,235.7431,0.001884
2026-08-28 14:35:46.108,captures/20260828_143150,mm_per_px,2358,235.8427,0.000531
2026-08-28 14:35:46.209,captures/20260828_143150,mm_per_px,2359,235.9432,0.001290
2026-08-28 14:35:46.309,captures/20260828_143150,mm_per_px,2360,236.0437,0.000517
2026-08-28 14:35:46.409,captures/20260828_143150,mm_per_px,2361,236.1434,0.000711
2026-08-28 14:35:46.508,captures/20260828_143150,mm_per_px,2362,236.2424,0.000000
2026-08-28 14:35:46.611,captures/20260828_143150,mm_per_px,2363,236.3455,0.000305
2026-08-28 14:35:46.709,captures/20260828_143150,mm_per_px,2364,236.4430,0.004002
2026-08-28 14:35:46.810,captures/20260828_143150,mm_per_px,2365,236.5448,0.003456
2026-08-28 14:35:46.914,captures/20260828_143150,mm_per_px,2366,236.6481,0.003221
2026-08-28 14:35:47.010,captures/20260828_143150,mm_per_px,2367,236.7449,0.001706
2026-08-28 14:35:47.107,captures/20260828_143150,mm_per_px,2368,236.8419,0.001614
2026-08-28 14:35:47.214,captures/20260828_143150,mm_per_px,2369,236.9488,0.001297
2026-08-28 14:35:47.314,captures/20260828_143150,mm_per_px,2370,237.0484,0.000663
2026-08-28 14:35:47.414,captures/20260828_143150,mm_per_px,2371,237.1482,0.001978
2026-08-28 14:35:47.511,captures/20260828_143150,mm_per_px,2372,237.2453,0.000806
2026-08-28 14:35:47.610,captures/20260828_143150,mm_per_px,2373,237.3445,0.003777
2026-08-28 14:35:47.712,captures/20260828_143150,mm_per_px,2374,237.4461,0.000000
2026-08-28 14:35:47.810,captures/20260828_143150,mm_per_px,2375,237.5446,0.001203
2026-08-28 14:35:47.912,captures/20260828_143150,mm_per_px,2376,237.6464,0.004424
2026-08-28 14:35:48.009,captures/20260828_143150,mm_per_px,2377,237.7436,0.005212
2026-08-28 14:35:48.110,captures/20260828_143150,mm_per_px,2378,237.8445,0.017871
2026-08-28 14:35:48.211,captures/20260828_143150,mm_per_px,2379,237.9454,0.030204
2026-08-28 14:35:48.309,captures/20260828_143150,mm_per_px,2380,238.0433,0.030163
2026-08-28 14:35:48.409,captures/20260828_143150,mm_per_px,2381,238.1435,0.025504
2026-08-28 14:35:48.511,captures/20260828_143150,mm_per_px,2382,238.2451,0.021163
2026-08-28 14:35:48.611,captures/20260828_143150,mm_per_px,2383,238.3457,0.016930
2026-08-28 14:35:48.710,captures/20260828_143150,mm_per_px,2384,238.4441,0.023141
2026-08-28 14:35:48.809,captures/20260828_143150,mm_per_px,2385,238.5434,0.020494
2026-08-28 14:35:48.911,captures/20260828_143150,mm_per_px,2386,238.6452,0.007368
2026-08-28 14:35:49.011,captures/20260828_143150,mm_per_px,2387,238.7450,0.003669
2026-08-28 14:35:49.109,captures/20260828_143150,mm_per_px,2388,238.8435,0.003034
2026-08-28 14:35:49.210,captures/20260828_143150,mm_per_px,2389,238.9443,0.011625
2026-08-28 14:35:49.311,captures/20260828_143150,mm_per_px,2390,239.0458,0.007153
2026-08-28 14:35:49.408,captures/20260828_143150,mm_per_px,2391,239.1429,0.011537
2026-08-28 14:35:49.514,captures/20260828_143150,mm_per_px,2392,239.2488,0.017498
2026-08-28 14:35:49.611,captures/20260828_143150,mm_per_px,2393,239.3458,0.023520
2026-08-28 14:35:49.710,captures/20260828_143150,mm_per_px,2394,239.4449,0.016937
2026-08-28 14:35:49.812,captures/20260828_143150,mm_per_px,2395,239.5466,0.007722
2026-08-28 14:35:49.913,captures/20260828_143150,mm_per_px,2396,239.6474,0.005583
2026-08-28 14:35:50.013,captures/20260828_143150,mm_per_px,2397,239.7478,0.013387
2026-08-28 14:35:50.114,captures/20260828_143150,mm_per_px,2398,239.8481,0.019607
2026-08-28 14:35:50.210,captures/20260828_143150,mm_per_px,2399,239.9449,0.020483
2026-08-28 14:35:50.309,captures/20260828_143150,mm_per_px,2400,240.0432,0.026203
2026-08-28 14:35:50.411,captures/20260828_143150,mm_per_px,2401,240.1459,0.023612
2026-08-28 14:35:50.510,captures/20260828_143150,mm_per_px,2402,240.2449,0.016269
2026-08-28 14:35:50.609,captures/20260828_143150,mm_per_px,2403,240.3435,0.021121
2026-08-28 14:35:50.711,captures/20260828_143150,mm_per_px,2404,240.4459,0.020084
2026-08-28 14:35:50.808,captures/20260828_143150,mm_per_px,2405,240.5429,0.011154
2026-08-28 14:35:50.911,captures/20260828_143150,mm_per_px,2406,240.6456,0.013185
2026-08-28 14:35:51.011,captures/20260828_143150,mm_per_px,2407,240.7459,0.010422
2026-08-28 14:35:51.108,captures/20260828_143150,mm_per_px,2408,240.8426,0.015280
2026-08-28 14:35:51.213,captures/20260828_143150,mm_per_px,2409,240.9473,0.036128
2026-08-28 14:35:51.310,captures/20260828_143150,mm_per_px,2410,241.0448,0.081976
2026-08-28 14:35:51.409,captures/20260828_143150,mm_per_px,2411,241.1434,0.114202
2026-08-28 14:35:51.509,captures/20260828_143150,mm_per_px,2412,241.2438,0.154576
2026-08-28 14:35:51.666,captures/20260828_143150,mm_per_px,2413,241.4000,0.191477
2026-08-28 14:35:51.710,captures/20260828_143150,mm_per_px,2414,241.4440,0.131780
2026-08-28 14:35:51.813,captures/20260828_143150,mm_per_px,2415,241.5470,0.084672
2026-08-28 14:35:51.911,captures/20260828_143150,mm_per_px,2416,241.6451,0.067891
2026-08-28 14:35:52.010,captures/20260828_143150,mm_per_px,2417,241.7445,0.058673
2026-08-28 14:35:52.109,captures/20260828_143150,mm_per_px,2418,241.8438,0.047899
2026-08-28 14:35:52.212,captures/20260828_143150,mm_per_px,2419,241.9463,0.046652
2026-08-28 14:35:52.309,captures/20260828_143150,mm_per_px,2420,242.0436,0.048556
2026-08-28 14:35:52.410,captures/20260828_143150,mm_per_px,2421,242.1440,0.059592
2026-08-28 14:35:52.510,captures/20260828_143150,mm_per_px,2422,242.2445,0.055174
2026-08-28 14:35:52.609,captures/20260828_143150,mm_per_px,2423,242.3433,0.071738
2026-08-28 14:35:52.709,captures/20260828_143150,mm_per_px,2424,242.4439,0.054202
2026-08-28 14:35:52.814,captures/20260828_143150,mm_per_px,2425,242.5485,0.045490
2026-08-28 14:35:52.909,captures/20260828_143150,mm_per_px,2426,242.6436,0.065380
2026-08-28 14:35:53.013,captures/20260828_143150,mm_per_px,2427,242.7473,0.083913
2026-08-28 14:35:53.152,captures/20260828_143150,mm_per_px,2428,242.8864,0.056336
2026-08-28 14:35:53.209,captures/20260828_143150,mm_per_px,2429,242.9437,0.057469
2026-08-28 14:35:53.359,captures/20260828_143150,mm_per_px,2430,243.0936,0.064738
2026-08-28 14:35:53.415,captures/20260828_143150,mm_per_px,2431,243.1492,0.096085
2026-08-28 14:35:53.511,captures/20260828_143150,mm_per_px,2432,243.2457,0.083253
2026-08-28 14:35:53.613,captures/20260828_143150,mm_per_px,2433,243.3474,0.116956
2026-08-28 14:35:53.708,captures/20260828_143150,mm_per_px,2434,243.4429,0.099510
2026-08-28 14:35:53.813,captures/20260828_143150,mm_per_px,2435,243.5471,0.144755
2026-08-28 14:35:53.913,captures/20260828_143150,mm_per_px,2436,243.6476,0.117147
2026-08-28 14:35:54.013,captures/20260828_143150,mm_per_px,2437,243.7478,0.117809
2026-08-28 14:35:54.116,captures/20260828_143150,mm_per_px,2438,243.8504,0.080563
2026-08-28 14:35:54.261,captures/20260828_143150,mm_per_px,2439,243.9954,0.076074
2026-08-28 14:35:54.322,captures/20260828_143150,mm_per_px,2440,244.0560,0.077239
2026-08-28 14:35:54.416,captures/20260828_143150,mm_per_px,2441,244.1506,0.042226
2026-08-28 14:35:54.512,captures/20260828_143150,mm_per_px,2442,244.2460,0.067210
2026-08-28 14:35:54.614,captures/20260828_143150,mm_per_px,2443,244.3482,0.059722
2026-08-28 14:35:54.708,captures/20260828_143150,mm_per_px,2444,244.4428,0.052112
2026-08-28 14:35:54.814,captures/20260828_143150,mm_per_px,2445,244.5487,0.054667
2026-08-28 14:35:54.913,captures/20260828_143150,mm_per_px,2446,244.6475,0.075061
2026-08-28 14:35:55.011,captures/20260828_143150,mm_per_px,2447,244.7459,0.064550
2026-08-28 14:35:55.111,captures/20260828_143150,mm_per_px,2448,244.8453,0.050533
2026-08-28 14:35:55.211,captures/20260828_143150,mm_per_px,2449,244.9452,0.051102
2026-08-28 14:35:55.311,captures/20260828_143150,mm_per_px,2450,245.0454,0.024330
2026-08-28 14:35:55.411,captures/20260828_143150,mm_per_px,2451,245.1459,0.015338
2026-08-28 14:35:55.510,captures/20260828_143150,mm_per_px,2452,245.2444,0.007743
2026-08-28 14:35:55.613,captures/20260828_143150,mm_per_px,2453,245.3474,0.009779
2026-08-28 14:35:55.770,captures/20260828_143150,mm_per_px,2454,245.5041,0.005766
2026-08-28 14:35:55.824,captures/20260828_143150,mm_per_px,2455,245.5585,0.003894
2026-08-28 14:35:55.910,captures/20260828_143150,mm_per_px,2456,245.6449,0.010080
2026-08-28 14:35:56.010,captures/20260828_143150,mm_per_px,2457,245.7443,0.015124
2026-08-28 14:35:56.109,captures/20260828_143150,mm_per_px,2458,245.8439,0.011647
2026-08-28 14:35:56.208,captures/20260828_143150,mm_per_px,2459,245.9420,0.012312
2026-08-28 14:35:56.309,captures/20260828_143150,mm_per_px,2460,246.0430,0.011741
2026-08-28 14:35:56.413,captures/20260828_143150,mm_per_px,2461,246.1479,0.004471
2026-08-28 14:35:56.514,captures/20260828_143150,mm_per_px,2462,246.2480,0.004042
2026-08-28 14:35:56.613,captures/20260828_143150,mm_per_px,2463,246.3478,0.001903
2026-08-28 14:35:56.712,captures/20260828_143150,mm_per_px,2464,246.4465,0.004481
2026-08-28 14:35:56.813,captures/20260828_143150,mm_per_px,2465,246.5475,0.013977
2026-08-28 14:35:56.913,captures/20260828_143150,mm_per_px,2466,246.6477,0.020287
2026-08-28 14:35:57.010,captures/20260828_143150,mm_per_px,2467,246.7440,0.021700
2026-08-28 14:35:57.113,captures/20260828_143150,mm_per_px,2468,246.8474,0.019363
2026-08-28 14:35:57.208,captures/20260828_143150,mm_per_px,2469,246.9429,0.026881
2026-08-28 14:35:57.310,captures/20260828_143150,mm_per_px,2470,247.0440,0.026871
2026-08-28 14:35:57.409,captures/20260828_143150,mm_per_px,2471,247.1433,0.039852
2026-08-28 14:35:57.509,captures/20260828_143150,mm_per_px,2472,247.2430,0.067111
2026-08-28 14:35:57.609,captures/20260828_143150,mm_per_px,2473,247.3431,0.091969
2026-08-28 14:35:57.709,captures/20260828_143150,mm_per_px,2474,247.4432,0.086976
2026-08-28 14:35:57.808,captures/20260828_143150,mm_per_px,2475,247.5424,0.081704
2026-08-28 14:35:57.915,captures/20260828_143150,mm_per_px,2476,247.6497,0.055821
2026-08-28 14:35:58.009,captures/20260828_143150,mm_per_px,2477,247.7434,0.048491
2026-08-28 14:35:58.108,captures/20260828_143150,mm_per_px,2478,247.8428,0.052988
2026-08-28 14:35:58.209,captures/20260828_143150,mm_per_px,2479,247.9439,0.057594
2026-08-28 14:35:58.311,captures/20260828_143150,mm_per_px,2480,248.0450,0.059134
2026-08-28 14:35:58.409,captures/20260828_143150,mm_per_px,2481,248.1435,0.058352
2026-08-28 14:35:58.509,captures/20260828_143150,mm_per_px,2482,248.2439,0.089898
2026-08-28 14:35:58.609,captures/20260828_143150,mm_per_px,2483,248.3431,0.098053
2026-08-28 14:35:58.709,captures/20260828_143150,mm_per_px,2484,248.4432,0.066352
2026-08-28 14:35:58.809,captures/20260828_143150,mm_per_px,2485,248.5433,0.053302
2026-08-28 14:35:58.912,captures/20260828_143150,mm_per_px,2486,248.6468,0.069035
2026-08-28 14:35:59.008,captures/20260828_143150,mm_per_px,2487,248.7424,0.060606
2026-08-28 14:35:59.108,captures/20260828_143150,mm_per_px,2488,248.8429,0.046370
2026-08-28 14:35:59.209,captures/20260828_143150,mm_per_px,2489,248.9431,0.030608
2026-08-28 14:35:59.309,captures/20260828_143150,mm_per_px,2490,249.0438,0.042926
2026-08-28 14:35:59.409,captures/20260828_143150,mm_per_px,2491,249.1432,0.058222
2026-08-28 14:35:59.510,captures/20260828_143150,mm_per_px,2492,249.2446,0.045869
2026-08-28 14:35:59.608,captures/20260828_143150,mm_per_px,2493,249.3428,0.050654
2026-08-28 14:35:59.708,captures/20260828_143150,mm_per_px,2494,249.4420,0.068111
2026-08-28 14:35:59.808,captures/20260828_143150,mm_per_px,2495,249.5424,0.070806
2026-08-28 14:35:59.909,captures/20260828_143150,mm_per_px,2496,249.6436,0.057419
2026-08-28 14:36:00.013,captures/20260828_143150,mm_per_px,2497,249.7475,0.066944
2026-08-28 14:36:00.108,captures/20260828_143150,mm_per_px,2498,249.8429,0.058906
2026-08-28 14:36:00.208,captures/20260828_143150,mm_per_px,2499,249.9426,0.056031
2026-08-28 14:36:00.307,captures/20260828_143150,mm_per_px,2500,250.0417,0.040153
2026-08-28 14:36:00.408,captures/20260828_143150,mm_per_px,2501,250.1425,0.027017
2026-08-28 14:36:00.507,captures/20260828_143150,mm_per_px,2502,250.2414,0.012201
2026-08-28 14:36:00.608,captures/20260828_143150,mm_per_px,2503,250.3425,0.007267
2026-08-28 14:36:00.707,captures/20260828_143150,mm_per_px,2504,250.4417,0.003775
2026-08-28 14:36:00.806,captures/20260828_143150,mm_per_px,2505,250.5405,0.001356
2026-08-28 14:36:00.906,captures/20260828_143150,mm_per_px,2506,250.6405,0.000173
2026-08-28 14:36:01.011,captures/20260828_143150,mm_per_px,2507,250.7453,0.000000
2026-08-28 14:36:01.108,captures/20260828_143150,mm_per_px,2508,250.8426,0.000000
2026-08-28 14:36:01.207,captures/20260828_143150,mm_per_px,2509,250.9412,0.000000
2026-08-28 14:36:01.307,captures/20260828_143150,mm_per_px,2510,251.0416,0.000000
2026-08-28 14:36:01.407,captures/20260828_143150,mm_per_px,2511,251.1416,0.000486
2026-08-28 14:36:01.509,captures/20260828_143150,mm_per_px,2512,251.2432,0.000000
2026-08-28 14:36:01.608,captures/20260828_143150,mm_per_px,2513,251.3421,0.000245
2026-08-28 14:36:01.707,captures/20260828_143150,mm_per_px,2514,251.4415,0.000486
2026-08-28 14:36:01.809,captures/20260828_143150,mm_per_px,2515,251.5430,0.000000
2026-08-28 14:36:01.908,captures/20260828_143150,mm_per_px,2516,251.6421,0.001261
2026-08-28 14:36:02.012,captures/20260828_143150,mm_per_px,2517,251.7466,0.002477
2026-08-28 14:36:02.107,captures/20260828_143150,mm_per_px,2518,251.8419,0.000000
2026-08-28 14:36:02.208,captures/20260828_143150,mm_per_px,2519,251.9423,0.000242
2026-08-28 14:36:02.306,captures/20260828_143150,mm_per_px,2520,252.0409,0.000000
2026-08-28 14:36:02.408,captures/20260828_143150,mm_per_px,2521,252.1423,0.000539
2026-08-28 14:36:02.509,captures/20260828_143150,mm_per_px,2522,252.2431,0.000000
2026-08-28 14:36:02.610,captures/20260828_143150,mm_per_px,2523,252.3449,0.000535
2026-08-28 14:36:02.709,captures/20260828_143150,mm_per_px,2524,252.4433,0.002889
2026-08-28 14:36:02.811,captures/20260828_143150,mm_per_px,2525,252.5452,0.001217
2026-08-28 14:36:02.910,captures/20260828_143150,mm_per_px,2526,252.6440,0.007284
2026-08-28 14:36:03.018,captures/20260828_143150,mm_per_px,2527,252.7523,0.018860
2026-08-28 14:36:03.111,captures/20260828_143150,mm_per_px,2528,252.8453,0.007264
2026-08-28 14:36:03.209,captures/20260828_143150,mm_per_px,2529,252.9431,0.010720
2026-08-28 14:36:03.309,captures/20260828_143150,mm_per_px,2530,253.0430,0.016449
2026-08-28 14:36:03.408,captures/20260828_143150,mm_per_px,2531,253.1427,0.033227
2026-08-28 14:36:03.509,captures/20260828_143150,mm_per_px,2532,253.2437,0.069358
2026-08-28 14:36:03.608,captures/20260828_143150,mm_per_px,2533,253.3424,0.076673
2026-08-28 14:36:03.708,captures/20260828_143150,mm_per_px,2534,253.4425,0.055053
2026-08-28 14:36:03.808,captures/20260828_143150,mm_per_px,2535,253.5423,0.049724
2026-08-28 14:36:03.907,captures/20260828_143150,mm_per_px,2536,253.6418,0.050566
2026-08-28 14:36:04.009,captures/20260828_143150,mm_per_px,2537,253.7430,0.038326
2026-08-28 14:36:04.112,captures/20260828_143150,mm_per_px,2538,253.8465,0.018587
2026-08-28 14:36:04.207,captures/20260828_143150,mm_per_px,2539,253.9418,0.010678
2026-08-28 14:36:04.307,captures/20260828_143150,mm_per_px,2540,254.0418,0.008427
2026-08-28 14:36:04.408,captures/20260828_143150,mm_per_px,2541,254.1422,0.006474
2026-08-28 14:36:04.508,captures/20260828_143150,mm_per_px,2542,254.2421,0.006668
2026-08-28 14:36:04.610,captures/20260828_143150,mm_per_px,2543,254.3448,0.006972
2026-08-28 14:36:04.708,captures/20260828_143150,mm_per_px,2544,254.4429,0.003752
2026-08-28 14:36:04.808,captures/20260828_143150,mm_per_px,2545,254.5429,0.001623
2026-08-28 14:36:04.908,captures/20260828_143150,mm_per_px,2546,254.6422,0.003365
2026-08-28 14:36:05.007,captures/20260828_143150,mm_per_px,2547,254.7413,0.000556
2026-08-28 14:36:05.113,captures/20260828_143150,mm_per_px,2548,254.8471,0.000000
2026-08-28 14:36:05.207,captures/20260828_143150,mm_per_px,2549,254.9415,0.004247
2026-08-28 14:36:05.307,captures/20260828_143150,mm_per_px,2550,255.0413,0.001568
2026-08-28 14:36:05.411,captures/20260828_143150,mm_per_px,2551,255.1456,0.002668
2026-08-28 14:36:05.510,captures/20260828_143150,mm_per_px,2552,255.2447,0.001107
2026-08-28 14:36:05.609,captures/20260828_143150,mm_per_px,2553,255.3434,0.002819
2026-08-28 14:36:05.708,captures/20260828_143150,mm_per_px,2554,255.4422,0.000000
2026-08-28 14:36:05.808,captures/20260828_143150,mm_per_px,2555,255.5420,0.000000
2026-08-28 14:36:05.908,captures/20260828_143150,mm_per_px,2556,255.6420,0.000000
2026-08-28 14:36:06.008,captures/20260828_143150,mm_per_px,2557,255.7424,0.001533
2026-08-28 14:36:06.112,captures/20260828_143150,mm_per_px,2558,255.8467,0.000545
2026-08-28 14:36:06.210,captures/20260828_143150,mm_per_px,2559,255.9449,0.005661
2026-08-28 14:36:06.309,captures/20260828_143150,mm_per_px,2560,256.0438,0.003664
2026-08-28 14:36:06.412,captures/20260828_143150,mm_per_px,2561,256.1460,0.008210
2026-08-28 14:36:06.511,captures/20260828_143150,mm_per_px,2562,256.2450,0.010714
2026-08-28 14:36:06.610,captures/20260828_143150,mm_per_px,2563,256.3443,0.020265
2026-08-28 14:36:06.709,captures/20260828_143150,mm_per_px,2564,256.4434,0.011673
2026-08-28 14:36:06.811,captures/20260828_143150,mm_per_px,2565,256.5453,0.015890
2026-08-28 14:36:06.909,captures/20260828_143150,mm_per_px,2566,256.6431,0.006346
2026-08-28 14:36:07.012,captures/20260828_143150,mm_per_px,2567,256.7460,0.004754
2026-08-28 14:36:07.113,captures/20260828_143150,mm_per_px,2568,256.8477,0.001321
2026-08-28 14:36:07.208,captures/20260828_143150,mm_per_px,2569,256.9427,0.002677
2026-08-28 14:36:07.308,captures/20260828_143150,mm_per_px,2570,257.0425,0.002536
2026-08-28 14:36:07.412,captures/20260828_143150,mm_per_px,2571,257.1468,0.006886
2026-08-28 14:36:07.508,captures/20260828_143150,mm_per_px,2572,257.2429,0.009980
2026-08-28 14:36:07.609,captures/20260828_143150,mm_per_px,2573,257.3434,0.034345
2026-08-28 14:36:07.710,captures/20260828_143150,mm_per_px,2574,257.4443,0.020164
2026-08-28 14:36:07.811,captures/20260828_143150,mm_per_px,2575,257.5453,0.034015
2026-08-28 14:36:07.909,captures/20260828_143150,mm_per_px,2576,257.6434,0.041052
2026-08-28 14:36:08.008,captures/20260828_143150,mm_per_px,2577,257.7427,0.043909
2026-08-28 14:36:08.108,captures/20260828_143150,mm_per_px,2578,257.8427,0.024363
2026-08-28 14:36:08.211,captures/20260828_143150,mm_per_px,2579,257.9452,0.010248
2026-08-28 14:36:08.312,captures/20260828_143150,mm_per_px,2580,258.0466,0.010717
2026-08-28 14:36:08.409,captures/20260828_143150,mm_per_px,2581,258.1435,0.018379
2026-08-28 14:36:08.511,captures/20260828_143150,mm_per_px,2582,258.2454,0.021309
2026-08-28 14:36:08.609,captures/20260828_143150,mm_per_px,2583,258.3437,0.023861
2026-08-28 14:36:08.709,captures/20260828_143150,mm_per_px,2584,258.4430,0.027275
2026-08-28 14:36:08.808,captures/20260828_143150,mm_per_px,2585,258.5421,0.059713
2026-08-28 14:36:08.910,captures/20260828_143150,mm_per_px,2586,258.6440,0.065880
2026-08-28 14:36:09.009,captures/20260828_143150,mm_per_px,2587,258.7433,0.062889
2026-08-28 14:36:09.109,captures/20260828_143150,mm_per_px,2588,258.8434,0.066722
2026-08-28 14:36:09.214,captures/20260828_143150,mm_per_px,2589,258.9486,0.073074
2026-08-28 14:36:09.311,captures/20260828_143150,mm_per_px,2590,259.0456,0.033755
2026-08-28 14:36:09.410,captures/20260828_143150,mm_per_px,2591,259.1447,0.030342
2026-08-28 14:36:09.510,captures/20260828_143150,mm_per_px,2592,259.2447,0.028772
2026-08-28 14:36:09.611,captures/20260828_143150,mm_per_px,2593,259.3450,0.082197
2026-08-28 14:36:09.712,captures/20260828_143150,mm_per_px,2594,259.4460,0.092748
2026-08-28 14:36:09.811,captures/20260828_143150,mm_per_px,2595,259.5450,0.099544
2026-08-28 14:36:09.912,captures/20260828_143150,mm_per_px,2596,259.6466,0.023708
2026-08-28 14:36:10.009,captures/20260828_143150,mm_per_px,2597,259.7431,0.005171
2026-08-28 14:36:10.115,captures/20260828_143150,mm_per_px,2598,259.8494,0.000552
2026-08-28 14:36:10.212,captures/20260828_143150,mm_per_px,2599,259.9467,0.002385
2026-08-28 14:36:10.310,captures/20260828_143150,mm_per_px,2600,260.0441,0.002522
2026-08-28 14:36:10.413,captures/20260828_143150,mm_per_px,2601,260.1470,0.002018
2026-08-28 14:36:10.511,captures/20260828_143150,mm_per_px,2602,260.2450,0.000803
2026-08-28 14:36:10.613,captures/20260828_143150,mm_per_px,2603,260.3478,0.007231
2026-08-28 14:36:10.709,captures/20260828_143150,mm_per_px,2604,260.4437,0.012758
2026-08-28 14:36:10.810,captures/20260828_143150,mm_per_px,2605,260.5445,0.007783
2026-08-28 14:36:10.912,captures/20260828_143150,mm_per_px,2606,260.6463,0.008623
2026-08-28 14:36:11.011,captures/20260828_143150,mm_per_px,2607,260.7450,0.008350
2026-08-28 14:36:11.109,captures/20260828_143150,mm_per_px,2608,260.8437,0.001644
2026-08-28 14:36:11.211,captures/20260828_143150,mm_per_px,2609,260.9450,0.001588
2026-08-28 14:36:11.310,captures/20260828_143150,mm_per_px,2610,261.0443,0.000000
2026-08-28 14:36:11.409,captures/20260828_143150,mm_per_px,2611,261.1437,0.002301
2026-08-28 14:36:11.513,captures/20260828_143150,mm_per_px,2612,261.2472,0.000833
2026-08-28 14:36:11.609,captures/20260828_143150,mm_per_px,2613,261.3435,0.003901
2026-08-28 14:36:11.711,captures/20260828_143150,mm_per_px,2614,261.4452,0.002084
2026-08-28 14:36:11.810,captures/20260828_143150,mm_per_px,2615,261.5449,0.006715
2026-08-28 14:36:11.912,captures/20260828_143150,mm_per_px,2616,261.6460,0.029567
2026-08-28 14:36:12.013,captures/20260828_143150,mm_per_px,2617,261.7478,0.067070
2026-08-28 14:36:12.112,captures/20260828_143150,mm_per_px,2618,261.8463,0.052744
2026-08-28 14:36:12.212,captures/20260828_143150,mm_per_px,2619,261.9460,0.056165
2026-08-28 14:36:12.310,captures/20260828_143150,mm_per_px,2620,262.0443,0.042225
2026-08-28 14:36:12.409,captures/20260828_143150,mm_per_px,2621,262.1434,0.025749
2026-08-28 14:36:12.510,captures/20260828_143150,mm_per_px,2622,262.2448,0.019363
2026-08-28 14:36:12.612,captures/20260828_143150,mm_per_px,2623,262.3469,0.023932
2026-08-28 14:36:12.711,captures/20260828_143150,mm_per_px,2624,262.4458,0.021988
2026-08-28 14:36:12.812,captures/20260828_143150,mm_per_px,2625,262.5467,0.064976
2026-08-28 14:36:12.911,captures/20260828_143150,mm_per_px,2626,262.6450,0.054977
2026-08-28 14:36:13.010,captures/20260828_143150,mm_per_px,2627,262.7441,0.070794
2026-08-28 14:36:13.110,captures/20260828_143150,mm_per_px,2628,262.8444,0.048612
2026-08-28 14:36:13.210,captures/20260828_143150,mm_per_px,2629,262.9442,0.083379
2026-08-28 14:36:13.310,captures/20260828_143150,mm_per_px,2630,263.0444,0.095588
2026-08-28 14:36:13.412,captures/20260828_143150,mm_per_px,2631,263.1460,0.096775
2026-08-28 14:36:13.510,captures/20260828_143150,mm_per_px,2632,263.2442,0.049458
2026-08-28 14:36:13.609,captures/20260828_143150,mm_per_px,2633,263.3435,0.045938
2026-08-28 14:36:13.710,captures/20260828_143150,mm_per_px,2634,263.4442,0.043883
2026-08-28 14:36:13.810,captures/20260828_143150,mm_per_px,2635,263.5443,0.067509
2026-08-28 14:36:13.915,captures/20260828_143150,mm_per_px,2636,263.6496,0.053313
2026-08-28 14:36:14.009,captures/20260828_143150,mm_per_px,2637,263.7431,0.086779
2026-08-28 14:36:14.109,captures/20260828_143150,mm_per_px,2638,263.8434,0.078663
2026-08-28 14:36:14.208,captures/20260828_143150,mm_per_px,2639,263.9426,0.071428
2026-08-28 14:36:14.310,captures/20260828_143150,mm_per_px,2640,264.0442,0.072463
2026-08-28 14:36:14.420,captures/20260828_143150,mm_per_px,2641,264.1542,0.066397
2026-08-28 14:36:14.509,captures/20260828_143150,mm_per_px,2642,264.2439,0.085655
2026-08-28 14:36:14.610,captures/20260828_143150,mm_per_px,2643,264.3449,0.099723
2026-08-28 14:36:14.710,captures/20260828_143150,mm_per_px,2644,264.4445,0.102892
2026-08-28 14:36:14.810,captures/20260828_143150,mm_per_px,2645,264.5446,0.079083
2026-08-28 14:36:14.910,captures/20260828_143150,mm_per_px,2646,264.6445,0.047103
2026-08-28 14:36:15.009,captures/20260828_143150,mm_per_px,2647,264.7436,0.032896
2026-08-28 14:36:15.109,captures/20260828_143150,mm_per_px,2648,264.8433,0.028740
2026-08-28 14:36:15.209,captures/20260828_143150,mm_per_px,2649,264.9435,0.014459
2026-08-28 14:36:15.314,captures/20260828_143150,mm_per_px,2650,265.0482,0.005085
2026-08-28 14:36:15.410,captures/20260828_143150,mm_per_px,2651,265.1440,0.000840
2026-08-28 14:36:15.510,captures/20260828_143150,mm_per_px,2652,265.2444,0.001107
2026-08-28 14:36:15.613,captures/20260828_143150,mm_per_px,2653,265.3474,0.003513
2026-08-28 14:36:15.711,captures/20260828_143150,mm_per_px,2654,265.4457,0.000218
2026-08-28 14:36:15.815,captures/20260828_143150,mm_per_px,2655,265.5494,0.000000
2026-08-28 14:36:15.913,captures/20260828_143150,mm_per_px,2656,265.6473,0.000155
2026-08-28 14:36:16.013,captures/20260828_143150,mm_per_px,2657,265.7473,0.000000
2026-08-28 14:36:16.110,captures/20260828_143150,mm_per_px,2658,265.8449,0.000462
2026-08-28 14:36:16.213,captures/20260828_143150,mm_per_px,2659,265.9470,0.002161
2026-08-28 14:36:16.311,captures/20260828_143150,mm_per_px,2660,266.0453,0.003983
2026-08-28 14:36:16.415,captures/20260828_143150,mm_per_px,2661,266.1494,0.002948
2026-08-28 14:36:16.511,captures/20260828_143150,mm_per_px,2662,266.2454,0.002959
2026-08-28 14:36:16.609,captures/20260828_143150,mm_per_px,2663,266.3437,0.002737
2026-08-28 14:36:16.711,captures/20260828_143150,mm_per_px,2664,266.4451,0.004991
2026-08-28 14:36:16.809,captures/20260828_143150,mm_per_px,2665,266.5438,0.002596
2026-08-28 14:36:16.910,captures/20260828_143150,mm_per_px,2666,266.6440,0.000675
2026-08-28 14:36:17.009,captures/20260828_143150,mm_per_px,2667,266.7439,0.002009
2026-08-28 14:36:17.111,captures/20260828_143150,mm_per_px,2668,266.8455,0.000554
2026-08-28 14:36:17.211,captures/20260828_143150,mm_per_px,2669,266.9454,0.000000
2026-08-28 14:36:17.310,captures/20260828_143150,mm_per_px,2670,267.0443,0.000653
2026-08-28 14:36:17.463,captures/20260828_143150,mm_per_px,2671,267.1979,0.000000
2026-08-28 14:36:17.547,captures/20260828_143150,mm_per_px,2672,267.2813,0.000000
2026-08-28 14:36:17.614,captures/20260828_143150,mm_per_px,2673,267.3488,0.000000
2026-08-28 14:36:17.712,captures/20260828_143150,mm_per_px,2674,267.4460,0.001073
2026-08-28 14:36:17.811,captures/20260828_143150,mm_per_px,2675,267.5450,0.001388
2026-08-28 14:36:17.912,captures/20260828_143150,mm_per_px,2676,267.6460,0.000711
2026-08-28 14:36:18.013,captures/20260828_143150,mm_per_px,2677,267.7477,0.000634
2026-08-28 14:36:18.112,captures/20260828_143150,mm_per_px,2678,267.8466,0.000808
2026-08-28 14:36:18.211,captures/20260828_143150,mm_per_px,2679,267.9458,0.001754
2026-08-28 14:36:18.312,captures/20260828_143150,mm_per_px,2680,268.0460,0.002653
2026-08-28 14:36:18.409,captures/20260828_143150,mm_per_px,2681,268.1431,0.000736
2026-08-28 14:36:18.515,captures/20260828_143150,mm_per_px,2682,268.2493,0.000163
2026-08-28 14:36:18.609,captures/20260828_143150,mm_per_px,2683,268.3437,0.000000
2026-08-28 14:36:18.710,captures/20260828_143150,mm_per_px,2684,268.4447,0.000278
2026-08-28 14:36:18.811,captures/20260828_143150,mm_per_px,2685,268.5450,0.000000
2026-08-28 14:36:18.911,captures/20260828_143150,mm_per_px,2686,268.6452,0.000400
2026-08-28 14:36:19.054,captures/20260828_143150,mm_per_px,2687,268.7889,0.000391
2026-08-28 14:36:19.144,captures/20260828_143150,mm_per_px,2688,268.8785,0.000165
2026-08-28 14:36:19.209,captures/20260828_143150,mm_per_px,2689,268.9434,0.000654
2026-08-28 14:36:19.314,captures/20260828_143150,mm_per_px,2690,269.0481,0.000000
2026-08-28 14:36:19.411,captures/20260828_143150,mm_per_px,2691,269.1451,0.000378
2026-08-28 14:36:19.511,captures/20260828_143150,mm_per_px,2692,269.2459,0.002002
2026-08-28 14:36:19.612,captures/20260828_143150,mm_per_px,2693,269.3466,0.003980
2026-08-28 14:36:19.710,captures/20260828_143150,mm_per_px,2694,269.4449,0.007739
2026-08-28 14:36:19.811,captures/20260828_143150,mm_per_px,2695,269.5458,0.006563
2026-08-28 14:36:19.912,captures/20260828_143150,mm_per_px,2696,269.6464,0.001376
2026-08-28 14:36:20.013,captures/20260828_143150,mm_per_px,2697,269.7472,0.003993
2026-08-28 14:36:20.114,captures/20260828_143150,mm_per_px,2698,269.8485,0.006992
2026-08-28 14:36:20.214,captures/20260828_143150,mm_per_px,2699,269.9484,0.005683
2026-08-28 14:36:20.313,captures/20260828_143150,mm_per_px,2700,270.0471,0.000566
2026-08-28 14:36:20.409,captures/20260828_143150,mm_per_px,2701,270.1436,0.000000
2026-08-28 14:36:20.511,captures/20260828_143150,mm_per_px,2702,270.2450,0.001225
2026-08-28 14:36:20.611,captures/20260828_143150,mm_per_px,2703,270.3453,0.001581
2026-08-28 14:36:20.716,captures/20260828_143150,mm_per_px,2704,270.4503,0.003339
2026-08-28 14:36:20.809,captures/20260828_143150,mm_per_px,2705,270.5435,0.007206
2026-08-28 14:36:20.910,captures/20260828_143150,mm_per_px,2706,270.6448,0.006308
2026-08-28 14:36:21.012,captures/20260828_143150,mm_per_px,2707,270.7464,0.002471
2026-08-28 14:36:21.109,captures/20260828_143150,mm_per_px,2708,270.8439,0.018220
2026-08-28 14:36:21.209,captures/20260828_143150,mm_per_px,2709,270.9439,0.012460
2026-08-28 14:36:21.310,captures/20260828_143150,mm_per_px,2710,271.0446,0.034623
2026-08-28 14:36:21.418,captures/20260828_143150,mm_per_px,2711,271.1528,0.024386
2026-08-28 14:36:21.515,captures/20260828_143150,mm_per_px,2712,271.2496,0.023445
2026-08-28 14:36:21.615,captures/20260828_143150,mm_per_px,2713,271.3495,0.026840
2026-08-28 14:36:21.714,captures/20260828_143150,mm_per_px,2714,271.4487,0.013457
2026-08-28 14:36:21.813,captures/20260828_143150,mm_per_px,2715,271.5477,0.016138
2026-08-28 14:36:21.912,captures/20260828_143150,mm_per_px,2716,271.6468,0.019943
2026-08-28 14:36:22.012,captures/20260828_143150,mm_per_px,2717,271.7469,0.005085
2026-08-28 14:36:22.115,captures/20260828_143150,mm_per_px,2718,271.8491,0.004398
2026-08-28 14:36:22.217,captures/20260828_143150,mm_per_px,2719,271.9512,0.006971
2026-08-28 14:36:22.314,captures/20260828_143150,mm_per_px,2720,272.0486,0.006937
2026-08-28 14:36:22.414,captures/20260828_143150,mm_per_px,2721,272.1487,0.008888
2026-08-28 14:36:22.511,captures/20260828_143150,mm_per_px,2722,272.2454,0.005839
2026-08-28 14:36:22.616,captures/20260828_143150,mm_per_px,2723,272.3503,0.001597
2026-08-28 14:36:22.713,captures/20260828_143150,mm_per_px,2724,272.4477,0.001781
2026-08-28 14:36:22.815,captures/20260828_143150,mm_per_px,2725,272.5498,0.001181
2026-08-28 14:36:22.915,captures/20260828_143150,mm_per_px,2726,272.6491,0.000438
2026-08-28 14:36:23.014,captures/20260828_143150,mm_per_px,2727,272.7487,0.000463
2026-08-28 14:36:23.115,captures/20260828_143150,mm_per_px,2728,272.8497,0.002882
2026-08-28 14:36:23.215,captures/20260828_143150,mm_per_px,2729,272.9495,0.002899
2026-08-28 14:36:23.318,captures/20260828_143150,mm_per_px,2730,273.0529,0.002491
2026-08-28 14:36:23.411,captures/20260828_143150,mm_per_px,2731,273.1458,0.002224
2026-08-28 14:36:23.517,captures/20260828_143150,mm_per_px,2732,273.2519,0.007805
2026-08-28 14:36:23.620,captures/20260828_143150,mm_per_px,2733,273.3549,0.012102
2026-08-28 14:36:23.716,captures/20260828_143150,mm_per_px,2734,273.4505,0.004045
2026-08-28 14:36:23.818,captures/20260828_143150,mm_per_px,2735,273.5524,0.007441
2026-08-28 14:36:23.912,captures/20260828_143150,mm_per_px,2736,273.6467,0.012657
2026-08-28 14:36:24.010,captures/20260828_143150,mm_per_px,2737,273.7440,0.006304
2026-08-28 14:36:24.112,captures/20260828_143150,mm_per_px,2738,273.8466,0.004142
2026-08-28 14:36:24.216,captures/20260828_143150,mm_per_px,2739,273.9500,0.004188
2026-08-28 14:36:24.313,captures/20260828_143150,mm_per_px,2740,274.0477,0.002420
2026-08-28 14:36:24.418,captures/20260828_143150,mm_per_px,2741,274.1523,0.010507
2026-08-28 14:36:24.511,captures/20260828_143150,mm_per_px,2742,274.2456,0.010891
2026-08-28 14:36:24.616,captures/20260828_143150,mm_per_px,2743,274.3504,0.026548
2026-08-28 14:36:24.714,captures/20260828_143150,mm_per_px,2744,274.4482,0.019502
2026-08-28 14:36:24.811,captures/20260828_143150,mm_per_px,2745,274.5452,0.022829
2026-08-28 14:36:24.909,captures/20260828_143150,mm_per_px,2746,274.6439,0.032113
2026-08-28 14:36:25.011,captures/20260828_143150,mm_per_px,2747,274.7454,0.024038
2026-08-28 14:36:25.109,captures/20260828_143150,mm_per_px,2748,274.8439,0.024349
2026-08-28 14:36:25.210,captures/20260828_143150,mm_per_px,2749,274.9447,0.032034
2026-08-28 14:36:25.308,captures/20260828_143150,mm_per_px,2750,275.0423,0.022934
2026-08-28 14:36:25.408,captures/20260828_143150,mm_per_px,2751,275.1424,0.024459
2026-08-28 14:36:25.508,captures/20260828_143150,mm_per_px,2752,275.2429,0.022645
2026-08-28 14:36:25.615,captures/20260828_143150,mm_per_px,2753,275.3490,0.031981
2026-08-28 14:36:25.716,captures/20260828_143150,mm_per_px,2754,275.4502,0.035562
2026-08-28 14:36:25.812,captures/20260828_143150,mm_per_px,2755,275.5463,0.026820
2026-08-28 14:36:25.910,captures/20260828_143150,mm_per_px,2756,275.6448,0.028860
2026-08-28 14:36:26.009,captures/20260828_143150,mm_per_px,2757,275.7439,0.033215
2026-08-28 14:36:26.109,captures/20260828_143150,mm_per_px,2758,275.8431,0.026430
2026-08-28 14:36:26.299,captures/20260828_143150,mm_per_px,2759,276.0331,0.040905
2026-08-28 14:36:26.357,captures/20260828_143150,mm_per_px,2760,276.0917,0.025564
2026-08-28 14:36:26.408,captures/20260828_143150,mm_per_px,2761,276.1422,0.023215
2026-08-28 14:36:26.509,captures/20260828_143150,mm_per_px,2762,276.2439,0.015381
2026-08-28 14:36:26.612,captures/20260828_143150,mm_per_px,2763,276.3467,0.016218
2026-08-28 14:36:26.711,captures/20260828_143150,mm_per_px,2764,276.4457,0.018441
2026-08-28 14:36:26.812,captures/20260828_143150,mm_per_px,2765,276.5465,0.018431
2026-08-28 14:36:26.911,captures/20260828_143150,mm_per_px,2766,276.6450,0.022465
2026-08-28 14:36:27.010,captures/20260828_143150,mm_per_px,2767,276.7449,0.018680
2026-08-28 14:36:27.108,captures/20260828_143150,mm_per_px,2768,276.8429,0.006934
2026-08-28 14:36:27.208,captures/20260828_143150,mm_per_px,2769,276.9428,0.003942
2026-08-28 14:36:27.308,captures/20260828_143150,mm_per_px,2770,277.0421,0.001161
2026-08-28 14:36:27.409,captures/20260828_143150,mm_per_px,2771,277.1434,0.005218
2026-08-28 14:36:27.508,captures/20260828_143150,mm_per_px,2772,277.2426,0.001364
2026-08-28 14:36:27.612,captures/20260828_143150,mm_per_px,2773,277.3465,0.000412
2026-08-28 14:36:27.710,captures/20260828_143150,mm_per_px,2774,277.4448,0.001222
2026-08-28 14:36:27.809,captures/20260828_143150,mm_per_px,2775,277.5437,0.002594
2026-08-28 14:36:27.913,captures/20260828_143150,mm_per_px,2776,277.6471,0.000934
2026-08-28 14:36:28.009,captures/20260828_143150,mm_per_px,2777,277.7436,0.000160
2026-08-28 14:36:28.110,captures/20260828_143150,mm_per_px,2778,277.8441,0.000826
2026-08-28 14:36:28.211,captures/20260828_143150,mm_per_px,2779,277.9451,0.000428
2026-08-28 14:36:28.311,captures/20260828_143150,mm_per_px,2780,278.0458,0.000372
2026-08-28 14:36:28.409,captures/20260828_143150,mm_per_px,2781,278.1431,0.000709
2026-08-28 14:36:28.511,captures/20260828_143150,mm_per_px,2782,278.2450,0.001272
2026-08-28 14:36:28.613,captures/20260828_143150,mm_per_px,2783,278.3470,0.000485
2026-08-28 14:36:28.712,captures/20260828_143150,mm_per_px,2784,278.4466,0.001263
2026-08-28 14:36:28.809,captures/20260828_143150,mm_per_px,2785,278.5437,0.001399
2026-08-28 14:36:28.908,captures/20260828_143150,mm_per_px,2786,278.6421,0.002210
2026-08-28 14:36:29.010,captures/20260828_143150,mm_per_px,2787,278.7446,0.001446
2026-08-28 14:36:29.110,captures/20260828_143150,mm_per_px,2788,278.8442,0.001908
2026-08-28 14:36:29.210,captures/20260828_143150,mm_per_px,2789,278.9445,0.008814
2026-08-28 14:36:29.311,captures/20260828_143150,mm_per_px,2790,279.0451,0.016265
2026-08-28 14:36:29.408,captures/20260828_143150,mm_per_px,2791,279.1422,0.007516
2026-08-28 14:36:29.509,captures/20260828_143150,mm_per_px,2792,279.2431,0.016100
2026-08-28 14:36:29.609,captures/20260828_143150,mm_per_px,2793,279.3437,0.019629
2026-08-28 14:36:29.712,captures/20260828_143150,mm_per_px,2794,279.4465,0.034326
2026-08-28 14:36:29.810,captures/20260828_143150,mm_per_px,2795,279.5444,0.019936
2026-08-28 14:36:29.911,captures/20260828_143150,mm_per_px,2796,279.6455,0.026692
2026-08-28 14:36:30.010,captures/20260828_143150,mm_per_px,2797,279.7442,0.030904
2026-08-28 14:36:30.112,captures/20260828_143150,mm_per_px,2798,279.8466,0.033102
2026-08-28 14:36:30.209,captures/20260828_143150,mm_per_px,2799,279.9430,0.027058
2026-08-28 14:36:30.308,captures/20260828_143150,mm_per_px,2800,280.0425,0.014357
2026-08-28 14:36:30.408,captures/20260828_143150,mm_per_px,2801,280.1426,0.021034
2026-08-28 14:36:30.508,captures/20260828_143150,mm_per_px,2802,280.2422,0.016674
2026-08-28 14:36:30.610,captures/20260828_143150,mm_per_px,2803,280.3441,0.011684
2026-08-28 14:36:30.710,captures/20260828_143150,mm_per_px,2804,280.4442,0.006860
2026-08-28 14:36:30.809,captures/20260828_143150,mm_per_px,2805,280.5430,0.005302
2026-08-28 14:36:30.907,captures/20260828_143150,mm_per_px,2806,280.6417,0.006293
2026-08-28 14:36:31.012,captures/20260828_143150,mm_per_px,2807,280.7465,0.010808
2026-08-28 14:36:31.111,captures/20260828_143150,mm_per_px,2808,280.8451,0.006488
2026-08-28 14:36:31.209,captures/20260828_143150,mm_per_px,2809,280.9435,0.004519
2026-08-28 14:36:31.309,captures/20260828_143150,mm_per_px,2810,281.0435,0.004184
2026-08-28 14:36:31.408,captures/20260828_143150,mm_per_px,2811,281.1420,0.009948
2026-08-28 14:36:31.509,captures/20260828_143150,mm_per_px,2812,281.2431,0.007954
2026-08-28 14:36:31.608,captures/20260828_143150,mm_per_px,2813,281.3426,0.004058
2026-08-28 14:36:31.709,captures/20260828_143150,mm_per_px,2814,281.4434,0.003424
2026-08-28 14:36:31.812,captures/20260828_143150,mm_per_px,2815,281.5462,0.003931
2026-08-28 14:36:31.911,captures/20260828_143150,mm_per_px,2816,281.6455,0.001543
2026-08-28 14:36:32.012,captures/20260828_143150,mm_per_px,2817,281.7464,0.003454
2026-08-28 14:36:32.109,captures/20260828_143150,mm_per_px,2818,281.8435,0.002984
2026-08-28 14:36:32.209,captures/20260828_143150,mm_per_px,2819,281.9436,0.000267
2026-08-28 14:36:32.309,captures/20260828_143150,mm_per_px,2820,282.0435,0.000289
2026-08-28 14:36:32.408,captures/20260828_143150,mm_per_px,2821,282.1422,0.006326
2026-08-28 14:36:32.508,captures/20260828_143150,mm_per_px,2822,282.2424,0.016361
2026-08-28 14:36:32.610,captures/20260828_143150,mm_per_px,2823,282.3440,0.011715
2026-08-28 14:36:32.709,captures/20260828_143150,mm_per_px,2824,282.4434,0.007612
2026-08-28 14:36:32.812,captures/20260828_143150,mm_per_px,2825,282.5460,0.014937
2026-08-28 14:36:32.909,captures/20260828_143150,mm_per_px,2826,282.6436,0.017360
2026-08-28 14:36:33.012,captures/20260828_143150,mm_per_px,2827,282.7461,0.029005
2026-08-28 14:36:33.113,captures/20260828_143150,mm_per_px,2828,282.8470,0.037061
2026-08-28 14:36:33.210,captures/20260828_143150,mm_per_px,2829,282.9444,0.033019
2026-08-28 14:36:33.310,captures/20260828_143150,mm_per_px,2830,283.0441,0.022694
2026-08-28 14:36:33.410,captures/20260828_143150,mm_per_px,2831,283.1448,0.020158
2026-08-28 14:36:33.508,captures/20260828_143150,mm_per_px,2832,283.2421,0.020196
2026-08-28 14:36:33.609,captures/20260828_143150,mm_per_px,2833,283.3434,0.010033
2026-08-28 14:36:33.708,captures/20260828_143150,mm_per_px,2834,283.4429,0.004356
2026-08-28 14:36:33.813,captures/20260828_143150,mm_per_px,2835,283.5479,0.009827
2026-08-28 14:36:33.910,captures/20260828_143150,mm_per_px,2836,283.6441,0.004109
2026-08-28 14:36:34.013,captures/20260828_143150,mm_per_px,2837,283.7471,0.016306
2026-08-28 14:36:34.113,captures/20260828_143150,mm_per_px,2838,283.8478,0.018064
2026-08-28 14:36:34.209,captures/20260828_143150,mm_per_px,2839,283.9437,0.020159
2026-08-28 14:36:34.309,captures/20260828_143150,mm_per_px,2840,284.0436,0.019244
2026-08-28 14:36:34.411,captures/20260828_143150,mm_per_px,2841,284.1450,0.027057
2026-08-28 14:36:34.509,captures/20260828_143150,mm_per_px,2842,284.2439,0.021906
2026-08-28 14:36:34.610,captures/20260828_143150,mm_per_px,2843,284.3443,0.027745
2026-08-28 14:36:34.708,captures/20260828_143150,mm_per_px,2844,284.4425,0.032971
2026-08-28 14:36:34.813,captures/20260828_143150,mm_per_px,2845,284.5471,0.030620
2026-08-28 14:36:34.912,captures/20260828_143150,mm_per_px,2846,284.6469,0.026219
2026-08-28 14:36:35.012,captures/20260828_143150,mm_per_px,2847,284.7464,0.028614
2026-08-28 14:36:35.118,captures/20260828_143150,mm_per_px,2848,284.8520,0.006110
2026-08-28 14:36:35.211,captures/20260828_143150,mm_per_px,2849,284.9453,0.008455
2026-08-28 14:36:35.308,captures/20260828_143150,mm_per_px,2850,285.0426,0.007984
2026-08-28 14:36:35.408,captures/20260828_143150,mm_per_px,2851,285.1421,0.001062
2026-08-28 14:36:35.509,captures/20260828_143150,mm_per_px,2852,285.2431,0.000357
2026-08-28 14:36:35.608,captures/20260828_143150,mm_per_px,2853,285.3429,0.001399
2026-08-28 14:36:35.711,captures/20260828_143150,mm_per_px,2854,285.4451,0.001004
2026-08-28 14:36:35.809,captures/20260828_143150,mm_per_px,2855,285.5439,0.000199
2026-08-28 14:36:35.908,captures/20260828_143150,mm_per_px,2856,285.6420,0.002205
2026-08-28 14:36:36.010,captures/20260828_143150,mm_per_px,2857,285.7442,0.000270
2026-08-28 14:36:36.109,captures/20260828_143150,mm_per_px,2858,285.8434,0.000000
2026-08-28 14:36:36.210,captures/20260828_143150,mm_per_px,2859,285.9442,0.000000
2026-08-28 14:36:36.309,captures/20260828_143150,mm_per_px,2860,286.0432,0.000000
2026-08-28 14:36:36.408,captures/20260828_143150,mm_per_px,2861,286.1421,0.000000
2026-08-28 14:36:36.511,captures/20260828_143150,mm_per_px,2862,286.2455,0.000000
2026-08-28 14:36:36.608,captures/20260828_143150,mm_per_px,2863,286.3425,0.000000
2026-08-28 14:36:36.708,captures/20260828_143150,mm_per_px,2864,286.4429,0.000000
2026-08-28 14:36:36.808,captures/20260828_143150,mm_per_px,2865,286.5429,0.000000
2026-08-28 14:36:36.909,captures/20260828_143150,mm_per_px,2866,286.6434,0.000000
2026-08-28 14:36:37.012,captures/20260828_143150,mm_per_px,2867,286.7462,0.000000
2026-08-28 14:36:37.111,captures/20260828_143150,mm_per_px,2868,286.8456,0.000000
2026-08-28 14:36:37.209,captures/20260828_143150,mm_per_px,2869,286.9436,0.000000
2026-08-28 14:36:37.309,captures/20260828_143150,mm_per_px,2870,287.0439,0.000000
2026-08-28 14:36:37.408,captures/20260828_143150,mm_per_px,2871,287.1425,0.000000
2026-08-28 14:36:37.508,captures/20260828_143150,mm_per_px,2872,287.2421,0.000320
2026-08-28 14:36:37.609,captures/20260828_143150,mm_per_px,2873,287.3436,0.001866
2026-08-28 14:36:37.710,captures/20260828_143150,mm_per_px,2874,287.4443,0.000319
2026-08-28 14:36:37.809,captures/20260828_143150,mm_per_px,2875,287.5438,0.001302
2026-08-28 14:36:37.913,captures/20260828_143150,mm_per_px,2876,287.6473,0.006906
2026-08-28 14:36:38.009,captures/20260828_143150,mm_per_px,2877,287.7430,0.003642
2026-08-28 14:36:38.111,captures/20260828_143150,mm_per_px,2878,287.8453,0.000657
2026-08-28 14:36:38.211,captures/20260828_143150,mm_per_px,2879,287.9455,0.006553
2026-08-28 14:36:38.310,captures/20260828_143150,mm_per_px,2880,288.0447,0.002513
2026-08-28 14:36:38.409,captures/20260828_143150,mm_per_px,2881,288.1438,0.002415
2026-08-28 14:36:38.509,captures/20260828_143150,mm_per_px,2882,288.2436,0.001140
2026-08-28 14:36:38.610,captures/20260828_143150,mm_per_px,2883,288.3441,0.003147
2026-08-28 14:36:38.709,captures/20260828_143150,mm_per_px,2884,288.4437,0.004481
2026-08-28 14:36:38.810,captures/20260828_143150,mm_per_px,2885,288.5447,0.002852
2026-08-28 14:36:38.914,captures/20260828_143150,mm_per_px,2886,288.6485,0.006268
2026-08-28 14:36:39.013,captures/20260828_143150,mm_per_px,2887,288.7477,0.017584
2026-08-28 14:36:39.109,captures/20260828_143150,mm_per_px,2888,288.8437,0.016739
2026-08-28 14:36:39.210,captures/20260828_143150,mm_per_px,2889,288.9442,0.006402
2026-08-28 14:36:39.312,captures/20260828_143150,mm_per_px,2890,289.0462,0.002001
2026-08-28 14:36:39.410,captures/20260828_143150,mm_per_px,2891,289.1441,0.000274
2026-08-28 14:36:39.509,captures/20260828_143150,mm_per_px,2892,289.2432,0.000875
2026-08-28 14:36:39.609,captures/20260828_143150,mm_per_px,2893,289.3435,0.002036
2026-08-28 14:36:39.708,captures/20260828_143150,mm_per_px,2894,289.4422,0.001699
2026-08-28 14:36:39.811,captures/20260828_143150,mm_per_px,2895,289.5451,0.001207
2026-08-28 14:36:39.912,captures/20260828_143150,mm_per_px,2896,289.6460,0.001183
2026-08-28 14:36:40.011,captures/20260828_143150,mm_per_px,2897,289.7456,0.000491
2026-08-28 14:36:40.111,captures/20260828_143150,mm_per_px,2898,289.8452,0.000168
2026-08-28 14:36:40.210,captures/20260828_143150,mm_per_px,2899,289.9445,0.000285
2026-08-28 14:36:40.310,captures/20260828_143150,mm_per_px,2900,290.0447,0.000000
2026-08-28 14:36:40.411,captures/20260828_143150,mm_per_px,2901,290.1450,0.000000
2026-08-28 14:36:40.508,captures/20260828_143150,mm_per_px,2902,290.2427,0.000000
2026-08-28 14:36:40.609,captures/20260828_143150,mm_per_px,2903,290.3436,0.000000
2026-08-28 14:36:40.709,captures/20260828_143150,mm_per_px,2904,290.4433,0.001154
2026-08-28 14:36:40.809,captures/20260828_143150,mm_per_px,2905,290.5433,0.001237
2026-08-28 14:36:40.910,captures/20260828_143150,mm_per_px,2906,290.6440,0.000242
2026-08-28 14:36:41.013,captures/20260828_143150,mm_per_px,2907,290.7476,0.002336
2026-08-28 14:36:41.112,captures/20260828_143150,mm_per_px,2908,290.8460,0.004339
2026-08-28 14:36:41.257,captures/20260828_143150,mm_per_px,2909,290.9916,0.005352
2026-08-28 14:36:41.346,captures/20260828_143150,mm_per_px,2910,291.0801,0.007158
2026-08-28 14:36:41.410,captures/20260828_143150,mm_per_px,2911,291.1449,0.004774
2026-08-28 14:36:41.509,captures/20260828_143150,mm_per_px,2912,291.2432,0.000306
2026-08-28 14:36:41.608,captures/20260828_143150,mm_per_px,2913,291.3429,0.000000
2026-08-28 14:36:41.708,captures/20260828_143150,mm_per_px,2914,291.4420,0.000000
2026-08-28 14:36:41.811,captures/20260828_143150,mm_per_px,2915,291.5453,0.000000
2026-08-28 14:36:41.909,captures/20260828_143150,mm_per_px,2916,291.6432,0.000000
2026-08-28 14:36:42.010,captures/20260828_143150,mm_per_px,2917,291.7441,0.000000
2026-08-28 14:36:42.109,captures/20260828_143150,mm_per_px,2918,291.8433,0.000000
2026-08-28 14:36:42.210,captures/20260828_143150,mm_per_px,2919,291.9444,0.000000
2026-08-28 14:36:42.310,captures/20260828_143150,mm_per_px,2920,292.0447,0.000000
2026-08-28 14:36:42.409,captures/20260828_143150,mm_per_px,2921,292.1438,0.000000
2026-08-28 14:36:42.512,captures/20260828_143150,mm_per_px,2922,292.2460,0.000000
2026-08-28 14:36:42.609,captures/20260828_143150,mm_per_px,2923,292.3431,0.000000
2026-08-28 14:36:42.708,captures/20260828_143150,mm_per_px,2924,292.4421,0.000000
2026-08-28 14:36:42.809,captures/20260828_143150,mm_per_px,2925,292.5438,0.000000
2026-08-28 14:36:42.908,captures/20260828_143150,mm_per_px,2926,292.6420,0.000000
2026-08-28 14:36:43.011,captures/20260828_143150,mm_per_px,2927,292.7456,0.000000
2026-08-28 14:36:43.109,captures/20260828_143150,mm_per_px,2928,292.8439,0.000000
2026-08-28 14:36:43.209,captures/20260828_143150,mm_per_px,2929,292.9431,0.000000
2026-08-28 14:36:43.311,captures/20260828_143150,mm_per_px,2930,293.0454,0.000000
2026-08-28 14:36:43.409,captures/20260828_143150,mm_per_px,2931,293.1439,0.000000
2026-08-28 14:36:43.509,captures/20260828_143150,mm_per_px,2932,293.2438,0.001072
2026-08-28 14:36:43.610,captures/20260828_143150,mm_per_px,2933,293.3441,0.000801
2026-08-28 14:36:43.708,captures/20260828_143150,mm_per_px,2934,293.4428,0.000231
2026-08-28 14:36:43.808,captures/20260828_143150,mm_per_px,2935,293.5426,0.000000
2026-08-28 14:36:43.909,captures/20260828_143150,mm_per_px,2936,293.6433,0.000292
2026-08-28 14:36:44.008,captures/20260828_143150,mm_per_px,2937,293.7420,0.004200
2026-08-28 14:36:44.127,captures/20260828_143150,mm_per_px,2938,293.8612,0.000000
2026-08-28 14:36:44.214,captures/20260828_143150,mm_per_px,2939,293.9488,0.001258
2026-08-28 14:36:44.403,captures/20260828_143150,mm_per_px,2940,294.1370,0.000238
2026-08-28 14:36:44.484,captures/20260828_143150,mm_per_px,2941,294.2181,0.000273
2026-08-28 14:36:44.531,captures/20260828_143150,mm_per_px,2942,294.2653,0.000626
2026-08-28 14:36:44.609,captures/20260828_143150,mm_per_px,2943,294.3433,0.000599
2026-08-28 14:36:44.708,captures/20260828_143150,mm_per_px,2944,294.4426,0.000943
2026-08-28 14:36:44.809,captures/20260828_143150,mm_per_px,2945,294.5430,0.000000
2026-08-28 14:36:44.908,captures/20260828_143150,mm_per_px,2946,294.6427,0.000000
2026-08-28 14:36:45.008,captures/20260828_143150,mm_per_px,2947,294.7428,0.002165
2026-08-28 14:36:45.113,captures/20260828_143150,mm_per_px,2948,294.8470,0.002756
2026-08-28 14:36:45.210,captures/20260828_143150,mm_per_px,2949,294.9443,0.005527
2026-08-28 14:36:45.308,captures/20260828_143150,mm_per_px,2950,295.0428,0.004718
2026-08-28 14:36:45.409,captures/20260828_143150,mm_per_px,2951,295.1436,0.004083
2026-08-28 14:36:45.508,captures/20260828_143150,mm_per_px,2952,295.2422,0.001684
2026-08-28 14:36:45.610,captures/20260828_143150,mm_per_px,2953,295.3440,0.002246
2026-08-28 14:36:45.709,captures/20260828_143150,mm_per_px,2954,295.4439,0.000868
2026-08-28 14:36:45.809,captures/20260828_143150,mm_per_px,2955,295.5431,0.000287
2026-08-28 14:36:45.910,captures/20260828_143150,mm_per_px,2956,295.6445,0.000750
2026-08-28 14:36:46.009,captures/20260828_143150,mm_per_px,2957,295.7432,0.000000
2026-08-28 14:36:46.110,captures/20260828_143150,mm_per_px,2958,295.8446,0.000490
2026-08-28 14:36:46.211,captures/20260828_143150,mm_per_px,2959,295.9452,0.003464
2026-08-28 14:36:46.312,captures/20260828_143150,mm_per_px,2960,296.0466,0.007898
2026-08-28 14:36:46.412,captures/20260828_143150,mm_per_px,2961,296.1467,0.020886
2026-08-28 14:36:46.511,captures/20260828_143150,mm_per_px,2962,296.2456,0.014960
2026-08-28 14:36:46.613,captures/20260828_143150,mm_per_px,2963,296.3474,0.014859
2026-08-28 14:36:46.712,captures/20260828_143150,mm_per_px,2964,296.4462,0.008926
2026-08-28 14:36:46.809,captures/20260828_143150,mm_per_px,2965,296.5437,0.001539
2026-08-28 14:36:46.909,captures/20260828_143150,mm_per_px,2966,296.6435,0.000670
2026-08-28 14:36:47.010,captures/20260828_143150,mm_per_px,2967,296.7440,0.000694
2026-08-28 14:36:47.112,captures/20260828_143150,mm_per_px,2968,296.8465,0.001566
2026-08-28 14:36:47.211,captures/20260828_143150,mm_per_px,2969,296.9456,0.000634
2026-08-28 14:36:47.310,captures/20260828_143150,mm_per_px,2970,297.0445,0.001473
2026-08-28 14:36:47.412,captures/20260828_143150,mm_per_px,2971,297.1466,0.004080
2026-08-28 14:36:47.556,captures/20260828_143150,mm_per_px,2972,297.2906,0.004179
2026-08-28 14:36:47.652,captures/20260828_143150,mm_per_px,2973,297.3867,0.002996
2026-08-28 14:36:47.731,captures/20260828_143150,mm_per_px,2974,297.4650,0.001038
2026-08-28 14:36:47.811,captures/20260828_143150,mm_per_px,2975,297.5456,0.000959
2026-08-28 14:36:47.909,captures/20260828_143150,mm_per_px,2976,297.6433,0.000000
2026-08-28 14:36:48.009,captures/20260828_143150,mm_per_px,2977,297.7433,0.000000
2026-08-28 14:36:48.109,captures/20260828_143150,mm_per_px,2978,297.8432,0.000000
2026-08-28 14:36:48.212,captures/20260828_143150,mm_per_px,2979,297.9462,0.000000
2026-08-28 14:36:48.314,captures/20260828_143150,mm_per_px,2980,298.0484,0.001933
2026-08-28 14:36:48.410,captures/20260828_143150,mm_per_px,2981,298.1442,0.002024
2026-08-28 14:36:48.510,captures/20260828_143150,mm_per_px,2982,298.2449,0.001729
2026-08-28 14:36:48.614,captures/20260828_143150,mm_per_px,2983,298.3480,0.000000
2026-08-28 14:36:48.713,captures/20260828_143150,mm_per_px,2984,298.4473,0.000000
2026-08-28 14:36:48.810,captures/20260828_143150,mm_per_px,2985,298.5448,0.000201
2026-08-28 14:36:48.909,captures/20260828_143150,mm_per_px,2986,298.6436,0.000000
2026-08-28 14:36:49.009,captures/20260828_143150,mm_per_px,2987,298.7437,0.000000
2026-08-28 14:36:49.109,captures/20260828_143150,mm_per_px,2988,298.8435,0.000308
2026-08-28 14:36:49.213,captures/20260828_143150,mm_per_px,2989,298.9471,0.000000
2026-08-28 14:36:49.311,captures/20260828_143150,mm_per_px,2990,299.0457,0.000000
2026-08-28 14:36:49.409,captures/20260828_143150,mm_per_px,2991,299.1437,0.000000
2026-08-28 14:36:49.509,captures/20260828_143150,mm_per_px,2992,299.2434,0.000000
2026-08-28 14:36:49.612,captures/20260828_143150,mm_per_px,2993,299.3468,0.000000
2026-08-28 14:36:49.711,captures/20260828_143150,mm_per_px,2994,299.4450,0.000560
2026-08-28 14:36:49.809,captures/20260828_143150,mm_per_px,2995,299.5434,0.000000
2026-08-28 14:36:49.909,captures/20260828_143150,mm_per_px,2996,299.6437,0.000000
2026-08-28 14:36:50.010,captures/20260828_143150,mm_per_px,2997,299.7444,0.000277
2026-08-28 14:36:50.109,captures/20260828_143150,mm_per_px,2998,299.8431,0.000000
2026-08-28 14:36:50.212,captures/20260828_143150,mm_per_px,2999,299.9469,0.000000
2026-08-28 14:36:50.309,captures/20260828_143150,mm_per_px,3000,300.0435,0.000000
2026-08-28 14:36:50.410,captures/20260828_143150,mm_per_px,3001,300.1448,0.000700
2026-08-28 14:36:50.508,captures/20260828_143150,mm_per_px,3002,300.2429,0.000000
2026-08-28 14:36:50.609,captures/20260828_143150,mm_per_px,3003,300.3434,0.000000
2026-08-28 14:36:50.710,captures/20260828_143150,mm_per_px,3004,300.4440,0.000404
2026-08-28 14:36:50.809,captures/20260828_143150,mm_per_px,3005,300.5430,0.000000
2026-08-28 14:36:50.910,captures/20260828_143150,mm_per_px,3006,300.6441,0.000224
2026-08-28 14:36:51.011,captures/20260828_143150,mm_per_px,3007,300.7451,0.000227
2026-08-28 14:36:51.109,captures/20260828_143150,mm_per_px,3008,300.8435,0.000000
2026-08-28 14:36:51.213,captures/20260828_143150,mm_per_px,3009,300.9470,0.000285
2026-08-28 14:36:51.312,captures/20260828_143150,mm_per_px,3010,301.0460,0.001121
2026-08-28 14:36:51.409,captures/20260828_143150,mm_per_px,3011,301.1436,0.000645
2026-08-28 14:36:51.509,captures/20260828_143150,mm_per_px,3012,301.2435,0.000353
2026-08-28 14:36:51.611,captures/20260828_143150,mm_per_px,3013,301.3456,0.000208
2026-08-28 14:36:51.711,captures/20260828_143150,mm_per_px,3014,301.4456,0.003366
2026-08-28 14:36:51.810,captures/20260828_143150,mm_per_px,3015,301.5448,0.003997
2026-08-28 14:36:51.908,captures/20260828_143150,mm_per_px,3016,301.6429,0.005380
2026-08-28 14:36:52.009,captures/20260828_143150,mm_per_px,3017,301.7434,0.000772
2026-08-28 14:36:52.154,captures/20260828_143150,mm_per_px,3018,301.8881,0.005363
2026-08-28 14:36:52.245,captures/20260828_143150,mm_per_px,3019,301.9792,0.000328
2026-08-28 14:36:52.309,captures/20260828_143150,mm_per_px,3020,302.0433,0.000182
2026-08-28 14:36:52.409,captures/20260828_143150,mm_per_px,3021,302.1433,0.001091
2026-08-28 14:36:52.509,captures/20260828_143150,mm_per_px,3022,302.2438,0.000503
2026-08-28 14:36:52.610,captures/20260828_143150,mm_per_px,3023,302.3444,0.000449
2026-08-28 14:36:52.711,captures/20260828_143150,mm_per_px,3024,302.4455,0.000000
2026-08-28 14:36:52.812,captures/20260828_143150,mm_per_px,3025,302.5465,0.000325
2026-08-28 14:36:52.911,captures/20260828_143150,mm_per_px,3026,302.6457,0.002418
2026-08-28 14:36:53.010,captures/20260828_143150,mm_per_px,3027,302.7443,0.000000
2026-08-28 14:36:53.154,captures/20260828_143150,mm_per_px,3028,302.8882,0.001925
2026-08-28 14:36:53.243,captures/20260828_143150,mm_per_px,3029,302.9770,0.002676
2026-08-28 14:36:53.364,captures/20260828_143150,mm_per_px,3030,303.0982,0.000728
2026-08-28 14:36:53.461,captures/20260828_143150,mm_per_px,3031,303.1951,0.001213
2026-08-28 14:36:53.520,captures/20260828_143150,mm_per_px,3032,303.2546,0.002756
2026-08-28 14:36:53.610,captures/20260828_143150,mm_per_px,3033,303.3442,0.001428
2026-08-28 14:36:53.712,captures/20260828_143150,mm_per_px,3034,303.4464,0.004233
2026-08-28 14:36:53.810,captures/20260828_143150,mm_per_px,3035,303.5448,0.000670
2026-08-28 14:36:53.910,captures/20260828_143150,mm_per_px,3036,303.6446,0.000425
2026-08-28 14:36:54.009,captures/20260828_143150,mm_per_px,3037,303.7436,0.000000
2026-08-28 14:36:54.109,captures/20260828_143150,mm_per_px,3038,303.8430,0.000000
2026-08-28 14:36:54.209,captures/20260828_143150,mm_per_px,3039,303.9430,0.000198
2026-08-28 14:36:54.309,captures/20260828_143150,mm_per_px,3040,304.0434,0.000000
2026-08-28 14:36:54.410,captures/20260828_143150,mm_per_px,3041,304.1442,0.000000
2026-08-28 14:36:54.509,captures/20260828_143150,mm_per_px,3042,304.2432,0.001929
2026-08-28 14:36:54.609,captures/20260828_143150,mm_per_px,3043,304.3435,0.000000
2026-08-28 14:36:54.710,captures/20260828_143150,mm_per_px,3044,304.4443,0.000582
2026-08-28 14:36:54.809,captures/20260828_143150,mm_per_px,3045,304.5436,0.000213
2026-08-28 14:36:54.909,captures/20260828_143150,mm_per_px,3046,304.6439,0.000321
2026-08-28 14:36:55.008,captures/20260828_143150,mm_per_px,3047,304.7426,0.001715
2026-08-28 14:36:55.109,captures/20260828_143150,mm_per_px,3048,304.8436,0.001890
2026-08-28 14:36:55.208,captures/20260828_143150,mm_per_px,3049,304.9428,0.003162
2026-08-28 14:36:55.310,captures/20260828_143150,mm_per_px,3050,305.0442,0.007633
2026-08-28 14:36:55.410,captures/20260828_143150,mm_per_px,3051,305.1442,0.004051
2026-08-28 14:36:55.510,captures/20260828_143150,mm_per_px,3052,305.2440,0.002279
2026-08-28 14:36:55.609,captures/20260828_143150,mm_per_px,3053,305.3434,0.000205
2026-08-28 14:36:55.711,captures/20260828_143150,mm_per_px,3054,305.4459,0.000000
2026-08-28 14:36:55.810,captures/20260828_143150,mm_per_px,3055,305.5449,0.000280
2026-08-28 14:36:55.910,captures/20260828_143150,mm_per_px,3056,305.6447,0.000944
2026-08-28 14:36:56.009,captures/20260828_143150,mm_per_px,3057,305.7436,0.000223
2026-08-28 14:36:56.110,captures/20260828_143150,mm_per_px,3058,305.8449,0.000470
2026-08-28 14:36:56.209,captures/20260828_143150,mm_per_px,3059,305.9430,0.001766
2026-08-28 14:36:56.311,captures/20260828_143150,mm_per_px,3060,306.0454,0.000714
2026-08-28 14:36:56.409,captures/20260828_143150,mm_per_px,3061,306.1438,0.000776
2026-08-28 14:36:56.509,captures/20260828_143150,mm_per_px,3062,306.2432,0.002328
2026-08-28 14:36:56.609,captures/20260828_143150,mm_per_px,3063,306.3436,0.003203
2026-08-28 14:36:56.710,captures/20260828_143150,mm_per_px,3064,306.4441,0.002296
2026-08-28 14:36:56.849,captures/20260828_143150,mm_per_px,3065,306.5837,0.015186
2026-08-28 14:36:56.909,captures/20260828_143150,mm_per_px,3066,306.6433,0.032222
2026-08-28 14:36:57.009,captures/20260828_143150,mm_per_px,3067,306.7439,0.035060
2026-08-28 14:36:57.109,captures/20260828_143150,mm_per_px,3068,306.8430,0.038185
2026-08-28 14:36:57.211,captures/20260828_143150,mm_per_px,3069,306.9450,0.052773
2026-08-28 14:36:57.309,captures/20260828_143150,mm_per_px,3070,307.0436,0.073320
2026-08-28 14:36:57.411,captures/20260828_143150,mm_per_px,3071,307.1454,0.056773
2026-08-28 14:36:57.510,captures/20260828_143150,mm_per_px,3072,307.2445,0.031686
2026-08-28 14:36:57.609,captures/20260828_143150,mm_per_px,3073,307.3439,0.011951
2026-08-28 14:36:57.708,captures/20260828_143150,mm_per_px,3074,307.4426,0.010848
2026-08-28 14:36:57.810,captures/20260828_143150,mm_per_px,3075,307.5445,0.007654
2026-08-28 14:36:57.908,captures/20260828_143150,mm_per_px,3076,307.6424,0.002366
2026-08-28 14:36:58.010,captures/20260828_143150,mm_per_px,3077,307.7445,0.000000
2026-08-28 14:36:58.109,captures/20260828_143150,mm_per_px,3078,307.8439,0.000000
2026-08-28 14:36:58.208,captures/20260828_143150,mm_per_px,3079,307.9427,0.000197
2026-08-28 14:36:58.308,captures/20260828_143150,mm_per_px,3080,308.0423,0.001324
2026-08-28 14:36:58.408,captures/20260828_143150,mm_per_px,3081,308.1420,0.006901
2026-08-28 14:36:58.510,captures/20260828_143150,mm_per_px,3082,308.2448,0.003905
2026-08-28 14:36:58.615,captures/20260828_143150,mm_per_px,3083,308.3493,0.006088
2026-08-28 14:36:58.710,captures/20260828_143150,mm_per_px,3084,308.4449,0.004674
2026-08-28 14:36:58.809,captures/20260828_143150,mm_per_px,3085,308.5435,0.006025
2026-08-28 14:36:58.912,captures/20260828_143150,mm_per_px,3086,308.6462,0.007640
2026-08-28 14:36:59.008,captures/20260828_143150,mm_per_px,3087,308.7426,0.010194
2026-08-28 14:36:59.109,captures/20260828_143150,mm_per_px,3088,308.8439,0.008372
2026-08-28 14:36:59.249,captures/20260828_143150,mm_per_px,3089,308.9839,0.004847
2026-08-28 14:36:59.310,captures/20260828_143150,mm_per_px,3090,309.0446,0.008163
2026-08-28 14:36:59.412,captures/20260828_143150,mm_per_px,3091,309.1464,0.002545
2026-08-28 14:36:59.510,captures/20260828_143150,mm_per_px,3092,309.2446,0.000467
2026-08-28 14:36:59.615,captures/20260828_143150,mm_per_px,3093,309.3492,0.000826
2026-08-28 14:36:59.714,captures/20260828_143150,mm_per_px,3094,309.4482,0.002135
2026-08-28 14:36:59.811,captures/20260828_143150,mm_per_px,3095,309.5453,0.003322
2026-08-28 14:36:59.909,captures/20260828_143150,mm_per_px,3096,309.6439,0.001173
2026-08-28 14:37:00.009,captures/20260828_143150,mm_per_px,3097,309.7430,0.000000
2026-08-28 14:37:00.109,captures/20260828_143150,mm_per_px,3098,309.8436,0.000349
2026-08-28 14:37:00.259,captures/20260828_143150,mm_per_px,3099,309.9938,0.003059
2026-08-28 14:37:00.328,captures/20260828_143150,mm_per_px,3100,310.0625,0.008508
2026-08-28 14:37:00.408,captures/20260828_143150,mm_per_px,3101,310.1429,0.027516
2026-08-28 14:37:00.510,captures/20260828_143150,mm_per_px,3102,310.2442,0.057714
2026-08-28 14:37:00.609,captures/20260828_143150,mm_per_px,3103,310.3434,0.052793
2026-08-28 14:37:00.709,captures/20260828_143150,mm_per_px,3104,310.4432,0.059756
2026-08-28 14:37:00.811,captures/20260828_143150,mm_per_px,3105,310.5453,0.033250
2026-08-28 14:37:00.908,captures/20260828_143150,mm_per_px,3106,310.6428,0.011526
2026-08-28 14:37:01.008,captures/20260828_143150,mm_per_px,3107,310.7428,0.004037
2026-08-28 14:37:01.110,captures/20260828_143150,mm_per_px,3108,310.8443,0.001927
2026-08-28 14:37:01.211,captures/20260828_143150,mm_per_px,3109,310.9456,0.001440
2026-08-28 14:37:01.309,captures/20260828_143150,mm_per_px,3110,311.0436,0.000402
2026-08-28 14:37:01.409,captures/20260828_143150,mm_per_px,3111,311.1430,0.000000
2026-08-28 14:37:01.508,captures/20260828_143150,mm_per_px,3112,311.2420,0.000225
2026-08-28 14:37:01.610,captures/20260828_143150,mm_per_px,3113,311.3447,0.004226
2026-08-28 14:37:01.709,captures/20260828_143150,mm_per_px,3114,311.4431,0.000427
2026-08-28 14:37:01.811,captures/20260828_143150,mm_per_px,3115,311.5451,0.001314
2026-08-28 14:37:01.908,captures/20260828_143150,mm_per_px,3116,311.6423,0.000000
2026-08-28 14:37:02.009,captures/20260828_143150,mm_per_px,3117,311.7430,0.000000
2026-08-28 14:37:02.109,captures/20260828_143150,mm_per_px,3118,311.8436,0.000000
2026-08-28 14:37:02.209,captures/20260828_143150,mm_per_px,3119,311.9438,0.000560
2026-08-28 14:37:02.309,captures/20260828_143150,mm_per_px,3120,312.0439,0.001233
2026-08-28 14:37:02.409,captures/20260828_143150,mm_per_px,3121,312.1435,0.000796
2026-08-28 14:37:02.510,captures/20260828_143150,mm_per_px,3122,312.2449,0.000505
2026-08-28 14:37:02.610,captures/20260828_143150,mm_per_px,3123,312.3441,0.000449
2026-08-28 14:37:02.709,captures/20260828_143150,mm_per_px,3124,312.4430,0.000232
2026-08-28 14:37:02.809,captures/20260828_143150,mm_per_px,3125,312.5432,0.001002
2026-08-28 14:37:02.908,captures/20260828_143150,mm_per_px,3126,312.6425,0.000000
2026-08-28 14:37:03.009,captures/20260828_143150,mm_per_px,3127,312.7431,0.000000
2026-08-28 14:37:03.108,captures/20260828_143150,mm_per_px,3128,312.8423,0.000000
2026-08-28 14:37:03.208,captures/20260828_143150,mm_per_px,3129,312.9423,0.000272
2026-08-28 14:37:03.308,captures/20260828_143150,mm_per_px,3130,313.0429,0.000000
2026-08-28 14:37:03.409,captures/20260828_143150,mm_per_px,3131,313.1433,0.000000
2026-08-28 14:37:03.513,captures/20260828_143150,mm_per_px,3132,313.2475,0.000182
2026-08-28 14:37:03.613,captures/20260828_143150,mm_per_px,3133,313.3471,0.000487
2026-08-28 14:37:03.712,captures/20260828_143150,mm_per_px,3134,313.4462,0.000000
2026-08-28 14:37:03.814,captures/20260828_143150,mm_per_px,3135,313.5485,0.000000
2026-08-28 14:37:03.909,captures/20260828_143150,mm_per_px,3136,313.6439,0.000000
2026-08-28 14:37:04.010,captures/20260828_143150,mm_per_px,3137,313.7446,0.000000
2026-08-28 14:37:04.109,captures/20260828_143150,mm_per_px,3138,313.8431,0.000214
2026-08-28 14:37:04.210,captures/20260828_143150,mm_per_px,3139,313.9446,0.000000
2026-08-28 14:37:04.311,captures/20260828_143150,mm_per_px,3140,314.0453,0.000244
2026-08-28 14:37:04.410,captures/20260828_143150,mm_per_px,3141,314.1442,0.001140
2026-08-28 14:37:04.508,captures/20260828_143150,mm_per_px,3142,314.2426,0.001485
2026-08-28 14:37:04.610,captures/20260828_143150,mm_per_px,3143,314.3448,0.000000
2026-08-28 14:37:04.713,captures/20260828_143150,mm_per_px,3144,314.4471,0.003398
2026-08-28 14:37:04.810,captures/20260828_143150,mm_per_px,3145,314.5440,0.002322
2026-08-28 14:37:04.910,captures/20260828_143150,mm_per_px,3146,314.6449,0.002102
2026-08-28 14:37:05.009,captures/20260828_143150,mm_per_px,3147,314.7439,0.002967
2026-08-28 14:37:05.109,captures/20260828_143150,mm_per_px,3148,314.8439,0.000498
2026-08-28 14:37:05.210,captures/20260828_143150,mm_per_px,3149,314.9440,0.001750
2026-08-28 14:37:05.310,captures/20260828_143150,mm_per_px,3150,315.0447,0.001035
2026-08-28 14:37:05.414,captures/20260828_143150,mm_per_px,3151,315.1485,0.000000
2026-08-28 14:37:05.512,captures/20260828_143150,mm_per_px,3152,315.2464,0.000208
2026-08-28 14:37:05.614,captures/20260828_143150,mm_per_px,3153,315.3483,0.003660
2026-08-28 14:37:05.713,captures/20260828_143150,mm_per_px,3154,315.4471,0.002265
2026-08-28 14:37:05.809,captures/20260828_143150,mm_per_px,3155,315.5437,0.001211
2026-08-28 14:37:05.909,captures/20260828_143150,mm_per_px,3156,315.6439,0.005190
2026-08-28 14:37:06.009,captures/20260828_143150,mm_per_px,3157,315.7431,0.010131
2026-08-28 14:37:06.109,captures/20260828_143150,mm_per_px,3158,315.8439,0.015149
2026-08-28 14:37:06.209,captures/20260828_143150,mm_per_px,3159,315.9436,0.004809
2026-08-28 14:37:06.310,captures/20260828_143150,mm_per_px,3160,316.0445,0.005239
2026-08-28 14:37:06.409,captures/20260828_143150,mm_per_px,3161,316.1433,0.009377
2026-08-28 14:37:06.511,captures/20260828_143150,mm_per_px,3162,316.2455,0.004270
2026-08-28 14:37:06.615,captures/20260828_143150,mm_per_px,3163,316.3493,0.004982
2026-08-28 14:37:06.710,captures/20260828_143150,mm_per_px,3164,316.4441,0.005500
2026-08-28 14:37:06.813,captures/20260828_143150,mm_per_px,3165,316.5477,0.005642
2026-08-28 14:37:06.912,captures/20260828_143150,mm_per_px,3166,316.6462,0.003851
2026-08-28 14:37:07.011,captures/20260828_143150,mm_per_px,3167,316.7451,0.001210
2026-08-28 14:37:07.112,captures/20260828_143150,mm_per_px,3168,316.8462,0.001531
2026-08-28 14:37:07.209,captures/20260828_143150,mm_per_px,3169,316.9435,0.002958
2026-08-28 14:37:07.308,captures/20260828_143150,mm_per_px,3170,317.0429,0.005656
2026-08-28 14:37:07.410,captures/20260828_143150,mm_per_px,3171,317.1447,0.008082
2026-08-28 14:37:07.510,captures/20260828_143150,mm_per_px,3172,317.2441,0.004688
2026-08-28 14:37:07.611,captures/20260828_143150,mm_per_px,3173,317.3452,0.001438
2026-08-28 14:37:07.709,captures/20260828_143150,mm_per_px,3174,317.4435,0.000762
2026-08-28 14:37:07.811,captures/20260828_143150,mm_per_px,3175,317.5454,0.000000
2026-08-28 14:37:07.910,captures/20260828_143150,mm_per_px,3176,317.6442,0.000000
2026-08-28 14:37:08.009,captures/20260828_143150,mm_per_px,3177,317.7431,0.000000
2026-08-28 14:37:08.109,captures/20260828_143150,mm_per_px,3178,317.8436,0.000000
2026-08-28 14:37:08.208,captures/20260828_143150,mm_per_px,3179,317.9424,0.000818
2026-08-28 14:37:08.309,captures/20260828_143150,mm_per_px,3180,318.0432,0.002043
2026-08-28 14:37:08.409,captures/20260828_143150,mm_per_px,3181,318.1433,0.000829
2026-08-28 14:37:08.511,captures/20260828_143150,mm_per_px,3182,318.2455,0.000000
2026-08-28 14:37:08.609,captures/20260828_143150,mm_per_px,3183,318.3430,0.000000
2026-08-28 14:37:08.709,captures/20260828_143150,mm_per_px,3184,318.4437,0.000213
2026-08-28 14:37:08.810,captures/20260828_143150,mm_per_px,3185,318.5447,0.000000
2026-08-28 14:37:08.911,captures/20260828_143150,mm_per_px,3186,318.6455,0.000000
2026-08-28 14:37:09.010,captures/20260828_143150,mm_per_px,3187,318.7447,0.000000
2026-08-28 14:37:09.109,captures/20260828_143150,mm_per_px,3188,318.8432,0.000000
2026-08-28 14:37:09.208,captures/20260828_143150,mm_per_px,3189,318.9428,0.000644
2026-08-28 14:37:09.309,captures/20260828_143150,mm_per_px,3190,319.0430,0.000000
2026-08-28 14:37:09.410,captures/20260828_143150,mm_per_px,3191,319.1442,0.000708
2026-08-28 14:37:09.509,captures/20260828_143150,mm_per_px,3192,319.2437,0.000000
2026-08-28 14:37:09.612,captures/20260828_143150,mm_per_px,3193,319.3469,0.000228
2026-08-28 14:37:09.711,captures/20260828_143150,mm_per_px,3194,319.4459,0.000941
2026-08-28 14:37:09.809,captures/20260828_143150,mm_per_px,3195,319.5438,0.002644
2026-08-28 14:37:09.909,captures/20260828_143150,mm_per_px,3196,319.6432,0.002485
2026-08-28 14:37:10.008,captures/20260828_143150,mm_per_px,3197,319.7421,0.002903
2026-08-28 14:37:10.108,captures/20260828_143150,mm_per_px,3198,319.8429,0.003181
2026-08-28 14:37:10.208,captures/20260828_143150,mm_per_px,3199,319.9428,0.001879
2026-08-28 14:37:10.310,captures/20260828_143150,mm_per_px,3200,320.0440,0.007367
2026-08-28 14:37:10.410,captures/20260828_143150,mm_per_px,3201,320.1444,0.011620
2026-08-28 14:37:10.509,captures/20260828_143150,mm_per_px,3202,320.2433,0.014743
2026-08-28 14:37:10.609,captures/20260828_143150,mm_per_px,3203,320.3434,0.014137
2026-08-28 14:37:10.711,captures/20260828_143150,mm_per_px,3204,320.4453,0.004341
2026-08-28 14:37:10.811,captures/20260828_143150,mm_per_px,3205,320.5450,0.002562
2026-08-28 14:37:10.909,captures/20260828_143150,mm_per_px,3206,320.6439,0.007445
2026-08-28 14:37:11.010,captures/20260828_143150,mm_per_px,3207,320.7442,0.005292
2026-08-28 14:37:11.109,captures/20260828_143150,mm_per_px,3208,320.8432,0.007717
2026-08-28 14:37:11.209,captures/20260828_143150,mm_per_px,3209,320.9433,0.007626
2026-08-28 14:37:11.312,captures/20260828_143150,mm_per_px,3210,321.0461,0.003788
2026-08-28 14:37:11.409,captures/20260828_143150,mm_per_px,3211,321.1436,0.007713
2026-08-28 14:37:11.510,captures/20260828_143150,mm_per_px,3212,321.2445,0.005021
2026-08-28 14:37:11.609,captures/20260828_143150,mm_per_px,3213,321.3437,0.004333
