timestamp,run,mode,frame_index,elapsed_s,volume_l
2026-08-28 14:37:58.109,captures/20260828_143757,mm_per_px,0,0.0084,0.000000
2026-08-28 14:37:58.210,captures/20260828_143757,mm_per_px,1,0.1093,0.000000
2026-08-28 14:37:58.311,captures/20260828_143757,mm_per_px,2,0.2109,0.000192
2026-08-28 14:37:58.410,captures/20260828_143757,mm_per_px,3,0.3097,0.000000
2026-08-28 14:37:58.508,captures/20260828_143757,mm_per_px,4,0.4079,0.000000
2026-08-28 14:37:58.611,captures/20260828_143757,mm_per_px,5,0.5104,0.000000
2026-08-28 14:37:58.709,captures/20260828_143757,mm_per_px,6,0.6087,0.000000
2026-08-28 14:37:58.810,captures/20260828_143757,mm_per_px,7,0.7096,0.000000
2026-08-28 14:37:58.908,captures/20260828_143757,mm_per_px,8,0.8079,0.000000
2026-08-28 14:37:59.010,captures/20260828_143757,mm_per_px,9,0.9090,0.000000
2026-08-28 14:37:59.160,captures/20260828_143757,mm_per_px,10,1.0596,0.000000
2026-08-28 14:37:59.238,captures/20260828_143757,mm_per_px,11,1.1372,0.000000
2026-08-28 14:37:59.359,captures/20260828_143757,mm_per_px,12,1.2588,0.000000
2026-08-28 14:37:59.409,captures/20260828_143757,mm_per_px,13,1.3085,0.000000
2026-08-28 14:37:59.509,captures/20260828_143757,mm_per_px,14,1.4082,0.000000
2026-08-28 14:37:59.610,captures/20260828_143757,mm_per_px,15,1.5091,0.000000
2026-08-28 14:37:59.708,captures/20260828_143757,mm_per_px,16,1.6076,0.002274
2026-08-28 14:37:59.809,captures/20260828_143757,mm_per_px,17,1.7082,0.000000
2026-08-28 14:37:59.908,captures/20260828_143757,mm_per_px,18,1.8077,0.000000
2026-08-28 14:38:00.066,captures/20260828_143757,mm_per_px,19,1.9659,0.000620
2026-08-28 14:38:00.131,captures/20260828_143757,mm_per_px,20,2.0300,0.000000
2026-08-28 14:38:00.209,captures/20260828_143757,mm_per_px,21,2.1083,0.000742
2026-08-28 14:38:00.310,captures/20260828_143757,mm_per_px,22,2.2092,0.000000
2026-08-28 14:38:00.411,captures/20260828_143757,mm_per_px,23,2.3102,0.000000
2026-08-28 14:38:00.510,captures/20260828_143757,mm_per_px,24,2.4095,0.000000
2026-08-28 14:38:00.611,captures/20260828_143757,mm_per_px,25,2.5108,0.000000
2026-08-28 14:38:00.712,captures/20260828_143757,mm_per_px,26,2.6117,0.000000
2026-08-28 14:38:00.812,captures/20260828_143757,mm_per_px,27,2.7119,0.000000
2026-08-28 14:38:00.912,captures/20260828_143757,mm_per_px,28,2.8118,0.000000
2026-08-28 14:38:01.015,captures/20260828_143757,mm_per_px,29,2.9145,0.000000
2026-08-28 14:38:01.164,captures/20260828_143757,mm_per_px,30,3.0634,0.000000
2026-08-28 14:38:01.248,captures/20260828_143757,mm_per_px,31,3.1470,0.000000
2026-08-28 14:38:01.318,captures/20260828_143757,mm_per_px,32,3.2171,0.000000
2026-08-28 14:38:01.414,captures/20260828_143757,mm_per_px,33,3.3136,0.000000
2026-08-28 14:38:01.512,captures/20260828_143757,mm_per_px,34,3.4119,0.000344
2026-08-28 14:38:01.617,captures/20260828_143757,mm_per_px,35,3.5164,0.000000
2026-08-28 14:38:01.713,captures/20260828_143757,mm_per_px,36,3.6124,0.000000
2026-08-28 14:38:01.816,captures/20260828_143757,mm_per_px,37,3.7150,0.000000
2026-08-28 14:38:01.915,captures/20260828_143757,mm_per_px,38,3.8141,0.000000
2026-08-28 14:38:02.011,captures/20260828_143757,mm_per_px,39,3.9108,0.000000
2026-08-28 14:38:02.117,captures/20260828_143757,mm_per_px,40,4.0164,0.000000
2026-08-28 14:38:02.222,captures/20260828_143757,mm_per_px,41,4.1212,0.000000
2026-08-28 14:38:02.316,captures/20260828_143757,mm_per_px,42,4.2154,0.000000
2026-08-28 14:38:02.414,captures/20260828_143757,mm_per_px,43,4.3137,0.000000
2026-08-28 14:38:02.514,captures/20260828_143757,mm_per_px,44,4.4133,0.000000
2026-08-28 14:38:02.615,captures/20260828_143757,mm_per_px,45,4.5145,0.000000
2026-08-28 14:38:02.713,captures/20260828_143757,mm_per_px,46,4.6123,0.000000
2026-08-28 14:38:02.814,captures/20260828_143757,mm_per_px,47,4.7136,0.000200
2026-08-28 14:38:02.912,captures/20260828_143757,mm_per_px,48,4.8116,0.000530
2026-08-28 14:38:03.015,captures/20260828_143757,mm_per_px,49,4.9147,0.000000
2026-08-28 14:38:03.115,captures/20260828_143757,mm_per_px,50,5.0143,0.000314
2026-08-28 14:38:03.217,captures/20260828_143757,mm_per_px,51,5.1163,0.000000
2026-08-28 14:38:03.314,captures/20260828_143757,mm_per_px,52,5.2138,0.000000
2026-08-28 14:38:03.413,captures/20260828_143757,mm_per_px,53,5.3129,0.000000
2026-08-28 14:38:03.516,captures/20260828_143757,mm_per_px,54,5.4151,0.000000
2026-08-28 14:38:03.617,captures/20260828_143757,mm_per_px,55,5.5162,0.000000
2026-08-28 14:38:03.713,captures/20260828_143757,mm_per_px,56,5.6120,0.000000
2026-08-28 14:38:03.813,captures/20260828_143757,mm_per_px,57,5.7121,0.000000
2026-08-28 14:38:03.912,captures/20260828_143757,mm_per_px,58,5.8113,0.000000
2026-08-28 14:38:04.014,captures/20260828_143757,mm_per_px,59,5.9137,0.000255
2026-08-28 14:38:04.168,captures/20260828_143757,mm_per_px,60,6.0670,0.000699
2026-08-28 14:38:04.257,captures/20260828_143757,mm_per_px,61,6.1560,0.000247
2026-08-28 14:38:04.360,captures/20260828_143757,mm_per_px,62,6.2594,0.000272
2026-08-28 14:38:04.433,captures/20260828_143757,mm_per_px,63,6.3324,0.000542
2026-08-28 14:38:04.512,captures/20260828_143757,mm_per_px,64,6.4119,0.000760
2026-08-28 14:38:04.611,captures/20260828_143757,mm_per_px,65,6.5103,0.000973
2026-08-28 14:38:04.711,captures/20260828_143757,mm_per_px,66,6.6105,0.000000
2026-08-28 14:38:04.810,captures/20260828_143757,mm_per_px,67,6.7091,0.000000
2026-08-28 14:38:04.912,captures/20260828_143757,mm_per_px,68,6.8115,0.000000
2026-08-28 14:38:05.023,captures/20260828_143757,mm_per_px,69,6.9220,0.000000
2026-08-28 14:38:05.168,captures/20260828_143757,mm_per_px,70,7.0678,0.000000
2026-08-28 14:38:05.257,captures/20260828_143757,mm_per_px,71,7.1567,0.000000
2026-08-28 14:38:05.314,captures/20260828_143757,mm_per_px,72,7.2135,0.000000
2026-08-28 14:38:05.412,captures/20260828_143757,mm_per_px,73,7.3111,0.000000
2026-08-28 14:38:05.512,captures/20260828_143757,mm_per_px,74,7.4110,0.000000
2026-08-28 14:38:05.613,captures/20260828_143757,mm_per_px,75,7.5124,0.000772
2026-08-28 14:38:05.714,captures/20260828_143757,mm_per_px,76,7.6131,0.000000
2026-08-28 14:38:05.811,captures/20260828_143757,mm_per_px,77,7.7103,0.000000
2026-08-28 14:38:05.923,captures/20260828_143757,mm_per_px,78,7.8220,0.000000
2026-08-28 14:38:06.013,captures/20260828_143757,mm_per_px,79,7.9124,0.000000
2026-08-28 14:38:06.113,captures/20260828_143757,mm_per_px,80,8.0129,0.000000
2026-08-28 14:38:06.211,captures/20260828_143757,mm_per_px,81,8.1102,0.000000
2026-08-28 14:38:06.316,captures/20260828_143757,mm_per_px,82,8.2157,0.000000
2026-08-28 14:38:06.463,captures/20260828_143757,mm_per_px,83,8.3623,0.000000
2026-08-28 14:38:06.514,captures/20260828_143757,mm_per_px,84,8.4130,0.000000
2026-08-28 14:38:06.613,captures/20260828_143757,mm_per_px,85,8.5128,0.000000
2026-08-28 14:38:06.715,captures/20260828_143757,mm_per_px,86,8.6146,0.000000
2026-08-28 14:38:06.813,captures/20260828_143757,mm_per_px,87,8.7129,0.001463
2026-08-28 14:38:06.914,captures/20260828_143757,mm_per_px,88,8.8133,0.000000
2026-08-28 14:38:07.010,captures/20260828_143757,mm_per_px,89,8.9095,0.001322
2026-08-28 14:38:07.113,captures/20260828_143757,mm_per_px,90,9.0127,0.000226
2026-08-28 14:38:07.216,captures/20260828_143757,mm_per_px,91,9.1152,0.000000
2026-08-28 14:38:07.366,captures/20260828_143757,mm_per_px,92,9.2655,0.000000
2026-08-28 14:38:07.445,captures/20260828_143757,mm_per_px,93,9.3443,0.001247
2026-08-28 14:38:07.559,captures/20260828_143757,mm_per_px,94,9.4585,0.000482
2026-08-28 14:38:07.630,captures/20260828_143757,mm_per_px,95,9.5296,0.000000
2026-08-28 14:38:07.714,captures/20260828_143757,mm_per_px,96,9.6135,0.000251
2026-08-28 14:38:07.823,captures/20260828_143757,mm_per_px,97,9.7221,0.000000
2026-08-28 14:38:07.912,captures/20260828_143757,mm_per_px,98,9.8119,0.000000
2026-08-28 14:38:08.013,captures/20260828_143757,mm_per_px,99,9.9121,0.000000
2026-08-28 14:38:08.169,captures/20260828_143757,mm_per_px,100,10.0685,0.000000
2026-08-28 14:38:08.254,captures/20260828_143757,mm_per_px,101,10.1530,0.000000
2026-08-28 14:38:08.365,captures/20260828_143757,mm_per_px,102,10.2641,0.000000
2026-08-28 14:38:08.432,captures/20260828_143757,mm_per_px,103,10.3312,0.000000
2026-08-28 14:38:08.562,captures/20260828_143757,mm_per_px,104,10.4610,0.000000
2026-08-28 14:38:08.636,captures/20260828_143757,mm_per_px,105,10.5359,0.000000
2026-08-28 14:38:08.756,captures/20260828_143757,mm_per_px,106,10.6552,0.000000
2026-08-28 14:38:08.854,captures/20260828_143757,mm_per_px,107,10.7537,0.000000
2026-08-28 14:38:08.913,captures/20260828_143757,mm_per_px,108,10.8120,0.000458
2026-08-28 14:38:09.016,captures/20260828_143757,mm_per_px,109,10.9155,0.000000
2026-08-28 14:38:09.160,captures/20260828_143757,mm_per_px,110,11.0599,0.000512
2026-08-28 14:38:09.215,captures/20260828_143757,mm_per_px,111,11.1146,0.002567
2026-08-28 14:38:09.316,captures/20260828_143757,mm_per_px,112,11.2156,0.000647
2026-08-28 14:38:09.418,captures/20260828_143757,mm_per_px,113,11.3171,0.000843
2026-08-28 14:38:09.515,captures/20260828_143757,mm_per_px,114,11.4146,0.000946
2026-08-28 14:38:09.613,captures/20260828_143757,mm_per_px,115,11.5127,0.000000
2026-08-28 14:38:09.712,captures/20260828_143757,mm_per_px,116,11.6111,0.000000
2026-08-28 14:38:09.870,captures/20260828_143757,mm_per_px,117,11.7699,0.000000
2026-08-28 14:38:09.969,captures/20260828_143757,mm_per_px,118,11.8682,0.000000
2026-08-28 14:38:10.014,captures/20260828_143757,mm_per_px,119,11.9138,0.000678
2026-08-28 14:38:10.117,captures/20260828_143757,mm_per_px,120,12.0162,0.000000
2026-08-28 14:38:10.256,captures/20260828_143757,mm_per_px,121,12.1555,0.000212
2026-08-28 14:38:10.320,captures/20260828_143757,mm_per_px,122,12.2199,0.000000
2026-08-28 14:38:10.420,captures/20260828_143757,mm_per_px,123,12.3192,0.000184
2026-08-28 14:38:10.518,captures/20260828_143757,mm_per_px,124,12.4174,0.000000
2026-08-28 14:38:10.664,captures/20260828_143757,mm_per_px,125,12.5635,0.000000
2026-08-28 14:38:10.715,captures/20260828_143757,mm_per_px,126,12.6144,0.000000
2026-08-28 14:38:10.862,captures/20260828_143757,mm_per_px,127,12.7617,0.000000
2026-08-28 14:38:10.936,captures/20260828_143757,mm_per_px,128,12.8355,0.000000
2026-08-28 14:38:11.061,captures/20260828_143757,mm_per_px,129,12.9607,0.000241
2026-08-28 14:38:11.116,captures/20260828_143757,mm_per_px,130,13.0152,0.000000
2026-08-28 14:38:11.257,captures/20260828_143757,mm_per_px,131,13.1568,0.000000
2026-08-28 14:38:11.350,captures/20260828_143757,mm_per_px,132,13.2491,0.000000
2026-08-28 14:38:11.415,captures/20260828_143757,mm_per_px,133,13.3141,0.000000
2026-08-28 14:38:11.517,captures/20260828_143757,mm_per_px,134,13.4163,0.000000
2026-08-28 14:38:11.660,captures/20260828_143757,mm_per_px,135,13.5592,0.000000
2026-08-28 14:38:11.714,captures/20260828_143757,mm_per_px,136,13.6138,0.000000
2026-08-28 14:38:11.854,captures/20260828_143757,mm_per_px,137,13.7534,0.000000
2026-08-28 14:38:11.961,captures/20260828_143757,mm_per_px,138,13.8602,0.000000
2026-08-28 14:38:12.022,captures/20260828_143757,mm_per_px,139,13.9212,0.000000
2026-08-28 14:38:12.168,captures/20260828_143757,mm_per_px,140,14.0678,0.000000
2026-08-28 14:38:12.236,captures/20260828_143757,mm_per_px,141,14.1359,0.000000
2026-08-28 14:38:12.359,captures/20260828_143757,mm_per_px,142,14.2588,0.000000
2026-08-28 14:38:12.445,captures/20260828_143757,mm_per_px,143,14.3444,0.000000
2026-08-28 14:38:12.553,captures/20260828_143757,mm_per_px,144,14.4527,0.000000
2026-08-28 14:38:12.651,captures/20260828_143757,mm_per_px,145,14.5500,0.000000
2026-08-28 14:38:12.763,captures/20260828_143757,mm_per_px,146,14.6621,0.000000
2026-08-28 14:38:12.851,captures/20260828_143757,mm_per_px,147,14.7504,0.000000
2026-08-28 14:38:12.953,captures/20260828_143757,mm_per_px,148,14.8524,0.000159
2026-08-28 14:38:13.043,captures/20260828_143757,mm_per_px,149,14.9429,0.000000
2026-08-28 14:38:13.156,captures/20260828_143757,mm_per_px,150,15.0559,0.000000
2026-08-28 14:38:13.256,captures/20260828_143757,mm_per_px,151,15.1555,0.000000
2026-08-28 14:38:13.366,captures/20260828_143757,mm_per_px,152,15.2655,0.000000
2026-08-28 14:38:13.443,captures/20260828_143757,mm_per_px,153,15.3420,0.000000
2026-08-28 14:38:13.513,captures/20260828_143757,mm_per_px,154,15.4127,0.000000
2026-08-28 14:38:13.617,captures/20260828_143757,mm_per_px,155,15.5164,0.000000
2026-08-28 14:38:13.765,captures/20260828_143757,mm_per_px,156,15.6641,0.000281
2026-08-28 14:38:13.860,captures/20260828_143757,mm_per_px,157,15.7592,0.000000
2026-08-28 14:38:13.968,captures/20260828_143757,mm_per_px,158,15.8677,0.000000
2026-08-28 14:38:14.040,captures/20260828_143757,mm_per_px,159,15.9396,0.000000
2026-08-28 14:38:14.157,captures/20260828_143757,mm_per_px,160,16.0561,0.000568
2026-08-28 14:38:14.224,captures/20260828_143757,mm_per_px,161,16.1236,0.000000
2026-08-28 14:38:14.368,captures/20260828_143757,mm_per_px,162,16.2676,0.000000
2026-08-28 14:38:14.456,captures/20260828_143757,mm_per_px,163,16.3550,0.000000
2026-08-28 14:38:14.560,captures/20260828_143757,mm_per_px,164,16.4598,0.000000
2026-08-28 14:38:14.651,captures/20260828_143757,mm_per_px,165,16.5508,0.000000
2026-08-28 14:38:14.760,captures/20260828_143757,mm_per_px,166,16.6595,0.000000
2026-08-28 14:38:14.858,captures/20260828_143757,mm_per_px,167,16.7579,0.001064
2026-08-28 14:38:14.914,captures/20260828_143757,mm_per_px,168,16.8137,0.000000
2026-08-28 14:38:15.013,captures/20260828_143757,mm_per_px,169,16.9123,0.002486
2026-08-28 14:38:15.159,captures/20260828_143757,mm_per_px,170,17.0589,0.003969
2026-08-28 14:38:15.248,captures/20260828_143757,mm_per_px,171,17.1471,0.001207
2026-08-28 14:38:15.353,captures/20260828_143757,mm_per_px,172,17.2524,0.000000
2026-08-28 14:38:15.418,captures/20260828_143757,mm_per_px,173,17.3177,0.000000
2026-08-28 14:38:15.565,captures/20260828_143757,mm_per_px,174,17.4646,0.000000
2026-08-28 14:38:15.653,captures/20260828_143757,mm_per_px,175,17.5520,0.000000
2026-08-28 14:38:15.762,captures/20260828_143757,mm_per_px,176,17.6617,0.000000
2026-08-28 14:38:15.856,captures/20260828_143757,mm_per_px,177,17.7551,0.000000
2026-08-28 14:38:15.916,captures/20260828_143757,mm_per_px,178,17.8150,0.000000
2026-08-28 14:38:16.060,captures/20260828_143757,mm_per_px,179,17.9597,0.000000
2026-08-28 14:38:16.138,captures/20260828_143757,mm_per_px,180,18.0375,0.000000
2026-08-28 14:38:16.253,captures/20260828_143757,mm_per_px,181,18.1523,0.000000
2026-08-28 14:38:16.340,captures/20260828_143757,mm_per_px,182,18.2395,0.000000
2026-08-28 14:38:16.461,captures/20260828_143757,mm_per_px,183,18.3606,0.000000
2026-08-28 14:38:16.554,captures/20260828_143757,mm_per_px,184,18.4537,0.000000
2026-08-28 14:38:16.618,captures/20260828_143757,mm_per_px,185,18.5170,0.000000
2026-08-28 14:38:16.758,captures/20260828_143757,mm_per_px,186,18.6575,0.000000
2026-08-28 14:38:16.831,captures/20260828_143757,mm_per_px,187,18.7305,0.000000
2026-08-28 14:38:16.950,captures/20260828_143757,mm_per_px,188,18.8496,0.000000
2026-08-28 14:38:17.041,captures/20260828_143757,mm_per_px,189,18.9400,0.000000
2026-08-28 14:38:17.161,captures/20260828_143757,mm_per_px,190,19.0605,0.000000
2026-08-28 14:38:17.252,captures/20260828_143757,mm_per_px,191,19.1514,0.000000
2026-08-28 14:38:17.355,captures/20260828_143757,mm_per_px,192,19.2543,0.000000
2026-08-28 14:38:17.415,captures/20260828_143757,mm_per_px,193,19.3145,0.000000
2026-08-28 14:38:17.558,captures/20260828_143757,mm_per_px,194,19.4576,0.000000
2026-08-28 14:38:17.651,captures/20260828_143757,mm_per_px,195,19.5504,0.000000
2026-08-28 14:38:17.770,captures/20260828_143757,mm_per_px,196,19.6694,0.000000
2026-08-28 14:38:17.864,captures/20260828_143757,mm_per_px,197,19.7630,0.000189
2026-08-28 14:38:17.953,captures/20260828_143757,mm_per_px,198,19.8525,0.000000
2026-08-28 14:38:18.014,captures/20260828_143757,mm_per_px,199,19.9139,0.000000
2026-08-28 14:38:18.161,captures/20260828_143757,mm_per_px,200,20.0601,0.000000
2026-08-28 14:38:18.260,captures/20260828_143757,mm_per_px,201,20.1590,0.000000
2026-08-28 14:38:18.355,captures/20260828_143757,mm_per_px,202,20.2548,0.000000
2026-08-28 14:38:18.442,captures/20260828_143757,mm_per_px,203,20.3418,0.000624
2026-08-28 14:38:18.556,captures/20260828_143757,mm_per_px,204,20.4559,0.000411
2026-08-28 14:38:18.625,captures/20260828_143757,mm_per_px,205,20.5241,0.000000
2026-08-28 14:38:18.711,captures/20260828_143757,mm_per_px,206,20.6100,0.000000
2026-08-28 14:38:18.816,captures/20260828_143757,mm_per_px,207,20.7159,0.000000
2026-08-28 14:38:18.913,captures/20260828_143757,mm_per_px,208,20.8123,0.000000
2026-08-28 14:38:19.013,captures/20260828_143757,mm_per_px,209,20.9124,0.000000
2026-08-28 14:38:19.159,captures/20260828_143757,mm_per_px,210,21.0587,0.000000
2026-08-28 14:38:19.230,captures/20260828_143757,mm_per_px,211,21.1299,0.000000
2026-08-28 14:38:19.310,captures/20260828_143757,mm_per_px,212,21.2096,0.000000
2026-08-28 14:38:19.412,captures/20260828_143757,mm_per_px,213,21.3111,0.000000
2026-08-28 14:38:19.552,captures/20260828_143757,mm_per_px,214,21.4515,0.000000
2026-08-28 14:38:19.647,captures/20260828_143757,mm_per_px,215,21.5463,0.000000
2026-08-28 14:38:19.753,captures/20260828_143757,mm_per_px,216,21.6521,0.000000
2026-08-28 14:38:19.821,captures/20260828_143757,mm_per_px,217,21.7207,0.000000
2026-08-28 14:38:19.956,captures/20260828_143757,mm_per_px,218,21.8553,0.000000
2026-08-28 14:38:20.053,captures/20260828_143757,mm_per_px,219,21.9523,0.000000
2026-08-28 14:38:20.113,captures/20260828_143757,mm_per_px,220,22.0126,0.000000
2026-08-28 14:38:20.263,captures/20260828_143757,mm_per_px,221,22.1620,0.000000
2026-08-28 14:38:20.332,captures/20260828_143757,mm_per_px,222,22.2319,0.000000
2026-08-28 14:38:20.468,captures/20260828_143757,mm_per_px,223,22.3676,0.000000
2026-08-28 14:38:20.551,captures/20260828_143757,mm_per_px,224,22.4505,0.000000
2026-08-28 14:38:20.662,captures/20260828_143757,mm_per_px,225,22.5611,0.000000
2026-08-28 14:38:20.749,captures/20260828_143757,mm_per_px,226,22.6489,0.000000
2026-08-28 14:38:20.855,captures/20260828_143757,mm_per_px,227,22.7540,0.000000
2026-08-28 14:38:20.949,captures/20260828_143757,mm_per_px,228,22.8482,0.000000
2026-08-28 14:38:21.013,captures/20260828_143757,mm_per_px,229,22.9123,0.000000
2026-08-28 14:38:21.112,captures/20260828_143757,mm_per_px,230,23.0116,0.000145
2026-08-28 14:38:21.212,captures/20260828_143757,mm_per_px,231,23.1113,0.000000
2026-08-28 14:38:21.370,captures/20260828_143757,mm_per_px,232,23.2691,0.000262
2026-08-28 14:38:21.466,captures/20260828_143757,mm_per_px,233,23.3650,0.000250
2026-08-28 14:38:21.516,captures/20260828_143757,mm_per_px,234,23.4158,0.002017
2026-08-28 14:38:21.669,captures/20260828_143757,mm_per_px,235,23.5684,0.000793
2026-08-28 14:38:21.749,captures/20260828_143757,mm_per_px,236,23.6486,0.000000
2026-08-28 14:38:21.852,captures/20260828_143757,mm_per_px,237,23.7518,0.000325
2026-08-28 14:38:21.927,captures/20260828_143757,mm_per_px,238,23.8260,0.000000
2026-08-28 14:38:22.058,captures/20260828_143757,mm_per_px,239,23.9572,0.000714
2026-08-28 14:38:22.155,captures/20260828_143757,mm_per_px,240,24.0547,0.000000
2026-08-28 14:38:22.241,captures/20260828_143757,mm_per_px,241,24.1400,0.000866
2026-08-28 14:38:22.313,captures/20260828_143757,mm_per_px,242,24.2129,0.000000
2026-08-28 14:38:22.457,captures/20260828_143757,mm_per_px,243,24.3568,0.000000
2026-08-28 14:38:22.518,captures/20260828_143757,mm_per_px,244,24.4173,0.000294
2026-08-28 14:38:22.653,captures/20260828_143757,mm_per_px,245,24.5528,0.000411
2026-08-28 14:38:22.749,captures/20260828_143757,mm_per_px,246,24.6485,0.000807
2026-08-28 14:38:22.862,captures/20260828_143757,mm_per_px,247,24.7615,0.005687
2026-08-28 14:38:22.959,captures/20260828_143757,mm_per_px,248,24.8580,0.013849
2026-08-28 14:38:23.053,captures/20260828_143757,mm_per_px,249,24.9523,0.019046
2026-08-28 14:38:23.114,captures/20260828_143757,mm_per_px,250,25.0132,0.006309
2026-08-28 14:38:23.260,captures/20260828_143757,mm_per_px,251,25.1591,0.007912
2026-08-28 14:38:23.348,captures/20260828_143757,mm_per_px,252,25.2470,0.005432
2026-08-28 14:38:23.450,captures/20260828_143757,mm_per_px,253,25.3495,0.000994
2026-08-28 14:38:23.539,captures/20260828_143757,mm_per_px,254,25.4384,0.001601
2026-08-28 14:38:23.656,captures/20260828_143757,mm_per_px,255,25.5555,0.002185
2026-08-28 14:38:23.730,captures/20260828_143757,mm_per_px,256,25.6291,0.001746
2026-08-28 14:38:23.861,captures/20260828_143757,mm_per_px,257,25.7601,0.001318
2026-08-28 14:38:23.952,captures/20260828_143757,mm_per_px,258,25.8511,0.002893
2026-08-28 14:38:24.070,captures/20260828_143757,mm_per_px,259,25.9691,0.007548
2026-08-28 14:38:24.163,captures/20260828_143757,mm_per_px,260,26.0629,0.000000
2026-08-28 14:38:24.212,captures/20260828_143757,mm_per_px,261,26.1112,0.000220
2026-08-28 14:38:24.356,captures/20260828_143757,mm_per_px,262,26.2550,0.000242
2026-08-28 14:38:24.438,captures/20260828_143757,mm_per_px,263,26.3375,0.000262
2026-08-28 14:38:24.561,captures/20260828_143757,mm_per_px,264,26.4603,0.000852
2026-08-28 14:38:24.659,captures/20260828_143757,mm_per_px,265,26.5580,0.000000
2026-08-28 14:38:24.739,captures/20260828_143757,mm_per_px,266,26.6382,0.000860
2026-08-28 14:38:24.865,captures/20260828_143757,mm_per_px,267,26.7646,0.000279
2026-08-28 14:38:24.922,captures/20260828_143757,mm_per_px,268,26.8219,0.000619
2026-08-28 14:38:25.062,captures/20260828_143757,mm_per_px,269,26.9617,0.000831
2026-08-28 14:38:25.158,captures/20260828_143757,mm_per_px,270,27.0577,0.000000
2026-08-28 14:38:25.210,captures/20260828_143757,mm_per_px,271,27.1093,0.000000
2026-08-28 14:38:25.312,captures/20260828_143757,mm_per_px,272,27.2117,0.001105
2026-08-28 14:38:25.410,captures/20260828_143757,mm_per_px,273,27.3093,0.000000
2026-08-28 14:38:25.511,captures/20260828_143757,mm_per_px,274,27.4103,0.000290
2026-08-28 14:38:25.655,captures/20260828_143757,mm_per_px,275,27.5544,0.000551
2026-08-28 14:38:25.750,captures/20260828_143757,mm_per_px,276,27.6497,0.000818
2026-08-28 14:38:25.864,captures/20260828_143757,mm_per_px,277,27.7630,0.005988
2026-08-28 14:38:25.958,captures/20260828_143757,mm_per_px,278,27.8575,0.010124
2026-08-28 14:38:26.055,captures/20260828_143757,mm_per_px,279,27.9549,0.022258
2026-08-28 14:38:26.124,captures/20260828_143757,mm_per_px,280,28.0237,0.028913
2026-08-28 14:38:26.212,captures/20260828_143757,mm_per_px,281,28.1119,0.010734
2026-08-28 14:38:26.312,captures/20260828_143757,mm_per_px,282,28.2114,0.009158
2026-08-28 14:38:26.459,captures/20260828_143757,mm_per_px,283,28.3588,0.002271
2026-08-28 14:38:26.547,captures/20260828_143757,mm_per_px,284,28.4467,0.002595
2026-08-28 14:38:26.657,captures/20260828_143757,mm_per_px,285,28.5564,0.000583
2026-08-28 14:38:26.716,captures/20260828_143757,mm_per_px,286,28.6151,0.000684
2026-08-28 14:38:26.855,captures/20260828_143757,mm_per_px,287,28.7542,0.001893
2026-08-28 14:38:26.948,captures/20260828_143757,mm_per_px,288,28.8470,0.003666
2026-08-28 14:38:27.021,captures/20260828_143757,mm_per_px,289,28.9208,0.004766
2026-08-28 14:38:27.115,captures/20260828_143757,mm_per_px,290,29.0147,0.006201
2026-08-28 14:38:27.253,captures/20260828_143757,mm_per_px,291,29.1526,0.003088
2026-08-28 14:38:27.313,captures/20260828_143757,mm_per_px,292,29.2120,0.008297
2026-08-28 14:38:27.452,captures/20260828_143757,mm_per_px,293,29.3513,0.008192
2026-08-28 14:38:27.547,captures/20260828_143757,mm_per_px,294,29.4466,0.005038
2026-08-28 14:38:27.659,captures/20260828_143757,mm_per_px,295,29.5582,0.001385
2026-08-28 14:38:27.748,captures/20260828_143757,mm_per_px,296,29.6470,0.002165
2026-08-28 14:38:27.816,captures/20260828_143757,mm_per_px,297,29.7152,0.002941
2026-08-28 14:38:27.912,captures/20260828_143757,mm_per_px,298,29.8115,0.001825
2026-08-28 14:38:28.056,captures/20260828_143757,mm_per_px,299,29.9555,0.001435
2026-08-28 14:38:28.139,captures/20260828_143757,mm_per_px,300,30.0384,0.000414
2026-08-28 14:38:28.266,captures/20260828_143757,mm_per_px,301,30.1650,0.001176
2026-08-28 14:38:28.329,captures/20260828_143757,mm_per_px,302,30.2280,0.001277
2026-08-28 14:38:28.459,captures/20260828_143757,mm_per_px,303,30.3580,0.001313
2026-08-28 14:38:28.526,captures/20260828_143757,mm_per_px,304,30.4250,0.004238
2026-08-28 14:38:28.658,captures/20260828_143757,mm_per_px,305,30.5577,0.001850
2026-08-28 14:38:28.753,captures/20260828_143757,mm_per_px,306,30.6525,0.000773
2026-08-28 14:38:28.864,captures/20260828_143757,mm_per_px,307,30.7638,0.000787
2026-08-28 14:38:28.957,captures/20260828_143757,mm_per_px,308,30.8563,0.000163
2026-08-28 14:38:29.050,captures/20260828_143757,mm_per_px,309,30.9497,0.000222
2026-08-28 14:38:29.114,captures/20260828_143757,mm_per_px,310,31.0136,0.000000
2026-08-28 14:38:29.254,captures/20260828_143757,mm_per_px,311,31.1532,0.000000
2026-08-28 14:38:29.318,captures/20260828_143757,mm_per_px,312,31.2176,0.000000
2026-08-28 14:38:29.456,captures/20260828_143757,mm_per_px,313,31.3557,0.000250
2026-08-28 14:38:29.546,captures/20260828_143757,mm_per_px,314,31.4450,0.001942
2026-08-28 14:38:29.612,captures/20260828_143757,mm_per_px,315,31.5111,0.004106
2026-08-28 14:38:29.713,captures/20260828_143757,mm_per_px,316,31.6120,0.004941
2026-08-28 14:38:29.814,captures/20260828_143757,mm_per_px,317,31.7138,0.004514
2026-08-28 14:38:29.956,captures/20260828_143757,mm_per_px,318,31.8559,0.003350
2026-08-28 14:38:30.049,captures/20260828_143757,mm_per_px,319,31.9486,0.001628
2026-08-28 14:38:30.165,captures/20260828_143757,mm_per_px,320,32.0649,0.001770
2026-08-28 14:38:30.259,captures/20260828_143757,mm_per_px,321,32.1589,0.007324
2026-08-28 14:38:30.312,captures/20260828_143757,mm_per_px,322,32.2114,0.007234
2026-08-28 14:38:30.455,captures/20260828_143757,mm_per_px,323,32.3549,0.005080
2026-08-28 14:38:30.547,captures/20260828_143757,mm_per_px,324,32.4469,0.005319
2026-08-28 14:38:30.664,captures/20260828_143757,mm_per_px,325,32.5639,0.002643
2026-08-28 14:38:30.759,captures/20260828_143757,mm_per_px,326,32.6583,0.000511
2026-08-28 14:38:30.856,captures/20260828_143757,mm_per_px,327,32.7553,0.000000
2026-08-28 14:38:30.952,captures/20260828_143757,mm_per_px,328,32.8510,0.000205
2026-08-28 14:38:31.056,captures/20260828_143757,mm_per_px,329,32.9550,0.000803
2026-08-28 14:38:31.149,captures/20260828_143757,mm_per_px,330,33.0481,0.003466
2026-08-28 14:38:31.257,captures/20260828_143757,mm_per_px,331,33.1562,0.007476
2026-08-28 14:38:31.356,captures/20260828_143757,mm_per_px,332,33.2554,0.001155
2026-08-28 14:38:31.465,captures/20260828_143757,mm_per_px,333,33.3647,0.001237
2026-08-28 14:38:31.543,captures/20260828_143757,mm_per_px,334,33.4428,0.004427
2026-08-28 14:38:31.617,captures/20260828_143757,mm_per_px,335,33.5165,0.008577
2026-08-28 14:38:31.758,captures/20260828_143757,mm_per_px,336,33.6570,0.003679
2026-08-28 14:38:31.818,captures/20260828_143757,mm_per_px,337,33.7179,0.004555
2026-08-28 14:38:31.955,captures/20260828_143757,mm_per_px,338,33.8545,0.000607
2026-08-28 14:38:32.057,captures/20260828_143757,mm_per_px,339,33.9561,0.002558
2026-08-28 14:38:32.111,captures/20260828_143757,mm_per_px,340,34.0106,0.002652
2026-08-28 14:38:32.213,captures/20260828_143757,mm_per_px,341,34.1124,0.000730
2026-08-28 14:38:32.355,captures/20260828_143757,mm_per_px,342,34.2549,0.000000
2026-08-28 14:38:32.415,captures/20260828_143757,mm_per_px,343,34.3147,0.003897
2026-08-28 14:38:32.556,captures/20260828_143757,mm_per_px,344,34.4556,0.001249
2026-08-28 14:38:32.645,captures/20260828_143757,mm_per_px,345,34.5441,0.000803
2026-08-28 14:38:32.764,captures/20260828_143757,mm_per_px,346,34.6636,0.002963
2026-08-28 14:38:32.818,captures/20260828_143757,mm_per_px,347,34.7179,0.000628
2026-08-28 14:38:32.971,captures/20260828_143757,mm_per_px,348,34.8701,0.000643
2026-08-28 14:38:33.014,captures/20260828_143757,mm_per_px,349,34.9131,0.000000
2026-08-28 14:38:33.151,captures/20260828_143757,mm_per_px,350,35.0509,0.000000
2026-08-28 14:38:33.260,captures/20260828_143757,mm_per_px,351,35.1597,0.000000
2026-08-28 14:38:33.311,captures/20260828_143757,mm_per_px,352,35.2108,0.000149
2026-08-28 14:38:33.418,captures/20260828_143757,mm_per_px,353,35.3170,0.000000
2026-08-28 14:38:33.555,captures/20260828_143757,mm_per_px,354,35.4545,0.000000
2026-08-28 14:38:33.638,captures/20260828_143757,mm_per_px,355,35.5376,0.000000
2026-08-28 14:38:33.712,captures/20260828_143757,mm_per_px,356,35.6114,0.001513
2026-08-28 14:38:33.816,captures/20260828_143757,mm_per_px,357,35.7153,0.000186
2026-08-28 14:38:33.913,captures/20260828_143757,mm_per_px,358,35.8125,0.007812
2026-08-28 14:38:34.018,captures/20260828_143757,mm_per_px,359,35.9177,0.007884
2026-08-28 14:38:34.118,captures/20260828_143757,mm_per_px,360,36.0173,0.010073
2026-08-28 14:38:34.212,captures/20260828_143757,mm_per_px,361,36.1117,0.001676
2026-08-28 14:38:34.317,captures/20260828_143757,mm_per_px,362,36.2169,0.001989
2026-08-28 14:38:34.457,captures/20260828_143757,mm_per_px,363,36.3569,0.005890
2026-08-28 14:38:34.548,captures/20260828_143757,mm_per_px,364,36.4474,0.012193
2026-08-28 14:38:34.667,captures/20260828_143757,mm_per_px,365,36.5666,0.011885
2026-08-28 14:38:34.729,captures/20260828_143757,mm_per_px,366,36.6280,0.017226
2026-08-28 14:38:34.863,captures/20260828_143757,mm_per_px,367,36.7626,0.028214
2026-08-28 14:38:34.954,captures/20260828_143757,mm_per_px,368,36.8536,0.026237
2026-08-28 14:38:35.071,captures/20260828_143757,mm_per_px,369,36.9703,0.021846
2026-08-28 14:38:35.165,captures/20260828_143757,mm_per_px,370,37.0649,0.023070
2026-08-28 14:38:35.255,captures/20260828_143757,mm_per_px,371,37.1545,0.010886
2026-08-28 14:38:35.349,captures/20260828_143757,mm_per_px,372,37.2482,0.013025
2026-08-28 14:38:35.464,captures/20260828_143757,mm_per_px,373,37.3634,0.010702
2026-08-28 14:38:35.557,captures/20260828_143757,mm_per_px,374,37.4569,0.006866
2026-08-28 14:38:35.611,captures/20260828_143757,mm_per_px,375,37.5108,0.007819
2026-08-28 14:38:35.756,captures/20260828_143757,mm_per_px,376,37.6556,0.006396
2026-08-28 14:38:35.837,captures/20260828_143757,mm_per_px,377,37.7365,0.001417
2026-08-28 14:38:35.966,captures/20260828_143757,mm_per_px,378,37.8657,0.002594
2026-08-28 14:38:36.043,captures/20260828_143757,mm_per_px,379,37.9422,0.001666
2026-08-28 14:38:36.159,captures/20260828_143757,mm_per_px,380,38.0586,0.000000
2026-08-28 14:38:36.250,captures/20260828_143757,mm_per_px,381,38.1491,0.001496
2026-08-28 14:38:36.363,captures/20260828_143757,mm_per_px,382,38.2624,0.003952
2026-08-28 14:38:36.457,captures/20260828_143757,mm_per_px,383,38.3564,0.005958
2026-08-28 14:38:36.572,captures/20260828_143757,mm_per_px,384,38.4712,0.001487
2026-08-28 14:38:36.666,captures/20260828_143757,mm_per_px,385,38.5655,0.000000
2026-08-28 14:38:36.763,captures/20260828_143757,mm_per_px,386,38.6627,0.000475
2026-08-28 14:38:36.846,captures/20260828_143757,mm_per_px,387,38.7450,0.004188
2026-08-28 14:38:36.965,captures/20260828_143757,mm_per_px,388,38.8649,0.003430
2026-08-28 14:38:37.058,captures/20260828_143757,mm_per_px,389,38.9576,0.001467
2026-08-28 14:38:37.158,captures/20260828_143757,mm_per_px,390,39.0579,0.000754
2026-08-28 14:38:37.223,captures/20260828_143757,mm_per_px,391,39.1223,0.000665
2026-08-28 14:38:37.355,captures/20260828_143757,mm_per_px,392,39.2543,0.000710
2026-08-28 14:38:37.421,captures/20260828_143757,mm_per_px,393,39.3206,0.000000
2026-08-28 14:38:37.571,captures/20260828_143757,mm_per_px,394,39.4704,0.000000
2026-08-28 14:38:37.671,captures/20260828_143757,mm_per_px,395,39.5703,0.000000
2026-08-28 14:38:37.764,captures/20260828_143757,mm_per_px,396,39.6631,0.000000
2026-08-28 14:38:37.857,captures/20260828_143757,mm_per_px,397,39.7561,0.000188
2026-08-28 14:38:37.914,captures/20260828_143757,mm_per_px,398,39.8130,0.000224
2026-08-28 14:38:38.060,captures/20260828_143757,mm_per_px,399,39.9599,0.000000
2026-08-28 14:38:38.143,captures/20260828_143757,mm_per_px,400,40.0422,0.000000
2026-08-28 14:38:38.268,captures/20260828_143757,mm_per_px,401,40.1677,0.000000
2026-08-28 14:38:38.320,captures/20260828_143757,mm_per_px,402,40.2197,0.000000
2026-08-28 14:38:38.411,captures/20260828_143757,mm_per_px,403,40.3106,0.000000
2026-08-28 14:38:38.513,captures/20260828_143757,mm_per_px,404,40.4122,0.000504
2026-08-28 14:38:38.652,captures/20260828_143757,mm_per_px,405,40.5513,0.000541
2026-08-28 14:38:38.717,captures/20260828_143757,mm_per_px,406,40.6166,0.003355
2026-08-28 14:38:38.856,captures/20260828_143757,mm_per_px,407,40.7557,0.000176
2026-08-28 14:38:38.914,captures/20260828_143757,mm_per_px,408,40.8136,0.000527
2026-08-28 14:38:39.068,captures/20260828_143757,mm_per_px,409,40.9671,0.000799
2026-08-28 14:38:39.166,captures/20260828_143757,mm_per_px,410,41.0659,0.000482
2026-08-28 14:38:39.213,captures/20260828_143757,mm_per_px,411,41.1127,0.000694
2026-08-28 14:38:39.359,captures/20260828_143757,mm_per_px,412,41.2582,0.000000
2026-08-28 14:38:39.450,captures/20260828_143757,mm_per_px,413,41.3491,0.000168
2026-08-28 14:38:39.553,captures/20260828_143757,mm_per_px,414,41.4529,0.000145
2026-08-28 14:38:39.645,captures/20260828_143757,mm_per_px,415,41.5447,0.000000
2026-08-28 14:38:39.713,captures/20260828_143757,mm_per_px,416,41.6125,0.000000
2026-08-28 14:38:39.814,captures/20260828_143757,mm_per_px,417,41.7132,0.000000
2026-08-28 14:38:39.964,captures/20260828_143757,mm_per_px,418,41.8636,0.000000
2026-08-28 14:38:40.055,captures/20260828_143757,mm_per_px,419,41.9545,0.000000
2026-08-28 14:38:40.114,captures/20260828_143757,mm_per_px,420,42.0134,0.000000
2026-08-28 14:38:40.221,captures/20260828_143757,mm_per_px,421,42.1209,0.000000
2026-08-28 14:38:40.312,captures/20260828_143757,mm_per_px,422,42.2112,0.000250
2026-08-28 14:38:40.415,captures/20260828_143757,mm_per_px,423,42.3142,0.000000
2026-08-28 14:38:40.517,captures/20260828_143757,mm_per_px,424,42.4168,0.000305
2026-08-28 14:38:40.660,captures/20260828_143757,mm_per_px,425,42.5598,0.001676
2026-08-28 14:38:40.746,captures/20260828_143757,mm_per_px,426,42.6457,0.001259
2026-08-28 14:38:40.813,captures/20260828_143757,mm_per_px,427,42.7123,0.005905
2026-08-28 14:38:40.913,captures/20260828_143757,mm_per_px,428,42.8127,0.011847
2026-08-28 14:38:41.052,captures/20260828_143757,mm_per_px,429,42.9513,0.000000
2026-08-28 14:38:41.124,captures/20260828_143757,mm_per_px,430,43.0230,0.000894
2026-08-28 14:38:41.265,captures/20260828_143757,mm_per_px,431,43.1640,0.001513
2026-08-28 14:38:41.357,captures/20260828_143757,mm_per_px,432,43.2567,0.000240
2026-08-28 14:38:41.411,captures/20260828_143757,mm_per_px,433,43.3100,0.000952
2026-08-28 14:38:41.556,captures/20260828_143757,mm_per_px,434,43.4554,0.000000
2026-08-28 14:38:41.624,captures/20260828_143757,mm_per_px,435,43.5231,0.000000
2026-08-28 14:38:41.766,captures/20260828_143757,mm_per_px,436,43.6656,0.000000
2026-08-28 14:38:41.882,captures/20260828_143757,mm_per_px,437,43.7814,0.000000
2026-08-28 14:38:41.924,captures/20260828_143757,mm_per_px,438,43.8235,0.000000
2026-08-28 14:38:42.059,captures/20260828_143757,mm_per_px,439,43.9581,0.000000
2026-08-28 14:38:42.139,captures/20260828_143757,mm_per_px,440,44.0381,0.000000
2026-08-28 14:38:42.269,captures/20260828_143757,mm_per_px,441,44.1683,0.000000
2026-08-28 14:38:42.363,captures/20260828_143757,mm_per_px,442,44.2620,0.000000
2026-08-28 14:38:42.460,captures/20260828_143757,mm_per_px,443,44.3599,0.000000
2026-08-28 14:38:42.534,captures/20260828_143757,mm_per_px,444,44.4336,0.000000
2026-08-28 14:38:42.653,captures/20260828_143757,mm_per_px,445,44.5528,0.000000
2026-08-28 14:38:42.742,captures/20260828_143757,mm_per_px,446,44.6416,0.000000
2026-08-28 14:38:42.858,captures/20260828_143757,mm_per_px,447,44.7578,0.000000
2026-08-28 14:38:42.929,captures/20260828_143757,mm_per_px,448,44.8286,0.000000
2026-08-28 14:38:43.068,captures/20260828_143757,mm_per_px,449,44.9677,0.000000
2026-08-28 14:38:43.168,captures/20260828_143757,mm_per_px,450,45.0671,0.000000
2026-08-28 14:38:43.260,captures/20260828_143757,mm_per_px,451,45.1597,0.001537
2026-08-28 14:38:43.354,captures/20260828_143757,mm_per_px,452,45.2531,0.007472
2026-08-28 14:38:43.452,captures/20260828_143757,mm_per_px,453,45.3519,0.010163
2026-08-28 14:38:43.513,captures/20260828_143757,mm_per_px,454,45.4128,0.001312
2026-08-28 14:38:43.664,captures/20260828_143757,mm_per_px,455,45.5631,0.004011
2026-08-28 14:38:43.756,captures/20260828_143757,mm_per_px,456,45.6558,0.000000
2026-08-28 14:38:43.814,captures/20260828_143757,mm_per_px,457,45.7135,0.001541
2026-08-28 14:38:43.914,captures/20260828_143757,mm_per_px,458,45.8130,0.000174
2026-08-28 14:38:44.010,captures/20260828_143757,mm_per_px,459,45.9094,0.001996
2026-08-28 14:38:44.111,captures/20260828_143757,mm_per_px,460,46.0103,0.000000
2026-08-28 14:38:44.252,captures/20260828_143757,mm_per_px,461,46.1514,0.000000
2026-08-28 14:38:44.332,captures/20260828_143757,mm_per_px,462,46.2311,0.000379
2026-08-28 14:38:44.461,captures/20260828_143757,mm_per_px,463,46.3605,0.000484
2026-08-28 14:38:44.556,captures/20260828_143757,mm_per_px,464,46.4557,0.000000
2026-08-28 14:38:44.653,captures/20260828_143757,mm_per_px,465,46.5523,0.000000
2026-08-28 14:38:44.751,captures/20260828_143757,mm_per_px,466,46.6504,0.000000
2026-08-28 14:38:44.859,captures/20260828_143757,mm_per_px,467,46.7586,0.000000
2026-08-28 14:38:44.927,captures/20260828_143757,mm_per_px,468,46.8262,0.000000
2026-08-28 14:38:45.069,captures/20260828_143757,mm_per_px,469,46.9684,0.000000
2026-08-28 14:38:45.157,captures/20260828_143757,mm_per_px,470,47.0569,0.000000
2026-08-28 14:38:45.212,captures/20260828_143757,mm_per_px,471,47.1118,0.000000
2026-08-28 14:38:45.316,captures/20260828_143757,mm_per_px,472,47.2159,0.000000
2026-08-28 14:38:45.458,captures/20260828_143757,mm_per_px,473,47.3571,0.000000
2026-08-28 14:38:45.554,captures/20260828_143757,mm_per_px,474,47.4537,0.000000
2026-08-28 14:38:45.615,captures/20260828_143757,mm_per_px,475,47.5144,0.000000
2026-08-28 14:38:45.714,captures/20260828_143757,mm_per_px,476,47.6135,0.000000
2026-08-28 14:38:45.863,captures/20260828_143757,mm_per_px,477,47.7622,0.000000
2026-08-28 14:38:45.933,captures/20260828_143757,mm_per_px,478,47.8325,0.000000
2026-08-28 14:38:46.060,captures/20260828_143757,mm_per_px,479,47.9595,0.000000
2026-08-28 14:38:46.156,captures/20260828_143757,mm_per_px,480,48.0551,0.000000
2026-08-28 14:38:46.270,captures/20260828_143757,mm_per_px,481,48.1690,0.000000
2026-08-28 14:38:46.367,captures/20260828_143757,mm_per_px,482,48.2664,0.000000
2026-08-28 14:38:46.453,captures/20260828_143757,mm_per_px,483,48.3523,0.000000
2026-08-28 14:38:46.517,captures/20260828_143757,mm_per_px,484,48.4160,0.000000
2026-08-28 14:38:46.656,captures/20260828_143757,mm_per_px,485,48.5551,0.000000
2026-08-28 14:38:46.746,captures/20260828_143757,mm_per_px,486,48.6450,0.000000
2026-08-28 14:38:46.865,captures/20260828_143757,mm_per_px,487,48.7646,0.000000
2026-08-28 14:38:46.958,captures/20260828_143757,mm_per_px,488,48.8573,0.000000
2026-08-28 14:38:47.013,captures/20260828_143757,mm_per_px,489,48.9121,0.000000
2026-08-28 14:38:47.114,captures/20260828_143757,mm_per_px,490,49.0132,0.000000
2026-08-28 14:38:47.256,captures/20260828_143757,mm_per_px,491,49.1550,0.000000
2026-08-28 14:38:47.327,captures/20260828_143757,mm_per_px,492,49.2264,0.000000
2026-08-28 14:38:47.461,captures/20260828_143757,mm_per_px,493,49.3601,0.000000
2026-08-28 14:38:47.549,captures/20260828_143757,mm_per_px,494,49.4489,0.000000
2026-08-28 14:38:47.669,captures/20260828_143757,mm_per_px,495,49.5681,0.000000
2026-08-28 14:38:47.726,captures/20260828_143757,mm_per_px,496,49.6251,0.000000
2026-08-28 14:38:47.861,captures/20260828_143757,mm_per_px,497,49.7607,0.000000
2026-08-28 14:38:47.915,captures/20260828_143757,mm_per_px,498,49.8147,0.000000
2026-08-28 14:38:48.068,captures/20260828_143757,mm_per_px,499,49.9672,0.000000
2026-08-28 14:38:48.133,captures/20260828_143757,mm_per_px,500,50.0323,0.000000
2026-08-28 14:38:48.232,captures/20260828_143757,mm_per_px,501,50.1319,0.000988
2026-08-28 14:38:48.316,captures/20260828_143757,mm_per_px,502,50.2156,0.001076
2026-08-28 14:38:48.415,captures/20260828_143757,mm_per_px,503,50.3146,0.000000
2026-08-28 14:38:48.563,captures/20260828_143757,mm_per_px,504,50.4626,0.000000
2026-08-28 14:38:48.654,captures/20260828_143757,mm_per_px,505,50.5530,0.000926
2026-08-28 14:38:48.756,captures/20260828_143757,mm_per_px,506,50.6558,0.000000
2026-08-28 14:38:48.826,captures/20260828_143757,mm_per_px,507,50.7255,0.000000
2026-08-28 14:38:48.963,captures/20260828_143757,mm_per_px,508,50.8622,0.000000
2026-08-28 14:38:49.053,captures/20260828_143757,mm_per_px,509,50.9520,0.000000
2026-08-28 14:38:49.116,captures/20260828_143757,mm_per_px,510,51.0152,0.000000
2026-08-28 14:38:49.255,captures/20260828_143757,mm_per_px,511,51.1544,0.000000
2026-08-28 14:38:49.325,captures/20260828_143757,mm_per_px,512,51.2245,0.000000
2026-08-28 14:38:49.466,captures/20260828_143757,mm_per_px,513,51.3656,0.000000
2026-08-28 14:38:49.537,captures/20260828_143757,mm_per_px,514,51.4360,0.000000
2026-08-28 14:38:49.663,captures/20260828_143757,mm_per_px,515,51.5622,0.000000
2026-08-28 14:38:49.757,captures/20260828_143757,mm_per_px,516,51.6560,0.000000
2026-08-28 14:38:49.813,captures/20260828_143757,mm_per_px,517,51.7129,0.000000
2026-08-28 14:38:49.915,captures/20260828_143757,mm_per_px,518,51.8149,0.000000
2026-08-28 14:38:50.063,captures/20260828_143757,mm_per_px,519,51.9623,0.000000
2026-08-28 14:38:50.163,captures/20260828_143757,mm_per_px,520,52.0620,0.000000
2026-08-28 14:38:50.260,captures/20260828_143757,mm_per_px,521,52.1595,0.000000
2026-08-28 14:38:50.315,captures/20260828_143757,mm_per_px,522,52.2142,0.000000
2026-08-28 14:38:50.460,captures/20260828_143757,mm_per_px,523,52.3594,0.000000
2026-08-28 14:38:50.549,captures/20260828_143757,mm_per_px,524,52.4486,0.000000
2026-08-28 14:38:50.663,captures/20260828_143757,mm_per_px,525,52.5623,0.000000
2026-08-28 14:38:50.749,captures/20260828_143757,mm_per_px,526,52.6487,0.000187
2026-08-28 14:38:50.813,captures/20260828_143757,mm_per_px,527,52.7129,0.000000
2026-08-28 14:38:50.915,captures/20260828_143757,mm_per_px,528,52.8146,0.000000
2026-08-28 14:38:51.057,captures/20260828_143757,mm_per_px,529,52.9569,0.000000
2026-08-28 14:38:51.144,captures/20260828_143757,mm_per_px,530,53.0434,0.000000
2026-08-28 14:38:51.215,captures/20260828_143757,mm_per_px,531,53.1140,0.000000
2026-08-28 14:38:51.357,captures/20260828_143757,mm_per_px,532,53.2563,0.000000
2026-08-28 14:38:51.444,captures/20260828_143757,mm_per_px,533,53.3433,0.000000
2026-08-28 14:38:51.566,captures/20260828_143757,mm_per_px,534,53.4654,0.000000
2026-08-28 14:38:51.643,captures/20260828_143757,mm_per_px,535,53.5429,0.000000
2026-08-28 14:38:51.759,captures/20260828_143757,mm_per_px,536,53.6584,0.000000
2026-08-28 14:38:51.853,captures/20260828_143757,mm_per_px,537,53.7526,0.000000
2026-08-28 14:38:51.967,captures/20260828_143757,mm_per_px,538,53.8661,0.000000
2026-08-28 14:38:52.054,captures/20260828_143757,mm_per_px,539,53.9533,0.000000
2026-08-28 14:38:52.160,captures/20260828_143757,mm_per_px,540,54.0593,0.000000
2026-08-28 14:38:52.244,captures/20260828_143757,mm_per_px,541,54.1432,0.000000
2026-08-28 14:38:52.313,captures/20260828_143757,mm_per_px,542,54.2128,0.000000
2026-08-28 14:38:52.418,captures/20260828_143757,mm_per_px,543,54.3176,0.000000
2026-08-28 14:38:52.512,captures/20260828_143757,mm_per_px,544,54.4117,0.001128
2026-08-28 14:38:52.666,captures/20260828_143757,mm_per_px,545,54.5658,0.000232
2026-08-28 14:38:52.742,captures/20260828_143757,mm_per_px,546,54.6415,0.000474
2026-08-28 14:38:52.811,captures/20260828_143757,mm_per_px,547,54.7103,0.000000
2026-08-28 14:38:52.916,captures/20260828_143757,mm_per_px,548,54.8156,0.000000
2026-08-28 14:38:53.015,captures/20260828_143757,mm_per_px,549,54.9144,0.000523
2026-08-28 14:38:53.166,captures/20260828_143757,mm_per_px,550,55.0652,0.000000
2026-08-28 14:38:53.244,captures/20260828_143757,mm_per_px,551,55.1432,0.002075
2026-08-28 14:38:53.313,captures/20260828_143757,mm_per_px,552,55.2124,0.000000
2026-08-28 14:38:53.469,captures/20260828_143757,mm_per_px,553,55.3682,0.000000
2026-08-28 14:38:53.540,captures/20260828_143757,mm_per_px,554,55.4395,0.000000
2026-08-28 14:38:53.662,captures/20260828_143757,mm_per_px,555,55.5610,0.000000
2026-08-28 14:38:53.751,captures/20260828_143757,mm_per_px,556,55.6502,0.000000
2026-08-28 14:38:53.858,captures/20260828_143757,mm_per_px,557,55.7574,0.000000
2026-08-28 14:38:53.945,captures/20260828_143757,mm_per_px,558,55.8441,0.000000
2026-08-28 14:38:54.071,captures/20260828_143757,mm_per_px,559,55.9706,0.000000
2026-08-28 14:38:54.166,captures/20260828_143757,mm_per_px,560,56.0659,0.000000
2026-08-28 14:38:54.259,captures/20260828_143757,mm_per_px,561,56.1586,0.000000
2026-08-28 14:38:54.328,captures/20260828_143757,mm_per_px,562,56.2270,0.000000
2026-08-28 14:38:54.461,captures/20260828_143757,mm_per_px,563,56.3600,0.000000
2026-08-28 14:38:54.522,captures/20260828_143757,mm_per_px,564,56.4211,0.000000
2026-08-28 14:38:54.664,captures/20260828_143757,mm_per_px,565,56.5636,0.000000
2026-08-28 14:38:54.755,captures/20260828_143757,mm_per_px,566,56.6549,0.000000
2026-08-28 14:38:54.814,captures/20260828_143757,mm_per_px,567,56.7130,0.000655
2026-08-28 14:38:54.914,captures/20260828_143757,mm_per_px,568,56.8131,0.001601
2026-08-28 14:38:55.060,captures/20260828_143757,mm_per_px,569,56.9597,0.003395
2026-08-28 14:38:55.147,captures/20260828_143757,mm_per_px,570,57.0465,0.000386
2026-08-28 14:38:55.264,captures/20260828_143757,mm_per_px,571,57.1632,0.002656
2026-08-28 14:38:55.364,captures/20260828_143757,mm_per_px,572,57.2639,0.000000
2026-08-28 14:38:55.457,captures/20260828_143757,mm_per_px,573,57.3565,0.000000
2026-08-28 14:38:55.552,captures/20260828_143757,mm_per_px,574,57.4517,0.000000
2026-08-28 14:38:55.615,captures/20260828_143757,mm_per_px,575,57.5144,0.000000
2026-08-28 14:38:55.757,captures/20260828_143757,mm_per_px,576,57.6564,0.000000
2026-08-28 14:38:55.851,captures/20260828_143757,mm_per_px,577,57.7502,0.000000
2026-08-28 14:38:55.911,captures/20260828_143757,mm_per_px,578,57.8107,0.000000
2026-08-28 14:38:56.013,captures/20260828_143757,mm_per_px,579,57.9120,0.000000
2026-08-28 14:38:56.112,captures/20260828_143757,mm_per_px,580,58.0119,0.000000
2026-08-28 14:38:56.212,captures/20260828_143757,mm_per_px,581,58.1116,0.000000
2026-08-28 14:38:56.359,captures/20260828_143757,mm_per_px,582,58.2585,0.000000
2026-08-28 14:38:56.439,captures/20260828_143757,mm_per_px,583,58.3389,0.000000
2026-08-28 14:38:56.515,captures/20260828_143757,mm_per_px,584,58.4149,0.000000
2026-08-28 14:38:56.654,captures/20260828_143757,mm_per_px,585,58.5533,0.000000
2026-08-28 14:38:56.751,captures/20260828_143757,mm_per_px,586,58.6508,0.000000
2026-08-28 14:38:56.811,captures/20260828_143757,mm_per_px,587,58.7106,0.000000
2026-08-28 14:38:56.956,captures/20260828_143757,mm_per_px,588,58.8552,0.000000
2026-08-28 14:38:57.011,captures/20260828_143757,mm_per_px,589,58.9103,0.000000
2026-08-28 14:38:57.158,captures/20260828_143757,mm_per_px,590,59.0575,0.000000
2026-08-28 14:38:57.252,captures/20260828_143757,mm_per_px,591,59.1516,0.000000
2026-08-28 14:38:57.350,captures/20260828_143757,mm_per_px,592,59.2497,0.000000
2026-08-28 14:38:57.453,captures/20260828_143757,mm_per_px,593,59.3529,0.000000
2026-08-28 14:38:57.519,captures/20260828_143757,mm_per_px,594,59.4186,0.000000
2026-08-28 14:38:57.615,captures/20260828_143757,mm_per_px,595,59.5144,0.000000
2026-08-28 14:38:57.714,captures/20260828_143757,mm_per_px,596,59.6133,0.000000
2026-08-28 14:38:57.855,captures/20260828_143757,mm_per_px,597,59.7547,0.000000
2026-08-28 14:38:57.946,captures/20260828_143757,mm_per_px,598,59.8455,0.000000
2026-08-28 14:38:58.011,captures/20260828_143757,mm_per_px,599,59.9108,0.000000
2026-08-28 14:38:58.167,captures/20260828_143757,mm_per_px,600,60.0665,0.000000
2026-08-28 14:38:58.223,captures/20260828_143757,mm_per_px,601,60.1224,0.000000
2026-08-28 14:38:58.352,captures/20260828_143757,mm_per_px,602,60.2512,0.000000
2026-08-28 14:38:58.424,captures/20260828_143757,mm_per_px,603,60.3233,0.000000
2026-08-28 14:38:58.513,captures/20260828_143757,mm_per_px,604,60.4123,0.000000
2026-08-28 14:38:58.616,captures/20260828_143757,mm_per_px,605,60.5154,0.000000
2026-08-28 14:38:58.714,captures/20260828_143757,mm_per_px,606,60.6139,0.000000
2026-08-28 14:38:58.870,captures/20260828_143757,mm_per_px,607,60.7694,0.000000
2026-08-28 14:38:58.938,captures/20260828_143757,mm_per_px,608,60.8379,0.000524
2026-08-28 14:38:59.061,captures/20260828_143757,mm_per_px,609,60.9601,0.000000
2026-08-28 14:38:59.133,captures/20260828_143757,mm_per_px,610,61.0326,0.000690
2026-08-28 14:38:59.257,captures/20260828_143757,mm_per_px,611,61.1569,0.002847
2026-08-28 14:38:59.311,captures/20260828_143757,mm_per_px,612,61.2102,0.001077
2026-08-28 14:38:59.461,captures/20260828_143757,mm_per_px,613,61.3604,0.000000
2026-08-28 14:38:59.530,captures/20260828_143757,mm_per_px,614,61.4295,0.001237
2026-08-28 14:38:59.613,captures/20260828_143757,mm_per_px,615,61.5125,0.000000
2026-08-28 14:38:59.712,captures/20260828_143757,mm_per_px,616,61.6110,0.000000
2026-08-28 14:38:59.812,captures/20260828_143757,mm_per_px,617,61.7117,0.000000
2026-08-28 14:38:59.961,captures/20260828_143757,mm_per_px,618,61.8600,0.000000
2026-08-28 14:39:00.020,captures/20260828_143757,mm_per_px,619,61.9197,0.000000
2026-08-28 14:39:00.165,captures/20260828_143757,mm_per_px,620,62.0648,0.000000
2026-08-28 14:39:00.238,captures/20260828_143757,mm_per_px,621,62.1376,0.000000
2026-08-28 14:39:00.315,captures/20260828_143757,mm_per_px,622,62.2140,0.003247
2026-08-28 14:39:00.416,captures/20260828_143757,mm_per_px,623,62.3150,0.000000
2026-08-28 14:39:00.514,captures/20260828_143757,mm_per_px,624,62.4135,0.000950
2026-08-28 14:39:00.664,captures/20260828_143757,mm_per_px,625,62.5636,0.001067
2026-08-28 14:39:00.732,captures/20260828_143757,mm_per_px,626,62.6315,0.000000
2026-08-28 14:39:00.854,captures/20260828_143757,mm_per_px,627,62.7535,0.000000
2026-08-28 14:39:00.923,captures/20260828_143757,mm_per_px,628,62.8226,0.001556
2026-08-28 14:39:01.062,captures/20260828_143757,mm_per_px,629,62.9611,0.000000
2026-08-28 14:39:01.130,captures/20260828_143757,mm_per_px,630,63.0290,0.000194
2026-08-28 14:39:01.262,captures/20260828_143757,mm_per_px,631,63.1617,0.000000
2026-08-28 14:39:01.351,captures/20260828_143757,mm_per_px,632,63.2503,0.000000
2026-08-28 14:39:01.453,captures/20260828_143757,mm_per_px,633,63.3521,0.000000
2026-08-28 14:39:01.535,captures/20260828_143757,mm_per_px,634,63.4346,0.000000
2026-08-28 14:39:01.657,captures/20260828_143757,mm_per_px,635,63.5560,0.000000
2026-08-28 14:39:01.737,captures/20260828_143757,mm_per_px,636,63.6362,0.000239
2026-08-28 14:39:01.857,captures/20260828_143757,mm_per_px,637,63.7569,0.000000
2026-08-28 14:39:01.939,captures/20260828_143757,mm_per_px,638,63.8387,0.000000
2026-08-28 14:39:02.066,captures/20260828_143757,mm_per_px,639,63.9651,0.000000
2026-08-28 14:39:02.149,captures/20260828_143757,mm_per_px,640,64.0480,0.000775
2026-08-28 14:39:02.251,captures/20260828_143757,mm_per_px,641,64.1500,0.001915
2026-08-28 14:39:02.329,captures/20260828_143757,mm_per_px,642,64.2286,0.000000
2026-08-28 14:39:02.453,captures/20260828_143757,mm_per_px,643,64.3527,0.000000
2026-08-28 14:39:02.537,captures/20260828_143757,mm_per_px,644,64.4360,0.000000
2026-08-28 14:39:02.660,captures/20260828_143757,mm_per_px,645,64.5593,0.000000
2026-08-28 14:39:02.741,captures/20260828_143757,mm_per_px,646,64.6405,0.000387
2026-08-28 14:39:02.865,captures/20260828_143757,mm_per_px,647,64.7644,0.000000
2026-08-28 14:39:02.935,captures/20260828_143757,mm_per_px,648,64.8343,0.000000
2026-08-28 14:39:03.015,captures/20260828_143757,mm_per_px,649,64.9142,0.000000
2026-08-28 14:39:03.111,captures/20260828_143757,mm_per_px,650,65.0107,0.000000
2026-08-28 14:39:03.211,captures/20260828_143757,mm_per_px,651,65.1101,0.000000
2026-08-28 14:39:03.361,captures/20260828_143757,mm_per_px,652,65.2602,0.000000
2026-08-28 14:39:03.414,captures/20260828_143757,mm_per_px,653,65.3132,0.000519
2026-08-28 14:39:03.552,captures/20260828_143757,mm_per_px,654,65.4517,0.000000
2026-08-28 14:39:03.642,captures/20260828_143757,mm_per_px,655,65.5413,0.000557
2026-08-28 14:39:03.760,captures/20260828_143757,mm_per_px,656,65.6596,0.004297
2026-08-28 14:39:03.864,captures/20260828_143757,mm_per_px,657,65.7631,0.000377
2026-08-28 14:39:03.933,captures/20260828_143757,mm_per_px,658,65.8321,0.000578
2026-08-28 14:39:04.054,captures/20260828_143757,mm_per_px,659,65.9538,0.000416
2026-08-28 14:39:04.114,captures/20260828_143757,mm_per_px,660,66.0130,0.001683
2026-08-28 14:39:04.213,captures/20260828_143757,mm_per_px,661,66.1127,0.002509
2026-08-28 14:39:04.359,captures/20260828_143757,mm_per_px,662,66.2585,0.000217
2026-08-28 14:39:04.423,captures/20260828_143757,mm_per_px,663,66.3228,0.001620
2026-08-28 14:39:04.568,captures/20260828_143757,mm_per_px,664,66.4675,0.002309
2026-08-28 14:39:04.646,captures/20260828_143757,mm_per_px,665,66.5458,0.000726
2026-08-28 14:39:04.766,captures/20260828_143757,mm_per_px,666,66.6650,0.000527
2026-08-28 14:39:04.853,captures/20260828_143757,mm_per_px,667,66.7526,0.000000
2026-08-28 14:39:04.912,captures/20260828_143757,mm_per_px,668,66.8118,0.000000
2026-08-28 14:39:05.060,captures/20260828_143757,mm_per_px,669,66.9595,0.000000
2026-08-28 14:39:05.120,captures/20260828_143757,mm_per_px,670,67.0193,0.000177
2026-08-28 14:39:05.271,captures/20260828_143757,mm_per_px,671,67.1708,0.001112
2026-08-28 14:39:05.364,captures/20260828_143757,mm_per_px,672,67.2638,0.000000
2026-08-28 14:39:05.459,captures/20260828_143757,mm_per_px,673,67.3585,0.000000
2026-08-28 14:39:05.550,captures/20260828_143757,mm_per_px,674,67.4494,0.000000
2026-08-28 14:39:05.668,captures/20260828_143757,mm_per_px,675,67.5675,0.000218
2026-08-28 14:39:05.763,captures/20260828_143757,mm_per_px,676,67.6628,0.000000
2026-08-28 14:39:05.859,captures/20260828_143757,mm_per_px,677,67.7588,0.000188
2026-08-28 14:39:05.962,captures/20260828_143757,mm_per_px,678,67.8612,0.000191
2026-08-28 14:39:06.016,captures/20260828_143757,mm_per_px,679,67.9159,0.000000
2026-08-28 14:39:06.169,captures/20260828_143757,mm_per_px,680,68.0682,0.000000
2026-08-28 14:39:06.266,captures/20260828_143757,mm_per_px,681,68.1658,0.000000
2026-08-28 14:39:06.361,captures/20260828_143757,mm_per_px,682,68.2604,0.000000
2026-08-28 14:39:06.454,captures/20260828_143757,mm_per_px,683,68.3539,0.000000
2026-08-28 14:39:06.512,captures/20260828_143757,mm_per_px,684,68.4113,0.000000
2026-08-28 14:39:06.616,captures/20260828_143757,mm_per_px,685,68.5159,0.000000
2026-08-28 14:39:06.717,captures/20260828_143757,mm_per_px,686,68.6167,0.000000
2026-08-28 14:39:06.868,captures/20260828_143757,mm_per_px,687,68.7670,0.000000
2026-08-28 14:39:06.964,captures/20260828_143757,mm_per_px,688,68.8630,0.000000
2026-08-28 14:39:07.018,captures/20260828_143757,mm_per_px,689,68.9171,0.000000
2026-08-28 14:39:07.160,captures/20260828_143757,mm_per_px,690,69.0596,0.000000
2026-08-28 14:39:07.263,captures/20260828_143757,mm_per_px,691,69.1626,0.000000
2026-08-28 14:39:07.371,captures/20260828_143757,mm_per_px,692,69.2702,0.000000
2026-08-28 14:39:07.445,captures/20260828_143757,mm_per_px,693,69.3447,0.000000
2026-08-28 14:39:07.565,captures/20260828_143757,mm_per_px,694,69.4643,0.000141
2026-08-28 14:39:07.663,captures/20260828_143757,mm_per_px,695,69.5625,0.000000
2026-08-28 14:39:07.715,captures/20260828_143757,mm_per_px,696,69.6142,0.003664
2026-08-28 14:39:07.821,captures/20260828_143757,mm_per_px,697,69.7209,0.001233
2026-08-28 14:39:07.924,captures/20260828_143757,mm_per_px,698,69.8235,0.001615
2026-08-28 14:39:08.059,captures/20260828_143757,mm_per_px,699,69.9582,0.000000
2026-08-28 14:39:08.119,captures/20260828_143757,mm_per_px,700,70.0181,0.000000
2026-08-28 14:39:08.253,captures/20260828_143757,mm_per_px,701,70.1523,0.000000
2026-08-28 14:39:08.353,captures/20260828_143757,mm_per_px,702,70.2528,0.000000
2026-08-28 14:39:08.463,captures/20260828_143757,mm_per_px,703,70.3622,0.000000
2026-08-28 14:39:08.557,captures/20260828_143757,mm_per_px,704,70.4562,0.000196
2026-08-28 14:39:08.655,captures/20260828_143757,mm_per_px,705,70.5544,0.000000
2026-08-28 14:39:08.734,captures/20260828_143757,mm_per_px,706,70.6337,0.000000
2026-08-28 14:39:08.858,captures/20260828_143757,mm_per_px,707,70.7574,0.000000
2026-08-28 14:39:08.955,captures/20260828_143757,mm_per_px,708,70.8546,0.000000
2026-08-28 14:39:09.062,captures/20260828_143757,mm_per_px,709,70.9615,0.000000
2026-08-28 14:39:09.123,captures/20260828_143757,mm_per_px,710,71.0223,0.000000
2026-08-28 14:39:09.264,captures/20260828_143757,mm_per_px,711,71.1633,0.000000
2026-08-28 14:39:09.325,captures/20260828_143757,mm_per_px,712,71.2242,0.000000
2026-08-28 14:39:09.458,captures/20260828_143757,mm_per_px,713,71.3577,0.000000
2026-08-28 14:39:09.547,captures/20260828_143757,mm_per_px,714,71.4468,0.000000
2026-08-28 14:39:09.668,captures/20260828_143757,mm_per_px,715,71.5670,0.000000
2026-08-28 14:39:09.764,captures/20260828_143757,mm_per_px,716,71.6632,0.000000
2026-08-28 14:39:09.862,captures/20260828_143757,mm_per_px,717,71.7612,0.000000
2026-08-28 14:39:09.950,captures/20260828_143757,mm_per_px,718,71.8498,0.000000
2026-08-28 14:39:10.071,captures/20260828_143757,mm_per_px,719,71.9700,0.000000
2026-08-28 14:39:10.124,captures/20260828_143757,mm_per_px,720,72.0234,0.000000
2026-08-28 14:39:10.263,captures/20260828_143757,mm_per_px,721,72.1629,0.000301
2026-08-28 14:39:10.353,captures/20260828_143757,mm_per_px,722,72.2523,0.001531
2026-08-28 14:39:10.417,captures/20260828_143757,mm_per_px,723,72.3165,0.004791
2026-08-28 14:39:10.519,captures/20260828_143757,mm_per_px,724,72.4182,0.001993
2026-08-28 14:39:10.663,captures/20260828_143757,mm_per_px,725,72.5627,0.007733
2026-08-28 14:39:10.759,captures/20260828_143757,mm_per_px,726,72.6588,0.000203
2026-08-28 14:39:10.869,captures/20260828_143757,mm_per_px,727,72.7685,0.000180
2026-08-28 14:39:10.973,captures/20260828_143757,mm_per_px,728,72.8728,0.000000
2026-08-28 14:39:11.018,captures/20260828_143757,mm_per_px,729,72.9172,0.000000
2026-08-28 14:39:11.171,captures/20260828_143757,mm_per_px,730,73.0701,0.000000
2026-08-28 14:39:11.265,captures/20260828_143757,mm_per_px,731,73.1643,0.000000
2026-08-28 14:39:11.363,captures/20260828_143757,mm_per_px,732,73.2622,0.000374
2026-08-28 14:39:11.461,captures/20260828_143757,mm_per_px,733,73.3605,0.000194
2026-08-28 14:39:11.555,captures/20260828_143757,mm_per_px,734,73.4547,0.000000
2026-08-28 14:39:11.645,captures/20260828_143757,mm_per_px,735,73.5444,0.000000
2026-08-28 14:39:11.755,captures/20260828_143757,mm_per_px,736,73.6541,0.000000
2026-08-28 14:39:11.847,captures/20260828_143757,mm_per_px,737,73.7462,0.000000
2026-08-28 14:39:11.967,captures/20260828_143757,mm_per_px,738,73.8661,0.000000
2026-08-28 14:39:12.069,captures/20260828_143757,mm_per_px,739,73.9687,0.000000
2026-08-28 14:39:12.116,captures/20260828_143757,mm_per_px,740,74.0155,0.000000
2026-08-28 14:39:12.271,captures/20260828_143757,mm_per_px,741,74.1709,0.000000
2026-08-28 14:39:12.336,captures/20260828_143757,mm_per_px,742,74.2351,0.000000
2026-08-28 14:39:12.464,captures/20260828_143757,mm_per_px,743,74.3632,0.000000
2026-08-28 14:39:12.523,captures/20260828_143757,mm_per_px,744,74.4221,0.000000
2026-08-28 14:39:12.658,captures/20260828_143757,mm_per_px,745,74.5572,0.000000
2026-08-28 14:39:12.741,captures/20260828_143757,mm_per_px,746,74.6405,0.000000
2026-08-28 14:39:12.864,captures/20260828_143757,mm_per_px,747,74.7633,0.000000
2026-08-28 14:39:12.960,captures/20260828_143757,mm_per_px,748,74.8598,0.000000
2026-08-28 14:39:13.059,captures/20260828_143757,mm_per_px,749,74.9589,0.000000
2026-08-28 14:39:13.119,captures/20260828_143757,mm_per_px,750,75.0180,0.000000
2026-08-28 14:39:13.261,captures/20260828_143757,mm_per_px,751,75.1607,0.000000
2026-08-28 14:39:13.323,captures/20260828_143757,mm_per_px,752,75.2223,0.000000
2026-08-28 14:39:13.412,captures/20260828_143757,mm_per_px,753,75.3115,0.000734
2026-08-28 14:39:13.520,captures/20260828_143757,mm_per_px,754,75.4195,0.000505
2026-08-28 14:39:13.674,captures/20260828_143757,mm_per_px,755,75.5739,0.001272
2026-08-28 14:39:13.762,captures/20260828_143757,mm_per_px,756,75.6616,0.001246
2026-08-28 14:39:13.815,captures/20260828_143757,mm_per_px,757,75.7142,0.000000
2026-08-28 14:39:13.953,captures/20260828_143757,mm_per_px,758,75.8526,0.000000
2026-08-28 14:39:14.022,captures/20260828_143757,mm_per_px,759,75.9211,0.000000
2026-08-28 14:39:14.163,captures/20260828_143757,mm_per_px,760,76.0620,0.000258
2026-08-28 14:39:14.244,captures/20260828_143757,mm_per_px,761,76.1431,0.000000
2026-08-28 14:39:14.315,captures/20260828_143757,mm_per_px,762,76.2140,0.004117
2026-08-28 14:39:14.463,captures/20260828_143757,mm_per_px,763,76.3625,0.000000
2026-08-28 14:39:14.558,captures/20260828_143757,mm_per_px,764,76.4575,0.000000
2026-08-28 14:39:14.664,captures/20260828_143757,mm_per_px,765,76.5631,0.001265
2026-08-28 14:39:14.759,captures/20260828_143757,mm_per_px,766,76.6583,0.004441
2026-08-28 14:39:14.856,captures/20260828_143757,mm_per_px,767,76.7552,0.006439
2026-08-28 14:39:14.955,captures/20260828_143757,mm_per_px,768,76.8541,0.008406
2026-08-28 14:39:15.058,captures/20260828_143757,mm_per_px,769,76.9573,0.000000
2026-08-28 14:39:15.131,captures/20260828_143757,mm_per_px,770,77.0303,0.000000
2026-08-28 14:39:15.259,captures/20260828_143757,mm_per_px,771,77.1583,0.000000
2026-08-28 14:39:15.363,captures/20260828_143757,mm_per_px,772,77.2620,0.000000
2026-08-28 14:39:15.467,captures/20260828_143757,mm_per_px,773,77.3662,0.000000
2026-08-28 14:39:15.544,captures/20260828_143757,mm_per_px,774,77.4435,0.000000
2026-08-28 14:39:15.661,captures/20260828_143757,mm_per_px,775,77.5608,0.000000
2026-08-28 14:39:15.733,captures/20260828_143757,mm_per_px,776,77.6328,0.000000
2026-08-28 14:39:15.866,captures/20260828_143757,mm_per_px,777,77.7654,0.000000
2026-08-28 14:39:15.966,captures/20260828_143757,mm_per_px,778,77.8658,0.000000
2026-08-28 14:39:16.013,captures/20260828_143757,mm_per_px,779,77.9123,0.000000
2026-08-28 14:39:16.116,captures/20260828_143757,mm_per_px,780,78.0157,0.000586
2026-08-28 14:39:16.251,captures/20260828_143757,mm_per_px,781,78.1509,0.001050
2026-08-28 14:39:16.323,captures/20260828_143757,mm_per_px,782,78.2226,0.004831
2026-08-28 14:39:16.465,captures/20260828_143757,mm_per_px,783,78.3643,0.005775
2026-08-28 14:39:16.564,captures/20260828_143757,mm_per_px,784,78.4631,0.000000
2026-08-28 14:39:16.617,captures/20260828_143757,mm_per_px,785,78.5161,0.000000
2026-08-28 14:39:16.752,captures/20260828_143757,mm_per_px,786,78.6512,0.000000
2026-08-28 14:39:16.844,captures/20260828_143757,mm_per_px,787,78.7436,0.000000
2026-08-28 14:39:16.952,captures/20260828_143757,mm_per_px,788,78.8516,0.000000
2026-08-28 14:39:17.054,captures/20260828_143757,mm_per_px,789,78.9531,0.000359
2026-08-28 14:39:17.113,captures/20260828_143757,mm_per_px,790,79.0128,0.000562
2026-08-28 14:39:17.259,captures/20260828_143757,mm_per_px,791,79.1580,0.001354
2026-08-28 14:39:17.362,captures/20260828_143757,mm_per_px,792,79.2619,0.000000
2026-08-28 14:39:17.454,captures/20260828_143757,mm_per_px,793,79.3533,0.000000
2026-08-28 14:39:17.545,captures/20260828_143757,mm_per_px,794,79.4441,0.000000
2026-08-28 14:39:17.617,captures/20260828_143757,mm_per_px,795,79.5167,0.000000
2026-08-28 14:39:17.758,captures/20260828_143757,mm_per_px,796,79.6575,0.000000
2026-08-28 14:39:17.863,captures/20260828_143757,mm_per_px,797,79.7627,0.000000
2026-08-28 14:39:17.964,captures/20260828_143757,mm_per_px,798,79.8638,0.000000
2026-08-28 14:39:18.070,captures/20260828_143757,mm_per_px,799,79.9697,0.000000
2026-08-28 14:39:18.142,captures/20260828_143757,mm_per_px,800,80.0412,0.000000
2026-08-28 14:39:18.260,captures/20260828_143757,mm_per_px,801,80.1590,0.000000
2026-08-28 14:39:18.345,captures/20260828_143757,mm_per_px,802,80.2442,0.000000
2026-08-28 14:39:18.469,captures/20260828_143757,mm_per_px,803,80.3680,0.000000
2026-08-28 14:39:18.566,captures/20260828_143757,mm_per_px,804,80.4650,0.000186
2026-08-28 14:39:18.667,captures/20260828_143757,mm_per_px,805,80.5660,0.000000
2026-08-28 14:39:18.770,captures/20260828_143757,mm_per_px,806,80.6696,0.000000
2026-08-28 14:39:18.820,captures/20260828_143757,mm_per_px,807,80.7199,0.000000
2026-08-28 14:39:18.967,captures/20260828_143757,mm_per_px,808,80.8660,0.000365
2026-08-28 14:39:19.059,captures/20260828_143757,mm_per_px,809,80.9588,0.000000
2026-08-28 14:39:19.159,captures/20260828_143757,mm_per_px,810,81.0587,0.000000
2026-08-28 14:39:19.225,captures/20260828_143757,mm_per_px,811,81.1243,0.000000
2026-08-28 14:39:19.315,captures/20260828_143757,mm_per_px,812,81.2140,0.000478
2026-08-28 14:39:19.471,captures/20260828_143757,mm_per_px,813,81.3700,0.000000
2026-08-28 14:39:19.564,captures/20260828_143757,mm_per_px,814,81.4639,0.000000
2026-08-28 14:39:19.618,captures/20260828_143757,mm_per_px,815,81.5179,0.000000
2026-08-28 14:39:19.767,captures/20260828_143757,mm_per_px,816,81.6668,0.004144
2026-08-28 14:39:19.840,captures/20260828_143757,mm_per_px,817,81.7390,0.003235
2026-08-28 14:39:19.917,captures/20260828_143757,mm_per_px,818,81.8163,0.001151
2026-08-28 14:39:20.057,captures/20260828_143757,mm_per_px,819,81.9566,0.000245
2026-08-28 14:39:20.117,captures/20260828_143757,mm_per_px,820,82.0160,0.000000
2026-08-28 14:39:20.266,captures/20260828_143757,mm_per_px,821,82.1657,0.001405
2026-08-28 14:39:20.369,captures/20260828_143757,mm_per_px,822,82.2680,0.000257
2026-08-28 14:39:20.468,captures/20260828_143757,mm_per_px,823,82.3676,0.006059
2026-08-28 14:39:20.565,captures/20260828_143757,mm_per_px,824,82.4643,0.009526
2026-08-28 14:39:20.668,captures/20260828_143757,mm_per_px,825,82.5679,0.002251
2026-08-28 14:39:20.753,captures/20260828_143757,mm_per_px,826,82.6529,0.003908
2026-08-28 14:39:20.811,captures/20260828_143757,mm_per_px,827,82.7107,0.007810
2026-08-28 14:39:20.917,captures/20260828_143757,mm_per_px,828,82.8161,0.006894
2026-08-28 14:39:21.018,captures/20260828_143757,mm_per_px,829,82.9170,0.003341
2026-08-28 14:39:21.171,captures/20260828_143757,mm_per_px,830,83.0700,0.002079
2026-08-28 14:39:21.222,captures/20260828_143757,mm_per_px,831,83.1213,0.001766
2026-08-28 14:39:21.371,captures/20260828_143757,mm_per_px,832,83.2701,0.002457
2026-08-28 14:39:21.474,captures/20260828_143757,mm_per_px,833,83.3737,0.000194
2026-08-28 14:39:21.563,captures/20260828_143757,mm_per_px,834,83.4628,0.000653
2026-08-28 14:39:21.677,captures/20260828_143757,mm_per_px,835,83.5769,0.000000
2026-08-28 14:39:21.806,captures/20260828_143757,mm_per_px,836,83.7052,0.000790
2026-08-28 14:39:21.905,captures/20260828_143757,mm_per_px,837,83.8040,0.000179
2026-08-28 14:39:21.951,captures/20260828_143757,mm_per_px,838,83.8502,0.000264
2026-08-28 14:39:22.063,captures/20260828_143757,mm_per_px,839,83.9620,0.001216
2026-08-28 14:39:22.163,captures/20260828_143757,mm_per_px,840,84.0628,0.000632
2026-08-28 14:39:22.256,captures/20260828_143757,mm_per_px,841,84.1556,0.005477
2026-08-28 14:39:22.345,captures/20260828_143757,mm_per_px,842,84.2449,0.007268
2026-08-28 14:39:22.459,captures/20260828_143757,mm_per_px,843,84.3583,0.008266
2026-08-28 14:39:22.551,captures/20260828_143757,mm_per_px,844,84.4505,0.010927
2026-08-28 14:39:22.668,captures/20260828_143757,mm_per_px,845,84.5678,0.015540
2026-08-28 14:39:22.757,captures/20260828_143757,mm_per_px,846,84.6565,0.006373
2026-08-28 14:39:22.861,captures/20260828_143757,mm_per_px,847,84.7609,0.001486
2026-08-28 14:39:22.944,captures/20260828_143757,mm_per_px,848,84.8430,0.000439
2026-08-28 14:39:23.054,captures/20260828_143757,mm_per_px,849,84.9538,0.000000
2026-08-28 14:39:23.162,captures/20260828_143757,mm_per_px,850,85.0615,0.001016
2026-08-28 14:39:23.254,captures/20260828_143757,mm_per_px,851,85.1538,0.002276
2026-08-28 14:39:23.346,captures/20260828_143757,mm_per_px,852,85.2451,0.003120
2026-08-28 14:39:23.461,captures/20260828_143757,mm_per_px,853,85.3601,0.003273
2026-08-28 14:39:23.542,captures/20260828_143757,mm_per_px,854,85.4410,0.003882
2026-08-28 14:39:23.656,captures/20260828_143757,mm_per_px,855,85.5552,0.000348
2026-08-28 14:39:23.760,captures/20260828_143757,mm_per_px,856,85.6592,0.000000
2026-08-28 14:39:23.834,captures/20260828_143757,mm_per_px,857,85.7332,0.000448
2026-08-28 14:39:23.912,captures/20260828_143757,mm_per_px,858,85.8117,0.002820
2026-08-28 14:39:24.015,captures/20260828_143757,mm_per_px,859,85.9143,0.002107
2026-08-28 14:39:24.112,captures/20260828_143757,mm_per_px,860,86.0118,0.000852
2026-08-28 14:39:24.258,captures/20260828_143757,mm_per_px,861,86.1575,0.000691
2026-08-28 14:39:24.352,captures/20260828_143757,mm_per_px,862,86.2515,0.000000
2026-08-28 14:39:24.466,captures/20260828_143757,mm_per_px,863,86.3657,0.000000
2026-08-28 14:39:24.559,captures/20260828_143757,mm_per_px,864,86.4586,0.000000
2026-08-28 14:39:24.618,captures/20260828_143757,mm_per_px,865,86.5172,0.000698
2026-08-28 14:39:24.768,captures/20260828_143757,mm_per_px,866,86.6674,0.000231
2026-08-28 14:39:24.861,captures/20260828_143757,mm_per_px,867,86.7606,0.001128
2026-08-28 14:39:24.955,captures/20260828_143757,mm_per_px,868,86.8545,0.003835
2026-08-28 14:39:25.055,captures/20260828_143757,mm_per_px,869,86.9544,0.001366
2026-08-28 14:39:25.113,captures/20260828_143757,mm_per_px,870,87.0122,0.004319
2026-08-28 14:39:25.275,captures/20260828_143757,mm_per_px,871,87.1744,0.003210
2026-08-28 14:39:25.354,captures/20260828_143757,mm_per_px,872,87.2537,0.002165
2026-08-28 14:39:25.460,captures/20260828_143757,mm_per_px,873,87.3597,0.002979
2026-08-28 14:39:25.560,captures/20260828_143757,mm_per_px,874,87.4594,0.002358
2026-08-28 14:39:25.630,captures/20260828_143757,mm_per_px,875,87.5296,0.000258
2026-08-28 14:39:25.723,captures/20260828_143757,mm_per_px,876,87.6221,0.000000
2026-08-28 14:39:25.866,captures/20260828_143757,mm_per_px,877,87.7654,0.000000
2026-08-28 14:39:25.952,captures/20260828_143757,mm_per_px,878,87.8516,0.000000
2026-08-28 14:39:26.060,captures/20260828_143757,mm_per_px,879,87.9598,0.000000
2026-08-28 14:39:26.149,captures/20260828_143757,mm_per_px,880,88.0481,0.000182
2026-08-28 14:39:26.265,captures/20260828_143757,mm_per_px,881,88.1645,0.000362
2026-08-28 14:39:26.355,captures/20260828_143757,mm_per_px,882,88.2548,0.000000
2026-08-28 14:39:26.473,captures/20260828_143757,mm_per_px,883,88.3723,0.000990
2026-08-28 14:39:26.532,captures/20260828_143757,mm_per_px,884,88.4318,0.000222
2026-08-28 14:39:26.629,captures/20260828_143757,mm_per_px,885,88.5284,0.000000
2026-08-28 14:39:26.765,captures/20260828_143757,mm_per_px,886,88.6642,0.000000
2026-08-28 14:39:26.859,captures/20260828_143757,mm_per_px,887,88.7583,0.001202
2026-08-28 14:39:26.957,captures/20260828_143757,mm_per_px,888,88.8567,0.000662
2026-08-28 14:39:27.061,captures/20260828_143757,mm_per_px,889,88.9602,0.002439
2026-08-28 14:39:27.169,captures/20260828_143757,mm_per_px,890,89.0682,0.001004
2026-08-28 14:39:27.260,captures/20260828_143757,mm_per_px,891,89.1594,0.001406
2026-08-28 14:39:27.367,captures/20260828_143757,mm_per_px,892,89.2664,0.000000
2026-08-28 14:39:27.436,captures/20260828_143757,mm_per_px,893,89.3355,0.000822
2026-08-28 14:39:27.557,captures/20260828_143757,mm_per_px,894,89.4563,0.000392
2026-08-28 14:39:27.651,captures/20260828_143757,mm_per_px,895,89.5502,0.001009
2026-08-28 14:39:27.771,captures/20260828_143757,mm_per_px,896,89.6701,0.000968
2026-08-28 14:39:27.858,captures/20260828_143757,mm_per_px,897,89.7577,0.000290
2026-08-28 14:39:27.963,captures/20260828_143757,mm_per_px,898,89.8620,0.000363
2026-08-28 14:39:28.016,captures/20260828_143757,mm_per_px,899,89.9150,0.001167
2026-08-28 14:39:28.111,captures/20260828_143757,mm_per_px,900,90.0108,0.000230
2026-08-28 14:39:28.212,captures/20260828_143757,mm_per_px,901,90.1111,0.000266
2026-08-28 14:39:28.316,captures/20260828_143757,mm_per_px,902,90.2159,0.000298
2026-08-28 14:39:28.468,captures/20260828_143757,mm_per_px,903,90.3671,0.000000
2026-08-28 14:39:28.558,captures/20260828_143757,mm_per_px,904,90.4575,0.000237
2026-08-28 14:39:28.659,captures/20260828_143757,mm_per_px,905,90.5582,0.000000
2026-08-28 14:39:28.762,captures/20260828_143757,mm_per_px,906,90.6619,0.000000
2026-08-28 14:39:28.852,captures/20260828_143757,mm_per_px,907,90.7510,0.000000
2026-08-28 14:39:28.939,captures/20260828_143757,mm_per_px,908,90.8388,0.000000
2026-08-28 14:39:29.059,captures/20260828_143757,mm_per_px,909,90.9580,0.000194
2026-08-28 14:39:29.147,captures/20260828_143757,mm_per_px,910,91.0464,0.003597
2026-08-28 14:39:29.253,captures/20260828_143757,mm_per_px,911,91.1526,0.000000
2026-08-28 14:39:29.353,captures/20260828_143757,mm_per_px,912,91.2523,0.000233
2026-08-28 14:39:29.412,captures/20260828_143757,mm_per_px,913,91.3114,0.001464
2026-08-28 14:39:29.514,captures/20260828_143757,mm_per_px,914,91.4134,0.013010
2026-08-28 14:39:29.619,captures/20260828_143757,mm_per_px,915,91.5186,0.007752
2026-08-28 14:39:29.714,captures/20260828_143757,mm_per_px,916,91.6134,0.008042
2026-08-28 14:39:29.818,captures/20260828_143757,mm_per_px,917,91.7179,0.024887
2026-08-28 14:39:29.917,captures/20260828_143757,mm_per_px,918,91.8163,0.013660
2026-08-28 14:39:30.013,captures/20260828_143757,mm_per_px,919,91.9123,0.005579
2026-08-28 14:39:30.164,captures/20260828_143757,mm_per_px,920,92.0630,0.005471
2026-08-28 14:39:30.268,captures/20260828_143757,mm_per_px,921,92.1677,0.005827
2026-08-28 14:39:30.340,captures/20260828_143757,mm_per_px,922,92.2397,0.006825
2026-08-28 14:39:30.421,captures/20260828_143757,mm_per_px,923,92.3200,0.001984
2026-08-28 14:39:30.521,captures/20260828_143757,mm_per_px,924,92.4202,0.001956
2026-08-28 14:39:30.660,captures/20260828_143757,mm_per_px,925,92.5592,0.001670
2026-08-28 14:39:30.759,captures/20260828_143757,mm_per_px,926,92.6585,0.000512
2026-08-28 14:39:30.868,captures/20260828_143757,mm_per_px,927,92.7670,0.003100
2026-08-28 14:39:30.966,captures/20260828_143757,mm_per_px,928,92.8658,0.004028
2026-08-28 14:39:31.016,captures/20260828_143757,mm_per_px,929,92.9154,0.000719
2026-08-28 14:39:31.164,captures/20260828_143757,mm_per_px,930,93.0638,0.003409
2026-08-28 14:39:31.243,captures/20260828_143757,mm_per_px,931,93.1421,0.005357
2026-08-28 14:39:31.360,captures/20260828_143757,mm_per_px,932,93.2595,0.005834
2026-08-28 14:39:31.451,captures/20260828_143757,mm_per_px,933,93.3502,0.026545
2026-08-28 14:39:31.512,captures/20260828_143757,mm_per_px,934,93.4113,0.026331
2026-08-28 14:39:31.613,captures/20260828_143757,mm_per_px,935,93.5120,0.013364
2026-08-28 14:39:31.761,captures/20260828_143757,mm_per_px,936,93.6607,0.011446
2026-08-28 14:39:31.853,captures/20260828_143757,mm_per_px,937,93.7523,0.008369
2026-08-28 14:39:31.968,captures/20260828_143757,mm_per_px,938,93.8670,0.007060
2026-08-28 14:39:32.069,captures/20260828_143757,mm_per_px,939,93.9681,0.035873
2026-08-28 14:39:32.117,captures/20260828_143757,mm_per_px,940,94.0160,0.033989
2026-08-28 14:39:32.259,captures/20260828_143757,mm_per_px,941,94.1584,0.022770
2026-08-28 14:39:32.356,captures/20260828_143757,mm_per_px,942,94.2557,0.046440
2026-08-28 14:39:32.412,captures/20260828_143757,mm_per_px,943,94.3118,0.063809
2026-08-28 14:39:32.555,captures/20260828_143757,mm_per_px,944,94.4545,0.059704
2026-08-28 14:39:32.655,captures/20260828_143757,mm_per_px,945,94.5544,0.018027
2026-08-28 14:39:32.764,captures/20260828_143757,mm_per_px,946,94.6634,0.000969
2026-08-28 14:39:32.864,captures/20260828_143757,mm_per_px,947,94.7639,0.000707
2026-08-28 14:39:32.961,captures/20260828_143757,mm_per_px,948,94.8606,0.001840
2026-08-28 14:39:33.031,captures/20260828_143757,mm_per_px,949,94.9305,0.101382
2026-08-28 14:39:33.168,captures/20260828_143757,mm_per_px,950,95.0675,0.799010
2026-08-28 14:39:33.267,captures/20260828_143757,mm_per_px,951,95.1662,1.755802
2026-08-28 14:39:33.358,captures/20260828_143757,mm_per_px,952,95.2570,2.895963
2026-08-28 14:39:33.455,captures/20260828_143757,mm_per_px,953,95.3541,3.912494
2026-08-28 14:39:33.558,captures/20260828_143757,mm_per_px,954,95.4578,4.877043
2026-08-28 14:39:33.630,captures/20260828_143757,mm_per_px,955,95.5295,5.693564
2026-08-28 14:39:33.762,captures/20260828_143757,mm_per_px,956,95.6615,6.525223
2026-08-28 14:39:33.864,captures/20260828_143757,mm_per_px,957,95.7638,7.285562
2026-08-28 14:39:33.914,captures/20260828_143757,mm_per_px,958,95.8137,7.802212
2026-08-28 14:39:34.051,captures/20260828_143757,mm_per_px,959,95.9509,8.251983
2026-08-28 14:39:34.125,captures/20260828_143757,mm_per_px,960,96.0242,8.674920
2026-08-28 14:39:34.265,captures/20260828_143757,mm_per_px,961,96.1643,9.144090
2026-08-28 14:39:34.366,captures/20260828_143757,mm_per_px,962,96.2658,9.877960
2026-08-28 14:39:34.416,captures/20260828_143757,mm_per_px,963,96.3159,10.872643
2026-08-28 14:39:34.564,captures/20260828_143757,mm_per_px,964,96.4634,12.081336
2026-08-28 14:39:34.660,captures/20260828_143757,mm_per_px,965,96.5590,13.428955
2026-08-28 14:39:34.712,captures/20260828_143757,mm_per_px,966,96.6118,14.747965
2026-08-28 14:39:34.857,captures/20260828_143757,mm_per_px,967,96.7568,15.887444
2026-08-28 14:39:34.928,captures/20260828_143757,mm_per_px,968,96.8279,16.992870
2026-08-28 14:39:35.068,captures/20260828_143757,mm_per_px,969,96.9678,18.011470
2026-08-28 14:39:35.152,captures/20260828_143757,mm_per_px,970,97.0510,19.032036
2026-08-28 14:39:35.245,captures/20260828_143757,mm_per_px,971,97.1445,20.091368
2026-08-28 14:39:35.314,captures/20260828_143757,mm_per_px,972,97.2133,21.125965
2026-08-28 14:39:35.414,captures/20260828_143757,mm_per_px,973,97.3136,22.138597
2026-08-28 14:39:35.567,captures/20260828_143757,mm_per_px,974,97.4667,23.123614
2026-08-28 14:39:35.682,captures/20260828_143757,mm_per_px,975,97.5815,24.089960
2026-08-28 14:39:35.760,captures/20260828_143757,mm_per_px,976,97.6598,24.960142
2026-08-28 14:39:35.814,captures/20260828_143757,mm_per_px,977,97.7136,25.738905
2026-08-28 14:39:35.956,captures/20260828_143757,mm_per_px,978,97.8557,26.480149
2026-08-28 14:39:36.038,captures/20260828_143757,mm_per_px,979,97.9376,27.259520
2026-08-28 14:39:36.163,captures/20260828_143757,mm_per_px,980,98.0622,28.187012
2026-08-28 14:39:36.265,captures/20260828_143757,mm_per_px,981,98.1644,29.080646
2026-08-28 14:39:36.363,captures/20260828_143757,mm_per_px,982,98.2626,29.936800
2026-08-28 14:39:36.464,captures/20260828_143757,mm_per_px,983,98.3630,30.790958
2026-08-28 14:39:36.513,captures/20260828_143757,mm_per_px,984,98.4120,31.478196
2026-08-28 14:39:36.665,captures/20260828_143757,mm_per_px,985,98.5640,31.975530
2026-08-28 14:39:36.767,captures/20260828_143757,mm_per_px,986,98.6662,32.446634
2026-08-28 14:39:36.852,captures/20260828_143757,mm_per_px,987,98.7517,32.853254
2026-08-28 14:39:36.941,captures/20260828_143757,mm_per_px,988,98.8400,33.190450
2026-08-28 14:39:37.013,captures/20260828_143757,mm_per_px,989,98.9125,33.524475
2026-08-28 14:39:37.121,captures/20260828_143757,mm_per_px,990,99.0206,33.920085
2026-08-28 14:39:37.213,captures/20260828_143757,mm_per_px,991,99.1120,34.278899
2026-08-28 14:39:37.354,captures/20260828_143757,mm_per_px,992,99.2533,34.546022
2026-08-28 14:39:37.436,captures/20260828_143757,mm_per_px,993,99.3358,34.776321
2026-08-28 14:39:37.562,captures/20260828_143757,mm_per_px,994,99.4618,34.966742
2026-08-28 14:39:37.668,captures/20260828_143757,mm_per_px,995,99.5670,35.162756
2026-08-28 14:39:37.739,captures/20260828_143757,mm_per_px,996,99.6380,35.425681
2026-08-28 14:39:37.813,captures/20260828_143757,mm_per_px,997,99.7126,35.654036
2026-08-28 14:39:37.953,captures/20260828_143757,mm_per_px,998,99.8523,35.904853
2026-08-28 14:39:38.045,captures/20260828_143757,mm_per_px,999,99.9448,36.231333
2026-08-28 14:39:38.168,captures/20260828_143757,mm_per_px,1000,100.0678,36.551702
2026-08-28 14:39:38.274,captures/20260828_143757,mm_per_px,1001,100.1738,36.683279
2026-08-28 14:39:38.345,captures/20260828_143757,mm_per_px,1002,100.2445,36.796788
2026-08-28 14:39:38.412,captures/20260828_143757,mm_per_px,1003,100.3117,36.839335
2026-08-28 14:39:38.555,captures/20260828_143757,mm_per_px,1004,100.4543,36.701442
2026-08-28 14:39:38.638,captures/20260828_143757,mm_per_px,1005,100.5377,36.304448
2026-08-28 14:39:38.757,captures/20260828_143757,mm_per_px,1006,100.6566,35.926107
2026-08-28 14:39:38.831,captures/20260828_143757,mm_per_px,1007,100.7302,35.414464
2026-08-28 14:39:38.966,captures/20260828_143757,mm_per_px,1008,100.8652,34.923327
2026-08-28 14:39:39.062,captures/20260828_143757,mm_per_px,1009,100.9610,34.476076
2026-08-28 14:39:39.165,captures/20260828_143757,mm_per_px,1010,101.0648,34.219243
2026-08-28 14:39:39.260,captures/20260828_143757,mm_per_px,1011,101.1592,33.940268
2026-08-28 14:39:39.346,captures/20260828_143757,mm_per_px,1012,101.2459,33.863488
2026-08-28 14:39:39.467,captures/20260828_143757,mm_per_px,1013,101.3668,33.831996
2026-08-28 14:39:39.547,captures/20260828_143757,mm_per_px,1014,101.4464,33.984652
2026-08-28 14:39:39.658,captures/20260828_143757,mm_per_px,1015,101.5577,34.179991
2026-08-28 14:39:39.756,captures/20260828_143757,mm_per_px,1016,101.6556,34.563723
2026-08-28 14:39:39.815,captures/20260828_143757,mm_per_px,1017,101.7140,34.993097
2026-08-28 14:39:39.914,captures/20260828_143757,mm_per_px,1018,101.8130,35.450725
2026-08-28 14:39:40.014,captures/20260828_143757,mm_per_px,1019,101.9135,35.956527
2026-08-28 14:39:40.117,captures/20260828_143757,mm_per_px,1020,102.0164,36.455567
2026-08-28 14:39:40.257,captures/20260828_143757,mm_per_px,1021,102.1560,36.880597
2026-08-28 14:39:40.362,captures/20260828_143757,mm_per_px,1022,102.2615,37.141821
2026-08-28 14:39:40.455,captures/20260828_143757,mm_per_px,1023,102.3546,37.371200
2026-08-28 14:39:40.555,captures/20260828_143757,mm_per_px,1024,102.4544,37.441207
2026-08-28 14:39:40.635,captures/20260828_143757,mm_per_px,1025,102.5349,37.407066
2026-08-28 14:39:40.766,captures/20260828_143757,mm_per_px,1026,102.6658,37.231316
2026-08-28 14:39:40.874,captures/20260828_143757,mm_per_px,1027,102.7734,36.936747
2026-08-28 14:39:40.946,captures/20260828_143757,mm_per_px,1028,102.8451,36.593768
2026-08-28 14:39:41.056,captures/20260828_143757,mm_per_px,1029,102.9556,36.245440
2026-08-28 14:39:41.137,captures/20260828_143757,mm_per_px,1030,103.0365,35.888247
2026-08-28 14:39:41.212,captures/20260828_143757,mm_per_px,1031,103.1119,35.672554
2026-08-28 14:39:41.314,captures/20260828_143757,mm_per_px,1032,103.2132,35.613021
2026-08-28 14:39:41.412,captures/20260828_143757,mm_per_px,1033,103.3115,35.679668
2026-08-28 14:39:41.513,captures/20260828_143757,mm_per_px,1034,103.4124,35.980753
2026-08-28 14:39:41.659,captures/20260828_143757,mm_per_px,1035,103.5587,36.433956
2026-08-28 14:39:41.740,captures/20260828_143757,mm_per_px,1036,103.6393,36.865109
2026-08-28 14:39:41.861,captures/20260828_143757,mm_per_px,1037,103.7602,37.437017
2026-08-28 14:39:41.964,captures/20260828_143757,mm_per_px,1038,103.8630,38.051787
2026-08-28 14:39:42.071,captures/20260828_143757,mm_per_px,1039,103.9705,38.628839
2026-08-28 14:39:42.177,captures/20260828_143757,mm_per_px,1040,104.0763,39.270260
2026-08-28 14:39:42.219,captures/20260828_143757,mm_per_px,1041,104.1187,39.923762
2026-08-28 14:39:42.312,captures/20260828_143757,mm_per_px,1042,104.2112,40.463201
2026-08-28 14:39:42.413,captures/20260828_143757,mm_per_px,1043,104.3123,40.888312
2026-08-28 14:39:42.568,captures/20260828_143757,mm_per_px,1044,104.4679,41.197553
2026-08-28 14:39:42.671,captures/20260828_143757,mm_per_px,1045,104.5708,41.352855
2026-08-28 14:39:42.715,captures/20260828_143757,mm_per_px,1046,104.6142,41.425783
2026-08-28 14:39:42.874,captures/20260828_143757,mm_per_px,1047,104.7731,41.519565
2026-08-28 14:39:42.957,captures/20260828_143757,mm_per_px,1048,104.8566,41.682600
2026-08-28 14:39:43.055,captures/20260828_143757,mm_per_px,1049,104.9542,41.888863
2026-08-28 14:39:43.117,captures/20260828_143757,mm_per_px,1050,105.0160,42.006474
2026-08-28 14:39:43.918,captures/20260828_143757,mm_per_px,1051,105.8171,42.141414
2026-08-28 14:39:43.988,captures/20260828_143757,mm_per_px,1052,105.8875,42.123493
2026-08-28 14:39:44.036,captures/20260828_143757,mm_per_px,1053,105.9357,41.976688
2026-08-28 14:39:44.083,captures/20260828_143757,mm_per_px,1054,105.9823,41.685692
2026-08-28 14:39:44.123,captures/20260828_143757,mm_per_px,1055,106.0220,41.292327
2026-08-28 14:39:44.168,captures/20260828_143757,mm_per_px,1056,106.0674,40.760565
2026-08-28 14:39:44.207,captures/20260828_143757,mm_per_px,1057,106.1063,40.044124
2026-08-28 14:39:44.244,captures/20260828_143757,mm_per_px,1058,106.1437,39.265350
2026-08-28 14:39:44.279,captures/20260828_143757,mm_per_px,1059,106.1782,38.454882
2026-08-28 14:39:44.319,captures/20260828_143757,mm_per_px,1060,106.2189,37.551571
2026-08-28 14:39:44.353,captures/20260828_143757,mm_per_px,1061,106.2521,36.736187
2026-08-28 14:39:44.394,captures/20260828_143757,mm_per_px,1062,106.2933,36.077059
2026-08-28 14:39:44.423,captures/20260828_143757,mm_per_px,1063,106.3225,35.579070
2026-08-28 14:39:44.564,captures/20260828_143757,mm_per_px,1064,106.4638,35.140651
2026-08-28 14:39:44.667,captures/20260828_143757,mm_per_px,1065,106.5669,34.909557
2026-08-28 14:39:44.767,captures/20260828_143757,mm_per_px,1066,106.6668,34.838302
2026-08-28 14:39:44.866,captures/20260828_143757,mm_per_px,1067,106.7659,34.860991
2026-08-28 14:39:44.960,captures/20260828_143757,mm_per_px,1068,106.8597,34.958775
2026-08-28 14:39:45.063,captures/20260828_143757,mm_per_px,1069,106.9621,35.222681
2026-08-28 14:39:45.114,captures/20260828_143757,mm_per_px,1070,107.0135,35.580934
2026-08-28 14:39:45.254,captures/20260828_143757,mm_per_px,1071,107.1537,35.946710
2026-08-28 14:39:45.357,captures/20260828_143757,mm_per_px,1072,107.2564,36.382025
2026-08-28 14:39:45.462,captures/20260828_143757,mm_per_px,1073,107.3614,36.806590
2026-08-28 14:39:45.568,captures/20260828_143757,mm_per_px,1074,107.4678,37.306484
2026-08-28 14:39:45.639,captures/20260828_143757,mm_per_px,1075,107.5384,37.891927
2026-08-28 14:39:45.755,captures/20260828_143757,mm_per_px,1076,107.6540,38.565451
2026-08-28 14:39:45.835,captures/20260828_143757,mm_per_px,1077,107.7340,39.300829
2026-08-28 14:39:45.919,captures/20260828_143757,mm_per_px,1078,107.8188,40.018877
2026-08-28 14:39:46.028,captures/20260828_143757,mm_per_px,1079,107.9273,40.649886
2026-08-28 14:39:46.120,captures/20260828_143757,mm_per_px,1080,108.0193,41.256463
2026-08-28 14:39:46.217,captures/20260828_143757,mm_per_px,1081,108.1169,41.820832
2026-08-28 14:39:46.313,captures/20260828_143757,mm_per_px,1082,108.2124,42.519938
2026-08-28 14:39:46.470,captures/20260828_143757,mm_per_px,1083,108.3696,43.376233
2026-08-28 14:39:46.579,captures/20260828_143757,mm_per_px,1084,108.4784,44.398033
2026-08-28 14:39:46.669,captures/20260828_143757,mm_per_px,1085,108.5688,45.355302
2026-08-28 14:39:46.719,captures/20260828_143757,mm_per_px,1086,108.6189,46.372771
2026-08-28 14:39:46.870,captures/20260828_143757,mm_per_px,1087,108.7694,47.292179
2026-08-28 14:39:46.945,captures/20260828_143757,mm_per_px,1088,108.8440,48.094568
2026-08-28 14:39:47.075,captures/20260828_143757,mm_per_px,1089,108.9741,48.803175
2026-08-28 14:39:47.177,captures/20260828_143757,mm_per_px,1090,109.0765,49.361968
2026-08-28 14:39:47.215,captures/20260828_143757,mm_per_px,1091,109.1148,49.712891
2026-08-28 14:39:47.319,captures/20260828_143757,mm_per_px,1092,109.2188,49.974667
2026-08-28 14:39:47.420,captures/20260828_143757,mm_per_px,1093,109.3193,49.928758
2026-08-28 14:39:47.521,captures/20260828_143757,mm_per_px,1094,109.4208,49.816849
2026-08-28 14:39:47.631,captures/20260828_143757,mm_per_px,1095,109.5301,49.635961
2026-08-28 14:39:47.716,captures/20260828_143757,mm_per_px,1096,109.6157,49.428122
2026-08-28 14:39:47.872,captures/20260828_143757,mm_per_px,1097,109.7710,49.228550
2026-08-28 14:39:47.977,captures/20260828_143757,mm_per_px,1098,109.8769,49.209796
2026-08-28 14:39:48.051,captures/20260828_143757,mm_per_px,1099,109.9504,49.155693
2026-08-28 14:39:48.118,captures/20260828_143757,mm_per_px,1100,110.0176,49.089745
2026-08-28 14:39:48.264,captures/20260828_143757,mm_per_px,1101,110.1630,48.926267
2026-08-28 14:39:48.366,captures/20260828_143757,mm_per_px,1102,110.2654,48.606074
2026-08-28 14:39:48.455,captures/20260828_143757,mm_per_px,1103,110.3543,48.114758
2026-08-28 14:39:48.515,captures/20260828_143757,mm_per_px,1104,110.4147,47.522086
2026-08-28 14:39:48.667,captures/20260828_143757,mm_per_px,1105,110.5660,46.749019
2026-08-28 14:39:48.777,captures/20260828_143757,mm_per_px,1106,110.6760,45.871128
2026-08-28 14:39:48.814,captures/20260828_143757,mm_per_px,1107,110.7136,44.899013
2026-08-28 14:39:48.970,captures/20260828_143757,mm_per_px,1108,110.8699,43.804735
2026-08-28 14:39:49.066,captures/20260828_143757,mm_per_px,1109,110.9656,42.793795
2026-08-28 14:39:49.163,captures/20260828_143757,mm_per_px,1110,111.0623,42.014292
2026-08-28 14:39:49.267,captures/20260828_143757,mm_per_px,1111,111.1665,41.438594
2026-08-28 14:39:49.362,captures/20260828_143757,mm_per_px,1112,111.2619,41.121925
2026-08-28 14:39:49.455,captures/20260828_143757,mm_per_px,1113,111.3540,41.010504
2026-08-28 14:39:49.560,captures/20260828_143757,mm_per_px,1114,111.4599,41.037228
2026-08-28 14:39:49.665,captures/20260828_143757,mm_per_px,1115,111.5641,41.085452
2026-08-28 14:39:49.768,captures/20260828_143757,mm_per_px,1116,111.6677,41.157582
2026-08-28 14:39:49.863,captures/20260828_143757,mm_per_px,1117,111.7628,41.304104
2026-08-28 14:39:49.916,captures/20260828_143757,mm_per_px,1118,111.8152,41.389470
2026-08-28 14:39:50.061,captures/20260828_143757,mm_per_px,1119,111.9606,41.494378
2026-08-28 14:39:50.146,captures/20260828_143757,mm_per_px,1120,112.0453,41.624705
2026-08-28 14:39:50.254,captures/20260828_143757,mm_per_px,1121,112.1532,41.686809
2026-08-28 14:39:50.361,captures/20260828_143757,mm_per_px,1122,112.2600,41.732407
2026-08-28 14:39:50.434,captures/20260828_143757,mm_per_px,1123,112.3333,41.853178
2026-08-28 14:39:50.569,captures/20260828_143757,mm_per_px,1124,112.4688,41.974778
2026-08-28 14:39:50.646,captures/20260828_143757,mm_per_px,1125,112.5451,42.071524
2026-08-28 14:39:50.769,captures/20260828_143757,mm_per_px,1126,112.6686,42.138722
2026-08-28 14:39:50.875,captures/20260828_143757,mm_per_px,1127,112.7740,42.202848
2026-08-28 14:39:50.946,captures/20260828_143757,mm_per_px,1128,112.8451,42.136858
2026-08-28 14:39:51.017,captures/20260828_143757,mm_per_px,1129,112.9160,42.107907
2026-08-28 14:39:51.162,captures/20260828_143757,mm_per_px,1130,113.0616,41.836574
2026-08-28 14:39:51.245,captures/20260828_143757,mm_per_px,1131,113.1443,41.566353
2026-08-28 14:39:51.371,captures/20260828_143757,mm_per_px,1132,113.2709,41.154480
2026-08-28 14:39:51.475,captures/20260828_143757,mm_per_px,1133,113.3749,40.661978
2026-08-28 14:39:51.522,captures/20260828_143757,mm_per_px,1134,113.4219,40.093886
2026-08-28 14:39:51.669,captures/20260828_143757,mm_per_px,1135,113.5685,39.714843
2026-08-28 14:39:51.783,captures/20260828_143757,mm_per_px,1136,113.6820,39.407536
2026-08-28 14:39:51.853,captures/20260828_143757,mm_per_px,1137,113.7529,39.238074
2026-08-28 14:39:51.965,captures/20260828_143757,mm_per_px,1138,113.8644,39.194814
2026-08-28 14:39:52.065,captures/20260828_143757,mm_per_px,1139,113.9644,39.216298
2026-08-28 14:39:52.168,captures/20260828_143757,mm_per_px,1140,114.0673,39.142877
2026-08-28 14:39:52.273,captures/20260828_143757,mm_per_px,1141,114.1720,39.038557
2026-08-28 14:39:52.314,captures/20260828_143757,mm_per_px,1142,114.2136,38.782496
2026-08-28 14:39:52.468,captures/20260828_143757,mm_per_px,1143,114.3678,38.559413
2026-08-28 14:39:52.574,captures/20260828_143757,mm_per_px,1144,114.4735,38.249917
2026-08-28 14:39:52.651,captures/20260828_143757,mm_per_px,1145,114.5503,37.984105
2026-08-28 14:39:52.715,captures/20260828_143757,mm_per_px,1146,114.6144,37.677594
2026-08-28 14:39:52.860,captures/20260828_143757,mm_per_px,1147,114.7593,37.445935
2026-08-28 14:39:52.936,captures/20260828_143757,mm_per_px,1148,114.8355,37.089515
2026-08-28 14:39:53.057,captures/20260828_143757,mm_per_px,1149,114.9568,36.729103
2026-08-28 14:39:53.158,captures/20260828_143757,mm_per_px,1150,115.0574,36.326444
2026-08-28 14:39:53.214,captures/20260828_143757,mm_per_px,1151,115.1133,35.967895
2026-08-28 14:39:53.319,captures/20260828_143757,mm_per_px,1152,115.2188,35.637713
2026-08-28 14:39:53.427,captures/20260828_143757,mm_per_px,1153,115.3265,35.388815
2026-08-28 14:39:53.518,captures/20260828_143757,mm_per_px,1154,115.4174,35.203400
2026-08-28 14:39:53.657,captures/20260828_143757,mm_per_px,1155,115.5569,35.077473
2026-08-28 14:39:53.766,captures/20260828_143757,mm_per_px,1156,115.6653,35.030075
2026-08-28 14:39:53.843,captures/20260828_143757,mm_per_px,1157,115.7421,34.977065
2026-08-28 14:39:53.916,captures/20260828_143757,mm_per_px,1158,115.8152,34.993399
2026-08-28 14:39:54.018,captures/20260828_143757,mm_per_px,1159,115.9176,35.061182
2026-08-28 14:39:54.115,captures/20260828_143757,mm_per_px,1160,116.0149,35.143906
2026-08-28 14:39:54.224,captures/20260828_143757,mm_per_px,1161,116.1231,35.421002
2026-08-28 14:39:54.314,captures/20260828_143757,mm_per_px,1162,116.2133,35.945788
2026-08-28 14:39:54.420,captures/20260828_143757,mm_per_px,1163,116.3195,36.476352
2026-08-28 14:39:54.518,captures/20260828_143757,mm_per_px,1164,116.4179,37.113514
2026-08-28 14:39:54.662,captures/20260828_143757,mm_per_px,1165,116.5612,37.710997
2026-08-28 14:39:54.762,captures/20260828_143757,mm_per_px,1166,116.6614,38.338959
2026-08-28 14:39:54.873,captures/20260828_143757,mm_per_px,1167,116.7726,38.997616
2026-08-28 14:39:54.977,captures/20260828_143757,mm_per_px,1168,116.8762,39.507394
2026-08-28 14:39:55.017,captures/20260828_143757,mm_per_px,1169,116.9160,40.094058
2026-08-28 14:39:55.165,captures/20260828_143757,mm_per_px,1170,117.0649,40.678171
2026-08-28 14:39:55.269,captures/20260828_143757,mm_per_px,1171,117.1683,41.241694
2026-08-28 14:39:55.368,captures/20260828_143757,mm_per_px,1172,117.2670,41.685035
2026-08-28 14:39:55.470,captures/20260828_143757,mm_per_px,1173,117.3699,42.140025
2026-08-28 14:39:55.514,captures/20260828_143757,mm_per_px,1174,117.4131,42.565225
2026-08-28 14:39:55.613,captures/20260828_143757,mm_per_px,1175,117.5129,43.019460
2026-08-28 14:39:55.714,captures/20260828_143757,mm_per_px,1176,117.6136,43.346083
2026-08-28 14:39:55.868,captures/20260828_143757,mm_per_px,1177,117.7677,43.631361
2026-08-28 14:39:55.944,captures/20260828_143757,mm_per_px,1178,117.8432,43.773296
2026-08-28 14:39:56.013,captures/20260828_143757,mm_per_px,1179,117.9128,43.849594
2026-08-28 14:39:56.113,captures/20260828_143757,mm_per_px,1180,118.0125,43.847474
2026-08-28 14:39:56.264,captures/20260828_143757,mm_per_px,1181,118.1635,43.838070
2026-08-28 14:39:56.369,captures/20260828_143757,mm_per_px,1182,118.2683,43.791115
2026-08-28 14:39:56.443,captures/20260828_143757,mm_per_px,1183,118.3421,43.857691
2026-08-28 14:39:56.567,captures/20260828_143757,mm_per_px,1184,118.4669,43.848292
2026-08-28 14:39:56.674,captures/20260828_143757,mm_per_px,1185,118.5733,43.942890
2026-08-28 14:39:56.745,captures/20260828_143757,mm_per_px,1186,118.6448,44.050059
2026-08-28 14:39:56.819,captures/20260828_143757,mm_per_px,1187,118.7180,44.009875
2026-08-28 14:39:56.930,captures/20260828_143757,mm_per_px,1188,118.8295,44.000390
2026-08-28 14:39:57.019,captures/20260828_143757,mm_per_px,1189,118.9180,43.951232
2026-08-28 14:39:57.129,captures/20260828_143757,mm_per_px,1190,119.0282,43.746707
2026-08-28 14:39:57.220,captures/20260828_143757,mm_per_px,1191,119.1198,43.472082
2026-08-28 14:39:57.371,captures/20260828_143757,mm_per_px,1192,119.2708,43.162060
2026-08-28 14:39:57.442,captures/20260828_143757,mm_per_px,1193,119.3419,42.763571
2026-08-28 14:39:57.559,captures/20260828_143757,mm_per_px,1194,119.4584,42.327233
2026-08-28 14:39:57.650,captures/20260828_143757,mm_per_px,1195,119.5495,41.873461
2026-08-28 14:39:57.767,captures/20260828_143757,mm_per_px,1196,119.6668,41.437813
2026-08-28 14:39:57.844,captures/20260828_143757,mm_per_px,1197,119.7431,41.060446
2026-08-28 14:39:57.960,captures/20260828_143757,mm_per_px,1198,119.8597,40.758137
2026-08-28 14:39:58.017,captures/20260828_143757,mm_per_px,1199,119.9164,40.638662
2026-08-28 14:39:58.152,captures/20260828_143757,mm_per_px,1200,120.0513,40.530704
2026-08-28 14:39:58.264,captures/20260828_143757,mm_per_px,1201,120.1630,40.533790
2026-08-28 14:39:58.315,captures/20260828_143757,mm_per_px,1202,120.2142,40.458985
2026-08-28 14:39:58.468,captures/20260828_143757,mm_per_px,1203,120.3677,40.433047
2026-08-28 14:39:58.579,captures/20260828_143757,mm_per_px,1204,120.4789,40.209947
2026-08-28 14:39:58.617,captures/20260828_143757,mm_per_px,1205,120.5165,40.109411
2026-08-28 14:39:58.714,captures/20260828_143757,mm_per_px,1206,120.6136,39.953854
2026-08-28 14:39:58.813,captures/20260828_143757,mm_per_px,1207,120.7129,39.848943
2026-08-28 14:39:58.916,captures/20260828_143757,mm_per_px,1208,120.8154,39.853036
2026-08-28 14:39:59.012,captures/20260828_143757,mm_per_px,1209,120.9111,40.020984
2026-08-28 14:39:59.116,captures/20260828_143757,mm_per_px,1210,121.0157,40.169732
2026-08-28 14:39:59.220,captures/20260828_143757,mm_per_px,1211,121.1196,40.321377
2026-08-28 14:39:59.314,captures/20260828_143757,mm_per_px,1212,121.2131,40.483313
2026-08-28 14:39:59.412,captures/20260828_143757,mm_per_px,1213,121.3114,40.533415
2026-08-28 14:39:59.514,captures/20260828_143757,mm_per_px,1214,121.4131,40.570882
2026-08-28 14:39:59.614,captures/20260828_143757,mm_per_px,1215,121.5132,40.499079
2026-08-28 14:39:59.716,captures/20260828_143757,mm_per_px,1216,121.6153,40.417490
2026-08-28 14:39:59.815,captures/20260828_143757,mm_per_px,1217,121.7140,40.411888
2026-08-28 14:39:59.919,captures/20260828_143757,mm_per_px,1218,121.8187,40.444765
2026-08-28 14:40:00.017,captures/20260828_143757,mm_per_px,1219,121.9164,40.395010
2026-08-28 14:40:00.162,captures/20260828_143757,mm_per_px,1220,122.0612,40.416624
2026-08-28 14:40:00.235,captures/20260828_143757,mm_per_px,1221,122.1342,40.433906
2026-08-28 14:40:00.352,captures/20260828_143757,mm_per_px,1222,122.2518,40.392737
2026-08-28 14:40:00.426,captures/20260828_143757,mm_per_px,1223,122.3252,40.373987
2026-08-28 14:40:00.566,captures/20260828_143757,mm_per_px,1224,122.4654,40.343507
2026-08-28 14:40:00.646,captures/20260828_143757,mm_per_px,1225,122.5458,40.410323
2026-08-28 14:40:00.715,captures/20260828_143757,mm_per_px,1226,122.6141,40.550778
2026-08-28 14:40:00.814,captures/20260828_143757,mm_per_px,1227,122.7131,40.752594
2026-08-28 14:40:00.917,captures/20260828_143757,mm_per_px,1228,122.8169,40.947786
2026-08-28 14:40:01.013,captures/20260828_143757,mm_per_px,1229,122.9125,41.150147
2026-08-28 14:40:01.160,captures/20260828_143757,mm_per_px,1230,123.0592,41.257754
2026-08-28 14:40:01.246,captures/20260828_143757,mm_per_px,1231,123.1458,41.404691
2026-08-28 14:40:01.312,captures/20260828_143757,mm_per_px,1232,123.2111,41.503254
2026-08-28 14:40:01.418,captures/20260828_143757,mm_per_px,1233,123.3177,41.632440
2026-08-28 14:40:01.516,captures/20260828_143757,mm_per_px,1234,123.4151,41.724212
2026-08-28 14:40:01.615,captures/20260828_143757,mm_per_px,1235,123.5145,41.790748
2026-08-28 14:40:01.716,captures/20260828_143757,mm_per_px,1236,123.6159,41.758179
2026-08-28 14:40:01.817,captures/20260828_143757,mm_per_px,1237,123.7162,41.671951
2026-08-28 14:40:01.913,captures/20260828_143757,mm_per_px,1238,123.8122,41.430639
2026-08-28 14:40:02.021,captures/20260828_143757,mm_per_px,1239,123.9204,41.193606
2026-08-28 14:40:02.124,captures/20260828_143757,mm_per_px,1240,124.0232,40.951126
2026-08-28 14:40:02.218,captures/20260828_143757,mm_per_px,1241,124.1173,40.816548
2026-08-28 14:40:02.322,captures/20260828_143757,mm_per_px,1242,124.2215,40.597509
2026-08-28 14:40:02.412,captures/20260828_143757,mm_per_px,1243,124.3118,40.537356
2026-08-28 14:40:02.514,captures/20260828_143757,mm_per_px,1244,124.4136,40.513924
2026-08-28 14:40:02.615,captures/20260828_143757,mm_per_px,1245,124.5146,40.616660
2026-08-28 14:40:02.723,captures/20260828_143757,mm_per_px,1246,124.6224,40.619189
2026-08-28 14:40:02.814,captures/20260828_143757,mm_per_px,1247,124.7139,40.669367
2026-08-28 14:40:02.915,captures/20260828_143757,mm_per_px,1248,124.8149,40.811874
2026-08-28 14:40:03.061,captures/20260828_143757,mm_per_px,1249,124.9609,40.822225
2026-08-28 14:40:03.137,captures/20260828_143757,mm_per_px,1250,125.0368,40.828210
2026-08-28 14:40:03.266,captures/20260828_143757,mm_per_px,1251,125.1656,40.817002
2026-08-28 14:40:03.370,captures/20260828_143757,mm_per_px,1252,125.2699,40.871848
2026-08-28 14:40:03.457,captures/20260828_143757,mm_per_px,1253,125.3564,40.817142
2026-08-28 14:40:03.543,captures/20260828_143757,mm_per_px,1254,125.4423,40.789163
2026-08-28 14:40:03.621,captures/20260828_143757,mm_per_px,1255,125.5206,40.747560
2026-08-28 14:40:03.717,captures/20260828_143757,mm_per_px,1256,125.6160,40.711124
2026-08-28 14:40:03.816,captures/20260828_143757,mm_per_px,1257,125.7152,40.628534
2026-08-28 14:40:03.914,captures/20260828_143757,mm_per_px,1258,125.8138,40.492699
2026-08-28 14:40:04.015,captures/20260828_143757,mm_per_px,1259,125.9141,40.314599
2026-08-28 14:40:04.120,captures/20260828_143757,mm_per_px,1260,126.0196,40.222626
2026-08-28 14:40:04.217,captures/20260828_143757,mm_per_px,1261,126.1167,40.196480
2026-08-28 14:40:04.316,captures/20260828_143757,mm_per_px,1262,126.2156,40.233280
2026-08-28 14:40:04.419,captures/20260828_143757,mm_per_px,1263,126.3181,40.304580
2026-08-28 14:40:04.532,captures/20260828_143757,mm_per_px,1264,126.4317,40.413178
2026-08-28 14:40:04.620,captures/20260828_143757,mm_per_px,1265,126.5196,40.510319
2026-08-28 14:40:04.715,captures/20260828_143757,mm_per_px,1266,126.6145,40.608178
2026-08-28 14:40:04.824,captures/20260828_143757,mm_per_px,1267,126.7237,40.660298
2026-08-28 14:40:04.915,captures/20260828_143757,mm_per_px,1268,126.8142,40.583293
2026-08-28 14:40:05.016,captures/20260828_143757,mm_per_px,1269,126.9156,40.440974
2026-08-28 14:40:05.148,captures/20260828_143757,mm_per_px,1270,127.0477,40.151731
2026-08-28 14:40:05.223,captures/20260828_143757,mm_per_px,1271,127.1220,39.618491
2026-08-28 14:40:05.361,captures/20260828_143757,mm_per_px,1272,127.2605,39.007401
2026-08-28 14:40:05.454,captures/20260828_143757,mm_per_px,1273,127.3534,38.308133
2026-08-28 14:40:05.517,captures/20260828_143757,mm_per_px,1274,127.4160,37.580997
2026-08-28 14:40:05.618,captures/20260828_143757,mm_per_px,1275,127.5175,37.003261
2026-08-28 14:40:05.764,captures/20260828_143757,mm_per_px,1276,127.6634,36.509360
2026-08-28 14:40:05.861,captures/20260828_143757,mm_per_px,1277,127.7605,36.259520
2026-08-28 14:40:05.915,captures/20260828_143757,mm_per_px,1278,127.8141,36.122520
2026-08-28 14:40:06.015,captures/20260828_143757,mm_per_px,1279,127.9144,36.195799
2026-08-28 14:40:06.118,captures/20260828_143757,mm_per_px,1280,128.0179,36.297603
2026-08-28 14:40:06.222,captures/20260828_143757,mm_per_px,1281,128.1213,36.471987
2026-08-28 14:40:06.320,captures/20260828_143757,mm_per_px,1282,128.2195,36.728646
2026-08-28 14:40:06.415,captures/20260828_143757,mm_per_px,1283,128.3144,36.936924
2026-08-28 14:40:06.527,captures/20260828_143757,mm_per_px,1284,128.4262,37.304006
2026-08-28 14:40:06.619,captures/20260828_143757,mm_per_px,1285,128.5181,37.675316
2026-08-28 14:40:06.771,captures/20260828_143757,mm_per_px,1286,128.6706,38.037580
2026-08-28 14:40:06.842,captures/20260828_143757,mm_per_px,1287,128.7417,38.311450
2026-08-28 14:40:06.914,captures/20260828_143757,mm_per_px,1288,128.8139,38.599057
2026-08-28 14:40:07.013,captures/20260828_143757,mm_per_px,1289,128.9128,38.699162
2026-08-28 14:40:07.113,captures/20260828_143757,mm_per_px,1290,129.0123,38.811602
2026-08-28 14:40:07.216,captures/20260828_143757,mm_per_px,1291,129.1153,38.856087
2026-08-28 14:40:07.327,captures/20260828_143757,mm_per_px,1292,129.2266,38.750348
2026-08-28 14:40:07.419,captures/20260828_143757,mm_per_px,1293,129.3187,38.536253
2026-08-28 14:40:07.562,captures/20260828_143757,mm_per_px,1294,129.4614,38.304975
2026-08-28 14:40:07.674,captures/20260828_143757,mm_per_px,1295,129.5738,37.926662
2026-08-28 14:40:07.769,captures/20260828_143757,mm_per_px,1296,129.6689,37.555574
2026-08-28 14:40:07.855,captures/20260828_143757,mm_per_px,1297,129.7543,37.330820
2026-08-28 14:40:07.919,captures/20260828_143757,mm_per_px,1298,129.8180,37.311024
2026-08-28 14:40:08.022,captures/20260828_143757,mm_per_px,1299,129.9210,37.341094
2026-08-28 14:40:08.114,captures/20260828_143757,mm_per_px,1300,130.0136,37.624794
2026-08-28 14:40:08.215,captures/20260828_143757,mm_per_px,1301,130.1145,37.961773
2026-08-28 14:40:08.317,captures/20260828_143757,mm_per_px,1302,130.2168,38.333689
2026-08-28 14:40:08.417,captures/20260828_143757,mm_per_px,1303,130.3162,38.587292
2026-08-28 14:40:08.512,captures/20260828_143757,mm_per_px,1304,130.4112,38.901456
2026-08-28 14:40:08.619,captures/20260828_143757,mm_per_px,1305,130.5187,39.229028
2026-08-28 14:40:08.713,captures/20260828_143757,mm_per_px,1306,130.6126,39.665528
2026-08-28 14:40:08.816,captures/20260828_143757,mm_per_px,1307,130.7157,40.104636
2026-08-28 14:40:08.926,captures/20260828_143757,mm_per_px,1308,130.8250,40.573994
2026-08-28 14:40:09.016,captures/20260828_143757,mm_per_px,1309,130.9150,41.004695
2026-08-28 14:40:09.112,captures/20260828_143757,mm_per_px,1310,131.0116,41.246869
2026-08-28 14:40:09.215,captures/20260828_143757,mm_per_px,1311,131.1145,41.443743
2026-08-28 14:40:09.312,captures/20260828_143757,mm_per_px,1312,131.2117,41.516419
2026-08-28 14:40:09.413,captures/20260828_143757,mm_per_px,1313,131.3129,41.499748
2026-08-28 14:40:09.512,captures/20260828_143757,mm_per_px,1314,131.4112,41.443652
2026-08-28 14:40:09.615,captures/20260828_143757,mm_per_px,1315,131.5146,41.431103
2026-08-28 14:40:09.722,captures/20260828_143757,mm_per_px,1316,131.6211,41.432564
2026-08-28 14:40:09.816,captures/20260828_143757,mm_per_px,1317,131.7159,41.226487
2026-08-28 14:40:09.924,captures/20260828_143757,mm_per_px,1318,131.8236,40.982083
2026-08-28 14:40:10.015,captures/20260828_143757,mm_per_px,1319,131.9147,40.597662
2026-08-28 14:40:10.116,captures/20260828_143757,mm_per_px,1320,132.0155,40.131387
2026-08-28 14:40:10.222,captures/20260828_143757,mm_per_px,1321,132.1219,39.438232
2026-08-28 14:40:10.316,captures/20260828_143757,mm_per_px,1322,132.2150,38.754726
2026-08-28 14:40:10.412,captures/20260828_143757,mm_per_px,1323,132.3115,38.006557
2026-08-28 14:40:10.513,captures/20260828_143757,mm_per_px,1324,132.4124,37.161799
2026-08-28 14:40:10.666,captures/20260828_143757,mm_per_px,1325,132.5650,36.308590
2026-08-28 14:40:10.766,captures/20260828_143757,mm_per_px,1326,132.6651,35.388565
2026-08-28 14:40:10.858,captures/20260828_143757,mm_per_px,1327,132.7577,34.473407
2026-08-28 14:40:10.955,captures/20260828_143757,mm_per_px,1328,132.8544,33.653958
2026-08-28 14:40:11.015,captures/20260828_143757,mm_per_px,1329,132.9142,32.966352
2026-08-28 14:40:11.166,captures/20260828_143757,mm_per_px,1330,133.0655,32.420506
2026-08-28 14:40:11.257,captures/20260828_143757,mm_per_px,1331,133.1566,32.031152
2026-08-28 14:40:11.312,captures/20260828_143757,mm_per_px,1332,133.2117,31.820037
2026-08-28 14:40:11.414,captures/20260828_143757,mm_per_px,1333,133.3131,31.680368
2026-08-28 14:40:11.514,captures/20260828_143757,mm_per_px,1334,133.4137,31.609730
2026-08-28 14:40:11.616,captures/20260828_143757,mm_per_px,1335,133.5155,31.609123
2026-08-28 14:40:11.720,captures/20260828_143757,mm_per_px,1336,133.6192,31.608478
2026-08-28 14:40:11.814,captures/20260828_143757,mm_per_px,1337,133.7133,31.634711
2026-08-28 14:40:11.917,captures/20260828_143757,mm_per_px,1338,133.8165,31.757445
2026-08-28 14:40:12.015,captures/20260828_143757,mm_per_px,1339,133.9143,32.042795
2026-08-28 14:40:12.128,captures/20260828_143757,mm_per_px,1340,134.0272,32.509771
2026-08-28 14:40:12.219,captures/20260828_143757,mm_per_px,1341,134.1183,33.147867
2026-08-28 14:40:12.314,captures/20260828_143757,mm_per_px,1342,134.2138,33.878282
2026-08-28 14:40:12.418,captures/20260828_143757,mm_per_px,1343,134.3171,34.614516
2026-08-28 14:40:12.513,captures/20260828_143757,mm_per_px,1344,134.4121,35.379600
2026-08-28 14:40:12.614,captures/20260828_143757,mm_per_px,1345,134.5135,36.046802
2026-08-28 14:40:12.758,captures/20260828_143757,mm_per_px,1346,134.6571,36.697370
2026-08-28 14:40:12.814,captures/20260828_143757,mm_per_px,1347,134.7137,37.388806
2026-08-28 14:40:12.924,captures/20260828_143757,mm_per_px,1348,134.8230,38.195484
2026-08-28 14:40:13.027,captures/20260828_143757,mm_per_px,1349,134.9266,39.102520
2026-08-28 14:40:13.132,captures/20260828_143757,mm_per_px,1350,135.0310,40.107815
2026-08-28 14:40:13.255,captures/20260828_143757,mm_per_px,1351,135.1543,41.178611
2026-08-28 14:40:13.322,captures/20260828_143757,mm_per_px,1352,135.2211,42.233956
2026-08-28 14:40:13.413,captures/20260828_143757,mm_per_px,1353,135.3123,43.232921
2026-08-28 14:40:13.518,captures/20260828_143757,mm_per_px,1354,135.4178,44.161746
2026-08-28 14:40:13.612,captures/20260828_143757,mm_per_px,1355,135.5117,44.877443
2026-08-28 14:40:13.715,captures/20260828_143757,mm_per_px,1356,135.6143,45.421875
2026-08-28 14:40:13.815,captures/20260828_143757,mm_per_px,1357,135.7141,45.712166
2026-08-28 14:40:13.916,captures/20260828_143757,mm_per_px,1358,135.8150,45.819044
2026-08-28 14:40:14.017,captures/20260828_143757,mm_per_px,1359,135.9168,45.802802
2026-08-28 14:40:14.124,captures/20260828_143757,mm_per_px,1360,136.0237,45.788261
2026-08-28 14:40:14.215,captures/20260828_143757,mm_per_px,1361,136.1143,45.718156
2026-08-28 14:40:14.315,captures/20260828_143757,mm_per_px,1362,136.2144,45.658080
2026-08-28 14:40:14.415,captures/20260828_143757,mm_per_px,1363,136.3144,45.709025
2026-08-28 14:40:14.514,captures/20260828_143757,mm_per_px,1364,136.4131,45.733018
2026-08-28 14:40:14.616,captures/20260828_143757,mm_per_px,1365,136.5154,45.698766
2026-08-28 14:40:14.720,captures/20260828_143757,mm_per_px,1366,136.6197,45.583134
2026-08-28 14:40:14.817,captures/20260828_143757,mm_per_px,1367,136.7161,45.395903
2026-08-28 14:40:14.957,captures/20260828_143757,mm_per_px,1368,136.8563,44.998801
2026-08-28 14:40:15.044,captures/20260828_143757,mm_per_px,1369,136.9433,44.503910
2026-08-28 14:40:15.115,captures/20260828_143757,mm_per_px,1370,137.0146,43.915628
2026-08-28 14:40:15.217,captures/20260828_143757,mm_per_px,1371,137.1162,43.337661
2026-08-28 14:40:15.316,captures/20260828_143757,mm_per_px,1372,137.2151,42.661126
2026-08-28 14:40:15.420,captures/20260828_143757,mm_per_px,1373,137.3197,42.030102
2026-08-28 14:40:15.515,captures/20260828_143757,mm_per_px,1374,137.4143,41.421802
2026-08-28 14:40:15.615,captures/20260828_143757,mm_per_px,1375,137.5143,40.766659
2026-08-28 14:40:15.715,captures/20260828_143757,mm_per_px,1376,137.6148,40.131117
2026-08-28 14:40:15.819,captures/20260828_143757,mm_per_px,1377,137.7181,39.669776
2026-08-28 14:40:15.960,captures/20260828_143757,mm_per_px,1378,137.8597,39.451755
2026-08-28 14:40:16.068,captures/20260828_143757,mm_per_px,1379,137.9672,39.405430
2026-08-28 14:40:16.116,captures/20260828_143757,mm_per_px,1380,138.0151,39.430438
2026-08-28 14:40:16.215,captures/20260828_143757,mm_per_px,1381,138.1149,39.700410
2026-08-28 14:40:16.324,captures/20260828_143757,mm_per_px,1382,138.2238,39.917366
2026-08-28 14:40:16.414,captures/20260828_143757,mm_per_px,1383,138.3138,40.075307
2026-08-28 14:40:16.521,captures/20260828_143757,mm_per_px,1384,138.4207,40.187795
2026-08-28 14:40:16.616,captures/20260828_143757,mm_per_px,1385,138.5156,40.320658
2026-08-28 14:40:16.716,captures/20260828_143757,mm_per_px,1386,138.6154,40.506837
2026-08-28 14:40:16.818,captures/20260828_143757,mm_per_px,1387,138.7171,40.675879
2026-08-28 14:40:16.917,captures/20260828_143757,mm_per_px,1388,138.8169,40.910231
2026-08-28 14:40:17.022,captures/20260828_143757,mm_per_px,1389,138.9210,41.139387
2026-08-28 14:40:17.121,captures/20260828_143757,mm_per_px,1390,139.0204,41.372695
2026-08-28 14:40:17.216,captures/20260828_143757,mm_per_px,1391,139.1152,41.551143
2026-08-28 14:40:17.314,captures/20260828_143757,mm_per_px,1392,139.2136,41.659803
2026-08-28 14:40:17.417,captures/20260828_143757,mm_per_px,1393,139.3169,41.703474
2026-08-28 14:40:17.523,captures/20260828_143757,mm_per_px,1394,139.4227,41.661443
2026-08-28 14:40:17.616,captures/20260828_143757,mm_per_px,1395,139.5155,41.507048
2026-08-28 14:40:17.716,captures/20260828_143757,mm_per_px,1396,139.6158,41.304676
2026-08-28 14:40:17.818,captures/20260828_143757,mm_per_px,1397,139.7177,41.015083
2026-08-28 14:40:17.919,captures/20260828_143757,mm_per_px,1398,139.8180,40.627831
2026-08-28 14:40:18.029,captures/20260828_143757,mm_per_px,1399,139.9288,40.159775
2026-08-28 14:40:18.113,captures/20260828_143757,mm_per_px,1400,140.0123,39.677944
2026-08-28 14:40:18.212,captures/20260828_143757,mm_per_px,1401,140.1117,39.213557
2026-08-28 14:40:18.319,captures/20260828_143757,mm_per_px,1402,140.2180,38.960076
2026-08-28 14:40:18.416,captures/20260828_143757,mm_per_px,1403,140.3150,38.866757
2026-08-28 14:40:18.517,captures/20260828_143757,mm_per_px,1404,140.4164,38.947672
2026-08-28 14:40:18.619,captures/20260828_143757,mm_per_px,1405,140.5188,39.025114
2026-08-28 14:40:18.720,captures/20260828_143757,mm_per_px,1406,140.6199,39.047358
2026-08-28 14:40:18.812,captures/20260828_143757,mm_per_px,1407,140.7117,39.054098
2026-08-28 14:40:18.913,captures/20260828_143757,mm_per_px,1408,140.8123,38.864813
2026-08-28 14:40:19.017,captures/20260828_143757,mm_per_px,1409,140.9162,38.571313
2026-08-28 14:40:19.115,captures/20260828_143757,mm_per_px,1410,141.0145,38.223132
2026-08-28 14:40:19.216,captures/20260828_143757,mm_per_px,1411,141.1151,37.887592
2026-08-28 14:40:19.328,captures/20260828_143757,mm_per_px,1412,141.2272,37.451523
2026-08-28 14:40:19.415,captures/20260828_143757,mm_per_px,1413,141.3144,37.068583
2026-08-28 14:40:19.516,captures/20260828_143757,mm_per_px,1414,141.4158,36.739735
2026-08-28 14:40:19.616,captures/20260828_143757,mm_per_px,1415,141.5157,36.464714
2026-08-28 14:40:19.715,captures/20260828_143757,mm_per_px,1416,141.6141,36.240792
2026-08-28 14:40:19.816,captures/20260828_143757,mm_per_px,1417,141.7151,36.057572
2026-08-28 14:40:19.926,captures/20260828_143757,mm_per_px,1418,141.8259,35.882121
2026-08-28 14:40:20.015,captures/20260828_143757,mm_per_px,1419,141.9143,35.701160
2026-08-28 14:40:20.117,captures/20260828_143757,mm_per_px,1420,142.0168,35.552885
2026-08-28 14:40:20.220,captures/20260828_143757,mm_per_px,1421,142.1191,35.399601
2026-08-28 14:40:20.314,captures/20260828_143757,mm_per_px,1422,142.2137,35.299413
2026-08-28 14:40:20.416,captures/20260828_143757,mm_per_px,1423,142.3152,35.308734
2026-08-28 14:40:20.516,captures/20260828_143757,mm_per_px,1424,142.4159,35.338530
2026-08-28 14:40:20.616,captures/20260828_143757,mm_per_px,1425,142.5157,35.488439
2026-08-28 14:40:20.713,captures/20260828_143757,mm_per_px,1426,142.6120,35.659401
2026-08-28 14:40:20.816,captures/20260828_143757,mm_per_px,1427,142.7159,36.052738
2026-08-28 14:40:20.918,captures/20260828_143757,mm_per_px,1428,142.8174,36.625702
2026-08-28 14:40:21.017,captures/20260828_143757,mm_per_px,1429,142.9165,37.267539
2026-08-28 14:40:21.114,captures/20260828_143757,mm_per_px,1430,143.0134,37.807981
2026-08-28 14:40:21.223,captures/20260828_143757,mm_per_px,1431,143.1227,38.364095
2026-08-28 14:40:21.318,captures/20260828_143757,mm_per_px,1432,143.2174,38.832106
2026-08-28 14:40:21.414,captures/20260828_143757,mm_per_px,1433,143.3139,39.155862
2026-08-28 14:40:21.529,captures/20260828_143757,mm_per_px,1434,143.4284,39.564827
2026-08-28 14:40:21.616,captures/20260828_143757,mm_per_px,1435,143.5157,40.076654
2026-08-28 14:40:21.714,captures/20260828_143757,mm_per_px,1436,143.6134,40.664349
2026-08-28 14:40:21.815,captures/20260828_143757,mm_per_px,1437,143.7147,41.256251
2026-08-28 14:40:21.916,captures/20260828_143757,mm_per_px,1438,143.8158,41.909572
2026-08-28 14:40:22.033,captures/20260828_143757,mm_per_px,1439,143.9327,42.545099
2026-08-28 14:40:22.116,captures/20260828_143757,mm_per_px,1440,144.0156,42.990969
2026-08-28 14:40:22.213,captures/20260828_143757,mm_per_px,1441,144.1120,43.408009
2026-08-28 14:40:22.324,captures/20260828_143757,mm_per_px,1442,144.2235,43.698672
2026-08-28 14:40:22.423,captures/20260828_143757,mm_per_px,1443,144.3222,43.865788
2026-08-28 14:40:22.513,captures/20260828_143757,mm_per_px,1444,144.4129,43.854123
2026-08-28 14:40:22.619,captures/20260828_143757,mm_per_px,1445,144.5187,43.983102
2026-08-28 14:40:22.717,captures/20260828_143757,mm_per_px,1446,144.6164,44.031701
2026-08-28 14:40:22.818,captures/20260828_143757,mm_per_px,1447,144.7171,44.030582
2026-08-28 14:40:22.913,captures/20260828_143757,mm_per_px,1448,144.8128,44.124050
2026-08-28 14:40:23.025,captures/20260828_143757,mm_per_px,1449,144.9248,44.196718
2026-08-28 14:40:23.127,captures/20260828_143757,mm_per_px,1450,145.0268,44.224167
2026-08-28 14:40:23.214,captures/20260828_143757,mm_per_px,1451,145.1137,44.209463
2026-08-28 14:40:23.315,captures/20260828_143757,mm_per_px,1452,145.2147,44.198110
2026-08-28 14:40:23.416,captures/20260828_143757,mm_per_px,1453,145.3155,44.119665
2026-08-28 14:40:23.516,captures/20260828_143757,mm_per_px,1454,145.4156,43.986118
2026-08-28 14:40:23.618,captures/20260828_143757,mm_per_px,1455,145.5170,43.874104
2026-08-28 14:40:23.716,captures/20260828_143757,mm_per_px,1456,145.6153,43.696258
2026-08-28 14:40:23.816,captures/20260828_143757,mm_per_px,1457,145.7157,43.350427
2026-08-28 14:40:23.913,captures/20260828_143757,mm_per_px,1458,145.8120,43.048597
2026-08-28 14:40:24.014,captures/20260828_143757,mm_per_px,1459,145.9131,42.694688
2026-08-28 14:40:24.113,captures/20260828_143757,mm_per_px,1460,146.0121,42.303732
2026-08-28 14:40:24.217,captures/20260828_143757,mm_per_px,1461,146.1164,41.818644
2026-08-28 14:40:24.313,captures/20260828_143757,mm_per_px,1462,146.2121,41.510433
2026-08-28 14:40:24.413,captures/20260828_143757,mm_per_px,1463,146.3129,41.236752
2026-08-28 14:40:24.516,captures/20260828_143757,mm_per_px,1464,146.4154,40.991657
2026-08-28 14:40:24.616,captures/20260828_143757,mm_per_px,1465,146.5150,40.837629
2026-08-28 14:40:24.723,captures/20260828_143757,mm_per_px,1466,146.6222,40.871017
2026-08-28 14:40:24.816,captures/20260828_143757,mm_per_px,1467,146.7150,40.872355
2026-08-28 14:40:24.913,captures/20260828_143757,mm_per_px,1468,146.8128,40.888138
2026-08-28 14:40:25.015,captures/20260828_143757,mm_per_px,1469,146.9148,41.009146
2026-08-28 14:40:25.120,captures/20260828_143757,mm_per_px,1470,147.0194,41.095914
2026-08-28 14:40:25.215,captures/20260828_143757,mm_per_px,1471,147.1144,40.993824
2026-08-28 14:40:25.316,captures/20260828_143757,mm_per_px,1472,147.2157,40.965160
2026-08-28 14:40:25.416,captures/20260828_143757,mm_per_px,1473,147.3151,40.802869
2026-08-28 14:40:25.518,captures/20260828_143757,mm_per_px,1474,147.4176,40.736736
2026-08-28 14:40:25.641,captures/20260828_143757,mm_per_px,1475,147.5406,40.673466
2026-08-28 14:40:25.715,captures/20260828_143757,mm_per_px,1476,147.6148,40.771100
2026-08-28 14:40:25.820,captures/20260828_143757,mm_per_px,1477,147.7193,40.802899
2026-08-28 14:40:25.920,captures/20260828_143757,mm_per_px,1478,147.8196,40.989766
2026-08-28 14:40:26.038,captures/20260828_143757,mm_per_px,1479,147.9374,40.968178
2026-08-28 14:40:26.118,captures/20260828_143757,mm_per_px,1480,148.0176,41.020715
2026-08-28 14:40:26.217,captures/20260828_143757,mm_per_px,1481,148.1161,40.960005
2026-08-28 14:40:26.319,captures/20260828_143757,mm_per_px,1482,148.2186,40.972662
2026-08-28 14:40:26.422,captures/20260828_143757,mm_per_px,1483,148.3213,40.958541
2026-08-28 14:40:26.514,captures/20260828_143757,mm_per_px,1484,148.4131,41.027320
2026-08-28 14:40:26.617,captures/20260828_143757,mm_per_px,1485,148.5168,40.984497
2026-08-28 14:40:26.718,captures/20260828_143757,mm_per_px,1486,148.6171,41.014397
2026-08-28 14:40:26.832,captures/20260828_143757,mm_per_px,1487,148.7316,40.965539
2026-08-28 14:40:26.916,captures/20260828_143757,mm_per_px,1488,148.8154,40.889796
2026-08-28 14:40:27.015,captures/20260828_143757,mm_per_px,1489,148.9149,40.853763
2026-08-28 14:40:27.114,captures/20260828_143757,mm_per_px,1490,149.0135,40.854914
2026-08-28 14:40:27.216,captures/20260828_143757,mm_per_px,1491,149.1156,41.077816
2026-08-28 14:40:27.322,captures/20260828_143757,mm_per_px,1492,149.2215,41.216007
2026-08-28 14:40:27.418,captures/20260828_143757,mm_per_px,1493,149.3172,41.380519
2026-08-28 14:40:27.516,captures/20260828_143757,mm_per_px,1494,149.4151,41.440072
2026-08-28 14:40:27.617,captures/20260828_143757,mm_per_px,1495,149.5162,41.408967
2026-08-28 14:40:27.725,captures/20260828_143757,mm_per_px,1496,149.6243,41.138856
2026-08-28 14:40:27.819,captures/20260828_143757,mm_per_px,1497,149.7181,40.882481
2026-08-28 14:40:27.915,captures/20260828_143757,mm_per_px,1498,149.8140,40.503190
2026-08-28 14:40:28.015,captures/20260828_143757,mm_per_px,1499,149.9147,40.111807
2026-08-28 14:40:28.124,captures/20260828_143757,mm_per_px,1500,150.0238,39.701829
2026-08-28 14:40:28.223,captures/20260828_143757,mm_per_px,1501,150.1222,39.130299
2026-08-28 14:40:28.320,captures/20260828_143757,mm_per_px,1502,150.2193,38.512876
2026-08-28 14:40:28.432,captures/20260828_143757,mm_per_px,1503,150.3317,37.774932
2026-08-28 14:40:28.523,captures/20260828_143757,mm_per_px,1504,150.4221,37.039069
2026-08-28 14:40:28.618,captures/20260828_143757,mm_per_px,1505,150.5172,36.158900
2026-08-28 14:40:28.718,captures/20260828_143757,mm_per_px,1506,150.6174,35.354881
2026-08-28 14:40:28.818,captures/20260828_143757,mm_per_px,1507,150.7177,34.437337
2026-08-28 14:40:28.916,captures/20260828_143757,mm_per_px,1508,150.8151,33.598156
2026-08-28 14:40:29.013,captures/20260828_143757,mm_per_px,1509,150.9127,32.758850
2026-08-28 14:40:29.127,captures/20260828_143757,mm_per_px,1510,151.0263,32.090187
2026-08-28 14:40:29.216,captures/20260828_143757,mm_per_px,1511,151.1154,31.501026
2026-08-28 14:40:29.322,captures/20260828_143757,mm_per_px,1512,151.2210,31.057354
2026-08-28 14:40:29.425,captures/20260828_143757,mm_per_px,1513,151.3241,30.622490
2026-08-28 14:40:29.518,captures/20260828_143757,mm_per_px,1514,151.4175,30.207063
2026-08-28 14:40:29.617,captures/20260828_143757,mm_per_px,1515,151.5165,29.622548
2026-08-28 14:40:29.717,captures/20260828_143757,mm_per_px,1516,151.6161,29.000595
2026-08-28 14:40:29.817,captures/20260828_143757,mm_per_px,1517,151.7161,28.349181
2026-08-28 14:40:29.920,captures/20260828_143757,mm_per_px,1518,151.8197,27.649341
2026-08-28 14:40:30.020,captures/20260828_143757,mm_per_px,1519,151.9190,26.909187
2026-08-28 14:40:30.124,captures/20260828_143757,mm_per_px,1520,152.0236,26.299039
2026-08-28 14:40:30.232,captures/20260828_143757,mm_per_px,1521,152.1313,25.674475
2026-08-28 14:40:30.322,captures/20260828_143757,mm_per_px,1522,152.2214,24.975870
2026-08-28 14:40:30.420,captures/20260828_143757,mm_per_px,1523,152.3198,24.410941
2026-08-28 14:40:30.520,captures/20260828_143757,mm_per_px,1524,152.4192,23.879418
2026-08-28 14:40:30.616,captures/20260828_143757,mm_per_px,1525,152.5159,23.312278
2026-08-28 14:40:30.724,captures/20260828_143757,mm_per_px,1526,152.6238,22.815016
2026-08-28 14:40:30.814,captures/20260828_143757,mm_per_px,1527,152.7133,22.321598
2026-08-28 14:40:30.922,captures/20260828_143757,mm_per_px,1528,152.8215,21.807392
2026-08-28 14:40:31.015,captures/20260828_143757,mm_per_px,1529,152.9147,21.413001
2026-08-28 14:40:31.116,captures/20260828_143757,mm_per_px,1530,153.0156,21.080163
2026-08-28 14:40:31.230,captures/20260828_143757,mm_per_px,1531,153.1291,20.776239
2026-08-28 14:40:31.320,captures/20260828_143757,mm_per_px,1532,153.2192,20.383282
2026-08-28 14:40:31.421,captures/20260828_143757,mm_per_px,1533,153.3203,20.015173
2026-08-28 14:40:31.521,captures/20260828_143757,mm_per_px,1534,153.4203,19.545445
2026-08-28 14:40:31.624,captures/20260828_143757,mm_per_px,1535,153.5230,18.846744
2026-08-28 14:40:31.724,captures/20260828_143757,mm_per_px,1536,153.6232,18.107659
2026-08-28 14:40:31.816,captures/20260828_143757,mm_per_px,1537,153.7153,17.464219
2026-08-28 14:40:31.926,captures/20260828_143757,mm_per_px,1538,153.8258,16.686182
2026-08-28 14:40:32.014,captures/20260828_143757,mm_per_px,1539,153.9131,16.027878
2026-08-28 14:40:32.117,captures/20260828_143757,mm_per_px,1540,154.0160,15.528950
2026-08-28 14:40:32.215,captures/20260828_143757,mm_per_px,1541,154.1144,15.165415
2026-08-28 14:40:32.317,captures/20260828_143757,mm_per_px,1542,154.2169,15.007792
2026-08-28 14:40:32.414,captures/20260828_143757,mm_per_px,1543,154.3134,15.095043
2026-08-28 14:40:32.518,captures/20260828_143757,mm_per_px,1544,154.4174,15.248414
2026-08-28 14:40:32.634,captures/20260828_143757,mm_per_px,1545,154.5330,15.468655
2026-08-28 14:40:32.717,captures/20260828_143757,mm_per_px,1546,154.6160,15.797072
2026-08-28 14:40:32.814,captures/20260828_143757,mm_per_px,1547,154.7139,16.053698
2026-08-28 14:40:32.915,captures/20260828_143757,mm_per_px,1548,154.8147,16.275448
2026-08-28 14:40:33.016,captures/20260828_143757,mm_per_px,1549,154.9159,16.495668
2026-08-28 14:40:33.127,captures/20260828_143757,mm_per_px,1550,155.0264,16.691723
2026-08-28 14:40:33.215,captures/20260828_143757,mm_per_px,1551,155.1146,16.918482
2026-08-28 14:40:33.317,captures/20260828_143757,mm_per_px,1552,155.2160,17.020272
2026-08-28 14:40:33.421,captures/20260828_143757,mm_per_px,1553,155.3203,17.067593
2026-08-28 14:40:33.517,captures/20260828_143757,mm_per_px,1554,155.4164,17.053021
2026-08-28 14:40:33.628,captures/20260828_143757,mm_per_px,1555,155.5276,16.809550
2026-08-28 14:40:33.726,captures/20260828_143757,mm_per_px,1556,155.6250,16.340111
2026-08-28 14:40:33.818,captures/20260828_143757,mm_per_px,1557,155.7172,15.917825
2026-08-28 14:40:33.915,captures/20260828_143757,mm_per_px,1558,155.8145,15.392104
2026-08-28 14:40:34.015,captures/20260828_143757,mm_per_px,1559,155.9142,14.843673
2026-08-28 14:40:34.122,captures/20260828_143757,mm_per_px,1560,156.0210,14.369601
2026-08-28 14:40:34.213,captures/20260828_143757,mm_per_px,1561,156.1120,14.105820
2026-08-28 14:40:34.314,captures/20260828_143757,mm_per_px,1562,156.2134,13.976794
2026-08-28 14:40:34.472,captures/20260828_143757,mm_per_px,1563,156.3710,13.931918
2026-08-28 14:40:34.582,captures/20260828_143757,mm_per_px,1564,156.4811,14.138143
2026-08-28 14:40:34.655,captures/20260828_143757,mm_per_px,1565,156.5549,14.476545
2026-08-28 14:40:34.713,captures/20260828_143757,mm_per_px,1566,156.6122,14.867213
2026-08-28 14:40:34.813,captures/20260828_143757,mm_per_px,1567,156.7123,15.289691
2026-08-28 14:40:34.914,captures/20260828_143757,mm_per_px,1568,156.8135,15.795866
2026-08-28 14:40:35.012,captures/20260828_143757,mm_per_px,1569,156.9117,16.343681
2026-08-28 14:40:35.114,captures/20260828_143757,mm_per_px,1570,157.0134,16.866875
2026-08-28 14:40:35.213,captures/20260828_143757,mm_per_px,1571,157.1120,17.359578
2026-08-28 14:40:35.312,captures/20260828_143757,mm_per_px,1572,157.2117,17.765989
2026-08-28 14:40:35.419,captures/20260828_143757,mm_per_px,1573,157.3187,18.055308
2026-08-28 14:40:35.533,captures/20260828_143757,mm_per_px,1574,157.4326,18.236051
2026-08-28 14:40:35.617,captures/20260828_143757,mm_per_px,1575,157.5164,18.291527
2026-08-28 14:40:35.716,captures/20260828_143757,mm_per_px,1576,157.6155,18.262773
2026-08-28 14:40:35.817,captures/20260828_143757,mm_per_px,1577,157.7167,18.170218
2026-08-28 14:40:35.916,captures/20260828_143757,mm_per_px,1578,157.8157,18.074765
2026-08-28 14:40:36.016,captures/20260828_143757,mm_per_px,1579,157.9155,17.942270
2026-08-28 14:40:36.113,captures/20260828_143757,mm_per_px,1580,158.0124,17.852471
2026-08-28 14:40:36.213,captures/20260828_143757,mm_per_px,1581,158.1129,17.663482
2026-08-28 14:40:36.314,captures/20260828_143757,mm_per_px,1582,158.2137,17.432900
2026-08-28 14:40:36.416,captures/20260828_143757,mm_per_px,1583,158.3150,17.071996
2026-08-28 14:40:36.523,captures/20260828_143757,mm_per_px,1584,158.4227,16.573064
2026-08-28 14:40:36.612,captures/20260828_143757,mm_per_px,1585,158.5110,15.934837
2026-08-28 14:40:36.728,captures/20260828_143757,mm_per_px,1586,158.6271,15.219393
2026-08-28 14:40:36.827,captures/20260828_143757,mm_per_px,1587,158.7263,14.359910
2026-08-28 14:40:36.914,captures/20260828_143757,mm_per_px,1588,158.8134,13.512105
2026-08-28 14:40:37.015,captures/20260828_143757,mm_per_px,1589,158.9148,12.619454
2026-08-28 14:40:37.117,captures/20260828_143757,mm_per_px,1590,159.0167,11.772244
2026-08-28 14:40:37.218,captures/20260828_143757,mm_per_px,1591,159.1178,10.994277
2026-08-28 14:40:37.315,captures/20260828_143757,mm_per_px,1592,159.2149,10.355695
2026-08-28 14:40:37.417,captures/20260828_143757,mm_per_px,1593,159.3164,9.785419
2026-08-28 14:40:37.516,captures/20260828_143757,mm_per_px,1594,159.4159,9.342686
2026-08-28 14:40:37.622,captures/20260828_143757,mm_per_px,1595,159.5218,9.039788
2026-08-28 14:40:37.715,captures/20260828_143757,mm_per_px,1596,159.6146,8.866997
2026-08-28 14:40:37.816,captures/20260828_143757,mm_per_px,1597,159.7152,8.718501
2026-08-28 14:40:37.916,captures/20260828_143757,mm_per_px,1598,159.8152,8.529688
2026-08-28 14:40:38.014,captures/20260828_143757,mm_per_px,1599,159.9135,8.389472
2026-08-28 14:40:38.114,captures/20260828_143757,mm_per_px,1600,160.0132,8.323996
2026-08-28 14:40:38.219,captures/20260828_143757,mm_per_px,1601,160.1183,8.299511
2026-08-28 14:40:38.315,captures/20260828_143757,mm_per_px,1602,160.2141,8.371928
2026-08-28 14:40:38.416,captures/20260828_143757,mm_per_px,1603,160.3159,8.630856
2026-08-28 14:40:38.522,captures/20260828_143757,mm_per_px,1604,160.4215,9.055383
2026-08-28 14:40:38.618,captures/20260828_143757,mm_per_px,1605,160.5175,9.440211
2026-08-28 14:40:38.716,captures/20260828_143757,mm_per_px,1606,160.6152,9.818797
2026-08-28 14:40:38.821,captures/20260828_143757,mm_per_px,1607,160.7205,10.157733
2026-08-28 14:40:38.915,captures/20260828_143757,mm_per_px,1608,160.8140,10.353212
2026-08-28 14:40:39.015,captures/20260828_143757,mm_per_px,1609,160.9142,10.401281
2026-08-28 14:40:39.115,captures/20260828_143757,mm_per_px,1610,161.0142,10.304844
2026-08-28 14:40:39.216,captures/20260828_143757,mm_per_px,1611,161.1150,10.101285
2026-08-28 14:40:39.317,captures/20260828_143757,mm_per_px,1612,161.2160,9.974145
2026-08-28 14:40:39.442,captures/20260828_143757,mm_per_px,1613,161.3415,9.920468
2026-08-28 14:40:39.517,captures/20260828_143757,mm_per_px,1614,161.4166,10.011410
2026-08-28 14:40:39.616,captures/20260828_143757,mm_per_px,1615,161.5154,10.204981
2026-08-28 14:40:39.730,captures/20260828_143757,mm_per_px,1616,161.6294,10.326525
2026-08-28 14:40:39.828,captures/20260828_143757,mm_per_px,1617,161.7275,10.376571
2026-08-28 14:40:39.916,captures/20260828_143757,mm_per_px,1618,161.8155,10.379162
2026-08-28 14:40:40.018,captures/20260828_143757,mm_per_px,1619,161.9177,10.268192
2026-08-28 14:40:40.158,captures/20260828_143757,mm_per_px,1620,162.0574,10.103330
2026-08-28 14:40:40.239,captures/20260828_143757,mm_per_px,1621,162.1380,9.919123
2026-08-28 14:40:40.312,captures/20260828_143757,mm_per_px,1622,162.2118,9.709694
2026-08-28 14:40:40.418,captures/20260828_143757,mm_per_px,1623,162.3177,9.468017
2026-08-28 14:40:40.512,captures/20260828_143757,mm_per_px,1624,162.4114,9.143868
2026-08-28 14:40:40.628,captures/20260828_143757,mm_per_px,1625,162.5274,8.704838
2026-08-28 14:40:40.713,captures/20260828_143757,mm_per_px,1626,162.6124,8.318600
2026-08-28 14:40:40.812,captures/20260828_143757,mm_per_px,1627,162.7118,7.779831
2026-08-28 14:40:40.915,captures/20260828_143757,mm_per_px,1628,162.8148,7.201964
2026-08-28 14:40:41.021,captures/20260828_143757,mm_per_px,1629,162.9200,6.701848
2026-08-28 14:40:41.113,captures/20260828_143757,mm_per_px,1630,163.0122,6.142675
2026-08-28 14:40:41.221,captures/20260828_143757,mm_per_px,1631,163.1204,5.530090
2026-08-28 14:40:41.312,captures/20260828_143757,mm_per_px,1632,163.2116,4.932791
2026-08-28 14:40:41.414,captures/20260828_143757,mm_per_px,1633,163.3136,4.320577
2026-08-28 14:40:41.514,captures/20260828_143757,mm_per_px,1634,163.4131,3.668927
2026-08-28 14:40:41.620,captures/20260828_143757,mm_per_px,1635,163.5191,3.078154
2026-08-28 14:40:41.730,captures/20260828_143757,mm_per_px,1636,163.6290,2.553727
2026-08-28 14:40:41.813,captures/20260828_143757,mm_per_px,1637,163.7129,2.103725
2026-08-28 14:40:41.914,captures/20260828_143757,mm_per_px,1638,163.8135,1.667626
2026-08-28 14:40:42.012,captures/20260828_143757,mm_per_px,1639,163.9115,1.337454
2026-08-28 14:40:42.112,captures/20260828_143757,mm_per_px,1640,164.0113,1.055074
2026-08-28 14:40:42.212,captures/20260828_143757,mm_per_px,1641,164.1117,0.694609
2026-08-28 14:40:42.315,captures/20260828_143757,mm_per_px,1642,164.2146,0.489994
2026-08-28 14:40:42.412,captures/20260828_143757,mm_per_px,1643,164.3118,0.383117
2026-08-28 14:40:42.512,captures/20260828_143757,mm_per_px,1644,164.4116,0.278892
2026-08-28 14:40:42.613,captures/20260828_143757,mm_per_px,1645,164.5128,0.179824
2026-08-28 14:40:42.716,captures/20260828_143757,mm_per_px,1646,164.6152,0.133922
2026-08-28 14:40:42.812,captures/20260828_143757,mm_per_px,1647,164.7118,0.090855
2026-08-28 14:40:42.937,captures/20260828_143757,mm_per_px,1648,164.8364,0.050588
2026-08-28 14:40:43.025,captures/20260828_143757,mm_per_px,1649,164.9248,0.026285
2026-08-28 14:40:43.112,captures/20260828_143757,mm_per_px,1650,165.0113,0.017887
2026-08-28 14:40:43.217,captures/20260828_143757,mm_per_px,1651,165.1166,0.013777
2026-08-28 14:40:43.312,captures/20260828_143757,mm_per_px,1652,165.2112,0.005459
2026-08-28 14:40:43.422,captures/20260828_143757,mm_per_px,1653,165.3219,0.003268
2026-08-28 14:40:43.524,captures/20260828_143757,mm_per_px,1654,165.4234,0.003489
2026-08-28 14:40:43.613,captures/20260828_143757,mm_per_px,1655,165.5122,0.000952
2026-08-28 14:40:43.716,captures/20260828_143757,mm_per_px,1656,165.6154,0.000000
2026-08-28 14:40:43.816,captures/20260828_143757,mm_per_px,1657,165.7151,0.000000
2026-08-28 14:40:43.923,captures/20260828_143757,mm_per_px,1658,165.8229,0.000533
2026-08-28 14:40:44.012,captures/20260828_143757,mm_per_px,1659,165.9119,0.000154
2026-08-28 14:40:44.112,captures/20260828_143757,mm_per_px,1660,166.0111,0.000000
2026-08-28 14:40:44.213,captures/20260828_143757,mm_per_px,1661,166.1125,0.000000
2026-08-28 14:40:44.312,captures/20260828_143757,mm_per_px,1662,166.2115,0.000000
2026-08-28 14:40:44.420,captures/20260828_143757,mm_per_px,1663,166.3194,0.000000
2026-08-28 14:40:44.512,captures/20260828_143757,mm_per_px,1664,166.4114,0.000000
2026-08-28 14:40:44.613,captures/20260828_143757,mm_per_px,1665,166.5125,0.000000
2026-08-28 14:40:44.713,captures/20260828_143757,mm_per_px,1666,166.6120,0.000000
2026-08-28 14:40:44.820,captures/20260828_143757,mm_per_px,1667,166.7193,0.000000
2026-08-28 14:40:44.912,captures/20260828_143757,mm_per_px,1668,166.8118,0.000000
2026-08-28 14:40:45.021,captures/20260828_143757,mm_per_px,1669,166.9203,0.000000
2026-08-28 14:40:45.112,captures/20260828_143757,mm_per_px,1670,167.0111,0.000000
2026-08-28 14:40:45.216,captures/20260828_143757,mm_per_px,1671,167.1159,0.000000
2026-08-28 14:40:45.312,captures/20260828_143757,mm_per_px,1672,167.2112,0.000000
2026-08-28 14:40:45.414,captures/20260828_143757,mm_per_px,1673,167.3132,0.000000
2026-08-28 14:40:45.512,captures/20260828_143757,mm_per_px,1674,167.4112,0.000000
2026-08-28 14:40:45.613,captures/20260828_143757,mm_per_px,1675,167.5125,0.000000
2026-08-28 14:40:45.717,captures/20260828_143757,mm_per_px,1676,167.6169,0.000000
2026-08-28 14:40:45.816,captures/20260828_143757,mm_per_px,1677,167.7153,0.000000
2026-08-28 14:40:45.919,captures/20260828_143757,mm_per_px,1678,167.8182,0.000000
2026-08-28 14:40:46.013,captures/20260828_143757,mm_per_px,1679,167.9129,0.000000
2026-08-28 14:40:46.112,captures/20260828_143757,mm_per_px,1680,168.0115,0.000000
2026-08-28 14:40:46.215,captures/20260828_143757,mm_per_px,1681,168.1145,0.000000
2026-08-28 14:40:46.312,captures/20260828_143757,mm_per_px,1682,168.2116,0.000000
2026-08-28 14:40:46.412,captures/20260828_143757,mm_per_px,1683,168.3115,0.000000
2026-08-28 14:40:46.512,captures/20260828_143757,mm_per_px,1684,168.4119,0.000000
2026-08-28 14:40:46.615,captures/20260828_143757,mm_per_px,1685,168.5147,0.000000
2026-08-28 14:40:46.756,captures/20260828_143757,mm_per_px,1686,168.6556,0.000000
2026-08-28 14:40:46.885,captures/20260828_143757,mm_per_px,1687,168.7846,0.000000
2026-08-28 14:40:46.966,captures/20260828_143757,mm_per_px,1688,168.8656,0.000000
2026-08-28 14:40:47.012,captures/20260828_143757,mm_per_px,1689,168.9119,0.000000
2026-08-28 14:40:47.112,captures/20260828_143757,mm_per_px,1690,169.0114,0.000000
2026-08-28 14:40:47.212,captures/20260828_143757,mm_per_px,1691,169.1112,0.000000
2026-08-28 14:40:47.312,captures/20260828_143757,mm_per_px,1692,169.2110,0.000000
2026-08-28 14:40:47.412,captures/20260828_143757,mm_per_px,1693,169.3117,0.000000
2026-08-28 14:40:47.512,captures/20260828_143757,mm_per_px,1694,169.4114,0.000000
2026-08-28 14:40:47.612,captures/20260828_143757,mm_per_px,1695,169.5113,0.000000
2026-08-28 14:40:47.715,captures/20260828_143757,mm_per_px,1696,169.6147,0.000187
2026-08-28 14:40:47.814,captures/20260828_143757,mm_per_px,1697,169.7136,0.000187
2026-08-28 14:40:47.912,captures/20260828_143757,mm_per_px,1698,169.8118,0.000000
2026-08-28 14:40:48.017,captures/20260828_143757,mm_per_px,1699,169.9169,0.000000
2026-08-28 14:40:48.113,captures/20260828_143757,mm_per_px,1700,170.0124,0.000000
2026-08-28 14:40:48.215,captures/20260828_143757,mm_per_px,1701,170.1149,0.000000
2026-08-28 14:40:48.312,captures/20260828_143757,mm_per_px,1702,170.2114,0.000000
2026-08-28 14:40:48.411,captures/20260828_143757,mm_per_px,1703,170.3107,0.001078
2026-08-28 14:40:48.513,captures/20260828_143757,mm_per_px,1704,170.4120,0.000000
2026-08-28 14:40:48.612,captures/20260828_143757,mm_per_px,1705,170.5112,0.001236
2026-08-28 14:40:48.713,captures/20260828_143757,mm_per_px,1706,170.6121,0.003369
2026-08-28 14:40:48.814,captures/20260828_143757,mm_per_px,1707,170.7137,0.001728
2026-08-28 14:40:48.918,captures/20260828_143757,mm_per_px,1708,170.8170,0.001183
2026-08-28 14:40:49.015,captures/20260828_143757,mm_per_px,1709,170.9147,0.001667
2026-08-28 14:40:49.112,captures/20260828_143757,mm_per_px,1710,171.0116,0.001388
2026-08-28 14:40:49.212,captures/20260828_143757,mm_per_px,1711,171.1118,0.002924
2026-08-28 14:40:49.315,captures/20260828_143757,mm_per_px,1712,171.2142,0.007576
2026-08-28 14:40:49.412,captures/20260828_143757,mm_per_px,1713,171.3110,0.004171
2026-08-28 14:40:49.515,captures/20260828_143757,mm_per_px,1714,171.4145,0.002770
2026-08-28 14:40:49.614,captures/20260828_143757,mm_per_px,1715,171.5139,0.007570
2026-08-28 14:40:49.715,captures/20260828_143757,mm_per_px,1716,171.6148,0.012903
2026-08-28 14:40:49.818,captures/20260828_143757,mm_per_px,1717,171.7173,0.009863
2026-08-28 14:40:49.913,captures/20260828_143757,mm_per_px,1718,171.8127,0.013321
2026-08-28 14:40:50.063,captures/20260828_143757,mm_per_px,1719,171.9625,0.010860
2026-08-28 14:40:50.123,captures/20260828_143757,mm_per_px,1720,172.0221,0.009020
2026-08-28 14:40:50.217,captures/20260828_143757,mm_per_px,1721,172.1164,0.002095
2026-08-28 14:40:50.315,captures/20260828_143757,mm_per_px,1722,172.2145,0.002824
2026-08-28 14:40:50.415,captures/20260828_143757,mm_per_px,1723,172.3141,0.004240
2026-08-28 14:40:50.512,captures/20260828_143757,mm_per_px,1724,172.4112,0.000000
2026-08-28 14:40:50.614,captures/20260828_143757,mm_per_px,1725,172.5130,0.002007
2026-08-28 14:40:50.711,captures/20260828_143757,mm_per_px,1726,172.6108,0.002784
2026-08-28 14:40:50.813,captures/20260828_143757,mm_per_px,1727,172.7120,0.001686
2026-08-28 14:40:50.959,captures/20260828_143757,mm_per_px,1728,172.8586,0.007244
2026-08-28 14:40:51.052,captures/20260828_143757,mm_per_px,1729,172.9512,0.016507
2026-08-28 14:40:51.119,captures/20260828_143757,mm_per_px,1730,173.0180,0.015564
2026-08-28 14:40:51.218,captures/20260828_143757,mm_per_px,1731,173.1172,0.006461
2026-08-28 14:40:51.313,captures/20260828_143757,mm_per_px,1732,173.2127,0.004203
2026-08-28 14:40:51.413,captures/20260828_143757,mm_per_px,1733,173.3120,0.003879
2026-08-28 14:40:51.512,captures/20260828_143757,mm_per_px,1734,173.4110,0.002358
2026-08-28 14:40:51.614,captures/20260828_143757,mm_per_px,1735,173.5139,0.000241
2026-08-28 14:40:51.711,captures/20260828_143757,mm_per_px,1736,173.6109,0.000231
2026-08-28 14:40:51.811,captures/20260828_143757,mm_per_px,1737,173.7109,0.006177
2026-08-28 14:40:51.914,captures/20260828_143757,mm_per_px,1738,173.8138,0.004731
2026-08-28 14:40:52.018,captures/20260828_143757,mm_per_px,1739,173.9173,0.003363
2026-08-28 14:40:52.112,captures/20260828_143757,mm_per_px,1740,174.0116,0.010148
2026-08-28 14:40:52.216,captures/20260828_143757,mm_per_px,1741,174.1151,0.008582
2026-08-28 14:40:52.315,captures/20260828_143757,mm_per_px,1742,174.2148,0.000171
2026-08-28 14:40:52.415,captures/20260828_143757,mm_per_px,1743,174.3141,0.007498
2026-08-28 14:40:52.513,captures/20260828_143757,mm_per_px,1744,174.4128,0.013760
2026-08-28 14:40:52.618,captures/20260828_143757,mm_per_px,1745,174.5171,0.016863
2026-08-28 14:40:52.718,captures/20260828_143757,mm_per_px,1746,174.6173,0.029733
2026-08-28 14:40:52.818,captures/20260828_143757,mm_per_px,1747,174.7172,0.057613
2026-08-28 14:40:52.960,captures/20260828_143757,mm_per_px,1748,174.8597,0.071490
2026-08-28 14:40:53.034,captures/20260828_143757,mm_per_px,1749,174.9338,0.084131
2026-08-28 14:40:53.115,captures/20260828_143757,mm_per_px,1750,175.0149,0.075874
2026-08-28 14:40:53.219,captures/20260828_143757,mm_per_px,1751,175.1183,0.046374
2026-08-28 14:40:53.315,captures/20260828_143757,mm_per_px,1752,175.2145,0.034969
2026-08-28 14:40:53.415,captures/20260828_143757,mm_per_px,1753,175.3140,0.049201
2026-08-28 14:40:53.520,captures/20260828_143757,mm_per_px,1754,175.4191,0.064278
2026-08-28 14:40:53.621,captures/20260828_143757,mm_per_px,1755,175.5200,0.077271
2026-08-28 14:40:53.729,captures/20260828_143757,mm_per_px,1756,175.6281,0.083741
2026-08-28 14:40:53.816,captures/20260828_143757,mm_per_px,1757,175.7151,0.071066
2026-08-28 14:40:53.924,captures/20260828_143757,mm_per_px,1758,175.8239,0.123518
2026-08-28 14:40:54.019,captures/20260828_143757,mm_per_px,1759,175.9181,0.097509
2026-08-28 14:40:54.117,captures/20260828_143757,mm_per_px,1760,176.0161,0.130698
2026-08-28 14:40:54.214,captures/20260828_143757,mm_per_px,1761,176.1139,0.122784
2026-08-28 14:40:54.319,captures/20260828_143757,mm_per_px,1762,176.2182,0.120793
2026-08-28 14:40:54.418,captures/20260828_143757,mm_per_px,1763,176.3179,0.140242
2026-08-28 14:40:54.517,captures/20260828_143757,mm_per_px,1764,176.4160,0.145929
2026-08-28 14:40:54.619,captures/20260828_143757,mm_per_px,1765,176.5180,0.168398
2026-08-28 14:40:54.715,captures/20260828_143757,mm_per_px,1766,176.6140,0.235465
2026-08-28 14:40:54.823,captures/20260828_143757,mm_per_px,1767,176.7224,0.257379
2026-08-28 14:40:54.919,captures/20260828_143757,mm_per_px,1768,176.8187,0.265936
2026-08-28 14:40:55.026,captures/20260828_143757,mm_per_px,1769,176.9254,0.296321
2026-08-28 14:40:55.121,captures/20260828_143757,mm_per_px,1770,177.0207,0.296502
2026-08-28 14:40:55.232,captures/20260828_143757,mm_per_px,1771,177.1319,0.294706
2026-08-28 14:40:55.319,captures/20260828_143757,mm_per_px,1772,177.2182,0.308645
2026-08-28 14:40:55.421,captures/20260828_143757,mm_per_px,1773,177.3208,0.308021
2026-08-28 14:40:55.518,captures/20260828_143757,mm_per_px,1774,177.4171,0.323362
2026-08-28 14:40:55.626,captures/20260828_143757,mm_per_px,1775,177.5257,0.338718
2026-08-28 14:40:55.715,captures/20260828_143757,mm_per_px,1776,177.6148,0.371971
2026-08-28 14:40:55.820,captures/20260828_143757,mm_per_px,1777,177.7198,0.334782
2026-08-28 14:40:55.920,captures/20260828_143757,mm_per_px,1778,177.8195,0.400072
2026-08-28 14:40:56.021,captures/20260828_143757,mm_per_px,1779,177.9204,0.358339
2026-08-28 14:40:56.114,captures/20260828_143757,mm_per_px,1780,178.0130,0.323421
2026-08-28 14:40:56.229,captures/20260828_143757,mm_per_px,1781,178.1287,0.279119
2026-08-28 14:40:56.322,captures/20260828_143757,mm_per_px,1782,178.2218,0.323601
2026-08-28 14:40:56.419,captures/20260828_143757,mm_per_px,1783,178.3185,0.338348
2026-08-28 14:40:56.539,captures/20260828_143757,mm_per_px,1784,178.4387,0.361857
2026-08-28 14:40:56.640,captures/20260828_143757,mm_per_px,1785,178.5391,0.416892
2026-08-28 14:40:56.716,captures/20260828_143757,mm_per_px,1786,178.6158,0.385123
2026-08-28 14:40:56.819,captures/20260828_143757,mm_per_px,1787,178.7185,0.405003
2026-08-28 14:40:56.935,captures/20260828_143757,mm_per_px,1788,178.8349,0.420339
2026-08-28 14:40:57.014,captures/20260828_143757,mm_per_px,1789,178.9137,0.389304
2026-08-28 14:40:57.126,captures/20260828_143757,mm_per_px,1790,179.0254,0.441090
2026-08-28 14:40:57.218,captures/20260828_143757,mm_per_px,1791,179.1171,0.513347
2026-08-28 14:40:57.331,captures/20260828_143757,mm_per_px,1792,179.2301,0.527182
2026-08-28 14:40:57.417,captures/20260828_143757,mm_per_px,1793,179.3169,0.526614
2026-08-28 14:40:57.519,captures/20260828_143757,mm_per_px,1794,179.4181,0.472945
2026-08-28 14:40:57.620,captures/20260828_143757,mm_per_px,1795,179.5198,0.583099
2026-08-28 14:40:57.732,captures/20260828_143757,mm_per_px,1796,179.6310,0.585090
2026-08-28 14:40:57.820,captures/20260828_143757,mm_per_px,1797,179.7194,0.540587
2026-08-28 14:40:57.929,captures/20260828_143757,mm_per_px,1798,179.8287,0.551410
2026-08-28 14:40:58.032,captures/20260828_143757,mm_per_px,1799,179.9318,0.541836
2026-08-28 14:40:58.113,captures/20260828_143757,mm_per_px,1800,180.0126,0.478304
2026-08-28 14:40:58.215,captures/20260828_143757,mm_per_px,1801,180.1140,0.467407
2026-08-28 14:40:58.327,captures/20260828_143757,mm_per_px,1802,180.2269,0.412533
2026-08-28 14:40:58.420,captures/20260828_143757,mm_per_px,1803,180.3197,0.465609
2026-08-28 14:40:58.523,captures/20260828_143757,mm_per_px,1804,180.4223,0.509262
2026-08-28 14:40:58.617,captures/20260828_143757,mm_per_px,1805,180.5165,0.514553
2026-08-28 14:40:58.714,captures/20260828_143757,mm_per_px,1806,180.6136,0.511486
2026-08-28 14:40:58.813,captures/20260828_143757,mm_per_px,1807,180.7129,0.411163
2026-08-28 14:40:58.935,captures/20260828_143757,mm_per_px,1808,180.8345,0.282338
2026-08-28 14:40:59.048,captures/20260828_143757,mm_per_px,1809,180.9479,0.268960
2026-08-28 14:40:59.157,captures/20260828_143757,mm_per_px,1810,181.0562,0.229672
2026-08-28 14:40:59.217,captures/20260828_143757,mm_per_px,1811,181.1160,0.240567
2026-08-28 14:40:59.319,captures/20260828_143757,mm_per_px,1812,181.2188,0.259469
2026-08-28 14:40:59.418,captures/20260828_143757,mm_per_px,1813,181.3178,0.301262
2026-08-28 14:40:59.518,captures/20260828_143757,mm_per_px,1814,181.4179,0.276997
2026-08-28 14:40:59.616,captures/20260828_143757,mm_per_px,1815,181.5153,0.230593
2026-08-28 14:40:59.729,captures/20260828_143757,mm_per_px,1816,181.6283,0.212378
2026-08-28 14:40:59.815,captures/20260828_143757,mm_per_px,1817,181.7143,0.277415
2026-08-28 14:40:59.914,captures/20260828_143757,mm_per_px,1818,181.8132,0.313819
2026-08-28 14:41:00.012,captures/20260828_143757,mm_per_px,1819,181.9118,0.320959
2026-08-28 14:41:00.114,captures/20260828_143757,mm_per_px,1820,182.0130,0.287307
2026-08-28 14:41:00.213,captures/20260828_143757,mm_per_px,1821,182.1122,0.273039
2026-08-28 14:41:00.314,captures/20260828_143757,mm_per_px,1822,182.2131,0.248082
2026-08-28 14:41:00.454,captures/20260828_143757,mm_per_px,1823,182.3537,0.239867
2026-08-28 14:41:00.540,captures/20260828_143757,mm_per_px,1824,182.4391,0.276628
2026-08-28 14:41:00.617,captures/20260828_143757,mm_per_px,1825,182.5167,0.316520
2026-08-28 14:41:00.714,captures/20260828_143757,mm_per_px,1826,182.6130,0.378849
2026-08-28 14:41:00.815,captures/20260828_143757,mm_per_px,1827,182.7146,0.317789
2026-08-28 14:41:00.915,captures/20260828_143757,mm_per_px,1828,182.8140,0.265059
2026-08-28 14:41:01.025,captures/20260828_143757,mm_per_px,1829,182.9240,0.316410
2026-08-28 14:41:01.118,captures/20260828_143757,mm_per_px,1830,183.0172,0.242488
2026-08-28 14:41:01.215,captures/20260828_143757,mm_per_px,1831,183.1145,0.221216
2026-08-28 14:41:01.369,captures/20260828_143757,mm_per_px,1832,183.2684,0.194692
2026-08-28 14:41:01.467,captures/20260828_143757,mm_per_px,1833,183.3663,0.180965
2026-08-28 14:41:01.561,captures/20260828_143757,mm_per_px,1834,183.4601,0.200186
2026-08-28 14:41:01.658,captures/20260828_143757,mm_per_px,1835,183.5573,0.181664
2026-08-28 14:41:01.716,captures/20260828_143757,mm_per_px,1836,183.6154,0.216318
2026-08-28 14:41:01.815,captures/20260828_143757,mm_per_px,1837,183.7141,0.261184
2026-08-28 14:41:01.914,captures/20260828_143757,mm_per_px,1838,183.8136,0.255884
2026-08-28 14:41:02.011,captures/20260828_143757,mm_per_px,1839,183.9102,0.262181
2026-08-28 14:41:02.112,captures/20260828_143757,mm_per_px,1840,184.0112,0.260049
2026-08-28 14:41:02.264,captures/20260828_143757,mm_per_px,1841,184.1636,0.334959
2026-08-28 14:41:02.374,captures/20260828_143757,mm_per_px,1842,184.2736,0.314397
2026-08-28 14:41:02.418,captures/20260828_143757,mm_per_px,1843,184.3171,0.311737
2026-08-28 14:41:02.518,captures/20260828_143757,mm_per_px,1844,184.4176,0.351781
2026-08-28 14:41:02.632,captures/20260828_143757,mm_per_px,1845,184.5312,0.397762
2026-08-28 14:41:02.716,captures/20260828_143757,mm_per_px,1846,184.6153,0.402504
2026-08-28 14:41:02.812,captures/20260828_143757,mm_per_px,1847,184.7117,0.365357
2026-08-28 14:41:02.916,captures/20260828_143757,mm_per_px,1848,184.8153,0.375885
2026-08-28 14:41:03.012,captures/20260828_143757,mm_per_px,1849,184.9117,0.364534
2026-08-28 14:41:03.125,captures/20260828_143757,mm_per_px,1850,185.0245,0.380890
2026-08-28 14:41:03.215,captures/20260828_143757,mm_per_px,1851,185.1148,0.404262
2026-08-28 14:41:03.317,captures/20260828_143757,mm_per_px,1852,185.2160,0.421882
2026-08-28 14:41:03.457,captures/20260828_143757,mm_per_px,1853,185.3568,0.361777
2026-08-28 14:41:03.533,captures/20260828_143757,mm_per_px,1854,185.4324,0.302478
2026-08-28 14:41:03.618,captures/20260828_143757,mm_per_px,1855,185.5173,0.306582
2026-08-28 14:41:03.719,captures/20260828_143757,mm_per_px,1856,185.6183,0.319700
2026-08-28 14:41:03.812,captures/20260828_143757,mm_per_px,1857,185.7115,0.377711
2026-08-28 14:41:03.920,captures/20260828_143757,mm_per_px,1858,185.8196,0.361259
2026-08-28 14:41:04.015,captures/20260828_143757,mm_per_px,1859,185.9146,0.354094
2026-08-28 14:41:04.118,captures/20260828_143757,mm_per_px,1860,186.0179,0.356195
2026-08-28 14:41:04.216,captures/20260828_143757,mm_per_px,1861,186.1151,0.322412
2026-08-28 14:41:04.318,captures/20260828_143757,mm_per_px,1862,186.2176,0.333619
2026-08-28 14:41:04.416,captures/20260828_143757,mm_per_px,1863,186.3155,0.337298
2026-08-28 14:41:04.526,captures/20260828_143757,mm_per_px,1864,186.4257,0.308468
2026-08-28 14:41:04.672,captures/20260828_143757,mm_per_px,1865,186.5718,0.298953
2026-08-28 14:41:04.777,captures/20260828_143757,mm_per_px,1866,186.6765,0.329089
2026-08-28 14:41:04.813,captures/20260828_143757,mm_per_px,1867,186.7121,0.349011
2026-08-28 14:41:04.915,captures/20260828_143757,mm_per_px,1868,186.8147,0.376774
2026-08-28 14:41:05.025,captures/20260828_143757,mm_per_px,1869,186.9243,0.384036
2026-08-28 14:41:05.112,captures/20260828_143757,mm_per_px,1870,187.0116,0.353177
2026-08-28 14:41:05.214,captures/20260828_143757,mm_per_px,1871,187.1137,0.332277
2026-08-28 14:41:05.315,captures/20260828_143757,mm_per_px,1872,187.2146,0.324250
2026-08-28 14:41:05.417,captures/20260828_143757,mm_per_px,1873,187.3160,0.329045
2026-08-28 14:41:05.518,captures/20260828_143757,mm_per_px,1874,187.4170,0.312616
2026-08-28 14:41:05.623,captures/20260828_143757,mm_per_px,1875,187.5225,0.337998
2026-08-28 14:41:05.720,captures/20260828_143757,mm_per_px,1876,187.6191,0.312089
2026-08-28 14:41:05.838,captures/20260828_143757,mm_per_px,1877,187.7376,0.309497
2026-08-28 14:41:05.957,captures/20260828_143757,mm_per_px,1878,187.8569,0.338043
2026-08-28 14:41:06.039,captures/20260828_143757,mm_per_px,1879,187.9385,0.273116
2026-08-28 14:41:06.112,captures/20260828_143757,mm_per_px,1880,188.0116,0.275443
2026-08-28 14:41:06.225,captures/20260828_143757,mm_per_px,1881,188.1249,0.342535
2026-08-28 14:41:06.362,captures/20260828_143757,mm_per_px,1882,188.2610,0.389692
2026-08-28 14:41:06.465,captures/20260828_143757,mm_per_px,1883,188.3648,0.328869
2026-08-28 14:41:06.516,captures/20260828_143757,mm_per_px,1884,188.4155,0.315735
2026-08-28 14:41:06.616,captures/20260828_143757,mm_per_px,1885,188.5157,0.290295
2026-08-28 14:41:06.725,captures/20260828_143757,mm_per_px,1886,188.6245,0.190886
2026-08-28 14:41:06.814,captures/20260828_143757,mm_per_px,1887,188.7132,0.192345
2026-08-28 14:41:06.922,captures/20260828_143757,mm_per_px,1888,188.8210,0.210598
2026-08-28 14:41:07.069,captures/20260828_143757,mm_per_px,1889,188.9687,0.252741
2026-08-28 14:41:07.176,captures/20260828_143757,mm_per_px,1890,189.0751,0.283103
2026-08-28 14:41:07.263,captures/20260828_143757,mm_per_px,1891,189.1620,0.327029
2026-08-28 14:41:07.366,captures/20260828_143757,mm_per_px,1892,189.2658,0.337671
2026-08-28 14:41:07.464,captures/20260828_143757,mm_per_px,1893,189.3636,0.396559
2026-08-28 14:41:07.577,captures/20260828_143757,mm_per_px,1894,189.4762,0.393605
2026-08-28 14:41:07.620,captures/20260828_143757,mm_per_px,1895,189.5199,0.425357
2026-08-28 14:41:07.762,captures/20260828_143757,mm_per_px,1896,189.6619,0.411057
2026-08-28 14:41:07.851,captures/20260828_143757,mm_per_px,1897,189.7507,0.377281
2026-08-28 14:41:07.914,captures/20260828_143757,mm_per_px,1898,189.8136,0.313879
2026-08-28 14:41:08.016,captures/20260828_143757,mm_per_px,1899,189.9159,0.297665
2026-08-28 14:41:08.114,captures/20260828_143757,mm_per_px,1900,190.0136,0.234741
2026-08-28 14:41:08.219,captures/20260828_143757,mm_per_px,1901,190.1184,0.256890
2026-08-28 14:41:08.359,captures/20260828_143757,mm_per_px,1902,190.2586,0.283817
2026-08-28 14:41:08.457,captures/20260828_143757,mm_per_px,1903,190.3560,0.313561
2026-08-28 14:41:08.514,captures/20260828_143757,mm_per_px,1904,190.4138,0.300491
2026-08-28 14:41:08.658,captures/20260828_143757,mm_per_px,1905,190.5578,0.302198
2026-08-28 14:41:08.762,captures/20260828_143757,mm_per_px,1906,190.6617,0.330208
2026-08-28 14:41:08.866,captures/20260828_143757,mm_per_px,1907,190.7651,0.305911
2026-08-28 14:41:08.949,captures/20260828_143757,mm_per_px,1908,190.8481,0.311140
2026-08-28 14:41:09.014,captures/20260828_143757,mm_per_px,1909,190.9134,0.320675
2026-08-28 14:41:09.114,captures/20260828_143757,mm_per_px,1910,191.0132,0.341483
2026-08-28 14:41:09.213,captures/20260828_143757,mm_per_px,1911,191.1129,0.306805
2026-08-28 14:41:09.315,captures/20260828_143757,mm_per_px,1912,191.2143,0.324934
2026-08-28 14:41:09.426,captures/20260828_143757,mm_per_px,1913,191.3258,0.313814
2026-08-28 14:41:09.515,captures/20260828_143757,mm_per_px,1914,191.4141,0.374354
2026-08-28 14:41:09.618,captures/20260828_143757,mm_per_px,1915,191.5177,0.422676
2026-08-28 14:41:09.717,captures/20260828_143757,mm_per_px,1916,191.6161,0.305738
2026-08-28 14:41:09.833,captures/20260828_143757,mm_per_px,1917,191.7321,0.291155
2026-08-28 14:41:09.943,captures/20260828_143757,mm_per_px,1918,191.8420,0.237691
2026-08-28 14:41:10.047,captures/20260828_143757,mm_per_px,1919,191.9466,0.209149
2026-08-28 14:41:10.114,captures/20260828_143757,mm_per_px,1920,192.0137,0.240898
2026-08-28 14:41:10.215,captures/20260828_143757,mm_per_px,1921,192.1141,0.358606
2026-08-28 14:41:10.313,captures/20260828_143757,mm_per_px,1922,192.2125,0.388433
2026-08-28 14:41:10.422,captures/20260828_143757,mm_per_px,1923,192.3210,0.345490
2026-08-28 14:41:10.513,captures/20260828_143757,mm_per_px,1924,192.4129,0.329154
2026-08-28 14:41:10.614,captures/20260828_143757,mm_per_px,1925,192.5133,0.314214
2026-08-28 14:41:10.717,captures/20260828_143757,mm_per_px,1926,192.6164,0.270785
2026-08-28 14:41:10.815,captures/20260828_143757,mm_per_px,1927,192.7148,0.212801
2026-08-28 14:41:10.926,captures/20260828_143757,mm_per_px,1928,192.8253,0.147084
2026-08-28 14:41:11.015,captures/20260828_143757,mm_per_px,1929,192.9145,0.140091
2026-08-28 14:41:11.128,captures/20260828_143757,mm_per_px,1930,193.0277,0.125825
2026-08-28 14:41:11.215,captures/20260828_143757,mm_per_px,1931,193.1148,0.110443
2026-08-28 14:41:11.313,captures/20260828_143757,mm_per_px,1932,193.2120,0.141348
2026-08-28 14:41:11.420,captures/20260828_143757,mm_per_px,1933,193.3199,0.167962
2026-08-28 14:41:11.567,captures/20260828_143757,mm_per_px,1934,193.4668,0.176251
2026-08-28 14:41:11.682,captures/20260828_143757,mm_per_px,1935,193.5815,0.197081
2026-08-28 14:41:11.718,captures/20260828_143757,mm_per_px,1936,193.6174,0.214035
2026-08-28 14:41:11.816,captures/20260828_143757,mm_per_px,1937,193.7151,0.136062
2026-08-28 14:41:11.930,captures/20260828_143757,mm_per_px,1938,193.8298,0.111474
2026-08-28 14:41:12.065,captures/20260828_143757,mm_per_px,1939,193.9645,0.086388
2026-08-28 14:41:12.128,captures/20260828_143757,mm_per_px,1940,194.0275,0.128521
2026-08-28 14:41:12.258,captures/20260828_143757,mm_per_px,1941,194.1572,0.140333
2026-08-28 14:41:12.320,captures/20260828_143757,mm_per_px,1942,194.2199,0.146225
2026-08-28 14:41:12.468,captures/20260828_143757,mm_per_px,1943,194.3679,0.173655
2026-08-28 14:41:12.572,captures/20260828_143757,mm_per_px,1944,194.4718,0.186440
2026-08-28 14:41:12.614,captures/20260828_143757,mm_per_px,1945,194.5138,0.169275
2026-08-28 14:41:12.718,captures/20260828_143757,mm_per_px,1946,194.6174,0.203837
2026-08-28 14:41:12.814,captures/20260828_143757,mm_per_px,1947,194.7135,0.227942
2026-08-28 14:41:12.915,captures/20260828_143757,mm_per_px,1948,194.8147,0.248383
2026-08-28 14:41:13.018,captures/20260828_143757,mm_per_px,1949,194.9178,0.239881
2026-08-28 14:41:13.160,captures/20260828_143757,mm_per_px,1950,195.0591,0.240905
2026-08-28 14:41:13.264,captures/20260828_143757,mm_per_px,1951,195.1638,0.180112
2026-08-28 14:41:13.311,captures/20260828_143757,mm_per_px,1952,195.2109,0.155947
2026-08-28 14:41:13.469,captures/20260828_143757,mm_per_px,1953,195.3682,0.140674
2026-08-28 14:41:13.554,captures/20260828_143757,mm_per_px,1954,195.4531,0.179404
2026-08-28 14:41:13.613,captures/20260828_143757,mm_per_px,1955,195.5121,0.182136
2026-08-28 14:41:13.716,captures/20260828_143757,mm_per_px,1956,195.6150,0.173738
2026-08-28 14:41:13.815,captures/20260828_143757,mm_per_px,1957,195.7146,0.172495
2026-08-28 14:41:13.959,captures/20260828_143757,mm_per_px,1958,195.8588,0.174259
2026-08-28 14:41:14.044,captures/20260828_143757,mm_per_px,1959,195.9438,0.159617
2026-08-28 14:41:14.165,captures/20260828_143757,mm_per_px,1960,196.0643,0.155871
2026-08-28 14:41:14.287,captures/20260828_143757,mm_per_px,1961,196.1868,0.168381
2026-08-28 14:41:14.323,captures/20260828_143757,mm_per_px,1962,196.2227,0.176098
2026-08-28 14:41:14.466,captures/20260828_143757,mm_per_px,1963,196.3655,0.162649
2026-08-28 14:41:14.539,captures/20260828_143757,mm_per_px,1964,196.4382,0.161770
2026-08-28 14:41:14.657,captures/20260828_143757,mm_per_px,1965,196.5566,0.190018
2026-08-28 14:41:14.751,captures/20260828_143757,mm_per_px,1966,196.6500,0.231784
2026-08-28 14:41:14.814,captures/20260828_143757,mm_per_px,1967,196.7131,0.259132
2026-08-28 14:41:14.919,captures/20260828_143757,mm_per_px,1968,196.8185,0.245707
2026-08-28 14:41:15.018,captures/20260828_143757,mm_per_px,1969,196.9170,0.198889
2026-08-28 14:41:15.117,captures/20260828_143757,mm_per_px,1970,197.0164,0.239561
2026-08-28 14:41:15.214,captures/20260828_143757,mm_per_px,1971,197.1130,0.294869
2026-08-28 14:41:15.328,captures/20260828_143757,mm_per_px,1972,197.2272,0.289704
2026-08-28 14:41:15.466,captures/20260828_143757,mm_per_px,1973,197.3659,0.283370
2026-08-28 14:41:15.582,captures/20260828_143757,mm_per_px,1974,197.4810,0.282338
2026-08-28 14:41:15.628,captures/20260828_143757,mm_per_px,1975,197.5277,0.302628
2026-08-28 14:41:15.716,captures/20260828_143757,mm_per_px,1976,197.6156,0.298881
2026-08-28 14:41:15.828,captures/20260828_143757,mm_per_px,1977,197.7277,0.251827
2026-08-28 14:41:15.915,captures/20260828_143757,mm_per_px,1978,197.8140,0.274019
2026-08-28 14:41:16.027,captures/20260828_143757,mm_per_px,1979,197.9263,0.267351
2026-08-28 14:41:16.117,captures/20260828_143757,mm_per_px,1980,198.0165,0.309269
2026-08-28 14:41:16.219,captures/20260828_143757,mm_per_px,1981,198.1188,0.320407
2026-08-28 14:41:16.355,captures/20260828_143757,mm_per_px,1982,198.2543,0.299044
2026-08-28 14:41:16.459,captures/20260828_143757,mm_per_px,1983,198.3582,0.269146
2026-08-28 14:41:16.515,captures/20260828_143757,mm_per_px,1984,198.4146,0.261281
2026-08-28 14:41:16.624,captures/20260828_143757,mm_per_px,1985,198.5239,0.270628
2026-08-28 14:41:16.713,captures/20260828_143757,mm_per_px,1986,198.6129,0.272358
2026-08-28 14:41:16.817,captures/20260828_143757,mm_per_px,1987,198.7167,0.246848
2026-08-28 14:41:16.915,captures/20260828_143757,mm_per_px,1988,198.8145,0.258333
2026-08-28 14:41:17.026,captures/20260828_143757,mm_per_px,1989,198.9251,0.269824
2026-08-28 14:41:17.171,captures/20260828_143757,mm_per_px,1990,199.0701,0.264983
2026-08-28 14:41:17.267,captures/20260828_143757,mm_per_px,1991,199.1668,0.297375
2026-08-28 14:41:17.314,captures/20260828_143757,mm_per_px,1992,199.2133,0.305490
2026-08-28 14:41:17.456,captures/20260828_143757,mm_per_px,1993,199.3554,0.236969
2026-08-28 14:41:17.526,captures/20260828_143757,mm_per_px,1994,199.4257,0.235624
2026-08-28 14:41:17.617,captures/20260828_143757,mm_per_px,1995,199.5162,0.259699
2026-08-28 14:41:17.728,captures/20260828_143757,mm_per_px,1996,199.6273,0.259048
2026-08-28 14:41:17.817,captures/20260828_143757,mm_per_px,1997,199.7162,0.245799
2026-08-28 14:41:17.922,captures/20260828_143757,mm_per_px,1998,199.8214,0.253622
2026-08-28 14:41:18.016,captures/20260828_143757,mm_per_px,1999,199.9158,0.222286
2026-08-28 14:41:18.120,captures/20260828_143757,mm_per_px,2000,200.0192,0.206095
2026-08-28 14:41:18.217,captures/20260828_143757,mm_per_px,2001,200.1162,0.213593
2026-08-28 14:41:18.332,captures/20260828_143757,mm_per_px,2002,200.2318,0.243006
2026-08-28 14:41:18.469,captures/20260828_143757,mm_per_px,2003,200.3685,0.306159
2026-08-28 14:41:18.585,captures/20260828_143757,mm_per_px,2004,200.4840,0.246251
2026-08-28 14:41:18.623,captures/20260828_143757,mm_per_px,2005,200.5220,0.261738
2026-08-28 14:41:18.763,captures/20260828_143757,mm_per_px,2006,200.6627,0.353213
2026-08-28 14:41:18.855,captures/20260828_143757,mm_per_px,2007,200.7540,0.284274
2026-08-28 14:41:18.914,captures/20260828_143757,mm_per_px,2008,200.8130,0.277150
2026-08-28 14:41:19.014,captures/20260828_143757,mm_per_px,2009,200.9137,0.325127
2026-08-28 14:41:19.168,captures/20260828_143757,mm_per_px,2010,201.0675,0.401076
2026-08-28 14:41:19.252,captures/20260828_143757,mm_per_px,2011,201.1514,0.379537
2026-08-28 14:41:19.363,captures/20260828_143757,mm_per_px,2012,201.2626,0.402322
2026-08-28 14:41:19.463,captures/20260828_143757,mm_per_px,2013,201.3625,0.373854
2026-08-28 14:41:19.514,captures/20260828_143757,mm_per_px,2014,201.4134,0.358545
2026-08-28 14:41:19.619,captures/20260828_143757,mm_per_px,2015,201.5181,0.365495
2026-08-28 14:41:19.740,captures/20260828_143757,mm_per_px,2016,201.6397,0.352248
2026-08-28 14:41:19.831,captures/20260828_143757,mm_per_px,2017,201.7308,0.379607
2026-08-28 14:41:19.968,captures/20260828_143757,mm_per_px,2018,201.8676,0.422196
2026-08-28 14:41:20.068,captures/20260828_143757,mm_per_px,2019,201.9673,0.383505
2026-08-28 14:41:20.161,captures/20260828_143757,mm_per_px,2020,202.0603,0.265765
2026-08-28 14:41:20.273,captures/20260828_143757,mm_per_px,2021,202.1724,0.259020
2026-08-28 14:41:20.353,captures/20260828_143757,mm_per_px,2022,202.2527,0.253262
2026-08-28 14:41:20.455,captures/20260828_143757,mm_per_px,2023,202.3540,0.266247
2026-08-28 14:41:20.556,captures/20260828_143757,mm_per_px,2024,202.4558,0.232534
2026-08-28 14:41:20.660,captures/20260828_143757,mm_per_px,2025,202.5596,0.191157
2026-08-28 14:41:20.719,captures/20260828_143757,mm_per_px,2026,202.6188,0.159167
2026-08-28 14:41:20.862,captures/20260828_143757,mm_per_px,2027,202.7618,0.189942
2026-08-28 14:41:20.970,captures/20260828_143757,mm_per_px,2028,202.8692,0.207127
2026-08-28 14:41:21.072,captures/20260828_143757,mm_per_px,2029,202.9713,0.160342
2026-08-28 14:41:21.176,captures/20260828_143757,mm_per_px,2030,203.0755,0.157287
2026-08-28 14:41:21.265,captures/20260828_143757,mm_per_px,2031,203.1642,0.174111
2026-08-28 14:41:21.353,captures/20260828_143757,mm_per_px,2032,203.2529,0.180791
2026-08-28 14:41:21.458,captures/20260828_143757,mm_per_px,2033,203.3575,0.174977
2026-08-28 14:41:21.546,captures/20260828_143757,mm_per_px,2034,203.4458,0.209489
2026-08-28 14:41:21.656,captures/20260828_143757,mm_per_px,2035,203.5553,0.195014
2026-08-28 14:41:21.759,captures/20260828_143757,mm_per_px,2036,203.6588,0.216217
2026-08-28 14:41:21.864,captures/20260828_143757,mm_per_px,2037,203.7636,0.263751
2026-08-28 14:41:21.966,captures/20260828_143757,mm_per_px,2038,203.8651,0.287348
2026-08-28 14:41:22.056,captures/20260828_143757,mm_per_px,2039,203.9555,0.289130
2026-08-28 14:41:22.167,captures/20260828_143757,mm_per_px,2040,204.0669,0.246594
2026-08-28 14:41:22.265,captures/20260828_143757,mm_per_px,2041,204.1640,0.208270
2026-08-28 14:41:22.362,captures/20260828_143757,mm_per_px,2042,204.2618,0.231972
2026-08-28 14:41:22.416,captures/20260828_143757,mm_per_px,2043,204.3159,0.259763
2026-08-28 14:41:22.528,captures/20260828_143757,mm_per_px,2044,204.4275,0.262194
2026-08-28 14:41:22.623,captures/20260828_143757,mm_per_px,2045,204.5225,0.259906
2026-08-28 14:41:22.765,captures/20260828_143757,mm_per_px,2046,204.6641,0.340685
2026-08-28 14:41:22.880,captures/20260828_143757,mm_per_px,2047,204.7792,0.370879
2026-08-28 14:41:22.961,captures/20260828_143757,mm_per_px,2048,204.8600,0.352727
2026-08-28 14:41:23.017,captures/20260828_143757,mm_per_px,2049,204.9165,0.339160
2026-08-28 14:41:23.115,captures/20260828_143757,mm_per_px,2050,205.0147,0.286463
2026-08-28 14:41:23.218,captures/20260828_143757,mm_per_px,2051,205.1170,0.256142
2026-08-28 14:41:23.316,captures/20260828_143757,mm_per_px,2052,205.2156,0.202546
2026-08-28 14:41:23.457,captures/20260828_143757,mm_per_px,2053,205.3567,0.177048
2026-08-28 14:41:23.519,captures/20260828_143757,mm_per_px,2054,205.4180,0.201769
2026-08-28 14:41:23.617,captures/20260828_143757,mm_per_px,2055,205.5163,0.169537
2026-08-28 14:41:23.723,captures/20260828_143757,mm_per_px,2056,205.6223,0.154446
2026-08-28 14:41:23.861,captures/20260828_143757,mm_per_px,2057,205.7609,0.162934
2026-08-28 14:41:23.980,captures/20260828_143757,mm_per_px,2058,205.8795,0.152691
2026-08-28 14:41:24.021,captures/20260828_143757,mm_per_px,2059,205.9207,0.141667
2026-08-28 14:41:24.116,captures/20260828_143757,mm_per_px,2060,206.0155,0.190665
2026-08-28 14:41:24.231,captures/20260828_143757,mm_per_px,2061,206.1305,0.157813
2026-08-28 14:41:24.314,captures/20260828_143757,mm_per_px,2062,206.2135,0.156216
2026-08-28 14:41:24.470,captures/20260828_143757,mm_per_px,2063,206.3691,0.159141
2026-08-28 14:41:24.586,captures/20260828_143757,mm_per_px,2064,206.4855,0.173432
2026-08-28 14:41:24.698,captures/20260828_143757,mm_per_px,2065,206.5977,0.185731
2026-08-28 14:41:24.795,captures/20260828_143757,mm_per_px,2066,206.6944,0.193162
2026-08-28 14:41:24.831,captures/20260828_143757,mm_per_px,2067,206.7305,0.220787
2026-08-28 14:41:24.916,captures/20260828_143757,mm_per_px,2068,206.8155,0.211830
2026-08-28 14:41:25.016,captures/20260828_143757,mm_per_px,2069,206.9158,0.169446
2026-08-28 14:41:25.162,captures/20260828_143757,mm_per_px,2070,207.0612,0.183827
2026-08-28 14:41:25.267,captures/20260828_143757,mm_per_px,2071,207.1666,0.197711
2026-08-28 14:41:25.371,captures/20260828_143757,mm_per_px,2072,207.2706,0.173004
2026-08-28 14:41:25.488,captures/20260828_143757,mm_per_px,2073,207.3874,0.131301
2026-08-28 14:41:25.570,captures/20260828_143757,mm_per_px,2074,207.4697,0.150659
2026-08-28 14:41:25.615,captures/20260828_143757,mm_per_px,2075,207.5143,0.182416
2026-08-28 14:41:25.757,captures/20260828_143757,mm_per_px,2076,207.6567,0.212961
2026-08-28 14:41:25.872,captures/20260828_143757,mm_per_px,2077,207.7710,0.233376
2026-08-28 14:41:25.966,captures/20260828_143757,mm_per_px,2078,207.8653,0.194266
2026-08-28 14:41:26.079,captures/20260828_143757,mm_per_px,2079,207.9780,0.198605
2026-08-28 14:41:26.118,captures/20260828_143757,mm_per_px,2080,208.0170,0.180860
2026-08-28 14:41:26.270,captures/20260828_143757,mm_per_px,2081,208.1699,0.166773
2026-08-28 14:41:26.395,captures/20260828_143757,mm_per_px,2082,208.2940,0.165279
2026-08-28 14:41:26.431,captures/20260828_143757,mm_per_px,2083,208.3303,0.157980
2026-08-28 14:41:26.559,captures/20260828_143757,mm_per_px,2084,208.4588,0.147302
2026-08-28 14:41:26.650,captures/20260828_143757,mm_per_px,2085,208.5493,0.170762
2026-08-28 14:41:26.761,captures/20260828_143757,mm_per_px,2086,208.6605,0.112495
2026-08-28 14:41:26.877,captures/20260828_143757,mm_per_px,2087,208.7766,0.101443
2026-08-28 14:41:26.923,captures/20260828_143757,mm_per_px,2088,208.8221,0.106557
2026-08-28 14:41:27.071,captures/20260828_143757,mm_per_px,2089,208.9707,0.122951
2026-08-28 14:41:27.153,captures/20260828_143757,mm_per_px,2090,209.0529,0.150190
2026-08-28 14:41:27.271,captures/20260828_143757,mm_per_px,2091,209.1703,0.136291
2026-08-28 14:41:27.388,captures/20260828_143757,mm_per_px,2092,209.2876,0.113952
2026-08-28 14:41:27.425,captures/20260828_143757,mm_per_px,2093,209.3241,0.101449
2026-08-28 14:41:27.560,captures/20260828_143757,mm_per_px,2094,209.4599,0.094596
2026-08-28 14:41:27.675,captures/20260828_143757,mm_per_px,2095,209.5740,0.084793
2026-08-28 14:41:27.715,captures/20260828_143757,mm_per_px,2096,209.6143,0.045430
2026-08-28 14:41:27.870,captures/20260828_143757,mm_per_px,2097,209.7694,0.051067
2026-08-28 14:41:27.917,captures/20260828_143757,mm_per_px,2098,209.8164,0.070398
2026-08-28 14:41:28.063,captures/20260828_143757,mm_per_px,2099,209.9621,0.091981
2026-08-28 14:41:28.179,captures/20260828_143757,mm_per_px,2100,210.0785,0.133338
2026-08-28 14:41:28.267,captures/20260828_143757,mm_per_px,2101,210.1663,0.116424
2026-08-28 14:41:28.330,captures/20260828_143757,mm_per_px,2102,210.2296,0.079963
2026-08-28 14:41:28.473,captures/20260828_143757,mm_per_px,2103,210.3726,0.077300
2026-08-28 14:41:28.588,captures/20260828_143757,mm_per_px,2104,210.4875,0.079734
2026-08-28 14:41:28.631,captures/20260828_143757,mm_per_px,2105,210.5305,0.070305
2026-08-28 14:41:28.760,captures/20260828_143757,mm_per_px,2106,210.6597,0.085556
2026-08-28 14:41:28.864,captures/20260828_143757,mm_per_px,2107,210.7635,0.118458
2026-08-28 14:41:28.965,captures/20260828_143757,mm_per_px,2108,210.8649,0.093013
2026-08-28 14:41:29.017,captures/20260828_143757,mm_per_px,2109,210.9168,0.073314
2026-08-28 14:41:29.162,captures/20260828_143757,mm_per_px,2110,211.0614,0.109926
2026-08-28 14:41:29.266,captures/20260828_143757,mm_per_px,2111,211.1651,0.088287
2026-08-28 14:41:29.358,captures/20260828_143757,mm_per_px,2112,211.2579,0.082064
2026-08-28 14:41:29.465,captures/20260828_143757,mm_per_px,2113,211.3648,0.107731
2026-08-28 14:41:29.578,captures/20260828_143757,mm_per_px,2114,211.4778,0.126319
2026-08-28 14:41:29.632,captures/20260828_143757,mm_per_px,2115,211.5315,0.105670
2026-08-28 14:41:29.718,captures/20260828_143757,mm_per_px,2116,211.6172,0.128488
2026-08-28 14:41:29.819,captures/20260828_143757,mm_per_px,2117,211.7183,0.197031
2026-08-28 14:41:29.965,captures/20260828_143757,mm_per_px,2118,211.8641,0.203208
2026-08-28 14:41:30.067,captures/20260828_143757,mm_per_px,2119,211.9665,0.212399
2026-08-28 14:41:30.157,captures/20260828_143757,mm_per_px,2120,212.0562,0.215548
2026-08-28 14:41:30.269,captures/20260828_143757,mm_per_px,2121,212.1682,0.193163
2026-08-28 14:41:30.351,captures/20260828_143757,mm_per_px,2122,212.2504,0.170161
2026-08-28 14:41:30.415,captures/20260828_143757,mm_per_px,2123,212.3149,0.149794
2026-08-28 14:41:30.527,captures/20260828_143757,mm_per_px,2124,212.4265,0.182803
2026-08-28 14:41:30.622,captures/20260828_143757,mm_per_px,2125,212.5211,0.152898
2026-08-28 14:41:30.732,captures/20260828_143757,mm_per_px,2126,212.6311,0.146705
2026-08-28 14:41:30.819,captures/20260828_143757,mm_per_px,2127,212.7180,0.162139
2026-08-28 14:41:30.917,captures/20260828_143757,mm_per_px,2128,212.8165,0.133926
2026-08-28 14:41:31.064,captures/20260828_143757,mm_per_px,2129,212.9636,0.117771
2026-08-28 14:41:31.130,captures/20260828_143757,mm_per_px,2130,213.0294,0.088082
2026-08-28 14:41:31.217,captures/20260828_143757,mm_per_px,2131,213.1164,0.062638
2026-08-28 14:41:31.333,captures/20260828_143757,mm_per_px,2132,213.2325,0.030087
2026-08-28 14:41:31.415,captures/20260828_143757,mm_per_px,2133,213.3146,0.038186
2026-08-28 14:41:31.569,captures/20260828_143757,mm_per_px,2134,213.4688,0.024123
2026-08-28 14:41:31.683,captures/20260828_143757,mm_per_px,2135,213.5828,0.024318
2026-08-28 14:41:31.727,captures/20260828_143757,mm_per_px,2136,213.6262,0.029074
2026-08-28 14:41:31.859,captures/20260828_143757,mm_per_px,2137,213.7580,0.040363
2026-08-28 14:41:31.974,captures/20260828_143757,mm_per_px,2138,213.8738,0.061939
2026-08-28 14:41:32.027,captures/20260828_143757,mm_per_px,2139,213.9265,0.079416
2026-08-28 14:41:32.161,captures/20260828_143757,mm_per_px,2140,214.0604,0.103259
2026-08-28 14:41:32.275,captures/20260828_143757,mm_per_px,2141,214.1747,0.095108
2026-08-28 14:41:32.368,captures/20260828_143757,mm_per_px,2142,214.2672,0.105574
2026-08-28 14:41:32.460,captures/20260828_143757,mm_per_px,2143,214.3593,0.152208
2026-08-28 14:41:32.521,captures/20260828_143757,mm_per_px,2144,214.4208,0.166205
2026-08-28 14:41:32.667,captures/20260828_143757,mm_per_px,2145,214.5667,0.177937
2026-08-28 14:41:32.784,captures/20260828_143757,mm_per_px,2146,214.6839,0.233815
2026-08-28 14:41:32.830,captures/20260828_143757,mm_per_px,2147,214.7295,0.213992
2026-08-28 14:41:32.914,captures/20260828_143757,mm_per_px,2148,214.8135,0.182624
2026-08-28 14:41:33.033,captures/20260828_143757,mm_per_px,2149,214.9324,0.205212
2026-08-28 14:41:33.131,captures/20260828_143757,mm_per_px,2150,215.0306,0.172626
2026-08-28 14:41:33.214,captures/20260828_143757,mm_per_px,2151,215.1133,0.196833
2026-08-28 14:41:33.318,captures/20260828_143757,mm_per_px,2152,215.2171,0.153823
2026-08-28 14:41:33.463,captures/20260828_143757,mm_per_px,2153,215.3626,0.147689
2026-08-28 14:41:33.580,captures/20260828_143757,mm_per_px,2154,215.4791,0.185193
2026-08-28 14:41:33.620,captures/20260828_143757,mm_per_px,2155,215.5192,0.243525
2026-08-28 14:41:33.715,captures/20260828_143757,mm_per_px,2156,215.6148,0.228823
2026-08-28 14:41:33.814,captures/20260828_143757,mm_per_px,2157,215.7130,0.229495
2026-08-28 14:41:33.961,captures/20260828_143757,mm_per_px,2158,215.8600,0.184525
2026-08-28 14:41:34.028,captures/20260828_143757,mm_per_px,2159,215.9278,0.184233
2026-08-28 14:41:34.171,captures/20260828_143757,mm_per_px,2160,216.0703,0.182133
2026-08-28 14:41:34.286,captures/20260828_143757,mm_per_px,2161,216.1851,0.207983
2026-08-28 14:41:34.322,captures/20260828_143757,mm_per_px,2162,216.2218,0.205141
2026-08-28 14:41:34.456,captures/20260828_143757,mm_per_px,2163,216.3558,0.193500
2026-08-28 14:41:34.537,captures/20260828_143757,mm_per_px,2164,216.4369,0.214695
2026-08-28 14:41:34.661,captures/20260828_143757,mm_per_px,2165,216.5604,0.180989
2026-08-28 14:41:34.781,captures/20260828_143757,mm_per_px,2166,216.6807,0.200907
2026-08-28 14:41:34.820,captures/20260828_143757,mm_per_px,2167,216.7196,0.159382
2026-08-28 14:41:34.967,captures/20260828_143757,mm_per_px,2168,216.8664,0.189442
2026-08-28 14:41:35.057,captures/20260828_143757,mm_per_px,2169,216.9569,0.189450
2026-08-28 14:41:35.161,captures/20260828_143757,mm_per_px,2170,217.0602,0.270083
2026-08-28 14:41:35.280,captures/20260828_143757,mm_per_px,2171,217.1793,0.239968
2026-08-28 14:41:35.387,captures/20260828_143757,mm_per_px,2172,217.2867,0.289978
2026-08-28 14:41:35.420,captures/20260828_143757,mm_per_px,2173,217.3197,0.318746
2026-08-28 14:41:35.562,captures/20260828_143757,mm_per_px,2174,217.4617,0.316883
2026-08-28 14:41:35.654,captures/20260828_143757,mm_per_px,2175,217.5535,0.305217
2026-08-28 14:41:35.753,captures/20260828_143757,mm_per_px,2176,217.6523,0.287086
2026-08-28 14:41:35.865,captures/20260828_143757,mm_per_px,2177,217.7647,0.283102
2026-08-28 14:41:35.961,captures/20260828_143757,mm_per_px,2178,217.8603,0.287346
2026-08-28 14:41:36.078,captures/20260828_143757,mm_per_px,2179,217.9773,0.267140
2026-08-28 14:41:36.114,captures/20260828_143757,mm_per_px,2180,218.0139,0.275854
2026-08-28 14:41:36.260,captures/20260828_143757,mm_per_px,2181,218.1599,0.272831
2026-08-28 14:41:36.376,captures/20260828_143757,mm_per_px,2182,218.2751,0.230592
2026-08-28 14:41:36.426,captures/20260828_143757,mm_per_px,2183,218.3254,0.228260
2026-08-28 14:41:36.563,captures/20260828_143757,mm_per_px,2184,218.4629,0.228616
2026-08-28 14:41:36.679,captures/20260828_143757,mm_per_px,2185,218.5783,0.186918
2026-08-28 14:41:36.724,captures/20260828_143757,mm_per_px,2186,218.6233,0.243329
2026-08-28 14:41:36.854,captures/20260828_143757,mm_per_px,2187,218.7537,0.278527
2026-08-28 14:41:36.961,captures/20260828_143757,mm_per_px,2188,218.8606,0.287798
2026-08-28 14:41:37.072,captures/20260828_143757,mm_per_px,2189,218.9710,0.291151
2026-08-28 14:41:37.187,captures/20260828_143757,mm_per_px,2190,219.0864,0.232862
2026-08-28 14:41:37.235,captures/20260828_143757,mm_per_px,2191,219.1343,0.219548
2026-08-28 14:41:37.360,captures/20260828_143757,mm_per_px,2192,219.2598,0.201402
2026-08-28 14:41:37.442,captures/20260828_143757,mm_per_px,2193,219.3419,0.190582
2026-08-28 14:41:37.567,captures/20260828_143757,mm_per_px,2194,219.4668,0.201771
2026-08-28 14:41:37.685,captures/20260828_143757,mm_per_px,2195,219.5842,0.221293
2026-08-28 14:41:37.719,captures/20260828_143757,mm_per_px,2196,219.6187,0.199941
2026-08-28 14:41:37.866,captures/20260828_143757,mm_per_px,2197,219.7655,0.183775
2026-08-28 14:41:37.927,captures/20260828_143757,mm_per_px,2198,219.8266,0.225413
2026-08-28 14:41:38.068,captures/20260828_143757,mm_per_px,2199,219.9678,0.222750
2026-08-28 14:41:38.174,captures/20260828_143757,mm_per_px,2200,220.0734,0.213445
2026-08-28 14:41:38.213,captures/20260828_143757,mm_per_px,2201,220.1129,0.231484
2026-08-28 14:41:38.373,captures/20260828_143757,mm_per_px,2202,220.2727,0.257219
2026-08-28 14:41:38.491,captures/20260828_143757,mm_per_px,2203,220.3901,0.268809
2026-08-28 14:41:38.527,captures/20260828_143757,mm_per_px,2204,220.4261,0.250693
2026-08-28 14:41:38.617,captures/20260828_143757,mm_per_px,2205,220.5165,0.198202
2026-08-28 14:41:38.761,captures/20260828_143757,mm_per_px,2206,220.6602,0.184062
2026-08-28 14:41:38.871,captures/20260828_143757,mm_per_px,2207,220.7700,0.177037
2026-08-28 14:41:38.960,captures/20260828_143757,mm_per_px,2208,220.8595,0.217952
2026-08-28 14:41:39.069,captures/20260828_143757,mm_per_px,2209,220.9684,0.301619
2026-08-28 14:41:39.113,captures/20260828_143757,mm_per_px,2210,221.0128,0.349412
2026-08-28 14:41:39.213,captures/20260828_143757,mm_per_px,2211,221.1125,0.441121
2026-08-28 14:41:39.319,captures/20260828_143757,mm_per_px,2212,221.2185,0.341110
2026-08-28 14:41:39.463,captures/20260828_143757,mm_per_px,2213,221.3621,0.202356
2026-08-28 14:41:39.519,captures/20260828_143757,mm_per_px,2214,221.4182,0.143353
2026-08-28 14:41:39.655,captures/20260828_143757,mm_per_px,2215,221.5545,0.105392
2026-08-28 14:41:39.774,captures/20260828_143757,mm_per_px,2216,221.6738,0.051226
2026-08-28 14:41:39.860,captures/20260828_143757,mm_per_px,2217,221.7592,0.038578
2026-08-28 14:41:39.965,captures/20260828_143757,mm_per_px,2218,221.8649,0.038756
2026-08-28 14:41:40.071,captures/20260828_143757,mm_per_px,2219,221.9704,0.036279
2026-08-28 14:41:40.157,captures/20260828_143757,mm_per_px,2220,222.0565,0.030905
2026-08-28 14:41:40.255,captures/20260828_143757,mm_per_px,2221,222.1545,0.043494
2026-08-28 14:41:40.362,captures/20260828_143757,mm_per_px,2222,222.2617,0.064210
2026-08-28 14:41:40.469,captures/20260828_143757,mm_per_px,2223,222.3687,0.068126
2026-08-28 14:41:40.570,captures/20260828_143757,mm_per_px,2224,222.4695,0.054930
2026-08-28 14:41:40.680,captures/20260828_143757,mm_per_px,2225,222.5795,0.061026
2026-08-28 14:41:40.727,captures/20260828_143757,mm_per_px,2226,222.6269,0.063693
2026-08-28 14:41:40.860,captures/20260828_143757,mm_per_px,2227,222.7590,0.047855
2026-08-28 14:41:40.964,captures/20260828_143757,mm_per_px,2228,222.8630,0.049752
2026-08-28 14:41:41.013,captures/20260828_143757,mm_per_px,2229,222.9124,0.049472
2026-08-28 14:41:41.165,captures/20260828_143757,mm_per_px,2230,223.0645,0.051174
2026-08-28 14:41:41.271,captures/20260828_143757,mm_per_px,2231,223.1709,0.056827
2026-08-28 14:41:41.358,captures/20260828_143757,mm_per_px,2232,223.2574,0.041008
2026-08-28 14:41:41.462,captures/20260828_143757,mm_per_px,2233,223.3617,0.025543
2026-08-28 14:41:41.560,captures/20260828_143757,mm_per_px,2234,223.4594,0.017683
2026-08-28 14:41:41.661,captures/20260828_143757,mm_per_px,2235,223.5608,0.020575
2026-08-28 14:41:41.763,captures/20260828_143757,mm_per_px,2236,223.6624,0.031883
2026-08-28 14:41:41.878,captures/20260828_143757,mm_per_px,2237,223.7774,0.060593
2026-08-28 14:41:41.960,captures/20260828_143757,mm_per_px,2238,223.8598,0.054101
2026-08-28 14:41:42.073,captures/20260828_143757,mm_per_px,2239,223.9725,0.064487
2026-08-28 14:41:42.116,captures/20260828_143757,mm_per_px,2240,224.0150,0.044429
2026-08-28 14:41:42.263,captures/20260828_143757,mm_per_px,2241,224.1627,0.057501
2026-08-28 14:41:42.372,captures/20260828_143757,mm_per_px,2242,224.2711,0.068647
2026-08-28 14:41:42.419,captures/20260828_143757,mm_per_px,2243,224.3180,0.061515
2026-08-28 14:41:42.567,captures/20260828_143757,mm_per_px,2244,224.4665,0.089826
2026-08-28 14:41:42.684,captures/20260828_143757,mm_per_px,2245,224.5838,0.133758
2026-08-28 14:41:42.774,captures/20260828_143757,mm_per_px,2246,224.6732,0.145145
2026-08-28 14:41:42.819,captures/20260828_143757,mm_per_px,2247,224.7184,0.153366
2026-08-28 14:41:42.920,captures/20260828_143757,mm_per_px,2248,224.8194,0.194037
2026-08-28 14:41:43.042,captures/20260828_143757,mm_per_px,2249,224.9419,0.156779
2026-08-28 14:41:43.145,captures/20260828_143757,mm_per_px,2250,225.0446,0.145408
2026-08-28 14:41:43.216,captures/20260828_143757,mm_per_px,2251,225.1156,0.144676
2026-08-28 14:41:43.329,captures/20260828_143757,mm_per_px,2252,225.2282,0.161438
2026-08-28 14:41:43.463,captures/20260828_143757,mm_per_px,2253,225.3626,0.170017
2026-08-28 14:41:43.553,captures/20260828_143757,mm_per_px,2254,225.4523,0.172575
2026-08-28 14:41:43.655,captures/20260828_143757,mm_per_px,2255,225.5545,0.176260
2026-08-28 14:41:43.770,captures/20260828_143757,mm_per_px,2256,225.6693,0.104072
2026-08-28 14:41:43.874,captures/20260828_143757,mm_per_px,2257,225.7730,0.106349
2026-08-28 14:41:43.969,captures/20260828_143757,mm_per_px,2258,225.8682,0.099905
2026-08-28 14:41:44.017,captures/20260828_143757,mm_per_px,2259,225.9166,0.127223
2026-08-28 14:41:44.171,captures/20260828_143757,mm_per_px,2260,226.0706,0.161533
2026-08-28 14:41:44.280,captures/20260828_143757,mm_per_px,2261,226.1795,0.155050
2026-08-28 14:41:44.321,captures/20260828_143757,mm_per_px,2262,226.2207,0.136219
2026-08-28 14:41:44.469,captures/20260828_143757,mm_per_px,2263,226.3681,0.138267
2026-08-28 14:41:44.528,captures/20260828_143757,mm_per_px,2264,226.4274,0.117216
2026-08-28 14:41:44.616,captures/20260828_143757,mm_per_px,2265,226.5153,0.104290
2026-08-28 14:41:44.761,captures/20260828_143757,mm_per_px,2266,226.6602,0.120590
2026-08-28 14:41:44.852,captures/20260828_143757,mm_per_px,2267,226.7514,0.138472
2026-08-28 14:41:44.968,captures/20260828_143757,mm_per_px,2268,226.8679,0.148285
2026-08-28 14:41:45.060,captures/20260828_143757,mm_per_px,2269,226.9599,0.134406
2026-08-28 14:41:45.168,captures/20260828_143757,mm_per_px,2270,227.0676,0.131556
2026-08-28 14:41:45.277,captures/20260828_143757,mm_per_px,2271,227.1763,0.121066
2026-08-28 14:41:45.319,captures/20260828_143757,mm_per_px,2272,227.2184,0.049460
2026-08-28 14:41:45.457,captures/20260828_143757,mm_per_px,2273,227.3564,0.029676
2026-08-28 14:41:45.556,captures/20260828_143757,mm_per_px,2274,227.4556,0.024663
2026-08-28 14:41:45.615,captures/20260828_143757,mm_per_px,2275,227.5146,0.038509
2026-08-28 14:41:45.726,captures/20260828_143757,mm_per_px,2276,227.6252,0.054471
2026-08-28 14:41:45.827,captures/20260828_143757,mm_per_px,2277,227.7266,0.033200
2026-08-28 14:41:45.913,captures/20260828_143757,mm_per_px,2278,227.8129,0.034097
2026-08-28 14:41:46.117,captures/20260828_143757,mm_per_px,2279,228.0166,0.023088
2026-08-28 14:41:46.159,captures/20260828_143757,mm_per_px,2280,228.0585,0.032585
2026-08-28 14:41:46.269,captures/20260828_143757,mm_per_px,2281,228.1681,0.021705
2026-08-28 14:41:46.315,captures/20260828_143757,mm_per_px,2282,228.2146,0.037226
2026-08-28 14:41:46.473,captures/20260828_143757,mm_per_px,2283,228.3723,0.054363
2026-08-28 14:41:46.541,captures/20260828_143757,mm_per_px,2284,228.4405,0.072226
2026-08-28 14:41:46.665,captures/20260828_143757,mm_per_px,2285,228.5644,0.109047
2026-08-28 14:41:46.737,captures/20260828_143757,mm_per_px,2286,228.6362,0.075889
2026-08-28 14:41:46.859,captures/20260828_143757,mm_per_px,2287,228.7585,0.060249
2026-08-28 14:41:46.915,captures/20260828_143757,mm_per_px,2288,228.8146,0.072213
2026-08-28 14:41:47.060,captures/20260828_143757,mm_per_px,2289,228.9593,0.080006
2026-08-28 14:41:47.132,captures/20260828_143757,mm_per_px,2290,229.0318,0.064212
2026-08-28 14:41:47.260,captures/20260828_143757,mm_per_px,2291,229.1596,0.072051
2026-08-28 14:41:47.321,captures/20260828_143757,mm_per_px,2292,229.2205,0.065977
2026-08-28 14:41:47.475,captures/20260828_143757,mm_per_px,2293,229.3742,0.064816
2026-08-28 14:41:47.519,captures/20260828_143757,mm_per_px,2294,229.4185,0.044855
2026-08-28 14:41:47.662,captures/20260828_143757,mm_per_px,2295,229.5619,0.066514
2026-08-28 14:41:47.729,captures/20260828_143757,mm_per_px,2296,229.6284,0.084180
2026-08-28 14:41:47.872,captures/20260828_143757,mm_per_px,2297,229.7711,0.096975
2026-08-28 14:41:47.943,captures/20260828_143757,mm_per_px,2298,229.8429,0.089424
2026-08-28 14:41:48.068,captures/20260828_143757,mm_per_px,2299,229.9670,0.118559
2026-08-28 14:41:48.165,captures/20260828_143757,mm_per_px,2300,230.0645,0.119458
2026-08-28 14:41:48.263,captures/20260828_143757,mm_per_px,2301,230.1622,0.138028
2026-08-28 14:41:48.317,captures/20260828_143757,mm_per_px,2302,230.2165,0.174419
2026-08-28 14:41:48.413,captures/20260828_143757,mm_per_px,2303,230.3127,0.118810
2026-08-28 14:41:48.519,captures/20260828_143757,mm_per_px,2304,230.4182,0.086436
2026-08-28 14:41:48.654,captures/20260828_143757,mm_per_px,2305,230.5534,0.094195
2026-08-28 14:41:48.715,captures/20260828_143757,mm_per_px,2306,230.6143,0.121042
2026-08-28 14:41:48.868,captures/20260828_143757,mm_per_px,2307,230.7676,0.080716
2026-08-28 14:41:48.925,captures/20260828_143757,mm_per_px,2308,230.8247,0.093681
2026-08-28 14:41:49.061,captures/20260828_143757,mm_per_px,2309,230.9600,0.106402
2026-08-28 14:41:49.117,captures/20260828_143757,mm_per_px,2310,231.0165,0.123643
2026-08-28 14:41:49.258,captures/20260828_143757,mm_per_px,2311,231.1574,0.175555
2026-08-28 14:41:49.314,captures/20260828_143757,mm_per_px,2312,231.2132,0.186377
2026-08-28 14:41:49.473,captures/20260828_143757,mm_per_px,2313,231.3724,0.194068
2026-08-28 14:41:49.539,captures/20260828_143757,mm_per_px,2314,231.4388,0.198184
2026-08-28 14:41:49.666,captures/20260828_143757,mm_per_px,2315,231.5652,0.247677
2026-08-28 14:41:49.725,captures/20260828_143757,mm_per_px,2316,231.6241,0.249282
2026-08-28 14:41:49.858,captures/20260828_143757,mm_per_px,2317,231.7573,0.192486
2026-08-28 14:41:49.934,captures/20260828_143757,mm_per_px,2318,231.8336,0.173526
2026-08-28 14:41:50.068,captures/20260828_143757,mm_per_px,2319,231.9674,0.131174
2026-08-28 14:41:50.150,captures/20260828_143757,mm_per_px,2320,232.0493,0.082534
2026-08-28 14:41:50.261,captures/20260828_143757,mm_per_px,2321,232.1600,0.084149
2026-08-28 14:41:50.327,captures/20260828_143757,mm_per_px,2322,232.2265,0.091961
2026-08-28 14:41:50.459,captures/20260828_143757,mm_per_px,2323,232.3581,0.098816
2026-08-28 14:41:50.514,captures/20260828_143757,mm_per_px,2324,232.4134,0.107637
2026-08-28 14:41:50.614,captures/20260828_143757,mm_per_px,2325,232.5134,0.104851
2026-08-28 14:41:50.718,captures/20260828_143757,mm_per_px,2326,232.6177,0.143417
2026-08-28 14:41:50.814,captures/20260828_143757,mm_per_px,2327,232.7135,0.156183
2026-08-28 14:41:50.956,captures/20260828_143757,mm_per_px,2328,232.8554,0.143060
2026-08-28 14:41:51.017,captures/20260828_143757,mm_per_px,2329,232.9167,0.118594
2026-08-28 14:41:51.158,captures/20260828_143757,mm_per_px,2330,233.0575,0.111229
2026-08-28 14:41:51.269,captures/20260828_143757,mm_per_px,2331,233.1689,0.104184
2026-08-28 14:41:51.328,captures/20260828_143757,mm_per_px,2332,233.2273,0.096936
2026-08-28 14:41:51.462,captures/20260828_143757,mm_per_px,2333,233.3610,0.105118
2026-08-28 14:41:51.515,captures/20260828_143757,mm_per_px,2334,233.4144,0.146956
2026-08-28 14:41:51.668,captures/20260828_143757,mm_per_px,2335,233.5674,0.151168
2026-08-28 14:41:51.717,captures/20260828_143757,mm_per_px,2336,233.6163,0.147303
2026-08-28 14:41:51.861,captures/20260828_143757,mm_per_px,2337,233.7604,0.143636
2026-08-28 14:41:51.916,captures/20260828_143757,mm_per_px,2338,233.8157,0.106445
2026-08-28 14:41:52.067,captures/20260828_143757,mm_per_px,2339,233.9667,0.107540
2026-08-28 14:41:52.116,captures/20260828_143757,mm_per_px,2340,234.0150,0.094132
2026-08-28 14:41:52.274,captures/20260828_143757,mm_per_px,2341,234.1734,0.088685
2026-08-28 14:41:52.320,captures/20260828_143757,mm_per_px,2342,234.2190,0.096352
2026-08-28 14:41:52.418,captures/20260828_143757,mm_per_px,2343,234.3170,0.110022
2026-08-28 14:41:52.558,captures/20260828_143757,mm_per_px,2344,234.4579,0.091600
2026-08-28 14:41:52.621,captures/20260828_143757,mm_per_px,2345,234.5203,0.105923
2026-08-28 14:41:52.764,captures/20260828_143757,mm_per_px,2346,234.6637,0.136163
2026-08-28 14:41:52.818,captures/20260828_143757,mm_per_px,2347,234.7176,0.182744
2026-08-28 14:41:52.970,captures/20260828_143757,mm_per_px,2348,234.8697,0.114884
2026-08-28 14:41:53.020,captures/20260828_143757,mm_per_px,2349,234.9192,0.068856
2026-08-28 14:41:53.159,captures/20260828_143757,mm_per_px,2350,235.0589,0.049707
2026-08-28 14:41:53.255,captures/20260828_143757,mm_per_px,2351,235.1542,0.041522
2026-08-28 14:41:53.316,captures/20260828_143757,mm_per_px,2352,235.2151,0.038647
2026-08-28 14:41:53.462,captures/20260828_143757,mm_per_px,2353,235.3617,0.038621
2026-08-28 14:41:53.514,captures/20260828_143757,mm_per_px,2354,235.4137,0.041162
2026-08-28 14:41:53.669,captures/20260828_143757,mm_per_px,2355,235.5684,0.032815
2026-08-28 14:41:53.718,captures/20260828_143757,mm_per_px,2356,235.6178,0.023780
2026-08-28 14:41:53.868,captures/20260828_143757,mm_per_px,2357,235.7676,0.026147
2026-08-28 14:41:53.916,captures/20260828_143757,mm_per_px,2358,235.8150,0.029590
2026-08-28 14:41:54.058,captures/20260828_143757,mm_per_px,2359,235.9578,0.021072
2026-08-28 14:41:54.117,captures/20260828_143757,mm_per_px,2360,236.0165,0.032133
2026-08-28 14:41:54.216,captures/20260828_143757,mm_per_px,2361,236.1152,0.041406
2026-08-28 14:41:54.315,captures/20260828_143757,mm_per_px,2362,236.2144,0.091166
2026-08-28 14:41:54.413,captures/20260828_143757,mm_per_px,2363,236.3129,0.128447
2026-08-28 14:41:54.561,captures/20260828_143757,mm_per_px,2364,236.4604,0.131516
2026-08-28 14:41:54.620,captures/20260828_143757,mm_per_px,2365,236.5196,0.119475
2026-08-28 14:41:54.771,captures/20260828_143757,mm_per_px,2366,236.6706,0.106298
2026-08-28 14:41:54.829,captures/20260828_143757,mm_per_px,2367,236.7287,0.114177
2026-08-28 14:41:54.917,captures/20260828_143757,mm_per_px,2368,236.8166,0.111044
2026-08-28 14:41:55.063,captures/20260828_143757,mm_per_px,2369,236.9625,0.158162
2026-08-28 14:41:55.125,captures/20260828_143757,mm_per_px,2370,237.0241,0.186387
2026-08-28 14:41:55.255,captures/20260828_143757,mm_per_px,2371,237.1543,0.192636
2026-08-28 14:41:55.314,captures/20260828_143757,mm_per_px,2372,237.2134,0.163973
2026-08-28 14:41:55.466,captures/20260828_143757,mm_per_px,2373,237.3653,0.139159
2026-08-28 14:41:55.530,captures/20260828_143757,mm_per_px,2374,237.4290,0.154084
2026-08-28 14:41:55.671,captures/20260828_143757,mm_per_px,2375,237.5700,0.108685
2026-08-28 14:41:55.719,captures/20260828_143757,mm_per_px,2376,237.6184,0.099565
2026-08-28 14:41:55.861,captures/20260828_143757,mm_per_px,2377,237.7604,0.095355
2026-08-28 14:41:55.919,captures/20260828_143757,mm_per_px,2378,237.8182,0.143444
2026-08-28 14:41:56.067,captures/20260828_143757,mm_per_px,2379,237.9665,0.162181
2026-08-28 14:41:56.113,captures/20260828_143757,mm_per_px,2380,238.0127,0.200174
2026-08-28 14:41:56.214,captures/20260828_143757,mm_per_px,2381,238.1131,0.200987
2026-08-28 14:41:56.361,captures/20260828_143757,mm_per_px,2382,238.2603,0.171843
2026-08-28 14:41:56.456,captures/20260828_143757,mm_per_px,2383,238.3559,0.175944
2026-08-28 14:41:56.568,captures/20260828_143757,mm_per_px,2384,238.4670,0.148533
2026-08-28 14:41:56.614,captures/20260828_143757,mm_per_px,2385,238.5136,0.113388
2026-08-28 14:41:56.766,captures/20260828_143757,mm_per_px,2386,238.6655,0.077777
2026-08-28 14:41:56.814,captures/20260828_143757,mm_per_px,2387,238.7137,0.078313
2026-08-28 14:41:56.959,captures/20260828_143757,mm_per_px,2388,238.8583,0.053834
2026-08-28 14:41:57.055,captures/20260828_143757,mm_per_px,2389,238.9548,0.052205
2026-08-28 14:41:57.122,captures/20260828_143757,mm_per_px,2390,239.0219,0.040187
2026-08-28 14:41:57.278,captures/20260828_143757,mm_per_px,2391,239.1777,0.019973
2026-08-28 14:41:57.338,captures/20260828_143757,mm_per_px,2392,239.2377,0.022311
2026-08-28 14:41:57.418,captures/20260828_143757,mm_per_px,2393,239.3173,0.006872
2026-08-28 14:41:57.558,captures/20260828_143757,mm_per_px,2394,239.4576,0.011297
2026-08-28 14:41:57.615,captures/20260828_143757,mm_per_px,2395,239.5147,0.018065
2026-08-28 14:41:57.773,captures/20260828_143757,mm_per_px,2396,239.6720,0.009923
2026-08-28 14:41:57.838,captures/20260828_143757,mm_per_px,2397,239.7379,0.013495
2026-08-28 14:41:57.972,captures/20260828_143757,mm_per_px,2398,239.8712,0.017030
2026-08-28 14:41:58.039,captures/20260828_143757,mm_per_px,2399,239.9385,0.020654
2026-08-28 14:41:58.165,captures/20260828_143757,mm_per_px,2400,240.0643,0.024963
2026-08-28 14:41:58.234,captures/20260828_143757,mm_per_px,2401,240.1332,0.013425
2026-08-28 14:41:58.358,captures/20260828_143757,mm_per_px,2402,240.2575,0.039164
2026-08-28 14:41:58.428,captures/20260828_143757,mm_per_px,2403,240.3270,0.036378
2026-08-28 14:41:58.567,captures/20260828_143757,mm_per_px,2404,240.4660,0.070132
2026-08-28 14:41:58.615,captures/20260828_143757,mm_per_px,2405,240.5143,0.062729
2026-08-28 14:41:58.770,captures/20260828_143757,mm_per_px,2406,240.6698,0.123922
2026-08-28 14:41:58.841,captures/20260828_143757,mm_per_px,2407,240.7409,0.136770
2026-08-28 14:41:58.972,captures/20260828_143757,mm_per_px,2408,240.8711,0.170475
2026-08-28 14:41:59.043,captures/20260828_143757,mm_per_px,2409,240.9426,0.190074
2026-08-28 14:41:59.157,captures/20260828_143757,mm_per_px,2410,241.0563,0.216491
2026-08-28 14:41:59.271,captures/20260828_143757,mm_per_px,2411,241.1706,0.219120
2026-08-28 14:41:59.343,captures/20260828_143757,mm_per_px,2412,241.2425,0.244734
2026-08-28 14:41:59.464,captures/20260828_143757,mm_per_px,2413,241.3636,0.244448
2026-08-28 14:41:59.540,captures/20260828_143757,mm_per_px,2414,241.4398,0.259071
2026-08-28 14:41:59.615,captures/20260828_143757,mm_per_px,2415,241.5145,0.295813
2026-08-28 14:41:59.718,captures/20260828_143757,mm_per_px,2416,241.6171,0.321196
2026-08-28 14:41:59.860,captures/20260828_143757,mm_per_px,2417,241.7595,0.250248
2026-08-28 14:41:59.918,captures/20260828_143757,mm_per_px,2418,241.8177,0.219229
2026-08-28 14:42:00.060,captures/20260828_143757,mm_per_px,2419,241.9591,0.235611
2026-08-28 14:42:00.115,captures/20260828_143757,mm_per_px,2420,242.0148,0.172342
2026-08-28 14:42:00.266,captures/20260828_143757,mm_per_px,2421,242.1651,0.164998
2026-08-28 14:42:00.315,captures/20260828_143757,mm_per_px,2422,242.2142,0.168594
2026-08-28 14:42:00.455,captures/20260828_143757,mm_per_px,2423,242.3540,0.145216
2026-08-28 14:42:00.514,captures/20260828_143757,mm_per_px,2424,242.4135,0.135269
2026-08-28 14:42:00.655,captures/20260828_143757,mm_per_px,2425,242.5542,0.132703
2026-08-28 14:42:00.714,captures/20260828_143757,mm_per_px,2426,242.6138,0.133970
2026-08-28 14:42:00.861,captures/20260828_143757,mm_per_px,2427,242.7604,0.137448
2026-08-28 14:42:00.915,captures/20260828_143757,mm_per_px,2428,242.8144,0.120457
2026-08-28 14:42:01.055,captures/20260828_143757,mm_per_px,2429,242.9546,0.132971
2026-08-28 14:42:01.115,captures/20260828_143757,mm_per_px,2430,243.0142,0.157068
2026-08-28 14:42:01.258,captures/20260828_143757,mm_per_px,2431,243.1575,0.144339
2026-08-28 14:42:01.322,captures/20260828_143757,mm_per_px,2432,243.2214,0.129193
2026-08-28 14:42:01.468,captures/20260828_143757,mm_per_px,2433,243.3671,0.130227
2026-08-28 14:42:01.542,captures/20260828_143757,mm_per_px,2434,243.4419,0.140953
2026-08-28 14:42:01.614,captures/20260828_143757,mm_per_px,2435,243.5137,0.127936
2026-08-28 14:42:01.761,captures/20260828_143757,mm_per_px,2436,243.6604,0.123240
2026-08-28 14:42:01.817,captures/20260828_143757,mm_per_px,2437,243.7160,0.110595
2026-08-28 14:42:01.969,captures/20260828_143757,mm_per_px,2438,243.8687,0.123664
2026-08-28 14:42:02.025,captures/20260828_143757,mm_per_px,2439,243.9248,0.165254
2026-08-28 14:42:02.163,captures/20260828_143757,mm_per_px,2440,244.0621,0.183979
2026-08-28 14:42:02.227,captures/20260828_143757,mm_per_px,2441,244.1267,0.224094
2026-08-28 14:42:02.356,captures/20260828_143757,mm_per_px,2442,244.2551,0.293107
2026-08-28 14:42:02.427,captures/20260828_143757,mm_per_px,2443,244.3263,0.283175
2026-08-28 14:42:02.555,captures/20260828_143757,mm_per_px,2444,244.4547,0.290558
2026-08-28 14:42:02.613,captures/20260828_143757,mm_per_px,2445,244.5129,0.275313
2026-08-28 14:42:02.766,captures/20260828_143757,mm_per_px,2446,244.6653,0.213986
2026-08-28 14:42:02.831,captures/20260828_143757,mm_per_px,2447,244.7303,0.240220
2026-08-28 14:42:02.963,captures/20260828_143757,mm_per_px,2448,244.8623,0.164683
2026-08-28 14:42:03.020,captures/20260828_143757,mm_per_px,2449,244.9190,0.150969
2026-08-28 14:42:03.159,captures/20260828_143757,mm_per_px,2450,245.0586,0.124343
2026-08-28 14:42:03.233,captures/20260828_143757,mm_per_px,2451,245.1328,0.138618
2026-08-28 14:42:03.367,captures/20260828_143757,mm_per_px,2452,245.2663,0.148218
2026-08-28 14:42:03.417,captures/20260828_143757,mm_per_px,2453,245.3169,0.138942
2026-08-28 14:42:03.555,captures/20260828_143757,mm_per_px,2454,245.4540,0.110533
2026-08-28 14:42:03.615,captures/20260828_143757,mm_per_px,2455,245.5141,0.082366
2026-08-28 14:42:03.754,captures/20260828_143757,mm_per_px,2456,245.6538,0.099055
2026-08-28 14:42:03.818,captures/20260828_143757,mm_per_px,2457,245.7179,0.096569
2026-08-28 14:42:03.962,captures/20260828_143757,mm_per_px,2458,245.8618,0.078300
2026-08-28 14:42:04.047,captures/20260828_143757,mm_per_px,2459,245.9460,0.085551
2026-08-28 14:42:04.164,captures/20260828_143757,mm_per_px,2460,246.0639,0.099902
2026-08-28 14:42:04.216,captures/20260828_143757,mm_per_px,2461,246.1158,0.098069
2026-08-28 14:42:04.355,captures/20260828_143757,mm_per_px,2462,246.2542,0.096714
2026-08-28 14:42:04.424,captures/20260828_143757,mm_per_px,2463,246.3230,0.079056
2026-08-28 14:42:04.563,captures/20260828_143757,mm_per_px,2464,246.4629,0.072642
2026-08-28 14:42:04.629,captures/20260828_143757,mm_per_px,2465,246.5289,0.074517
2026-08-28 14:42:04.764,captures/20260828_143757,mm_per_px,2466,246.6639,0.058696
2026-08-28 14:42:04.815,captures/20260828_143757,mm_per_px,2467,246.7146,0.055984
2026-08-28 14:42:04.961,captures/20260828_143757,mm_per_px,2468,246.8600,0.074508
2026-08-28 14:42:05.039,captures/20260828_143757,mm_per_px,2469,246.9381,0.069805
2026-08-28 14:42:05.172,captures/20260828_143757,mm_per_px,2470,247.0711,0.090028
2026-08-28 14:42:05.261,captures/20260828_143757,mm_per_px,2471,247.1604,0.102972
2026-08-28 14:42:05.315,captures/20260828_143757,mm_per_px,2472,247.2144,0.120304
2026-08-28 14:42:05.468,captures/20260828_143757,mm_per_px,2473,247.3678,0.100357
2026-08-28 14:42:05.527,captures/20260828_143757,mm_per_px,2474,247.4262,0.130827
2026-08-28 14:42:05.658,captures/20260828_143757,mm_per_px,2475,247.5579,0.141763
2026-08-28 14:42:05.715,captures/20260828_143757,mm_per_px,2476,247.6142,0.184587
2026-08-28 14:42:05.867,captures/20260828_143757,mm_per_px,2477,247.7669,0.167717
2026-08-28 14:42:05.935,captures/20260828_143757,mm_per_px,2478,247.8343,0.150536
2026-08-28 14:42:06.065,captures/20260828_143757,mm_per_px,2479,247.9646,0.132280
2026-08-28 14:42:06.123,captures/20260828_143757,mm_per_px,2480,248.0220,0.142747
2026-08-28 14:42:06.256,captures/20260828_143757,mm_per_px,2481,248.1550,0.140640
2026-08-28 14:42:06.316,captures/20260828_143757,mm_per_px,2482,248.2155,0.092619
2026-08-28 14:42:06.469,captures/20260828_143757,mm_per_px,2483,248.3685,0.089661
2026-08-28 14:42:06.524,captures/20260828_143757,mm_per_px,2484,248.4236,0.103074
2026-08-28 14:42:06.655,captures/20260828_143757,mm_per_px,2485,248.5541,0.091201
2026-08-28 14:42:06.716,captures/20260828_143757,mm_per_px,2486,248.6152,0.095649
2026-08-28 14:42:06.869,captures/20260828_143757,mm_per_px,2487,248.7680,0.115211
2026-08-28 14:42:06.936,captures/20260828_143757,mm_per_px,2488,248.8353,0.158779
2026-08-28 14:42:07.015,captures/20260828_143757,mm_per_px,2489,248.9146,0.165906
2026-08-28 14:42:07.120,captures/20260828_143757,mm_per_px,2490,249.0192,0.135834
2026-08-28 14:42:07.269,captures/20260828_143757,mm_per_px,2491,249.1686,0.120250
2026-08-28 14:42:07.318,captures/20260828_143757,mm_per_px,2492,249.2170,0.110036
2026-08-28 14:42:07.461,captures/20260828_143757,mm_per_px,2493,249.3607,0.067630
2026-08-28 14:42:07.536,captures/20260828_143757,mm_per_px,2494,249.4358,0.041058
2026-08-28 14:42:07.669,captures/20260828_143757,mm_per_px,2495,249.5684,0.053467
2026-08-28 14:42:07.719,captures/20260828_143757,mm_per_px,2496,249.6188,0.048386
2026-08-28 14:42:07.870,captures/20260828_143757,mm_per_px,2497,249.7690,0.051082
2026-08-28 14:42:07.918,captures/20260828_143757,mm_per_px,2498,249.8178,0.029567
2026-08-28 14:42:08.073,captures/20260828_143757,mm_per_px,2499,249.9727,0.019859
2026-08-28 14:42:08.144,captures/20260828_143757,mm_per_px,2500,250.0437,0.028309
2026-08-28 14:42:08.265,captures/20260828_143757,mm_per_px,2501,250.1646,0.021808
2026-08-28 14:42:08.342,captures/20260828_143757,mm_per_px,2502,250.2411,0.030197
2026-08-28 14:42:08.462,captures/20260828_143757,mm_per_px,2503,250.3618,0.034299
2026-08-28 14:42:08.519,captures/20260828_143757,mm_per_px,2504,250.4183,0.049411
2026-08-28 14:42:08.662,captures/20260828_143757,mm_per_px,2505,250.5614,0.033078
2026-08-28 14:42:08.718,captures/20260828_143757,mm_per_px,2506,250.6174,0.024130
2026-08-28 14:42:08.870,captures/20260828_143757,mm_per_px,2507,250.7697,0.036341
2026-08-28 14:42:08.926,captures/20260828_143757,mm_per_px,2508,250.8251,0.026582
2026-08-28 14:42:09.018,captures/20260828_143757,mm_per_px,2509,250.9179,0.006431
2026-08-28 14:42:09.120,captures/20260828_143757,mm_per_px,2510,251.0198,0.013177
2026-08-28 14:42:09.268,captures/20260828_143757,mm_per_px,2511,251.1679,0.009229
2026-08-28 14:42:09.339,captures/20260828_143757,mm_per_px,2512,251.2384,0.005296
2026-08-28 14:42:09.417,captures/20260828_143757,mm_per_px,2513,251.3161,0.007228
2026-08-28 14:42:09.520,captures/20260828_143757,mm_per_px,2514,251.4198,0.005965
2026-08-28 14:42:09.665,captures/20260828_143757,mm_per_px,2515,251.5648,0.021078
2026-08-28 14:42:09.760,captures/20260828_143757,mm_per_px,2516,251.6592,0.045446
2026-08-28 14:42:09.817,captures/20260828_143757,mm_per_px,2517,251.7168,0.035243
2026-08-28 14:42:09.969,captures/20260828_143757,mm_per_px,2518,251.8682,0.047173
2026-08-28 14:42:10.045,captures/20260828_143757,mm_per_px,2519,251.9449,0.063442
2026-08-28 14:42:10.118,captures/20260828_143757,mm_per_px,2520,252.0171,0.116411
2026-08-28 14:42:10.269,captures/20260828_143757,mm_per_px,2521,252.1688,0.116692
2026-08-28 14:42:10.330,captures/20260828_143757,mm_per_px,2522,252.2296,0.129413
2026-08-28 14:42:10.463,captures/20260828_143757,mm_per_px,2523,252.3626,0.067701
2026-08-28 14:42:10.524,captures/20260828_143757,mm_per_px,2524,252.4238,0.051527
2026-08-28 14:42:10.660,captures/20260828_143757,mm_per_px,2525,252.5599,0.060478
2026-08-28 14:42:10.728,captures/20260828_143757,mm_per_px,2526,252.6270,0.054377
2026-08-28 14:42:10.853,captures/20260828_143757,mm_per_px,2527,252.7524,0.067506
2026-08-28 14:42:10.928,captures/20260828_143757,mm_per_px,2528,252.8272,0.064754
2026-08-28 14:42:11.062,captures/20260828_143757,mm_per_px,2529,252.9619,0.088557
2026-08-28 14:42:11.133,captures/20260828_143757,mm_per_px,2530,253.0323,0.071978
2026-08-28 14:42:11.272,captures/20260828_143757,mm_per_px,2531,253.1715,0.077148
2026-08-28 14:42:11.348,captures/20260828_143757,mm_per_px,2532,253.2479,0.046695
2026-08-28 14:42:11.419,captures/20260828_143757,mm_per_px,2533,253.3181,0.050629
2026-08-28 14:42:11.560,captures/20260828_143757,mm_per_px,2534,253.4595,0.036324
2026-08-28 14:42:11.620,captures/20260828_143757,mm_per_px,2535,253.5192,0.032057
2026-08-28 14:42:11.768,captures/20260828_143757,mm_per_px,2536,253.6678,0.035416
2026-08-28 14:42:11.837,captures/20260828_143757,mm_per_px,2537,253.7367,0.056744
2026-08-28 14:42:11.977,captures/20260828_143757,mm_per_px,2538,253.8765,0.055111
2026-08-28 14:42:12.048,captures/20260828_143757,mm_per_px,2539,253.9471,0.049531
2026-08-28 14:42:12.161,captures/20260828_143757,mm_per_px,2540,254.0606,0.042143
2026-08-28 14:42:12.218,captures/20260828_143757,mm_per_px,2541,254.1178,0.060814
2026-08-28 14:42:12.372,captures/20260828_143757,mm_per_px,2542,254.2716,0.043630
2026-08-28 14:42:12.433,captures/20260828_143757,mm_per_px,2543,254.3323,0.045492
2026-08-28 14:42:12.563,captures/20260828_143757,mm_per_px,2544,254.4625,0.050999
2026-08-28 14:42:12.620,captures/20260828_143757,mm_per_px,2545,254.5196,0.075348
2026-08-28 14:42:12.767,captures/20260828_143757,mm_per_px,2546,254.6661,0.082385
2026-08-28 14:42:12.820,captures/20260828_143757,mm_per_px,2547,254.7195,0.085992
2026-08-28 14:42:12.968,captures/20260828_143757,mm_per_px,2548,254.8673,0.080839
2026-08-28 14:42:13.018,captures/20260828_143757,mm_per_px,2549,254.9171,0.078062
2026-08-28 14:42:13.160,captures/20260828_143757,mm_per_px,2550,255.0597,0.084415
2026-08-28 14:42:13.219,captures/20260828_143757,mm_per_px,2551,255.1186,0.086756
2026-08-28 14:42:13.364,captures/20260828_143757,mm_per_px,2552,255.2638,0.093511
2026-08-28 14:42:13.419,captures/20260828_143757,mm_per_px,2553,255.3187,0.080802
2026-08-28 14:42:13.556,captures/20260828_143757,mm_per_px,2554,255.4551,0.085524
2026-08-28 14:42:13.619,captures/20260828_143757,mm_per_px,2555,255.5185,0.106239
2026-08-28 14:42:13.758,captures/20260828_143757,mm_per_px,2556,255.6578,0.128177
2026-08-28 14:42:13.833,captures/20260828_143757,mm_per_px,2557,255.7324,0.068732
2026-08-28 14:42:13.961,captures/20260828_143757,mm_per_px,2558,255.8602,0.071340
2026-08-28 14:42:14.075,captures/20260828_143757,mm_per_px,2559,255.9741,0.079003
2026-08-28 14:42:14.143,captures/20260828_143757,mm_per_px,2560,256.0424,0.062356
2026-08-28 14:42:14.220,captures/20260828_143757,mm_per_px,2561,256.1193,0.050414
2026-08-28 14:42:14.363,captures/20260828_143757,mm_per_px,2562,256.2624,0.047387
2026-08-28 14:42:14.421,captures/20260828_143757,mm_per_px,2563,256.3208,0.050308
2026-08-28 14:42:14.563,captures/20260828_143757,mm_per_px,2564,256.4620,0.039439
2026-08-28 14:42:14.632,captures/20260828_143757,mm_per_px,2565,256.5313,0.045058
2026-08-28 14:42:14.768,captures/20260828_143757,mm_per_px,2566,256.6679,0.045306
2026-08-28 14:42:14.845,captures/20260828_143757,mm_per_px,2567,256.7441,0.031377
2026-08-28 14:42:14.961,captures/20260828_143757,mm_per_px,2568,256.8600,0.023021
2026-08-28 14:42:15.021,captures/20260828_143757,mm_per_px,2569,256.9206,0.021902
2026-08-28 14:42:15.161,captures/20260828_143757,mm_per_px,2570,257.0605,0.024402
2026-08-28 14:42:15.216,captures/20260828_143757,mm_per_px,2571,257.1157,0.045066
2026-08-28 14:42:15.362,captures/20260828_143757,mm_per_px,2572,257.2616,0.060544
2026-08-28 14:42:15.420,captures/20260828_143757,mm_per_px,2573,257.3194,0.070131
2026-08-28 14:42:15.569,captures/20260828_143757,mm_per_px,2574,257.4680,0.083249
2026-08-28 14:42:15.631,captures/20260828_143757,mm_per_px,2575,257.5306,0.082110
2026-08-28 14:42:15.716,captures/20260828_143757,mm_per_px,2576,257.6150,0.093490
2026-08-28 14:42:15.861,captures/20260828_143757,mm_per_px,2577,257.7603,0.075384
2026-08-28 14:42:15.932,captures/20260828_143757,mm_per_px,2578,257.8318,0.082690
2026-08-28 14:42:16.070,captures/20260828_143757,mm_per_px,2579,257.9692,0.065427
2026-08-28 14:42:16.146,captures/20260828_143757,mm_per_px,2580,258.0453,0.102527
2026-08-28 14:42:16.262,captures/20260828_143757,mm_per_px,2581,258.1619,0.106392
2026-08-28 14:42:16.330,captures/20260828_143757,mm_per_px,2582,258.2291,0.075405
2026-08-28 14:42:16.467,captures/20260828_143757,mm_per_px,2583,258.3661,0.068800
2026-08-28 14:42:16.540,captures/20260828_143757,mm_per_px,2584,258.4390,0.044580
2026-08-28 14:42:16.659,captures/20260828_143757,mm_per_px,2585,258.5583,0.036647
2026-08-28 14:42:16.721,captures/20260828_143757,mm_per_px,2586,258.6209,0.065599
2026-08-28 14:42:16.863,captures/20260828_143757,mm_per_px,2587,258.7621,0.074828
2026-08-28 14:42:16.917,captures/20260828_143757,mm_per_px,2588,258.8167,0.094417
2026-08-28 14:42:17.062,captures/20260828_143757,mm_per_px,2589,258.9612,0.086294
2026-08-28 14:42:17.134,captures/20260828_143757,mm_per_px,2590,259.0332,0.083778
2026-08-28 14:42:17.271,captures/20260828_143757,mm_per_px,2591,259.1703,0.067263
2026-08-28 14:42:17.341,captures/20260828_143757,mm_per_px,2592,259.2408,0.059231
2026-08-28 14:42:17.460,captures/20260828_143757,mm_per_px,2593,259.3591,0.042985
2026-08-28 14:42:17.521,captures/20260828_143757,mm_per_px,2594,259.4200,0.045596
2026-08-28 14:42:17.661,captures/20260828_143757,mm_per_px,2595,259.5608,0.033060
2026-08-28 14:42:17.742,captures/20260828_143757,mm_per_px,2596,259.6411,0.029702
2026-08-28 14:42:17.817,captures/20260828_143757,mm_per_px,2597,259.7166,0.029484
2026-08-28 14:42:17.957,captures/20260828_143757,mm_per_px,2598,259.8566,0.033999
2026-08-28 14:42:18.038,captures/20260828_143757,mm_per_px,2599,259.9375,0.032916
2026-08-28 14:42:18.168,captures/20260828_143757,mm_per_px,2600,260.0678,0.041429
2026-08-28 14:42:18.230,captures/20260828_143757,mm_per_px,2601,260.1291,0.042681
2026-08-28 14:42:18.360,captures/20260828_143757,mm_per_px,2602,260.2594,0.046583
2026-08-28 14:42:18.433,captures/20260828_143757,mm_per_px,2603,260.3324,0.027870
2026-08-28 14:42:18.515,captures/20260828_143757,mm_per_px,2604,260.4140,0.013797
2026-08-28 14:42:18.621,captures/20260828_143757,mm_per_px,2605,260.5202,0.012290
2026-08-28 14:42:18.762,captures/20260828_143757,mm_per_px,2606,260.6614,0.007953
2026-08-28 14:42:18.831,captures/20260828_143757,mm_per_px,2607,260.7304,0.012869
2026-08-28 14:42:18.919,captures/20260828_143757,mm_per_px,2608,260.8185,0.014523
2026-08-28 14:42:19.064,captures/20260828_143757,mm_per_px,2609,260.9637,0.012645
2026-08-28 14:42:19.147,captures/20260828_143757,mm_per_px,2610,261.0468,0.022110
2026-08-28 14:42:19.273,captures/20260828_143757,mm_per_px,2611,261.1725,0.019305
2026-08-28 14:42:19.346,captures/20260828_143757,mm_per_px,2612,261.2454,0.015130
2026-08-28 14:42:19.468,captures/20260828_143757,mm_per_px,2613,261.3671,0.010131
2026-08-28 14:42:19.545,captures/20260828_143757,mm_per_px,2614,261.4440,0.009851
2026-08-28 14:42:19.659,captures/20260828_143757,mm_per_px,2615,261.5584,0.010185
2026-08-28 14:42:19.717,captures/20260828_143757,mm_per_px,2616,261.6161,0.011828
2026-08-28 14:42:19.860,captures/20260828_143757,mm_per_px,2617,261.7598,0.008437
2026-08-28 14:42:19.915,captures/20260828_143757,mm_per_px,2618,261.8149,0.008556
2026-08-28 14:42:20.055,captures/20260828_143757,mm_per_px,2619,261.9543,0.016915
2026-08-28 14:42:20.147,captures/20260828_143757,mm_per_px,2620,262.0464,0.032642
2026-08-28 14:42:20.263,captures/20260828_143757,mm_per_px,2621,262.1621,0.020199
2026-08-28 14:42:20.351,captures/20260828_143757,mm_per_px,2622,262.2505,0.011042
2026-08-28 14:42:20.419,captures/20260828_143757,mm_per_px,2623,262.3187,0.006539
2026-08-28 14:42:20.572,captures/20260828_143757,mm_per_px,2624,262.4716,0.014400
2026-08-28 14:42:20.640,captures/20260828_143757,mm_per_px,2625,262.5398,0.018326
2026-08-28 14:42:20.765,captures/20260828_143757,mm_per_px,2626,262.6642,0.017466
2026-08-28 14:42:20.820,captures/20260828_143757,mm_per_px,2627,262.7192,0.024089
2026-08-28 14:42:20.958,captures/20260828_143757,mm_per_px,2628,262.8577,0.041333
2026-08-28 14:42:21.033,captures/20260828_143757,mm_per_px,2629,262.9324,0.052763
2026-08-28 14:42:21.158,captures/20260828_143757,mm_per_px,2630,263.0575,0.077475
2026-08-28 14:42:21.230,captures/20260828_143757,mm_per_px,2631,263.1293,0.100445
2026-08-28 14:42:21.367,captures/20260828_143757,mm_per_px,2632,263.2663,0.097265
2026-08-28 14:42:21.448,captures/20260828_143757,mm_per_px,2633,263.3477,0.064581
2026-08-28 14:42:21.558,captures/20260828_143757,mm_per_px,2634,263.4574,0.036450
2026-08-28 14:42:21.617,captures/20260828_143757,mm_per_px,2635,263.5165,0.028218
2026-08-28 14:42:21.715,captures/20260828_143757,mm_per_px,2636,263.6140,0.027025
2026-08-28 14:42:21.865,captures/20260828_143757,mm_per_px,2637,263.7644,0.018584
2026-08-28 14:42:21.921,captures/20260828_143757,mm_per_px,2638,263.8204,0.010770
2026-08-28 14:42:22.057,captures/20260828_143757,mm_per_px,2639,263.9563,0.011361
2026-08-28 14:42:22.124,captures/20260828_143757,mm_per_px,2640,264.0237,0.010664
2026-08-28 14:42:22.265,captures/20260828_143757,mm_per_px,2641,264.1647,0.006822
2026-08-28 14:42:22.329,captures/20260828_143757,mm_per_px,2642,264.2289,0.011155
2026-08-28 14:42:22.415,captures/20260828_143757,mm_per_px,2643,264.3145,0.010244
2026-08-28 14:42:22.517,captures/20260828_143757,mm_per_px,2644,264.4167,0.007717
2026-08-28 14:42:22.663,captures/20260828_143757,mm_per_px,2645,264.5627,0.005410
2026-08-28 14:42:22.724,captures/20260828_143757,mm_per_px,2646,264.6235,0.008409
2026-08-28 14:42:22.865,captures/20260828_143757,mm_per_px,2647,264.7642,0.009359
2026-08-28 14:42:22.916,captures/20260828_143757,mm_per_px,2648,264.8152,0.009110
2026-08-28 14:42:23.069,captures/20260828_143757,mm_per_px,2649,264.9687,0.010644
2026-08-28 14:42:23.145,captures/20260828_143757,mm_per_px,2650,265.0447,0.001843
2026-08-28 14:42:23.268,captures/20260828_143757,mm_per_px,2651,265.1674,0.006985
2026-08-28 14:42:23.343,captures/20260828_143757,mm_per_px,2652,265.2421,0.004115
2026-08-28 14:42:23.459,captures/20260828_143757,mm_per_px,2653,265.3586,0.006126
2026-08-28 14:42:23.517,captures/20260828_143757,mm_per_px,2654,265.4161,0.000476
2026-08-28 14:42:23.618,captures/20260828_143757,mm_per_px,2655,265.5172,0.000347
2026-08-28 14:42:23.756,captures/20260828_143757,mm_per_px,2656,265.6551,0.000354
2026-08-28 14:42:23.816,captures/20260828_143757,mm_per_px,2657,265.7156,0.001943
2026-08-28 14:42:23.966,captures/20260828_143757,mm_per_px,2658,265.8652,0.002222
2026-08-28 14:42:24.027,captures/20260828_143757,mm_per_px,2659,265.9269,0.005631
2026-08-28 14:42:24.167,captures/20260828_143757,mm_per_px,2660,266.0663,0.002049
2026-08-28 14:42:24.223,captures/20260828_143757,mm_per_px,2661,266.1227,0.014187
2026-08-28 14:42:24.358,captures/20260828_143757,mm_per_px,2662,266.2574,0.003086
2026-08-28 14:42:24.424,captures/20260828_143757,mm_per_px,2663,266.3231,0.004642
2026-08-28 14:42:24.567,captures/20260828_143757,mm_per_px,2664,266.4665,0.010268
2026-08-28 14:42:24.627,captures/20260828_143757,mm_per_px,2665,266.5267,0.009128
2026-08-28 14:42:24.758,captures/20260828_143757,mm_per_px,2666,266.6570,0.016365
2026-08-28 14:42:24.863,captures/20260828_143757,mm_per_px,2667,266.7629,0.019250
2026-08-28 14:42:24.943,captures/20260828_143757,mm_per_px,2668,266.8429,0.026354
2026-08-28 14:42:25.014,captures/20260828_143757,mm_per_px,2669,266.9138,0.084371
2026-08-28 14:42:25.168,captures/20260828_143757,mm_per_px,2670,267.0674,0.085971
2026-08-28 14:42:25.232,captures/20260828_143757,mm_per_px,2671,267.1313,0.081038
2026-08-28 14:42:25.321,captures/20260828_143757,mm_per_px,2672,267.2203,0.087404
2026-08-28 14:42:25.468,captures/20260828_143757,mm_per_px,2673,267.3676,0.101397
2026-08-28 14:42:25.555,captures/20260828_143757,mm_per_px,2674,267.4543,0.095511
2026-08-28 14:42:25.659,captures/20260828_143757,mm_per_px,2675,267.5584,0.113640
2026-08-28 14:42:25.719,captures/20260828_143757,mm_per_px,2676,267.6182,0.119240
2026-08-28 14:42:25.869,captures/20260828_143757,mm_per_px,2677,267.7687,0.085001
2026-08-28 14:42:25.941,captures/20260828_143757,mm_per_px,2678,267.8406,0.088520
2026-08-28 14:42:26.072,captures/20260828_143757,mm_per_px,2679,267.9711,0.082935
2026-08-28 14:42:26.139,captures/20260828_143757,mm_per_px,2680,268.0384,0.063127
2026-08-28 14:42:26.219,captures/20260828_143757,mm_per_px,2681,268.1188,0.051460
2026-08-28 14:42:26.316,captures/20260828_143757,mm_per_px,2682,268.2151,0.056812
2026-08-28 14:42:26.466,captures/20260828_143757,mm_per_px,2683,268.3655,0.040658
2026-08-28 14:42:26.537,captures/20260828_143757,mm_per_px,2684,268.4362,0.043242
2026-08-28 14:42:26.615,captures/20260828_143757,mm_per_px,2685,268.5142,0.040608
2026-08-28 14:42:26.716,captures/20260828_143757,mm_per_px,2686,268.6150,0.036148
2026-08-28 14:42:26.813,captures/20260828_143757,mm_per_px,2687,268.7125,0.031117
2026-08-28 14:42:26.916,captures/20260828_143757,mm_per_px,2688,268.8158,0.053435
2026-08-28 14:42:27.014,captures/20260828_143757,mm_per_px,2689,268.9130,0.072091
2026-08-28 14:42:27.118,captures/20260828_143757,mm_per_px,2690,269.0178,0.058260
2026-08-28 14:42:27.265,captures/20260828_143757,mm_per_px,2691,269.1647,0.068364
2026-08-28 14:42:27.364,captures/20260828_143757,mm_per_px,2692,269.2637,0.065954
2026-08-28 14:42:27.428,captures/20260828_143757,mm_per_px,2693,269.3278,0.055989
2026-08-28 14:42:27.568,captures/20260828_143757,mm_per_px,2694,269.4678,0.058603
2026-08-28 14:42:27.643,captures/20260828_143757,mm_per_px,2695,269.5424,0.060606
2026-08-28 14:42:27.761,captures/20260828_143757,mm_per_px,2696,269.6609,0.039051
2026-08-28 14:42:27.840,captures/20260828_143757,mm_per_px,2697,269.7394,0.023480
2026-08-28 14:42:27.965,captures/20260828_143757,mm_per_px,2698,269.8641,0.010500
2026-08-28 14:42:28.017,captures/20260828_143757,mm_per_px,2699,269.9163,0.011352
2026-08-28 14:42:28.157,captures/20260828_143757,mm_per_px,2700,270.0562,0.010071
2026-08-28 14:42:28.231,captures/20260828_143757,mm_per_px,2701,270.1305,0.011600
2026-08-28 14:42:28.365,captures/20260828_143757,mm_per_px,2702,270.2649,0.015917
2026-08-28 14:42:28.445,captures/20260828_143757,mm_per_px,2703,270.3445,0.032330
2026-08-28 14:42:28.564,captures/20260828_143757,mm_per_px,2704,270.4636,0.035817
2026-08-28 14:42:28.623,captures/20260828_143757,mm_per_px,2705,270.5223,0.047159
2026-08-28 14:42:28.767,captures/20260828_143757,mm_per_px,2706,270.6665,0.038753
2026-08-28 14:42:28.847,captures/20260828_143757,mm_per_px,2707,270.7465,0.036607
2026-08-28 14:42:28.959,captures/20260828_143757,mm_per_px,2708,270.8584,0.053198
2026-08-28 14:42:29.032,captures/20260828_143757,mm_per_px,2709,270.9314,0.023597
2026-08-28 14:42:29.158,captures/20260828_143757,mm_per_px,2710,271.0571,0.026124
2026-08-28 14:42:29.217,captures/20260828_143757,mm_per_px,2711,271.1165,0.020519
2026-08-28 14:42:29.358,captures/20260828_143757,mm_per_px,2712,271.2578,0.026409
2026-08-28 14:42:29.437,captures/20260828_143757,mm_per_px,2713,271.3363,0.038891
2026-08-28 14:42:29.558,captures/20260828_143757,mm_per_px,2714,271.4579,0.045478
2026-08-28 14:42:29.646,captures/20260828_143757,mm_per_px,2715,271.5457,0.042069
2026-08-28 14:42:29.757,captures/20260828_143757,mm_per_px,2716,271.6563,0.039969
2026-08-28 14:42:29.816,captures/20260828_143757,mm_per_px,2717,271.7152,0.034209
2026-08-28 14:42:29.969,captures/20260828_143757,mm_per_px,2718,271.8681,0.057271
2026-08-28 14:42:30.034,captures/20260828_143757,mm_per_px,2719,271.9337,0.084505
2026-08-28 14:42:30.161,captures/20260828_143757,mm_per_px,2720,272.0600,0.053053
2026-08-28 14:42:30.219,captures/20260828_143757,mm_per_px,2721,272.1182,0.055793
2026-08-28 14:42:30.360,captures/20260828_143757,mm_per_px,2722,272.2590,0.054776
2026-08-28 14:42:30.420,captures/20260828_143757,mm_per_px,2723,272.3193,0.038700
2026-08-28 14:42:30.567,captures/20260828_143757,mm_per_px,2724,272.4669,0.039534
2026-08-28 14:42:30.642,captures/20260828_143757,mm_per_px,2725,272.5412,0.031868
2026-08-28 14:42:30.755,captures/20260828_143757,mm_per_px,2726,272.6545,0.038603
2026-08-28 14:42:30.829,captures/20260828_143757,mm_per_px,2727,272.7280,0.070934
2026-08-28 14:42:30.965,captures/20260828_143757,mm_per_px,2728,272.8645,0.069192
2026-08-28 14:42:31.042,captures/20260828_143757,mm_per_px,2729,272.9411,0.063337
2026-08-28 14:42:31.154,captures/20260828_143757,mm_per_px,2730,273.0539,0.077149
2026-08-28 14:42:31.232,captures/20260828_143757,mm_per_px,2731,273.1318,0.091848
2026-08-28 14:42:31.363,captures/20260828_143757,mm_per_px,2732,273.2623,0.048907
2026-08-28 14:42:31.436,captures/20260828_143757,mm_per_px,2733,273.3354,0.022339
2026-08-28 14:42:31.564,captures/20260828_143757,mm_per_px,2734,273.4636,0.025985
2026-08-28 14:42:31.621,captures/20260828_143757,mm_per_px,2735,273.5205,0.019053
2026-08-28 14:42:31.767,captures/20260828_143757,mm_per_px,2736,273.6660,0.021154
2026-08-28 14:42:31.842,captures/20260828_143757,mm_per_px,2737,273.7418,0.028080
2026-08-28 14:42:31.959,captures/20260828_143757,mm_per_px,2738,273.8584,0.049064
2026-08-28 14:42:32.025,captures/20260828_143757,mm_per_px,2739,273.9240,0.085443
2026-08-28 14:42:32.164,captures/20260828_143757,mm_per_px,2740,274.0633,0.089120
2026-08-28 14:42:32.217,captures/20260828_143757,mm_per_px,2741,274.1160,0.092843
2026-08-28 14:42:32.365,captures/20260828_143757,mm_per_px,2742,274.2649,0.075596
2026-08-28 14:42:32.429,captures/20260828_143757,mm_per_px,2743,274.3288,0.074615
2026-08-28 14:42:32.559,captures/20260828_143757,mm_per_px,2744,274.4581,0.065259
2026-08-28 14:42:32.625,captures/20260828_143757,mm_per_px,2745,274.5245,0.074343
2026-08-28 14:42:32.764,captures/20260828_143757,mm_per_px,2746,274.6634,0.065729
2026-08-28 14:42:32.833,captures/20260828_143757,mm_per_px,2747,274.7327,0.079099
2026-08-28 14:42:32.967,captures/20260828_143757,mm_per_px,2748,274.8661,0.079212
2026-08-28 14:42:33.056,captures/20260828_143757,mm_per_px,2749,274.9554,0.085677
2026-08-28 14:42:33.118,captures/20260828_143757,mm_per_px,2750,275.0176,0.065577
2026-08-28 14:42:33.255,captures/20260828_143757,mm_per_px,2751,275.1549,0.051727
2026-08-28 14:42:33.357,captures/20260828_143757,mm_per_px,2752,275.2563,0.033830
2026-08-28 14:42:33.462,captures/20260828_143757,mm_per_px,2753,275.3610,0.034936
2026-08-28 14:42:33.523,captures/20260828_143757,mm_per_px,2754,275.4221,0.030598
2026-08-28 14:42:33.672,captures/20260828_143757,mm_per_px,2755,275.5719,0.031318
2026-08-28 14:42:33.745,captures/20260828_143757,mm_per_px,2756,275.6444,0.021183
2026-08-28 14:42:33.818,captures/20260828_143757,mm_per_px,2757,275.7171,0.020607
2026-08-28 14:42:33.964,captures/20260828_143757,mm_per_px,2758,275.8639,0.028452
2026-08-28 14:42:34.018,captures/20260828_143757,mm_per_px,2759,275.9179,0.012228
2026-08-28 14:42:34.162,captures/20260828_143757,mm_per_px,2760,276.0615,0.020736
2026-08-28 14:42:34.243,captures/20260828_143757,mm_per_px,2761,276.1427,0.046173
2026-08-28 14:42:34.371,captures/20260828_143757,mm_per_px,2762,276.2701,0.045224
2026-08-28 14:42:34.452,captures/20260828_143757,mm_per_px,2763,276.3517,0.040851
2026-08-28 14:42:34.515,captures/20260828_143757,mm_per_px,2764,276.4145,0.036703
2026-08-28 14:42:34.622,captures/20260828_143757,mm_per_px,2765,276.5213,0.048530
2026-08-28 14:42:34.764,captures/20260828_143757,mm_per_px,2766,276.6633,0.029716
2026-08-28 14:42:34.821,captures/20260828_143757,mm_per_px,2767,276.7207,0.055447
2026-08-28 14:42:34.971,captures/20260828_143757,mm_per_px,2768,276.8704,0.047474
2026-08-28 14:42:35.045,captures/20260828_143757,mm_per_px,2769,276.9443,0.032342
2026-08-28 14:42:35.164,captures/20260828_143757,mm_per_px,2770,277.0631,0.022256
2026-08-28 14:42:35.225,captures/20260828_143757,mm_per_px,2771,277.1244,0.015695
2026-08-28 14:42:35.362,captures/20260828_143757,mm_per_px,2772,277.2617,0.020917
2026-08-28 14:42:35.459,captures/20260828_143757,mm_per_px,2773,277.3581,0.012841
2026-08-28 14:42:35.535,captures/20260828_143757,mm_per_px,2774,277.4349,0.015361
2026-08-28 14:42:35.617,captures/20260828_143757,mm_per_px,2775,277.5165,0.016760
2026-08-28 14:42:35.765,captures/20260828_143757,mm_per_px,2776,277.6641,0.006343
2026-08-28 14:42:35.818,captures/20260828_143757,mm_per_px,2777,277.7175,0.007349
2026-08-28 14:42:35.956,captures/20260828_143757,mm_per_px,2778,277.8551,0.012357
2026-08-28 14:42:36.024,captures/20260828_143757,mm_per_px,2779,277.9235,0.019951
2026-08-28 14:42:36.174,captures/20260828_143757,mm_per_px,2780,278.0736,0.011132
2026-08-28 14:42:36.255,captures/20260828_143757,mm_per_px,2781,278.1541,0.011892
2026-08-28 14:42:36.366,captures/20260828_143757,mm_per_px,2782,278.2655,0.008412
2026-08-28 14:42:36.458,captures/20260828_143757,mm_per_px,2783,278.3570,0.009096
2026-08-28 14:42:36.563,captures/20260828_143757,mm_per_px,2784,278.4620,0.009796
2026-08-28 14:42:36.637,captures/20260828_143757,mm_per_px,2785,278.5364,0.012468
2026-08-28 14:42:36.772,captures/20260828_143757,mm_per_px,2786,278.6710,0.031063
2026-08-28 14:42:36.847,captures/20260828_143757,mm_per_px,2787,278.7466,0.026460
2026-08-28 14:42:36.968,captures/20260828_143757,mm_per_px,2788,278.8679,0.023451
2026-08-28 14:42:37.051,captures/20260828_143757,mm_per_px,2789,278.9509,0.011390
2026-08-28 14:42:37.163,captures/20260828_143757,mm_per_px,2790,279.0625,0.018732
2026-08-28 14:42:37.218,captures/20260828_143757,mm_per_px,2791,279.1170,0.007129
2026-08-28 14:42:37.364,captures/20260828_143757,mm_per_px,2792,279.2633,0.026207
2026-08-28 14:42:37.419,captures/20260828_143757,mm_per_px,2793,279.3180,0.024668
2026-08-28 14:42:37.557,captures/20260828_143757,mm_per_px,2794,279.4564,0.016587
2026-08-28 14:42:37.625,captures/20260828_143757,mm_per_px,2795,279.5241,0.005016
2026-08-28 14:42:37.770,captures/20260828_143757,mm_per_px,2796,279.6695,0.007868
2026-08-28 14:42:37.841,captures/20260828_143757,mm_per_px,2797,279.7403,0.009310
2026-08-28 14:42:37.966,captures/20260828_143757,mm_per_px,2798,279.8658,0.008843
2026-08-28 14:42:38.045,captures/20260828_143757,mm_per_px,2799,279.9449,0.007836
2026-08-28 14:42:38.158,captures/20260828_143757,mm_per_px,2800,280.0573,0.014683
2026-08-28 14:42:38.231,captures/20260828_143757,mm_per_px,2801,280.1300,0.022266
2026-08-28 14:42:38.358,captures/20260828_143757,mm_per_px,2802,280.2572,0.013566
2026-08-28 14:42:38.464,captures/20260828_143757,mm_per_px,2803,280.3633,0.013294
2026-08-28 14:42:38.546,captures/20260828_143757,mm_per_px,2804,280.4451,0.011432
2026-08-28 14:42:38.657,captures/20260828_143757,mm_per_px,2805,280.5562,0.011458
2026-08-28 14:42:38.722,captures/20260828_143757,mm_per_px,2806,280.6214,0.013762
2026-08-28 14:42:38.865,captures/20260828_143757,mm_per_px,2807,280.7648,0.006179
2026-08-28 14:42:38.917,captures/20260828_143757,mm_per_px,2808,280.8162,0.004805
2026-08-28 14:42:39.062,captures/20260828_143757,mm_per_px,2809,280.9617,0.012304
2026-08-28 14:42:39.134,captures/20260828_143757,mm_per_px,2810,281.0334,0.013014
2026-08-28 14:42:39.271,captures/20260828_143757,mm_per_px,2811,281.1700,0.006152
2026-08-28 14:42:39.351,captures/20260828_143757,mm_per_px,2812,281.2505,0.005459
2026-08-28 14:42:39.462,captures/20260828_143757,mm_per_px,2813,281.3617,0.005506
2026-08-28 14:42:39.538,captures/20260828_143757,mm_per_px,2814,281.4377,0.003442
2026-08-28 14:42:39.619,captures/20260828_143757,mm_per_px,2815,281.5184,0.002457
2026-08-28 14:42:39.762,captures/20260828_143757,mm_per_px,2816,281.6616,0.003864
2026-08-28 14:42:39.842,captures/20260828_143757,mm_per_px,2817,281.7419,0.011508
2026-08-28 14:42:39.916,captures/20260828_143757,mm_per_px,2818,281.8157,0.005295
2026-08-28 14:42:40.015,captures/20260828_143757,mm_per_px,2819,281.9142,0.003669
2026-08-28 14:42:40.166,captures/20260828_143757,mm_per_px,2820,282.0655,0.007781
2026-08-28 14:42:40.228,captures/20260828_143757,mm_per_px,2821,282.1277,0.003243
2026-08-28 14:42:40.368,captures/20260828_143757,mm_per_px,2822,282.2677,0.001963
2026-08-28 14:42:40.416,captures/20260828_143757,mm_per_px,2823,282.3153,0.001864
2026-08-28 14:42:40.567,captures/20260828_143757,mm_per_px,2824,282.4660,0.003018
2026-08-28 14:42:40.629,captures/20260828_143757,mm_per_px,2825,282.5284,0.006530
2026-08-28 14:42:40.759,captures/20260828_143757,mm_per_px,2826,282.6588,0.005427
2026-08-28 14:42:40.831,captures/20260828_143757,mm_per_px,2827,282.7306,0.011116
2026-08-28 14:42:40.962,captures/20260828_143757,mm_per_px,2828,282.8611,0.007581
2026-08-28 14:42:41.020,captures/20260828_143757,mm_per_px,2829,282.9199,0.015980
2026-08-28 14:42:41.170,captures/20260828_143757,mm_per_px,2830,283.0692,0.011068
2026-08-28 14:42:41.238,captures/20260828_143757,mm_per_px,2831,283.1374,0.005905
2026-08-28 14:42:41.362,captures/20260828_143757,mm_per_px,2832,283.2614,0.000536
2026-08-28 14:42:41.420,captures/20260828_143757,mm_per_px,2833,283.3197,0.000818
2026-08-28 14:42:41.562,captures/20260828_143757,mm_per_px,2834,283.4617,0.001685
2026-08-28 14:42:41.619,captures/20260828_143757,mm_per_px,2835,283.5181,0.000599
2026-08-28 14:42:41.765,captures/20260828_143757,mm_per_px,2836,283.6640,0.001172
2026-08-28 14:42:41.844,captures/20260828_143757,mm_per_px,2837,283.7433,0.003292
2026-08-28 14:42:41.918,captures/20260828_143757,mm_per_px,2838,283.8179,0.007280
2026-08-28 14:42:42.022,captures/20260828_143757,mm_per_px,2839,283.9210,0.001635
2026-08-28 14:42:42.156,captures/20260828_143757,mm_per_px,2840,284.0550,0.004289
2026-08-28 14:42:42.218,captures/20260828_143757,mm_per_px,2841,284.1177,0.000440
2026-08-28 14:42:42.316,captures/20260828_143757,mm_per_px,2842,284.2157,0.001490
2026-08-28 14:42:42.468,captures/20260828_143757,mm_per_px,2843,284.3673,0.003605
2026-08-28 14:42:42.533,captures/20260828_143757,mm_per_px,2844,284.4322,0.002228
2026-08-28 14:42:42.661,captures/20260828_143757,mm_per_px,2845,284.5609,0.000612
2026-08-28 14:42:42.716,captures/20260828_143757,mm_per_px,2846,284.6152,0.000000
2026-08-28 14:42:42.865,captures/20260828_143757,mm_per_px,2847,284.7642,0.001088
2026-08-28 14:42:42.936,captures/20260828_143757,mm_per_px,2848,284.8350,0.001831
2026-08-28 14:42:43.058,captures/20260828_143757,mm_per_px,2849,284.9574,0.001255
2026-08-28 14:42:43.127,captures/20260828_143757,mm_per_px,2850,285.0268,0.001711
2026-08-28 14:42:43.215,captures/20260828_143757,mm_per_px,2851,285.1143,0.000000
2026-08-28 14:42:43.368,captures/20260828_143757,mm_per_px,2852,285.2675,0.000819
2026-08-28 14:42:43.430,captures/20260828_143757,mm_per_px,2853,285.3295,0.000467
2026-08-28 14:42:43.561,captures/20260828_143757,mm_per_px,2854,285.4602,0.000448
2026-08-28 14:42:43.621,captures/20260828_143757,mm_per_px,2855,285.5208,0.000243
2026-08-28 14:42:43.771,captures/20260828_143757,mm_per_px,2856,285.6704,0.000000
2026-08-28 14:42:43.840,captures/20260828_143757,mm_per_px,2857,285.7397,0.001771
2026-08-28 14:42:43.967,captures/20260828_143757,mm_per_px,2858,285.8668,0.004229
2026-08-28 14:42:44.025,captures/20260828_143757,mm_per_px,2859,285.9247,0.000735
2026-08-28 14:42:44.158,captures/20260828_143757,mm_per_px,2860,286.0578,0.001410
2026-08-28 14:42:44.218,captures/20260828_143757,mm_per_px,2861,286.1174,0.000181
2026-08-28 14:42:44.364,captures/20260828_143757,mm_per_px,2862,286.2639,0.000000
2026-08-28 14:42:44.430,captures/20260828_143757,mm_per_px,2863,286.3290,0.003191
2026-08-28 14:42:44.561,captures/20260828_143757,mm_per_px,2864,286.4609,0.000581
2026-08-28 14:42:44.615,captures/20260828_143757,mm_per_px,2865,286.5140,0.000465
2026-08-28 14:42:44.766,captures/20260828_143757,mm_per_px,2866,286.6653,0.000183
2026-08-28 14:42:44.846,captures/20260828_143757,mm_per_px,2867,286.7458,0.000607
2026-08-28 14:42:44.958,captures/20260828_143757,mm_per_px,2868,286.8575,0.000000
2026-08-28 14:42:45.035,captures/20260828_143757,mm_per_px,2869,286.9341,0.000730
2026-08-28 14:42:45.155,captures/20260828_143757,mm_per_px,2870,287.0545,0.001627
2026-08-28 14:42:45.260,captures/20260828_143757,mm_per_px,2871,287.1599,0.000000
2026-08-28 14:42:45.338,captures/20260828_143757,mm_per_px,2872,287.2375,0.001127
2026-08-28 14:42:45.413,captures/20260828_143757,mm_per_px,2873,287.3129,0.002144
2026-08-28 14:42:45.517,captures/20260828_143757,mm_per_px,2874,287.4161,0.005279
2026-08-28 14:42:45.662,captures/20260828_143757,mm_per_px,2875,287.5615,0.002257
2026-08-28 14:42:45.742,captures/20260828_143757,mm_per_px,2876,287.6416,0.007085
2026-08-28 14:42:45.860,captures/20260828_143757,mm_per_px,2877,287.7594,0.006661
2026-08-28 14:42:45.937,captures/20260828_143757,mm_per_px,2878,287.8367,0.001198
2026-08-28 14:42:46.069,captures/20260828_143757,mm_per_px,2879,287.9687,0.001449
2026-08-28 14:42:46.142,captures/20260828_143757,mm_per_px,2880,288.0419,0.000000
2026-08-28 14:42:46.260,captures/20260828_143757,mm_per_px,2881,288.1599,0.000000
2026-08-28 14:42:46.316,captures/20260828_143757,mm_per_px,2882,288.2151,0.000000
2026-08-28 14:42:46.456,captures/20260828_143757,mm_per_px,2883,288.3557,0.000204
2026-08-28 14:42:46.524,captures/20260828_143757,mm_per_px,2884,288.4231,0.003104
2026-08-28 14:42:46.666,captures/20260828_143757,mm_per_px,2885,288.5657,0.004944
2026-08-28 14:42:46.729,captures/20260828_143757,mm_per_px,2886,288.6281,0.011289
2026-08-28 14:42:46.857,captures/20260828_143757,mm_per_px,2887,288.7565,0.024536
2026-08-28 14:42:46.962,captures/20260828_143757,mm_per_px,2888,288.8613,0.039907
2026-08-28 14:42:47.057,captures/20260828_143757,mm_per_px,2889,288.9567,0.055803
2026-08-28 14:42:47.116,captures/20260828_143757,mm_per_px,2890,289.0152,0.069527
2026-08-28 14:42:47.216,captures/20260828_143757,mm_per_px,2891,289.1152,0.074405
2026-08-28 14:42:47.360,captures/20260828_143757,mm_per_px,2892,289.2593,0.075158
2026-08-28 14:42:47.415,captures/20260828_143757,mm_per_px,2893,289.3147,0.045367
2026-08-28 14:42:47.561,captures/20260828_143757,mm_per_px,2894,289.4603,0.039489
2026-08-28 14:42:47.624,captures/20260828_143757,mm_per_px,2895,289.5231,0.033136
2026-08-28 14:42:47.714,captures/20260828_143757,mm_per_px,2896,289.6137,0.029613
2026-08-28 14:42:47.815,captures/20260828_143757,mm_per_px,2897,289.7142,0.030580
2026-08-28 14:42:47.962,captures/20260828_143757,mm_per_px,2898,289.8610,0.040174
2026-08-28 14:42:48.022,captures/20260828_143757,mm_per_px,2899,289.9217,0.031816
2026-08-28 14:42:48.115,captures/20260828_143757,mm_per_px,2900,290.0147,0.029015
2026-08-28 14:42:48.215,captures/20260828_143757,mm_per_px,2901,290.1149,0.034982
2026-08-28 14:42:48.356,captures/20260828_143757,mm_per_px,2902,290.2551,0.038436
2026-08-28 14:42:48.460,captures/20260828_143757,mm_per_px,2903,290.3597,0.056514
2026-08-28 14:42:48.558,captures/20260828_143757,mm_per_px,2904,290.4572,0.042222
2026-08-28 14:42:48.662,captures/20260828_143757,mm_per_px,2905,290.5615,0.024461
2026-08-28 14:42:48.715,captures/20260828_143757,mm_per_px,2906,290.6140,0.004702
