timestamp,run,mode,frame_index,elapsed_s,volume_l
2026-08-28 14:31:50.304,captures/20260828_143150,mm_per_px,0,0.0386,0.000000
2026-08-28 14:31:50.409,captures/20260828_143150,mm_per_px,1,0.1431,0.000000
2026-08-28 14:31:50.504,captures/20260828_143150,mm_per_px,2,0.2388,0.000000
2026-08-28 14:31:50.613,captures/20260828_143150,mm_per_px,3,0.3477,0.000000
2026-08-28 14:31:50.706,captures/20260828_143150,mm_per_px,4,0.4400,0.000000
2026-08-28 14:31:50.806,captures/20260828_143150,mm_per_px,5,0.5403,0.000000
2026-08-28 14:31:50.905,captures/20260828_143150,mm_per_px,6,0.6398,0.000000
2026-08-28 14:31:51.005,captures/20260828_143150,mm_per_px,7,0.7395,0.000000
2026-08-28 14:31:51.128,captures/20260828_143150,mm_per_px,8,0.8628,0.000000
2026-08-28 14:31:51.204,captures/20260828_143150,mm_per_px,9,0.9381,0.000000
2026-08-28 14:31:51.304,captures/20260828_143150,mm_per_px,10,1.0386,0.000000
2026-08-28 14:31:51.405,captures/20260828_143150,mm_per_px,11,1.1392,0.000000
2026-08-28 14:31:51.508,captures/20260828_143150,mm_per_px,12,1.2427,0.000000
2026-08-28 14:31:51.613,captures/20260828_143150,mm_per_px,13,1.3476,0.000000
2026-08-28 14:31:51.719,captures/20260828_143150,mm_per_px,14,1.4532,0.000000
2026-08-28 14:31:51.806,captures/20260828_143150,mm_per_px,15,1.5408,0.000000
2026-08-28 14:31:51.911,captures/20260828_143150,mm_per_px,16,1.6454,0.000649
2026-08-28 14:31:52.005,captures/20260828_143150,mm_per_px,17,1.7397,0.000000
2026-08-28 14:31:52.104,captures/20260828_143150,mm_per_px,18,1.8383,0.000000
2026-08-28 14:31:52.204,captures/20260828_143150,mm_per_px,19,1.9381,0.000000
2026-08-28 14:31:52.308,captures/20260828_143150,mm_per_px,20,2.0426,0.000000
2026-08-28 14:31:52.423,captures/20260828_143150,mm_per_px,21,2.1578,0.000000
2026-08-28 14:31:52.510,captures/20260828_143150,mm_per_px,22,2.2447,0.000000
2026-08-28 14:31:52.611,captures/20260828_143150,mm_per_px,23,2.3455,0.000000
2026-08-28 14:31:52.709,captures/20260828_143150,mm_per_px,24,2.4434,0.000000
2026-08-28 14:31:52.804,captures/20260828_143150,mm_per_px,25,2.5389,0.000306
2026-08-28 14:31:52.904,captures/20260828_143150,mm_per_px,26,2.6381,0.002377
2026-08-28 14:31:53.014,captures/20260828_143150,mm_per_px,27,2.7481,0.003201
2026-08-28 14:31:53.106,captures/20260828_143150,mm_per_px,28,2.8403,0.000000
2026-08-28 14:31:53.204,captures/20260828_143150,mm_per_px,29,2.9389,0.000000
2026-08-28 14:31:53.305,captures/20260828_143150,mm_per_px,30,3.0392,0.000000
2026-08-28 14:31:53.404,captures/20260828_143150,mm_per_px,31,3.1386,0.000000
2026-08-28 14:31:53.508,captures/20260828_143150,mm_per_px,32,3.2424,0.000000
2026-08-28 14:31:53.620,captures/20260828_143150,mm_per_px,33,3.3541,0.000000
2026-08-28 14:31:53.712,captures/20260828_143150,mm_per_px,34,3.4468,0.000000
2026-08-28 14:31:53.809,captures/20260828_143150,mm_per_px,35,3.5437,0.000000
2026-08-28 14:31:53.911,captures/20260828_143150,mm_per_px,36,3.6456,0.000000
2026-08-28 14:31:54.006,captures/20260828_143150,mm_per_px,37,3.7407,0.000000
2026-08-28 14:31:54.118,captures/20260828_143150,mm_per_px,38,3.8520,0.000730
2026-08-28 14:31:54.207,captures/20260828_143150,mm_per_px,39,3.9416,0.000000
2026-08-28 14:31:54.307,captures/20260828_143150,mm_per_px,40,4.0410,0.000000
2026-08-28 14:31:54.405,captures/20260828_143150,mm_per_px,41,4.1399,0.000000
2026-08-28 14:31:54.508,captures/20260828_143150,mm_per_px,42,4.2425,0.000000
2026-08-28 14:31:54.615,captures/20260828_143150,mm_per_px,43,4.3493,0.000000
2026-08-28 14:31:54.707,captures/20260828_143150,mm_per_px,44,4.4416,0.000295
2026-08-28 14:31:54.814,captures/20260828_143150,mm_per_px,45,4.5484,0.000000
2026-08-28 14:31:54.905,captures/20260828_143150,mm_per_px,46,4.6394,0.000000
2026-08-28 14:31:55.008,captures/20260828_143150,mm_per_px,47,4.7420,0.000000
2026-08-28 14:31:55.117,captures/20260828_143150,mm_per_px,48,4.8516,0.000237
2026-08-28 14:31:55.209,captures/20260828_143150,mm_per_px,49,4.9437,0.000494
2026-08-28 14:31:55.308,captures/20260828_143150,mm_per_px,50,5.0428,0.000000
2026-08-28 14:31:55.409,captures/20260828_143150,mm_per_px,51,5.1435,0.000000
2026-08-28 14:31:55.510,captures/20260828_143150,mm_per_px,52,5.2442,0.000000
2026-08-28 14:31:55.609,captures/20260828_143150,mm_per_px,53,5.3433,0.000000
2026-08-28 14:31:55.713,captures/20260828_143150,mm_per_px,54,5.4472,0.000000
2026-08-28 14:31:55.812,captures/20260828_143150,mm_per_px,55,5.5467,0.000631
2026-08-28 14:31:55.924,captures/20260828_143150,mm_per_px,56,5.6586,0.001171
2026-08-28 14:31:56.022,captures/20260828_143150,mm_per_px,57,5.7565,0.000000
2026-08-28 14:31:56.111,captures/20260828_143150,mm_per_px,58,5.8453,0.002243
2026-08-28 14:31:56.209,captures/20260828_143150,mm_per_px,59,5.9437,0.002561
2026-08-28 14:31:56.307,captures/20260828_143150,mm_per_px,60,6.0415,0.006243
2026-08-28 14:31:56.405,captures/20260828_143150,mm_per_px,61,6.1393,0.002717
2026-08-28 14:31:56.514,captures/20260828_143150,mm_per_px,62,6.2488,0.003674
2026-08-28 14:31:56.606,captures/20260828_143150,mm_per_px,63,6.3408,0.000000
2026-08-28 14:31:56.708,captures/20260828_143150,mm_per_px,64,6.4426,0.000000
2026-08-28 14:31:56.806,captures/20260828_143150,mm_per_px,65,6.5407,0.000000
2026-08-28 14:31:56.905,captures/20260828_143150,mm_per_px,66,6.6394,0.000000
2026-08-28 14:31:57.006,captures/20260828_143150,mm_per_px,67,6.7400,0.000000
2026-08-28 14:31:57.108,captures/20260828_143150,mm_per_px,68,6.8427,0.000000
2026-08-28 14:31:57.204,captures/20260828_143150,mm_per_px,69,6.9381,0.000000
2026-08-28 14:31:57.307,captures/20260828_143150,mm_per_px,70,7.0411,0.000000
2026-08-28 14:31:57.407,captures/20260828_143150,mm_per_px,71,7.1410,0.000514
2026-08-28 14:31:57.507,captures/20260828_143150,mm_per_px,72,7.2419,0.000000
2026-08-28 14:31:57.607,captures/20260828_143150,mm_per_px,73,7.3412,0.000000
2026-08-28 14:31:57.708,captures/20260828_143150,mm_per_px,74,7.4422,0.000303
2026-08-28 14:31:57.807,captures/20260828_143150,mm_per_px,75,7.5415,0.000000
2026-08-28 14:31:57.915,captures/20260828_143150,mm_per_px,76,7.6490,0.000000
2026-08-28 14:31:58.013,captures/20260828_143150,mm_per_px,77,7.7479,0.000000
2026-08-28 14:31:58.106,captures/20260828_143150,mm_per_px,78,7.8409,0.000000
2026-08-28 14:31:58.207,captures/20260828_143150,mm_per_px,79,7.9410,0.000000
2026-08-28 14:31:58.309,captures/20260828_143150,mm_per_px,80,8.0431,0.000000
2026-08-28 14:31:58.408,captures/20260828_143150,mm_per_px,81,8.1423,0.000000
2026-08-28 14:31:58.520,captures/20260828_143150,mm_per_px,82,8.2544,0.000000
2026-08-28 14:31:58.618,captures/20260828_143150,mm_per_px,83,8.3525,0.000000
2026-08-28 14:31:58.709,captures/20260828_143150,mm_per_px,84,8.4437,0.000000
2026-08-28 14:31:58.824,captures/20260828_143150,mm_per_px,85,8.5585,0.000000
2026-08-28 14:31:58.920,captures/20260828_143150,mm_per_px,86,8.6549,0.000000
2026-08-28 14:31:59.014,captures/20260828_143150,mm_per_px,87,8.7483,0.000000
2026-08-28 14:31:59.113,captures/20260828_143150,mm_per_px,88,8.8474,0.000000
2026-08-28 14:31:59.205,captures/20260828_143150,mm_per_px,89,8.9397,0.000000
2026-08-28 14:31:59.308,captures/20260828_143150,mm_per_px,90,9.0423,0.000000
2026-08-28 14:31:59.414,captures/20260828_143150,mm_per_px,91,9.1480,0.000000
2026-08-28 14:31:59.505,captures/20260828_143150,mm_per_px,92,9.2391,0.000241
2026-08-28 14:31:59.613,captures/20260828_143150,mm_per_px,93,9.3473,0.000000
2026-08-28 14:31:59.708,captures/20260828_143150,mm_per_px,94,9.4427,0.000000
2026-08-28 14:31:59.809,captures/20260828_143150,mm_per_px,95,9.5431,0.000000
2026-08-28 14:31:59.906,captures/20260828_143150,mm_per_px,96,9.6403,0.000000
2026-08-28 14:32:00.005,captures/20260828_143150,mm_per_px,97,9.7396,0.000000
2026-08-28 14:32:00.105,captures/20260828_143150,mm_per_px,98,9.8390,0.000000
2026-08-28 14:32:00.205,captures/20260828_143150,mm_per_px,99,9.9393,0.000000
2026-08-28 14:32:00.305,captures/20260828_143150,mm_per_px,100,10.0394,0.000000
2026-08-28 14:32:00.404,captures/20260828_143150,mm_per_px,101,10.1386,0.000000
2026-08-28 14:32:00.504,captures/20260828_143150,mm_per_px,102,10.2388,0.000000
2026-08-28 14:32:00.608,captures/20260828_143150,mm_per_px,103,10.3428,0.000260
2026-08-28 14:32:00.706,captures/20260828_143150,mm_per_px,104,10.4402,0.000000
2026-08-28 14:32:00.807,captures/20260828_143150,mm_per_px,105,10.5415,0.000302
2026-08-28 14:32:00.908,captures/20260828_143150,mm_per_px,106,10.6428,0.000351
2026-08-28 14:32:01.007,captures/20260828_143150,mm_per_px,107,10.7411,0.000348
2026-08-28 14:32:01.105,captures/20260828_143150,mm_per_px,108,10.8390,0.000773
2026-08-28 14:32:01.204,captures/20260828_143150,mm_per_px,109,10.9389,0.002038
2026-08-28 14:32:01.305,captures/20260828_143150,mm_per_px,110,11.0395,0.003612
2026-08-28 14:32:01.404,captures/20260828_143150,mm_per_px,111,11.1389,0.006375
2026-08-28 14:32:01.504,captures/20260828_143150,mm_per_px,112,11.2389,0.002832
2026-08-28 14:32:01.613,captures/20260828_143150,mm_per_px,113,11.3471,0.000556
2026-08-28 14:32:01.708,captures/20260828_143150,mm_per_px,114,11.4422,0.000000
2026-08-28 14:32:01.805,captures/20260828_143150,mm_per_px,115,11.5397,0.000000
2026-08-28 14:32:01.907,captures/20260828_143150,mm_per_px,116,11.6413,0.000723
2026-08-28 14:32:02.004,captures/20260828_143150,mm_per_px,117,11.7388,0.000723
2026-08-28 14:32:02.108,captures/20260828_143150,mm_per_px,118,11.8420,0.000000
2026-08-28 14:32:02.210,captures/20260828_143150,mm_per_px,119,11.9442,0.000000
2026-08-28 14:32:02.308,captures/20260828_143150,mm_per_px,120,12.0420,0.000000
2026-08-28 14:32:02.429,captures/20260828_143150,mm_per_px,121,12.1638,0.002068
2026-08-28 14:32:02.508,captures/20260828_143150,mm_per_px,122,12.2426,0.001604
2026-08-28 14:32:02.605,captures/20260828_143150,mm_per_px,123,12.3397,0.000000
2026-08-28 14:32:02.707,captures/20260828_143150,mm_per_px,124,12.4413,0.000000
2026-08-28 14:32:02.807,captures/20260828_143150,mm_per_px,125,12.5413,0.000000
2026-08-28 14:32:02.905,captures/20260828_143150,mm_per_px,126,12.6391,0.000000
2026-08-28 14:32:03.010,captures/20260828_143150,mm_per_px,127,12.7443,0.000000
2026-08-28 14:32:03.110,captures/20260828_143150,mm_per_px,128,12.8441,0.000000
2026-08-28 14:32:03.208,captures/20260828_143150,mm_per_px,129,12.9425,0.000000
2026-08-28 14:32:03.308,captures/20260828_143150,mm_per_px,130,13.0427,0.000000
2026-08-28 14:32:03.408,captures/20260828_143150,mm_per_px,131,13.1422,0.000000
2026-08-28 14:32:03.549,captures/20260828_143150,mm_per_px,132,13.2838,0.000000
2026-08-28 14:32:03.631,captures/20260828_143150,mm_per_px,133,13.3658,0.000000
2026-08-28 14:32:03.758,captures/20260828_143150,mm_per_px,134,13.4922,0.000000
2026-08-28 14:32:03.818,captures/20260828_143150,mm_per_px,135,13.5525,0.000000
2026-08-28 14:32:03.913,captures/20260828_143150,mm_per_px,136,13.6476,0.000000
2026-08-28 14:32:04.008,captures/20260828_143150,mm_per_px,137,13.7429,0.002604
2026-08-28 14:32:04.111,captures/20260828_143150,mm_per_px,138,13.8454,0.000000
2026-08-28 14:32:04.258,captures/20260828_143150,mm_per_px,139,13.9925,0.003946
2026-08-28 14:32:04.362,captures/20260828_143150,mm_per_px,140,14.0961,0.002632
2026-08-28 14:32:04.408,captures/20260828_143150,mm_per_px,141,14.1422,0.003693
2026-08-28 14:32:04.507,captures/20260828_143150,mm_per_px,142,14.2417,0.000000
2026-08-28 14:32:04.616,captures/20260828_143150,mm_per_px,143,14.3500,0.000000
2026-08-28 14:32:04.706,captures/20260828_143150,mm_per_px,144,14.4404,0.000000
2026-08-28 14:32:04.807,captures/20260828_143150,mm_per_px,145,14.5414,0.000000
2026-08-28 14:32:04.909,captures/20260828_143150,mm_per_px,146,14.6438,0.000000
2026-08-28 14:32:05.006,captures/20260828_143150,mm_per_px,147,14.7409,0.000000
2026-08-28 14:32:05.108,captures/20260828_143150,mm_per_px,148,14.8420,0.000000
2026-08-28 14:32:05.206,captures/20260828_143150,mm_per_px,149,14.9405,0.000000
2026-08-28 14:32:05.307,captures/20260828_143150,mm_per_px,150,15.0412,0.000000
2026-08-28 14:32:05.406,captures/20260828_143150,mm_per_px,151,15.1407,0.000000
2026-08-28 14:32:05.514,captures/20260828_143150,mm_per_px,152,15.2483,0.000000
2026-08-28 14:32:05.611,captures/20260828_143150,mm_per_px,153,15.3454,0.000000
2026-08-28 14:32:05.719,captures/20260828_143150,mm_per_px,154,15.4533,0.000000
2026-08-28 14:32:05.807,captures/20260828_143150,mm_per_px,155,15.5415,0.000266
2026-08-28 14:32:05.913,captures/20260828_143150,mm_per_px,156,15.6475,0.001056
2026-08-28 14:32:06.010,captures/20260828_143150,mm_per_px,157,15.7444,0.002824
2026-08-28 14:32:06.109,captures/20260828_143150,mm_per_px,158,15.8434,0.003135
2026-08-28 14:32:06.206,captures/20260828_143150,mm_per_px,159,15.9404,0.001491
2026-08-28 14:32:06.316,captures/20260828_143150,mm_per_px,160,16.0508,0.000000
2026-08-28 14:32:06.407,captures/20260828_143150,mm_per_px,161,16.1414,0.000000
2026-08-28 14:32:06.508,captures/20260828_143150,mm_per_px,162,16.2423,0.001745
2026-08-28 14:32:06.613,captures/20260828_143150,mm_per_px,163,16.3475,0.005309
2026-08-28 14:32:06.706,captures/20260828_143150,mm_per_px,164,16.4403,0.010694
2026-08-28 14:32:06.814,captures/20260828_143150,mm_per_px,165,16.5489,0.008514
2026-08-28 14:32:06.959,captures/20260828_143150,mm_per_px,166,16.6930,0.002841
2026-08-28 14:32:07.066,captures/20260828_143150,mm_per_px,167,16.8003,0.000892
2026-08-28 14:32:07.106,captures/20260828_143150,mm_per_px,168,16.8407,0.000000
2026-08-28 14:32:07.205,captures/20260828_143150,mm_per_px,169,16.9399,0.001017
2026-08-28 14:32:07.305,captures/20260828_143150,mm_per_px,170,17.0394,0.004981
2026-08-28 14:32:07.405,captures/20260828_143150,mm_per_px,171,17.1393,0.000590
2026-08-28 14:32:07.515,captures/20260828_143150,mm_per_px,172,17.2491,0.002864
2026-08-28 14:32:07.607,captures/20260828_143150,mm_per_px,173,17.3418,0.000000
2026-08-28 14:32:07.707,captures/20260828_143150,mm_per_px,174,17.4417,0.000722
2026-08-28 14:32:07.857,captures/20260828_143150,mm_per_px,175,17.5916,0.000000
2026-08-28 14:32:07.953,captures/20260828_143150,mm_per_px,176,17.6876,0.000611
2026-08-28 14:32:08.012,captures/20260828_143150,mm_per_px,177,17.7465,0.001718
2026-08-28 14:32:08.115,captures/20260828_143150,mm_per_px,178,17.8492,0.002991
2026-08-28 14:32:08.214,captures/20260828_143150,mm_per_px,179,17.9486,0.003808
2026-08-28 14:32:08.311,captures/20260828_143150,mm_per_px,180,18.0452,0.003265
2026-08-28 14:32:08.408,captures/20260828_143150,mm_per_px,181,18.1422,0.007222
2026-08-28 14:32:08.509,captures/20260828_143150,mm_per_px,182,18.2439,0.008108
2026-08-28 14:32:08.615,captures/20260828_143150,mm_per_px,183,18.3490,0.001870
2026-08-28 14:32:08.707,captures/20260828_143150,mm_per_px,184,18.4419,0.001050
2026-08-28 14:32:08.807,captures/20260828_143150,mm_per_px,185,18.5417,0.004018
2026-08-28 14:32:08.909,captures/20260828_143150,mm_per_px,186,18.6436,0.000000
2026-08-28 14:32:09.006,captures/20260828_143150,mm_per_px,187,18.7409,0.000324
2026-08-28 14:32:09.108,captures/20260828_143150,mm_per_px,188,18.8428,0.000411
2026-08-28 14:32:09.217,captures/20260828_143150,mm_per_px,189,18.9515,0.000000
2026-08-28 14:32:09.307,captures/20260828_143150,mm_per_px,190,19.0414,0.000000
2026-08-28 14:32:09.408,captures/20260828_143150,mm_per_px,191,19.1422,0.000000
2026-08-28 14:32:09.505,captures/20260828_143150,mm_per_px,192,19.2397,0.003025
2026-08-28 14:32:09.665,captures/20260828_143150,mm_per_px,193,19.3993,0.000000
2026-08-28 14:32:09.769,captures/20260828_143150,mm_per_px,194,19.5038,0.000000
2026-08-28 14:32:09.816,captures/20260828_143150,mm_per_px,195,19.5506,0.000000
2026-08-28 14:32:09.909,captures/20260828_143150,mm_per_px,196,19.6439,0.002060
2026-08-28 14:32:10.016,captures/20260828_143150,mm_per_px,197,19.7501,0.003018
2026-08-28 14:32:10.106,captures/20260828_143150,mm_per_px,198,19.8401,0.002660
2026-08-28 14:32:10.209,captures/20260828_143150,mm_per_px,199,19.9438,0.002642
2026-08-28 14:32:10.311,captures/20260828_143150,mm_per_px,200,20.0459,0.013617
2026-08-28 14:32:10.461,captures/20260828_143150,mm_per_px,201,20.1950,0.012974
2026-08-28 14:32:10.554,captures/20260828_143150,mm_per_px,202,20.2885,0.006312
2026-08-28 14:32:10.607,captures/20260828_143150,mm_per_px,203,20.3419,0.007639
2026-08-28 14:32:10.748,captures/20260828_143150,mm_per_px,204,20.4826,0.008950
2026-08-28 14:32:10.846,captures/20260828_143150,mm_per_px,205,20.5807,0.020404
2026-08-28 14:32:10.908,captures/20260828_143150,mm_per_px,206,20.6424,0.019367
2026-08-28 14:32:11.008,captures/20260828_143150,mm_per_px,207,20.7424,0.016803
2026-08-28 14:32:11.107,captures/20260828_143150,mm_per_px,208,20.8415,0.005367
2026-08-28 14:32:11.215,captures/20260828_143150,mm_per_px,209,20.9490,0.001202
2026-08-28 14:32:11.309,captures/20260828_143150,mm_per_px,210,21.0436,0.000251
2026-08-28 14:32:11.407,captures/20260828_143150,mm_per_px,211,21.1417,0.002040
2026-08-28 14:32:11.558,captures/20260828_143150,mm_per_px,212,21.2921,0.001010
2026-08-28 14:32:11.654,captures/20260828_143150,mm_per_px,213,21.3889,0.000133
2026-08-28 14:32:11.706,captures/20260828_143150,mm_per_px,214,21.4405,0.000497
2026-08-28 14:32:11.807,captures/20260828_143150,mm_per_px,215,21.5412,0.000170
2026-08-28 14:32:11.932,captures/20260828_143150,mm_per_px,216,21.6668,0.001735
2026-08-28 14:32:12.009,captures/20260828_143150,mm_per_px,217,21.7439,0.002479
2026-08-28 14:32:12.119,captures/20260828_143150,mm_per_px,218,21.8534,0.005493
2026-08-28 14:32:12.209,captures/20260828_143150,mm_per_px,219,21.9439,0.006287
2026-08-28 14:32:12.317,captures/20260828_143150,mm_per_px,220,22.0513,0.004942
2026-08-28 14:32:12.415,captures/20260828_143150,mm_per_px,221,22.1498,0.000810
2026-08-28 14:32:12.508,captures/20260828_143150,mm_per_px,222,22.2422,0.001911
2026-08-28 14:32:12.607,captures/20260828_143150,mm_per_px,223,22.3415,0.002026
2026-08-28 14:32:12.756,captures/20260828_143150,mm_per_px,224,22.4901,0.004979
2026-08-28 14:32:12.860,captures/20260828_143150,mm_per_px,225,22.5947,0.003587
2026-08-28 14:32:12.905,captures/20260828_143150,mm_per_px,226,22.6398,0.005762
2026-08-28 14:32:13.008,captures/20260828_143150,mm_per_px,227,22.7422,0.001963
2026-08-28 14:32:13.114,captures/20260828_143150,mm_per_px,228,22.8484,0.000000
2026-08-28 14:32:13.207,captures/20260828_143150,mm_per_px,229,22.9413,0.000000
2026-08-28 14:32:13.316,captures/20260828_143150,mm_per_px,230,23.0508,0.000000
2026-08-28 14:32:13.406,captures/20260828_143150,mm_per_px,231,23.1403,0.000200
2026-08-28 14:32:13.519,captures/20260828_143150,mm_per_px,232,23.2537,0.000000
2026-08-28 14:32:13.612,captures/20260828_143150,mm_per_px,233,23.3469,0.000000
2026-08-28 14:32:13.705,captures/20260828_143150,mm_per_px,234,23.4399,0.000000
2026-08-28 14:32:13.811,captures/20260828_143150,mm_per_px,235,23.5451,0.000000
2026-08-28 14:32:13.904,captures/20260828_143150,mm_per_px,236,23.6389,0.000000
2026-08-28 14:32:14.010,captures/20260828_143150,mm_per_px,237,23.7441,0.000000
2026-08-28 14:32:14.107,captures/20260828_143150,mm_per_px,238,23.8412,0.000000
2026-08-28 14:32:14.210,captures/20260828_143150,mm_per_px,239,23.9443,0.000000
2026-08-28 14:32:14.328,captures/20260828_143150,mm_per_px,240,24.0626,0.000000
2026-08-28 14:32:14.404,captures/20260828_143150,mm_per_px,241,24.1388,0.000000
2026-08-28 14:32:14.512,captures/20260828_143150,mm_per_px,242,24.2467,0.000000
2026-08-28 14:32:14.614,captures/20260828_143150,mm_per_px,243,24.3486,0.000262
2026-08-28 14:32:14.709,captures/20260828_143150,mm_per_px,244,24.4437,0.000000
2026-08-28 14:32:14.810,captures/20260828_143150,mm_per_px,245,24.5441,0.000000
2026-08-28 14:32:14.910,captures/20260828_143150,mm_per_px,246,24.6447,0.000000
2026-08-28 14:32:15.006,captures/20260828_143150,mm_per_px,247,24.7409,0.000000
2026-08-28 14:32:15.109,captures/20260828_143150,mm_per_px,248,24.8432,0.000000
2026-08-28 14:32:15.216,captures/20260828_143150,mm_per_px,249,24.9500,0.000000
2026-08-28 14:32:15.307,captures/20260828_143150,mm_per_px,250,25.0419,0.000000
2026-08-28 14:32:15.463,captures/20260828_143150,mm_per_px,251,25.1972,0.000000
2026-08-28 14:32:15.546,captures/20260828_143150,mm_per_px,252,25.2808,0.000332
2026-08-28 14:32:15.607,captures/20260828_143150,mm_per_px,253,25.3418,0.000428
2026-08-28 14:32:15.706,captures/20260828_143150,mm_per_px,254,25.4402,0.003458
2026-08-28 14:32:15.808,captures/20260828_143150,mm_per_px,255,25.5423,0.004698
2026-08-28 14:32:15.905,captures/20260828_143150,mm_per_px,256,25.6396,0.002101
2026-08-28 14:32:16.006,captures/20260828_143150,mm_per_px,257,25.7404,0.000633
2026-08-28 14:32:16.106,captures/20260828_143150,mm_per_px,258,25.8400,0.000133
2026-08-28 14:32:16.217,captures/20260828_143150,mm_per_px,259,25.9510,0.000000
2026-08-28 14:32:16.314,captures/20260828_143150,mm_per_px,260,26.0484,0.000000
2026-08-28 14:32:16.411,captures/20260828_143150,mm_per_px,261,26.1455,0.000000
2026-08-28 14:32:16.508,captures/20260828_143150,mm_per_px,262,26.2429,0.000000
2026-08-28 14:32:16.608,captures/20260828_143150,mm_per_px,263,26.3428,0.000000
2026-08-28 14:32:16.708,captures/20260828_143150,mm_per_px,264,26.4426,0.000000
2026-08-28 14:32:16.808,captures/20260828_143150,mm_per_px,265,26.5429,0.000000
2026-08-28 14:32:16.914,captures/20260828_143150,mm_per_px,266,26.6486,0.000000
2026-08-28 14:32:17.004,captures/20260828_143150,mm_per_px,267,26.7389,0.000000
2026-08-28 14:32:17.106,captures/20260828_143150,mm_per_px,268,26.8409,0.000000
2026-08-28 14:32:17.207,captures/20260828_143150,mm_per_px,269,26.9417,0.000000
2026-08-28 14:32:17.315,captures/20260828_143150,mm_per_px,270,27.0492,0.000000
2026-08-28 14:32:17.406,captures/20260828_143150,mm_per_px,271,27.1404,0.000000
2026-08-28 14:32:17.529,captures/20260828_143150,mm_per_px,272,27.2634,0.000000
2026-08-28 14:32:17.607,captures/20260828_143150,mm_per_px,273,27.3419,0.000000
2026-08-28 14:32:17.708,captures/20260828_143150,mm_per_px,274,27.4429,0.000000
2026-08-28 14:32:17.806,captures/20260828_143150,mm_per_px,275,27.5408,0.003532
2026-08-28 14:32:17.906,captures/20260828_143150,mm_per_px,276,27.6406,0.005479
2026-08-28 14:32:18.005,captures/20260828_143150,mm_per_px,277,27.7398,0.001538
2026-08-28 14:32:18.107,captures/20260828_143150,mm_per_px,278,27.8419,0.000457
2026-08-28 14:32:18.205,captures/20260828_143150,mm_per_px,279,27.9391,0.000229
2026-08-28 14:32:18.310,captures/20260828_143150,mm_per_px,280,28.0448,0.000000
2026-08-28 14:32:18.405,captures/20260828_143150,mm_per_px,281,28.1399,0.000000
2026-08-28 14:32:18.505,captures/20260828_143150,mm_per_px,282,28.2399,0.000000
2026-08-28 14:32:18.618,captures/20260828_143150,mm_per_px,283,28.3521,0.000568
2026-08-28 14:32:18.705,captures/20260828_143150,mm_per_px,284,28.4392,0.000000
2026-08-28 14:32:18.817,captures/20260828_143150,mm_per_px,285,28.5517,0.000000
2026-08-28 14:32:18.905,captures/20260828_143150,mm_per_px,286,28.6395,0.000215
2026-08-28 14:32:19.004,captures/20260828_143150,mm_per_px,287,28.7388,0.000215
2026-08-28 14:32:19.116,captures/20260828_143150,mm_per_px,288,28.8502,0.000798
2026-08-28 14:32:19.208,captures/20260828_143150,mm_per_px,289,28.9424,0.001979
2026-08-28 14:32:19.320,captures/20260828_143150,mm_per_px,290,29.0541,0.000989
2026-08-28 14:32:19.407,captures/20260828_143150,mm_per_px,291,29.1414,0.000835
2026-08-28 14:32:19.505,captures/20260828_143150,mm_per_px,292,29.2395,0.001335
2026-08-28 14:32:19.606,captures/20260828_143150,mm_per_px,293,29.3404,0.007051
2026-08-28 14:32:19.713,captures/20260828_143150,mm_per_px,294,29.4478,0.014560
2026-08-28 14:32:19.809,captures/20260828_143150,mm_per_px,295,29.5433,0.029610
2026-08-28 14:32:19.915,captures/20260828_143150,mm_per_px,296,29.6496,0.014565
2026-08-28 14:32:20.005,captures/20260828_143150,mm_per_px,297,29.7392,0.015766
2026-08-28 14:32:20.106,captures/20260828_143150,mm_per_px,298,29.8406,0.009285
2026-08-28 14:32:20.246,captures/20260828_143150,mm_per_px,299,29.9803,0.003806
2026-08-28 14:32:20.351,captures/20260828_143150,mm_per_px,300,30.0856,0.004520
2026-08-28 14:32:20.406,captures/20260828_143150,mm_per_px,301,30.1403,0.001812
2026-08-28 14:32:20.510,captures/20260828_143150,mm_per_px,302,30.2440,0.000582
2026-08-28 14:32:20.607,captures/20260828_143150,mm_per_px,303,30.3417,0.000392
2026-08-28 14:32:20.707,captures/20260828_143150,mm_per_px,304,30.4419,0.000533
2026-08-28 14:32:20.808,captures/20260828_143150,mm_per_px,305,30.5428,0.000694
2026-08-28 14:32:20.908,captures/20260828_143150,mm_per_px,306,30.6429,0.000979
2026-08-28 14:32:21.006,captures/20260828_143150,mm_per_px,307,30.7407,0.011145
2026-08-28 14:32:21.109,captures/20260828_143150,mm_per_px,308,30.8434,0.003549
2026-08-28 14:32:21.261,captures/20260828_143150,mm_per_px,309,30.9954,0.005332
2026-08-28 14:32:21.339,captures/20260828_143150,mm_per_px,310,31.0732,0.002556
2026-08-28 14:32:21.405,captures/20260828_143150,mm_per_px,311,31.1392,0.015895
2026-08-28 14:32:21.524,captures/20260828_143150,mm_per_px,312,31.2589,0.013875
2026-08-28 14:32:21.606,captures/20260828_143150,mm_per_px,313,31.3403,0.032810
2026-08-28 14:32:21.719,captures/20260828_143150,mm_per_px,314,31.4539,0.049840
2026-08-28 14:32:21.814,captures/20260828_143150,mm_per_px,315,31.5485,0.065618
2026-08-28 14:32:21.908,captures/20260828_143150,mm_per_px,316,31.6420,0.108682
2026-08-28 14:32:22.009,captures/20260828_143150,mm_per_px,317,31.7431,0.137609
2026-08-28 14:32:22.106,captures/20260828_143150,mm_per_px,318,31.8406,0.178728
2026-08-28 14:32:22.219,captures/20260828_143150,mm_per_px,319,31.9534,0.348619
2026-08-28 14:32:22.313,captures/20260828_143150,mm_per_px,320,32.0476,0.836722
2026-08-28 14:32:22.406,captures/20260828_143150,mm_per_px,321,32.1405,1.374160
2026-08-28 14:32:22.511,captures/20260828_143150,mm_per_px,322,32.2452,1.320140
2026-08-28 14:32:22.607,captures/20260828_143150,mm_per_px,323,32.3415,1.898402
2026-08-28 14:32:22.717,captures/20260828_143150,mm_per_px,324,32.4515,1.348181
2026-08-28 14:32:22.824,captures/20260828_143150,mm_per_px,325,32.5586,0.554246
2026-08-28 14:32:22.906,captures/20260828_143150,mm_per_px,326,32.6402,0.749863
2026-08-28 14:32:23.008,captures/20260828_143150,mm_per_px,327,32.7425,1.193637
2026-08-28 14:32:23.107,captures/20260828_143150,mm_per_px,328,32.8413,1.075985
2026-08-28 14:32:23.213,captures/20260828_143150,mm_per_px,329,32.9479,1.344279
2026-08-28 14:32:23.309,captures/20260828_143150,mm_per_px,330,33.0436,1.552139
2026-08-28 14:32:23.415,captures/20260828_143150,mm_per_px,331,33.1498,0.994383
2026-08-28 14:32:23.551,captures/20260828_143150,mm_per_px,332,33.2855,0.581661
2026-08-28 14:32:23.623,captures/20260828_143150,mm_per_px,333,33.3575,0.546303
2026-08-28 14:32:23.754,captures/20260828_143150,mm_per_px,334,33.4884,1.078933
2026-08-28 14:32:23.865,captures/20260828_143150,mm_per_px,335,33.5997,1.389044
2026-08-28 14:32:23.957,captures/20260828_143150,mm_per_px,336,33.6916,1.124157
2026-08-28 14:32:24.058,captures/20260828_143150,mm_per_px,337,33.7924,1.026289
2026-08-28 14:32:24.158,captures/20260828_143150,mm_per_px,338,33.8920,0.720147
2026-08-28 14:32:24.205,captures/20260828_143150,mm_per_px,339,33.9393,0.231350
2026-08-28 14:32:24.309,captures/20260828_143150,mm_per_px,340,34.0435,0.071995
2026-08-28 14:32:24.421,captures/20260828_143150,mm_per_px,341,34.1551,0.045474
2026-08-28 14:32:24.508,captures/20260828_143150,mm_per_px,342,34.2427,0.017338
2026-08-28 14:32:24.622,captures/20260828_143150,mm_per_px,343,34.3565,0.010425
2026-08-28 14:32:24.705,captures/20260828_143150,mm_per_px,344,34.4398,0.022799
2026-08-28 14:32:24.807,captures/20260828_143150,mm_per_px,345,34.5410,0.026084
2026-08-28 14:32:24.905,captures/20260828_143150,mm_per_px,346,34.6398,0.040613
2026-08-28 14:32:25.005,captures/20260828_143150,mm_per_px,347,34.7395,0.078424
2026-08-28 14:32:25.106,captures/20260828_143150,mm_per_px,348,34.8400,0.088267
2026-08-28 14:32:25.207,captures/20260828_143150,mm_per_px,349,34.9410,0.078684
2026-08-28 14:32:25.316,captures/20260828_143150,mm_per_px,350,35.0508,0.084805
2026-08-28 14:32:25.409,captures/20260828_143150,mm_per_px,351,35.1431,0.140614
2026-08-28 14:32:25.506,captures/20260828_143150,mm_per_px,352,35.2402,0.213412
2026-08-28 14:32:25.605,captures/20260828_143150,mm_per_px,353,35.3398,0.297936
2026-08-28 14:32:25.722,captures/20260828_143150,mm_per_px,354,35.4564,0.290120
2026-08-28 14:32:25.819,captures/20260828_143150,mm_per_px,355,35.5539,0.146985
2026-08-28 14:32:25.904,captures/20260828_143150,mm_per_px,356,35.6386,0.097572
2026-08-28 14:32:26.004,captures/20260828_143150,mm_per_px,357,35.7388,0.017100
2026-08-28 14:32:26.105,captures/20260828_143150,mm_per_px,358,35.8396,0.010363
2026-08-28 14:32:26.209,captures/20260828_143150,mm_per_px,359,35.9437,0.012841
2026-08-28 14:32:26.308,captures/20260828_143150,mm_per_px,360,36.0424,0.015495
2026-08-28 14:32:26.416,captures/20260828_143150,mm_per_px,361,36.1500,0.036654
2026-08-28 14:32:26.505,captures/20260828_143150,mm_per_px,362,36.2396,0.046391
2026-08-28 14:32:26.604,captures/20260828_143150,mm_per_px,363,36.3388,0.067112
2026-08-28 14:32:26.705,captures/20260828_143150,mm_per_px,364,36.4397,0.055438
2026-08-28 14:32:26.813,captures/20260828_143150,mm_per_px,365,36.5473,0.028509
2026-08-28 14:32:26.906,captures/20260828_143150,mm_per_px,366,36.6405,0.028142
2026-08-28 14:32:27.009,captures/20260828_143150,mm_per_px,367,36.7432,0.008552
2026-08-28 14:32:27.107,captures/20260828_143150,mm_per_px,368,36.8416,0.005964
2026-08-28 14:32:27.207,captures/20260828_143150,mm_per_px,369,36.9415,0.004349
2026-08-28 14:32:27.315,captures/20260828_143150,mm_per_px,370,37.0498,0.008337
2026-08-28 14:32:27.408,captures/20260828_143150,mm_per_px,371,37.1423,0.002924
2026-08-28 14:32:27.511,captures/20260828_143150,mm_per_px,372,37.2455,0.000792
2026-08-28 14:32:27.605,captures/20260828_143150,mm_per_px,373,37.3398,0.002790
2026-08-28 14:32:27.708,captures/20260828_143150,mm_per_px,374,37.4424,0.011409
2026-08-28 14:32:27.806,captures/20260828_143150,mm_per_px,375,37.5401,0.007289
2026-08-28 14:32:27.908,captures/20260828_143150,mm_per_px,376,37.6428,0.016464
2026-08-28 14:32:28.006,captures/20260828_143150,mm_per_px,377,37.7400,0.004230
2026-08-28 14:32:28.106,captures/20260828_143150,mm_per_px,378,37.8400,0.011644
2026-08-28 14:32:28.209,captures/20260828_143150,mm_per_px,379,37.9436,0.004315
2026-08-28 14:32:28.308,captures/20260828_143150,mm_per_px,380,38.0423,0.008731
2026-08-28 14:32:28.409,captures/20260828_143150,mm_per_px,381,38.1435,0.011870
2026-08-28 14:32:28.507,captures/20260828_143150,mm_per_px,382,38.2418,0.012244
2026-08-28 14:32:28.616,captures/20260828_143150,mm_per_px,383,38.3505,0.008966
2026-08-28 14:32:28.708,captures/20260828_143150,mm_per_px,384,38.4420,0.012002
2026-08-28 14:32:28.810,captures/20260828_143150,mm_per_px,385,38.5448,0.008727
2026-08-28 14:32:28.910,captures/20260828_143150,mm_per_px,386,38.6442,0.013860
2026-08-28 14:32:29.007,captures/20260828_143150,mm_per_px,387,38.7414,0.000667
2026-08-28 14:32:29.106,captures/20260828_143150,mm_per_px,388,38.8401,0.000564
2026-08-28 14:32:29.215,captures/20260828_143150,mm_per_px,389,38.9499,0.000976
2026-08-28 14:32:29.308,captures/20260828_143150,mm_per_px,390,39.0422,0.001057
2026-08-28 14:32:29.410,captures/20260828_143150,mm_per_px,391,39.1441,0.000439
2026-08-28 14:32:29.508,captures/20260828_143150,mm_per_px,392,39.2424,0.002888
2026-08-28 14:32:29.604,captures/20260828_143150,mm_per_px,393,39.3382,0.005358
2026-08-28 14:32:29.706,captures/20260828_143150,mm_per_px,394,39.4403,0.004549
2026-08-28 14:32:29.811,captures/20260828_143150,mm_per_px,395,39.5451,0.007792
2026-08-28 14:32:29.906,captures/20260828_143150,mm_per_px,396,39.6402,0.011110
2026-08-28 14:32:30.010,captures/20260828_143150,mm_per_px,397,39.7444,0.005856
2026-08-28 14:32:30.107,captures/20260828_143150,mm_per_px,398,39.8417,0.006638
2026-08-28 14:32:30.212,captures/20260828_143150,mm_per_px,399,39.9463,0.001060
2026-08-28 14:32:30.311,captures/20260828_143150,mm_per_px,400,40.0456,0.001319
2026-08-28 14:32:30.408,captures/20260828_143150,mm_per_px,401,40.1421,0.007062
2026-08-28 14:32:30.507,captures/20260828_143150,mm_per_px,402,40.2417,0.010447
2026-08-28 14:32:30.608,captures/20260828_143150,mm_per_px,403,40.3429,0.016068
2026-08-28 14:32:30.710,captures/20260828_143150,mm_per_px,404,40.4444,0.031181
2026-08-28 14:32:30.809,captures/20260828_143150,mm_per_px,405,40.5431,0.067123
2026-08-28 14:32:30.923,captures/20260828_143150,mm_per_px,406,40.6570,0.045509
2026-08-28 14:32:31.020,captures/20260828_143150,mm_per_px,407,40.7547,0.033845
2026-08-28 14:32:31.109,captures/20260828_143150,mm_per_px,408,40.8434,0.022727
2026-08-28 14:32:31.217,captures/20260828_143150,mm_per_px,409,40.9512,0.019239
2026-08-28 14:32:31.308,captures/20260828_143150,mm_per_px,410,41.0421,0.004706
2026-08-28 14:32:31.408,captures/20260828_143150,mm_per_px,411,41.1425,0.000349
2026-08-28 14:32:31.511,captures/20260828_143150,mm_per_px,412,41.2455,0.002212
2026-08-28 14:32:31.618,captures/20260828_143150,mm_per_px,413,41.3528,0.005455
2026-08-28 14:32:31.706,captures/20260828_143150,mm_per_px,414,41.4407,0.002540
2026-08-28 14:32:31.819,captures/20260828_143150,mm_per_px,415,41.5537,0.010891
2026-08-28 14:32:31.924,captures/20260828_143150,mm_per_px,416,41.6589,0.017906
2026-08-28 14:32:32.007,captures/20260828_143150,mm_per_px,417,41.7417,0.012447
2026-08-28 14:32:32.119,captures/20260828_143150,mm_per_px,418,41.8533,0.007441
2026-08-28 14:32:32.214,captures/20260828_143150,mm_per_px,419,41.9486,0.007642
2026-08-28 14:32:32.306,captures/20260828_143150,mm_per_px,420,42.0406,0.013169
2026-08-28 14:32:32.415,captures/20260828_143150,mm_per_px,421,42.1490,0.007632
2026-08-28 14:32:32.509,captures/20260828_143150,mm_per_px,422,42.2430,0.002879
2026-08-28 14:32:32.609,captures/20260828_143150,mm_per_px,423,42.3436,0.003254
2026-08-28 14:32:32.705,captures/20260828_143150,mm_per_px,424,42.4392,0.001958
2026-08-28 14:32:32.810,captures/20260828_143150,mm_per_px,425,42.5440,0.005983
2026-08-28 14:32:32.906,captures/20260828_143150,mm_per_px,426,42.6404,0.009456
2026-08-28 14:32:33.019,captures/20260828_143150,mm_per_px,427,42.7530,0.017075
2026-08-28 14:32:33.107,captures/20260828_143150,mm_per_px,428,42.8412,0.016120
2026-08-28 14:32:33.208,captures/20260828_143150,mm_per_px,429,42.9423,0.010478
2026-08-28 14:32:33.307,captures/20260828_143150,mm_per_px,430,43.0414,0.035806
2026-08-28 14:32:33.416,captures/20260828_143150,mm_per_px,431,43.1509,0.085759
2026-08-28 14:32:33.510,captures/20260828_143150,mm_per_px,432,43.2441,0.083396
2026-08-28 14:32:33.608,captures/20260828_143150,mm_per_px,433,43.3422,0.082845
2026-08-28 14:32:33.706,captures/20260828_143150,mm_per_px,434,43.4407,0.053813
2026-08-28 14:32:33.805,captures/20260828_143150,mm_per_px,435,43.5399,0.020848
2026-08-28 14:32:33.905,captures/20260828_143150,mm_per_px,436,43.6395,0.011667
2026-08-28 14:32:34.021,captures/20260828_143150,mm_per_px,437,43.7558,0.005981
2026-08-28 14:32:34.108,captures/20260828_143150,mm_per_px,438,43.8422,0.004653
2026-08-28 14:32:34.217,captures/20260828_143150,mm_per_px,439,43.9515,0.008144
2026-08-28 14:32:34.308,captures/20260828_143150,mm_per_px,440,44.0425,0.001018
2026-08-28 14:32:34.408,captures/20260828_143150,mm_per_px,441,44.1422,0.000486
2026-08-28 14:32:34.509,captures/20260828_143150,mm_per_px,442,44.2438,0.000000
2026-08-28 14:32:34.610,captures/20260828_143150,mm_per_px,443,44.3440,0.000241
2026-08-28 14:32:34.711,captures/20260828_143150,mm_per_px,444,44.4455,0.001812
2026-08-28 14:32:34.822,captures/20260828_143150,mm_per_px,445,44.5565,0.000192
2026-08-28 14:32:34.907,captures/20260828_143150,mm_per_px,446,44.6415,0.000000
2026-08-28 14:32:35.007,captures/20260828_143150,mm_per_px,447,44.7416,0.000000
2026-08-28 14:32:35.108,captures/20260828_143150,mm_per_px,448,44.8423,0.000847
2026-08-28 14:32:35.217,captures/20260828_143150,mm_per_px,449,44.9512,0.000000
2026-08-28 14:32:35.308,captures/20260828_143150,mm_per_px,450,45.0425,0.004489
2026-08-28 14:32:35.415,captures/20260828_143150,mm_per_px,451,45.1498,0.006394
2026-08-28 14:32:35.508,captures/20260828_143150,mm_per_px,452,45.2426,0.006195
2026-08-28 14:32:35.663,captures/20260828_143150,mm_per_px,453,45.3978,0.009848
2026-08-28 14:32:35.708,captures/20260828_143150,mm_per_px,454,45.4423,0.015216
2026-08-28 14:32:35.807,captures/20260828_143150,mm_per_px,455,45.5415,0.012344
2026-08-28 14:32:35.905,captures/20260828_143150,mm_per_px,456,45.6397,0.003057
2026-08-28 14:32:36.014,captures/20260828_143150,mm_per_px,457,45.7481,0.018890
2026-08-28 14:32:36.112,captures/20260828_143150,mm_per_px,458,45.8465,0.026296
2026-08-28 14:32:36.210,captures/20260828_143150,mm_per_px,459,45.9442,0.015372
2026-08-28 14:32:36.323,captures/20260828_143150,mm_per_px,460,46.0577,0.027142
2026-08-28 14:32:36.407,captures/20260828_143150,mm_per_px,461,46.1414,0.047671
2026-08-28 14:32:36.513,captures/20260828_143150,mm_per_px,462,46.2475,0.063086
2026-08-28 14:32:36.610,captures/20260828_143150,mm_per_px,463,46.3441,0.056612
2026-08-28 14:32:36.709,captures/20260828_143150,mm_per_px,464,46.4433,0.050457
2026-08-28 14:32:36.809,captures/20260828_143150,mm_per_px,465,46.5439,0.049404
2026-08-28 14:32:36.911,captures/20260828_143150,mm_per_px,466,46.6452,0.046813
2026-08-28 14:32:37.022,captures/20260828_143150,mm_per_px,467,46.7565,0.019283
2026-08-28 14:32:37.107,captures/20260828_143150,mm_per_px,468,46.8412,0.022281
2026-08-28 14:32:37.207,captures/20260828_143150,mm_per_px,469,46.9413,0.027476
2026-08-28 14:32:37.306,captures/20260828_143150,mm_per_px,470,47.0404,0.020210
2026-08-28 14:32:37.416,captures/20260828_143150,mm_per_px,471,47.1509,0.010099
2026-08-28 14:32:37.506,captures/20260828_143150,mm_per_px,472,47.2409,0.019563
2026-08-28 14:32:37.614,captures/20260828_143150,mm_per_px,473,47.3489,0.007621
2026-08-28 14:32:37.711,captures/20260828_143150,mm_per_px,474,47.4455,0.001609
2026-08-28 14:32:37.827,captures/20260828_143150,mm_per_px,475,47.5614,0.003679
2026-08-28 14:32:37.905,captures/20260828_143150,mm_per_px,476,47.6394,0.004549
2026-08-28 14:32:38.005,captures/20260828_143150,mm_per_px,477,47.7398,0.006294
2026-08-28 14:32:38.105,captures/20260828_143150,mm_per_px,478,47.8397,0.002911
2026-08-28 14:32:38.216,captures/20260828_143150,mm_per_px,479,47.9502,0.000766
2026-08-28 14:32:38.306,captures/20260828_143150,mm_per_px,480,48.0405,0.000179
2026-08-28 14:32:38.413,captures/20260828_143150,mm_per_px,481,48.1475,0.002820
2026-08-28 14:32:38.505,captures/20260828_143150,mm_per_px,482,48.2393,0.002303
2026-08-28 14:32:38.606,captures/20260828_143150,mm_per_px,483,48.3400,0.005279
2026-08-28 14:32:38.705,captures/20260828_143150,mm_per_px,484,48.4395,0.012375
2026-08-28 14:32:38.810,captures/20260828_143150,mm_per_px,485,48.5443,0.020703
2026-08-28 14:32:38.908,captures/20260828_143150,mm_per_px,486,48.6425,0.016748
2026-08-28 14:32:39.013,captures/20260828_143150,mm_per_px,487,48.7470,0.034034
2026-08-28 14:32:39.104,captures/20260828_143150,mm_per_px,488,48.8387,0.028315
2026-08-28 14:32:39.205,captures/20260828_143150,mm_per_px,489,48.9397,0.024052
2026-08-28 14:32:39.307,captures/20260828_143150,mm_per_px,490,49.0416,0.039570
2026-08-28 14:32:39.418,captures/20260828_143150,mm_per_px,491,49.1524,0.020054
2026-08-28 14:32:39.504,captures/20260828_143150,mm_per_px,492,49.2385,0.007225
2026-08-28 14:32:39.607,captures/20260828_143150,mm_per_px,493,49.3415,0.001769
2026-08-28 14:32:39.709,captures/20260828_143150,mm_per_px,494,49.4439,0.001741
2026-08-28 14:32:39.804,captures/20260828_143150,mm_per_px,495,49.5384,0.000000
2026-08-28 14:32:39.907,captures/20260828_143150,mm_per_px,496,49.6414,0.000000
2026-08-28 14:32:40.004,captures/20260828_143150,mm_per_px,497,49.7386,0.000000
2026-08-28 14:32:40.105,captures/20260828_143150,mm_per_px,498,49.8390,0.000000
2026-08-28 14:32:40.214,captures/20260828_143150,mm_per_px,499,49.9481,0.000000
2026-08-28 14:32:40.304,captures/20260828_143150,mm_per_px,500,50.0389,0.000000
2026-08-28 14:32:40.405,captures/20260828_143150,mm_per_px,501,50.1393,0.000000
2026-08-28 14:32:40.506,captures/20260828_143150,mm_per_px,502,50.2400,0.000000
2026-08-28 14:32:40.611,captures/20260828_143150,mm_per_px,503,50.3455,0.000364
2026-08-28 14:32:40.706,captures/20260828_143150,mm_per_px,504,50.4409,0.004461
2026-08-28 14:32:40.820,captures/20260828_143150,mm_per_px,505,50.5545,0.015092
2026-08-28 14:32:40.911,captures/20260828_143150,mm_per_px,506,50.6456,0.022402
2026-08-28 14:32:41.006,captures/20260828_143150,mm_per_px,507,50.7406,0.031581
2026-08-28 14:32:41.110,captures/20260828_143150,mm_per_px,508,50.8440,0.025255
2026-08-28 14:32:41.223,captures/20260828_143150,mm_per_px,509,50.9577,0.011525
2026-08-28 14:32:41.330,captures/20260828_143150,mm_per_px,510,51.0643,0.006078
2026-08-28 14:32:41.426,captures/20260828_143150,mm_per_px,511,51.1602,0.008202
2026-08-28 14:32:41.508,captures/20260828_143150,mm_per_px,512,51.2428,0.002753
2026-08-28 14:32:41.611,captures/20260828_143150,mm_per_px,513,51.3455,0.003671
2026-08-28 14:32:41.711,captures/20260828_143150,mm_per_px,514,51.4455,0.003868
2026-08-28 14:32:41.833,captures/20260828_143150,mm_per_px,515,51.5672,0.005194
2026-08-28 14:32:41.907,captures/20260828_143150,mm_per_px,516,51.6417,0.005090
2026-08-28 14:32:42.008,captures/20260828_143150,mm_per_px,517,51.7425,0.002138
2026-08-28 14:32:42.105,captures/20260828_143150,mm_per_px,518,51.8394,0.001653
2026-08-28 14:32:42.207,captures/20260828_143150,mm_per_px,519,51.9414,0.001438
2026-08-28 14:32:42.305,captures/20260828_143150,mm_per_px,520,52.0394,0.002660
2026-08-28 14:32:42.421,captures/20260828_143150,mm_per_px,521,52.1558,0.005323
2026-08-28 14:32:42.516,captures/20260828_143150,mm_per_px,522,52.2505,0.018395
2026-08-28 14:32:42.607,captures/20260828_143150,mm_per_px,523,52.3416,0.030780
2026-08-28 14:32:42.715,captures/20260828_143150,mm_per_px,524,52.4491,0.038489
2026-08-28 14:32:42.807,captures/20260828_143150,mm_per_px,525,52.5414,0.030092
2026-08-28 14:32:42.908,captures/20260828_143150,mm_per_px,526,52.6420,0.044244
2026-08-28 14:32:43.011,captures/20260828_143150,mm_per_px,527,52.7455,0.031240
2026-08-28 14:32:43.126,captures/20260828_143150,mm_per_px,528,52.8602,0.017126
2026-08-28 14:32:43.206,captures/20260828_143150,mm_per_px,529,52.9402,0.013825
2026-08-28 14:32:43.315,captures/20260828_143150,mm_per_px,530,53.0499,0.003813
2026-08-28 14:32:43.405,captures/20260828_143150,mm_per_px,531,53.1397,0.003483
2026-08-28 14:32:43.505,captures/20260828_143150,mm_per_px,532,53.2396,0.002756
2026-08-28 14:32:43.605,captures/20260828_143150,mm_per_px,533,53.3395,0.006102
2026-08-28 14:32:43.706,captures/20260828_143150,mm_per_px,534,53.4402,0.001080
2026-08-28 14:32:43.807,captures/20260828_143150,mm_per_px,535,53.5410,0.002258
2026-08-28 14:32:43.917,captures/20260828_143150,mm_per_px,536,53.6510,0.000639
2026-08-28 14:32:44.005,captures/20260828_143150,mm_per_px,537,53.7392,0.001670
2026-08-28 14:32:44.125,captures/20260828_143150,mm_per_px,538,53.8590,0.002223
2026-08-28 14:32:44.206,captures/20260828_143150,mm_per_px,539,53.9403,0.011154
2026-08-28 14:32:44.305,captures/20260828_143150,mm_per_px,540,54.0399,0.019590
2026-08-28 14:32:44.421,captures/20260828_143150,mm_per_px,541,54.1559,0.054847
2026-08-28 14:32:44.507,captures/20260828_143150,mm_per_px,542,54.2410,0.068957
2026-08-28 14:32:44.608,captures/20260828_143150,mm_per_px,543,54.3423,0.032020
2026-08-28 14:32:44.705,captures/20260828_143150,mm_per_px,544,54.4397,0.016172
2026-08-28 14:32:44.806,captures/20260828_143150,mm_per_px,545,54.5402,0.023022
2026-08-28 14:32:44.912,captures/20260828_143150,mm_per_px,546,54.6462,0.013010
2026-08-28 14:32:45.005,captures/20260828_143150,mm_per_px,547,54.7396,0.006240
2026-08-28 14:32:45.109,captures/20260828_143150,mm_per_px,548,54.8438,0.007059
2026-08-28 14:32:45.206,captures/20260828_143150,mm_per_px,549,54.9402,0.017594
2026-08-28 14:32:45.309,captures/20260828_143150,mm_per_px,550,55.0431,0.013840
2026-08-28 14:32:45.409,captures/20260828_143150,mm_per_px,551,55.1437,0.012873
2026-08-28 14:32:45.521,captures/20260828_143150,mm_per_px,552,55.2559,0.010328
2026-08-28 14:32:45.605,captures/20260828_143150,mm_per_px,553,55.3393,0.025644
2026-08-28 14:32:45.717,captures/20260828_143150,mm_per_px,554,55.4516,0.031249
2026-08-28 14:32:45.807,captures/20260828_143150,mm_per_px,555,55.5418,0.045815
2026-08-28 14:32:45.911,captures/20260828_143150,mm_per_px,556,55.6454,0.042478
2026-08-28 14:32:46.007,captures/20260828_143150,mm_per_px,557,55.7416,0.037825
2026-08-28 14:32:46.109,captures/20260828_143150,mm_per_px,558,55.8434,0.034722
2026-08-28 14:32:46.207,captures/20260828_143150,mm_per_px,559,55.9411,0.031038
2026-08-28 14:32:46.307,captures/20260828_143150,mm_per_px,560,56.0417,0.036376
2026-08-28 14:32:46.409,captures/20260828_143150,mm_per_px,561,56.1436,0.032050
2026-08-28 14:32:46.508,captures/20260828_143150,mm_per_px,562,56.2422,0.048593
2026-08-28 14:32:46.619,captures/20260828_143150,mm_per_px,563,56.3535,0.053837
2026-08-28 14:32:46.709,captures/20260828_143150,mm_per_px,564,56.4439,0.057984
2026-08-28 14:32:46.823,captures/20260828_143150,mm_per_px,565,56.5575,0.039737
2026-08-28 14:32:46.913,captures/20260828_143150,mm_per_px,566,56.6474,0.034017
2026-08-28 14:32:47.013,captures/20260828_143150,mm_per_px,567,56.7470,0.031009
2026-08-28 14:32:47.112,captures/20260828_143150,mm_per_px,568,56.8467,0.021174
2026-08-28 14:32:47.223,captures/20260828_143150,mm_per_px,569,56.9575,0.018965
2026-08-28 14:32:47.307,captures/20260828_143150,mm_per_px,570,57.0418,0.041647
2026-08-28 14:32:47.411,captures/20260828_143150,mm_per_px,571,57.1456,0.040188
2026-08-28 14:32:47.507,captures/20260828_143150,mm_per_px,572,57.2415,0.044515
2026-08-28 14:32:47.608,captures/20260828_143150,mm_per_px,573,57.3427,0.037141
2026-08-28 14:32:47.710,captures/20260828_143150,mm_per_px,574,57.4443,0.029265
2026-08-28 14:32:47.818,captures/20260828_143150,mm_per_px,575,57.5528,0.025391
2026-08-28 14:32:47.904,captures/20260828_143150,mm_per_px,576,57.6389,0.033356
2026-08-28 14:32:48.011,captures/20260828_143150,mm_per_px,577,57.7452,0.036445
2026-08-28 14:32:48.109,captures/20260828_143150,mm_per_px,578,57.8436,0.042465
2026-08-28 14:32:48.208,captures/20260828_143150,mm_per_px,579,57.9420,0.038644
2026-08-28 14:32:48.307,captures/20260828_143150,mm_per_px,580,58.0412,0.033662
2026-08-28 14:32:48.407,captures/20260828_143150,mm_per_px,581,58.1415,0.029237
2026-08-28 14:32:48.509,captures/20260828_143150,mm_per_px,582,58.2433,0.043236
2026-08-28 14:32:48.614,captures/20260828_143150,mm_per_px,583,58.3485,0.035476
2026-08-28 14:32:48.707,captures/20260828_143150,mm_per_px,584,58.4411,0.019546
2026-08-28 14:32:48.807,captures/20260828_143150,mm_per_px,585,58.5419,0.010248
2026-08-28 14:32:48.920,captures/20260828_143150,mm_per_px,586,58.6548,0.024862
2026-08-28 14:32:49.009,captures/20260828_143150,mm_per_px,587,58.7438,0.012402
2026-08-28 14:32:49.112,captures/20260828_143150,mm_per_px,588,58.8463,0.016898
2026-08-28 14:32:49.209,captures/20260828_143150,mm_per_px,589,58.9439,0.056704
2026-08-28 14:32:49.308,captures/20260828_143150,mm_per_px,590,59.0425,0.055266
2026-08-28 14:32:49.410,captures/20260828_143150,mm_per_px,591,59.1441,0.044760
2026-08-28 14:32:49.516,captures/20260828_143150,mm_per_px,592,59.2500,0.056461
2026-08-28 14:32:49.610,captures/20260828_143150,mm_per_px,593,59.3443,0.034697
2026-08-28 14:32:49.717,captures/20260828_143150,mm_per_px,594,59.4518,0.021794
2026-08-28 14:32:49.809,captures/20260828_143150,mm_per_px,595,59.5438,0.016539
2026-08-28 14:32:49.927,captures/20260828_143150,mm_per_px,596,59.6617,0.005645
2026-08-28 14:32:50.009,captures/20260828_143150,mm_per_px,597,59.7435,0.003150
2026-08-28 14:32:50.110,captures/20260828_143150,mm_per_px,598,59.8449,0.002259
2026-08-28 14:32:50.209,captures/20260828_143150,mm_per_px,599,59.9437,0.004572
2026-08-28 14:32:50.307,captures/20260828_143150,mm_per_px,600,60.0417,0.002874
2026-08-28 14:32:50.405,captures/20260828_143150,mm_per_px,601,60.1395,0.003830
2026-08-28 14:32:50.504,captures/20260828_143150,mm_per_px,602,60.2389,0.005818
2026-08-28 14:32:50.607,captures/20260828_143150,mm_per_px,603,60.3413,0.001774
2026-08-28 14:32:50.708,captures/20260828_143150,mm_per_px,604,60.4425,0.022115
2026-08-28 14:32:50.807,captures/20260828_143150,mm_per_px,605,60.5412,0.013611
2026-08-28 14:32:50.906,captures/20260828_143150,mm_per_px,606,60.6403,0.007229
2026-08-28 14:32:51.010,captures/20260828_143150,mm_per_px,607,60.7444,0.027747
2026-08-28 14:32:51.111,captures/20260828_143150,mm_per_px,608,60.8453,0.047315
2026-08-28 14:32:51.210,captures/20260828_143150,mm_per_px,609,60.9441,0.047488
2026-08-28 14:32:51.311,captures/20260828_143150,mm_per_px,610,61.0452,0.057291
2026-08-28 14:32:51.408,captures/20260828_143150,mm_per_px,611,61.1421,0.059918
2026-08-28 14:32:51.508,captures/20260828_143150,mm_per_px,612,61.2428,0.038427
2026-08-28 14:32:51.609,captures/20260828_143150,mm_per_px,613,61.3435,0.061100
2026-08-28 14:32:51.708,captures/20260828_143150,mm_per_px,614,61.4427,0.048419
2026-08-28 14:32:51.808,captures/20260828_143150,mm_per_px,615,61.5424,0.057491
2026-08-28 14:32:51.904,captures/20260828_143150,mm_per_px,616,61.6389,0.044125
2026-08-28 14:32:52.007,captures/20260828_143150,mm_per_px,617,61.7418,0.046148
2026-08-28 14:32:52.105,captures/20260828_143150,mm_per_px,618,61.8396,0.074071
2026-08-28 14:32:52.208,captures/20260828_143150,mm_per_px,619,61.9425,0.083504
2026-08-28 14:32:52.306,captures/20260828_143150,mm_per_px,620,62.0404,0.095640
2026-08-28 14:32:52.409,captures/20260828_143150,mm_per_px,621,62.1435,0.080899
2026-08-28 14:32:52.510,captures/20260828_143150,mm_per_px,622,62.2440,0.041476
2026-08-28 14:32:52.607,captures/20260828_143150,mm_per_px,623,62.3412,0.011573
2026-08-28 14:32:52.711,captures/20260828_143150,mm_per_px,624,62.4453,0.002818
2026-08-28 14:32:52.810,captures/20260828_143150,mm_per_px,625,62.5449,0.004803
2026-08-28 14:32:52.908,captures/20260828_143150,mm_per_px,626,62.6420,0.000381
2026-08-28 14:32:53.010,captures/20260828_143150,mm_per_px,627,62.7446,0.005047
2026-08-28 14:32:53.106,captures/20260828_143150,mm_per_px,628,62.8404,0.009104
2026-08-28 14:32:53.207,captures/20260828_143150,mm_per_px,629,62.9415,0.008961
2026-08-28 14:32:53.305,captures/20260828_143150,mm_per_px,630,63.0398,0.008006
2026-08-28 14:32:53.405,captures/20260828_143150,mm_per_px,631,63.1391,0.010100
2026-08-28 14:32:53.506,captures/20260828_143150,mm_per_px,632,63.2400,0.023027
2026-08-28 14:32:53.606,captures/20260828_143150,mm_per_px,633,63.3403,0.031208
2026-08-28 14:32:53.705,captures/20260828_143150,mm_per_px,634,63.4395,0.008559
2026-08-28 14:32:53.806,captures/20260828_143150,mm_per_px,635,63.5404,0.001955
2026-08-28 14:32:53.911,captures/20260828_143150,mm_per_px,636,63.6455,0.004495
2026-08-28 14:32:54.009,captures/20260828_143150,mm_per_px,637,63.7432,0.005723
2026-08-28 14:32:54.106,captures/20260828_143150,mm_per_px,638,63.8404,0.000324
2026-08-28 14:32:54.205,captures/20260828_143150,mm_per_px,639,63.9396,0.001641
2026-08-28 14:32:54.306,captures/20260828_143150,mm_per_px,640,64.0406,0.005569
2026-08-28 14:32:54.409,captures/20260828_143150,mm_per_px,641,64.1433,0.001242
2026-08-28 14:32:54.509,captures/20260828_143150,mm_per_px,642,64.2439,0.000000
2026-08-28 14:32:54.607,captures/20260828_143150,mm_per_px,643,64.3418,0.001078
2026-08-28 14:32:54.706,captures/20260828_143150,mm_per_px,644,64.4400,0.000534
2026-08-28 14:32:54.806,captures/20260828_143150,mm_per_px,645,64.5403,0.002084
2026-08-28 14:32:54.905,captures/20260828_143150,mm_per_px,646,64.6399,0.000946
2026-08-28 14:32:55.004,captures/20260828_143150,mm_per_px,647,64.7387,0.000000
2026-08-28 14:32:55.108,captures/20260828_143150,mm_per_px,648,64.8420,0.000000
2026-08-28 14:32:55.207,captures/20260828_143150,mm_per_px,649,64.9419,0.000872
2026-08-28 14:32:55.305,captures/20260828_143150,mm_per_px,650,65.0394,0.000000
2026-08-28 14:32:55.404,captures/20260828_143150,mm_per_px,651,65.1386,0.000000
2026-08-28 14:32:55.510,captures/20260828_143150,mm_per_px,652,65.2440,0.000000
2026-08-28 14:32:55.607,captures/20260828_143150,mm_per_px,653,65.3416,0.000000
2026-08-28 14:32:55.708,captures/20260828_143150,mm_per_px,654,65.4425,0.000000
2026-08-28 14:32:55.809,captures/20260828_143150,mm_per_px,655,65.5432,0.000000
2026-08-28 14:32:55.908,captures/20260828_143150,mm_per_px,656,65.6426,0.000000
2026-08-28 14:32:56.005,captures/20260828_143150,mm_per_px,657,65.7392,0.000000
2026-08-28 14:32:56.110,captures/20260828_143150,mm_per_px,658,65.8444,0.000000
2026-08-28 14:32:56.210,captures/20260828_143150,mm_per_px,659,65.9446,0.000484
2026-08-28 14:32:56.307,captures/20260828_143150,mm_per_px,660,66.0411,0.002255
2026-08-28 14:32:56.416,captures/20260828_143150,mm_per_px,661,66.1503,0.000154
2026-08-28 14:32:56.507,captures/20260828_143150,mm_per_px,662,66.2413,0.004004
2026-08-28 14:32:56.615,captures/20260828_143150,mm_per_px,663,66.3496,0.000704
2026-08-28 14:32:56.706,captures/20260828_143150,mm_per_px,664,66.4404,0.000000
2026-08-28 14:32:56.809,captures/20260828_143150,mm_per_px,665,66.5436,0.001663
2026-08-28 14:32:56.905,captures/20260828_143150,mm_per_px,666,66.6397,0.004232
2026-08-28 14:32:57.009,captures/20260828_143150,mm_per_px,667,66.7432,0.003582
2026-08-28 14:32:57.117,captures/20260828_143150,mm_per_px,668,66.8512,0.009673
2026-08-28 14:32:57.212,captures/20260828_143150,mm_per_px,669,66.9462,0.009532
2026-08-28 14:32:57.321,captures/20260828_143150,mm_per_px,670,67.0556,0.005845
2026-08-28 14:32:57.412,captures/20260828_143150,mm_per_px,671,67.1468,0.006042
2026-08-28 14:32:57.524,captures/20260828_143150,mm_per_px,672,67.2585,0.002381
2026-08-28 14:32:57.611,captures/20260828_143150,mm_per_px,673,67.3456,0.001053
2026-08-28 14:32:57.719,captures/20260828_143150,mm_per_px,674,67.4538,0.006229
2026-08-28 14:32:57.811,captures/20260828_143150,mm_per_px,675,67.5455,0.001233
2026-08-28 14:32:57.908,captures/20260828_143150,mm_per_px,676,67.6427,0.000000
2026-08-28 14:32:58.007,captures/20260828_143150,mm_per_px,677,67.7418,0.004482
2026-08-28 14:32:58.118,captures/20260828_143150,mm_per_px,678,67.8520,0.003089
2026-08-28 14:32:58.211,captures/20260828_143150,mm_per_px,679,67.9459,0.005244
2026-08-28 14:32:58.325,captures/20260828_143150,mm_per_px,680,68.0592,0.000182
2026-08-28 14:32:58.409,captures/20260828_143150,mm_per_px,681,68.1430,0.001132
2026-08-28 14:32:58.508,captures/20260828_143150,mm_per_px,682,68.2420,0.000361
2026-08-28 14:32:58.610,captures/20260828_143150,mm_per_px,683,68.3444,0.000000
2026-08-28 14:32:58.716,captures/20260828_143150,mm_per_px,684,68.4504,0.000000
2026-08-28 14:32:58.806,captures/20260828_143150,mm_per_px,685,68.5409,0.000000
2026-08-28 14:32:58.915,captures/20260828_143150,mm_per_px,686,68.6498,0.000000
2026-08-28 14:32:59.005,captures/20260828_143150,mm_per_px,687,68.7399,0.000000
2026-08-28 14:32:59.105,captures/20260828_143150,mm_per_px,688,68.8392,0.000000
2026-08-28 14:32:59.205,captures/20260828_143150,mm_per_px,689,68.9393,0.000000
2026-08-28 14:32:59.319,captures/20260828_143150,mm_per_px,690,69.0535,0.000000
2026-08-28 14:32:59.405,captures/20260828_143150,mm_per_px,691,69.1394,0.000127
2026-08-28 14:32:59.521,captures/20260828_143150,mm_per_px,692,69.2554,0.000000
2026-08-28 14:32:59.611,captures/20260828_143150,mm_per_px,693,69.3459,0.000959
2026-08-28 14:32:59.714,captures/20260828_143150,mm_per_px,694,69.4484,0.000294
2026-08-28 14:32:59.807,captures/20260828_143150,mm_per_px,695,69.5414,0.000305
2026-08-28 14:32:59.906,captures/20260828_143150,mm_per_px,696,69.6404,0.000253
2026-08-28 14:33:00.006,captures/20260828_143150,mm_per_px,697,69.7401,0.000699
2026-08-28 14:33:00.108,captures/20260828_143150,mm_per_px,698,69.8422,0.004047
2026-08-28 14:33:00.211,captures/20260828_143150,mm_per_px,699,69.9452,0.006353
2026-08-28 14:33:00.309,captures/20260828_143150,mm_per_px,700,70.0438,0.021039
2026-08-28 14:33:00.407,captures/20260828_143150,mm_per_px,701,70.1417,0.023212
2026-08-28 14:33:00.511,captures/20260828_143150,mm_per_px,702,70.2452,0.012008
2026-08-28 14:33:00.610,captures/20260828_143150,mm_per_px,703,70.3446,0.006362
2026-08-28 14:33:00.709,captures/20260828_143150,mm_per_px,704,70.4435,0.005021
2026-08-28 14:33:00.809,captures/20260828_143150,mm_per_px,705,70.5437,0.007427
2026-08-28 14:33:00.918,captures/20260828_143150,mm_per_px,706,70.6527,0.012525
2026-08-28 14:33:01.010,captures/20260828_143150,mm_per_px,707,70.7443,0.004208
2026-08-28 14:33:01.120,captures/20260828_143150,mm_per_px,708,70.8542,0.000850
2026-08-28 14:33:01.211,captures/20260828_143150,mm_per_px,709,70.9451,0.000860
2026-08-28 14:33:01.321,captures/20260828_143150,mm_per_px,710,71.0550,0.000434
2026-08-28 14:33:01.408,captures/20260828_143150,mm_per_px,711,71.1427,0.001418
2026-08-28 14:33:01.509,captures/20260828_143150,mm_per_px,712,71.2432,0.004688
2026-08-28 14:33:01.608,captures/20260828_143150,mm_per_px,713,71.3423,0.004019
2026-08-28 14:33:01.721,captures/20260828_143150,mm_per_px,714,71.4556,0.003136
2026-08-28 14:33:01.811,captures/20260828_143150,mm_per_px,715,71.5451,0.001383
2026-08-28 14:33:01.923,captures/20260828_143150,mm_per_px,716,71.6577,0.001327
2026-08-28 14:33:02.008,captures/20260828_143150,mm_per_px,717,71.7427,0.000621
2026-08-28 14:33:02.107,captures/20260828_143150,mm_per_px,718,71.8415,0.000000
2026-08-28 14:33:02.223,captures/20260828_143150,mm_per_px,719,71.9570,0.000189
2026-08-28 14:33:02.309,captures/20260828_143150,mm_per_px,720,72.0438,0.000000
2026-08-28 14:33:02.430,captures/20260828_143150,mm_per_px,721,72.1642,0.000000
2026-08-28 14:33:02.516,captures/20260828_143150,mm_per_px,722,72.2502,0.000000
2026-08-28 14:33:02.635,captures/20260828_143150,mm_per_px,723,72.3691,0.000000
2026-08-28 14:33:02.720,captures/20260828_143150,mm_per_px,724,72.4541,0.000000
2026-08-28 14:33:02.810,captures/20260828_143150,mm_per_px,725,72.5442,0.000359
2026-08-28 14:33:02.913,captures/20260828_143150,mm_per_px,726,72.6471,0.000000
2026-08-28 14:33:03.033,captures/20260828_143150,mm_per_px,727,72.7676,0.000000
2026-08-28 14:33:03.110,captures/20260828_143150,mm_per_px,728,72.8442,0.000000
2026-08-28 14:33:03.215,captures/20260828_143150,mm_per_px,729,72.9495,0.000000
2026-08-28 14:33:03.310,captures/20260828_143150,mm_per_px,730,73.0445,0.000000
2026-08-28 14:33:03.411,captures/20260828_143150,mm_per_px,731,73.1452,0.000216
2026-08-28 14:33:03.511,captures/20260828_143150,mm_per_px,732,73.2451,0.001763
2026-08-28 14:33:03.611,captures/20260828_143150,mm_per_px,733,73.3453,0.000410
2026-08-28 14:33:03.711,captures/20260828_143150,mm_per_px,734,73.4454,0.000337
2026-08-28 14:33:03.808,captures/20260828_143150,mm_per_px,735,73.5422,0.001932
2026-08-28 14:33:03.928,captures/20260828_143150,mm_per_px,736,73.6627,0.000333
2026-08-28 14:33:04.008,captures/20260828_143150,mm_per_px,737,73.7426,0.000567
2026-08-28 14:33:04.106,captures/20260828_143150,mm_per_px,738,73.8408,0.002224
2026-08-28 14:33:04.214,captures/20260828_143150,mm_per_px,739,73.9485,0.000403
2026-08-28 14:33:04.310,captures/20260828_143150,mm_per_px,740,74.0442,0.000000
2026-08-28 14:33:04.423,captures/20260828_143150,mm_per_px,741,74.1576,0.000000
2026-08-28 14:33:04.509,captures/20260828_143150,mm_per_px,742,74.2431,0.000685
2026-08-28 14:33:04.626,captures/20260828_143150,mm_per_px,743,74.3607,0.000000
2026-08-28 14:33:04.707,captures/20260828_143150,mm_per_px,744,74.4415,0.001707
2026-08-28 14:33:04.807,captures/20260828_143150,mm_per_px,745,74.5410,0.001219
2026-08-28 14:33:04.910,captures/20260828_143150,mm_per_px,746,74.6442,0.006699
2026-08-28 14:33:05.017,captures/20260828_143150,mm_per_px,747,74.7512,0.000261
2026-08-28 14:33:05.106,captures/20260828_143150,mm_per_px,748,74.8403,0.002701
2026-08-28 14:33:05.207,captures/20260828_143150,mm_per_px,749,74.9411,0.003555
2026-08-28 14:33:05.308,captures/20260828_143150,mm_per_px,750,75.0424,0.004947
2026-08-28 14:33:05.422,captures/20260828_143150,mm_per_px,751,75.1560,0.003272
2026-08-28 14:33:05.509,captures/20260828_143150,mm_per_px,752,75.2431,0.004841
2026-08-28 14:33:05.608,captures/20260828_143150,mm_per_px,753,75.3424,0.014982
2026-08-28 14:33:05.717,captures/20260828_143150,mm_per_px,754,75.4515,0.014646
2026-08-28 14:33:05.806,captures/20260828_143150,mm_per_px,755,75.5409,0.016639
2026-08-28 14:33:05.909,captures/20260828_143150,mm_per_px,756,75.6438,0.017733
2026-08-28 14:33:06.007,captures/20260828_143150,mm_per_px,757,75.7418,0.010106
2026-08-28 14:33:06.107,captures/20260828_143150,mm_per_px,758,75.8416,0.004301
2026-08-28 14:33:06.224,captures/20260828_143150,mm_per_px,759,75.9583,0.001787
2026-08-28 14:33:06.309,captures/20260828_143150,mm_per_px,760,76.0439,0.007478
2026-08-28 14:33:06.408,captures/20260828_143150,mm_per_px,761,76.1421,0.007119
2026-08-28 14:33:06.508,captures/20260828_143150,mm_per_px,762,76.2424,0.015022
2026-08-28 14:33:06.609,captures/20260828_143150,mm_per_px,763,76.3439,0.009198
2026-08-28 14:33:06.716,captures/20260828_143150,mm_per_px,764,76.4504,0.004530
2026-08-28 14:33:06.807,captures/20260828_143150,mm_per_px,765,76.5410,0.000419
2026-08-28 14:33:06.934,captures/20260828_143150,mm_per_px,766,76.6684,0.001792
2026-08-28 14:33:07.006,captures/20260828_143150,mm_per_px,767,76.7406,0.002789
2026-08-28 14:33:07.107,captures/20260828_143150,mm_per_px,768,76.8412,0.002849
2026-08-28 14:33:07.210,captures/20260828_143150,mm_per_px,769,76.9447,0.000156
2026-08-28 14:33:07.308,captures/20260828_143150,mm_per_px,770,77.0429,0.001245
2026-08-28 14:33:07.421,captures/20260828_143150,mm_per_px,771,77.1555,0.004085
2026-08-28 14:33:07.506,captures/20260828_143150,mm_per_px,772,77.2401,0.000929
2026-08-28 14:33:07.623,captures/20260828_143150,mm_per_px,773,77.3572,0.000250
2026-08-28 14:33:07.708,captures/20260828_143150,mm_per_px,774,77.4421,0.000645
2026-08-28 14:33:07.817,captures/20260828_143150,mm_per_px,775,77.5513,0.000000
2026-08-28 14:33:07.908,captures/20260828_143150,mm_per_px,776,77.6422,0.000000
2026-08-28 14:33:08.014,captures/20260828_143150,mm_per_px,777,77.7486,0.000000
2026-08-28 14:33:08.105,captures/20260828_143150,mm_per_px,778,77.8399,0.000000
2026-08-28 14:33:08.219,captures/20260828_143150,mm_per_px,779,77.9530,0.000427
2026-08-28 14:33:08.308,captures/20260828_143150,mm_per_px,780,78.0421,0.000000
2026-08-28 14:33:08.407,captures/20260828_143150,mm_per_px,781,78.1419,0.000623
2026-08-28 14:33:08.508,captures/20260828_143150,mm_per_px,782,78.2423,0.000147
2026-08-28 14:33:08.626,captures/20260828_143150,mm_per_px,783,78.3602,0.000615
2026-08-28 14:33:08.726,captures/20260828_143150,mm_per_px,784,78.4608,0.001764
2026-08-28 14:33:08.809,captures/20260828_143150,mm_per_px,785,78.5434,0.000216
2026-08-28 14:33:08.939,captures/20260828_143150,mm_per_px,786,78.6733,0.000135
2026-08-28 14:33:09.033,captures/20260828_143150,mm_per_px,787,78.7672,0.000146
2026-08-28 14:33:09.109,captures/20260828_143150,mm_per_px,788,78.8439,0.000000
2026-08-28 14:33:09.210,captures/20260828_143150,mm_per_px,789,78.9446,0.000000
2026-08-28 14:33:09.311,captures/20260828_143150,mm_per_px,790,79.0454,0.000000
2026-08-28 14:33:09.433,captures/20260828_143150,mm_per_px,791,79.1673,0.001297
2026-08-28 14:33:09.514,captures/20260828_143150,mm_per_px,792,79.2486,0.002395
2026-08-28 14:33:09.606,captures/20260828_143150,mm_per_px,793,79.3406,0.001277
2026-08-28 14:33:09.723,captures/20260828_143150,mm_per_px,794,79.4577,0.001385
2026-08-28 14:33:09.805,captures/20260828_143150,mm_per_px,795,79.5399,0.003231
2026-08-28 14:33:09.918,captures/20260828_143150,mm_per_px,796,79.6521,0.001653
2026-08-28 14:33:10.006,captures/20260828_143150,mm_per_px,797,79.7403,0.000000
2026-08-28 14:33:10.106,captures/20260828_143150,mm_per_px,798,79.8409,0.000000
2026-08-28 14:33:10.206,captures/20260828_143150,mm_per_px,799,79.9404,0.000000
2026-08-28 14:33:10.308,captures/20260828_143150,mm_per_px,800,80.0423,0.000000
2026-08-28 14:33:10.407,captures/20260828_143150,mm_per_px,801,80.1410,0.000000
2026-08-28 14:33:10.529,captures/20260828_143150,mm_per_px,802,80.2633,0.000000
2026-08-28 14:33:10.607,captures/20260828_143150,mm_per_px,803,80.3414,0.000523
2026-08-28 14:33:10.708,captures/20260828_143150,mm_per_px,804,80.4427,0.001383
2026-08-28 14:33:10.806,captures/20260828_143150,mm_per_px,805,80.5401,0.000000
2026-08-28 14:33:10.922,captures/20260828_143150,mm_per_px,806,80.6568,0.000490
2026-08-28 14:33:11.006,captures/20260828_143150,mm_per_px,807,80.7404,0.000000
2026-08-28 14:33:11.107,captures/20260828_143150,mm_per_px,808,80.8411,0.000000
2026-08-28 14:33:11.214,captures/20260828_143150,mm_per_px,809,80.9487,0.000000
2026-08-28 14:33:11.305,captures/20260828_143150,mm_per_px,810,81.0397,0.000000
2026-08-28 14:33:11.421,captures/20260828_143150,mm_per_px,811,81.1559,0.004393
2026-08-28 14:33:11.510,captures/20260828_143150,mm_per_px,812,81.2441,0.001462
2026-08-28 14:33:11.619,captures/20260828_143150,mm_per_px,813,81.3530,0.002346
2026-08-28 14:33:11.707,captures/20260828_143150,mm_per_px,814,81.4414,0.000000
2026-08-28 14:33:11.821,captures/20260828_143150,mm_per_px,815,81.5559,0.000000
2026-08-28 14:33:11.905,captures/20260828_143150,mm_per_px,816,81.6396,0.000000
2026-08-28 14:33:12.004,captures/20260828_143150,mm_per_px,817,81.7389,0.000000
2026-08-28 14:33:12.120,captures/20260828_143150,mm_per_px,818,81.8542,0.000000
2026-08-28 14:33:12.207,captures/20260828_143150,mm_per_px,819,81.9411,0.000000
2026-08-28 14:33:12.305,captures/20260828_143150,mm_per_px,820,82.0395,0.000000
2026-08-28 14:33:12.406,captures/20260828_143150,mm_per_px,821,82.1406,0.001308
2026-08-28 14:33:12.517,captures/20260828_143150,mm_per_px,822,82.2518,0.001024
2026-08-28 14:33:12.610,captures/20260828_143150,mm_per_px,823,82.3445,0.000000
2026-08-28 14:33:12.739,captures/20260828_143150,mm_per_px,824,82.4735,0.000674
2026-08-28 14:33:12.807,captures/20260828_143150,mm_per_px,825,82.5412,0.003251
2026-08-28 14:33:12.905,captures/20260828_143150,mm_per_px,826,82.6394,0.002235
2026-08-28 14:33:13.017,captures/20260828_143150,mm_per_px,827,82.7518,0.000333
2026-08-28 14:33:13.107,captures/20260828_143150,mm_per_px,828,82.8412,0.000456
2026-08-28 14:33:13.224,captures/20260828_143150,mm_per_px,829,82.9585,0.000354
2026-08-28 14:33:13.306,captures/20260828_143150,mm_per_px,830,83.0400,0.000000
2026-08-28 14:33:13.408,captures/20260828_143150,mm_per_px,831,83.1427,0.000000
2026-08-28 14:33:13.510,captures/20260828_143150,mm_per_px,832,83.2448,0.000000
2026-08-28 14:33:13.614,captures/20260828_143150,mm_per_px,833,83.3486,0.000000
2026-08-28 14:33:13.708,captures/20260828_143150,mm_per_px,834,83.4421,0.000215
2026-08-28 14:33:13.817,captures/20260828_143150,mm_per_px,835,83.5511,0.000431
2026-08-28 14:33:13.910,captures/20260828_143150,mm_per_px,836,83.6444,0.000215
2026-08-28 14:33:14.005,captures/20260828_143150,mm_per_px,837,83.7394,0.000265
2026-08-28 14:33:14.114,captures/20260828_143150,mm_per_px,838,83.8482,0.000000
2026-08-28 14:33:14.230,captures/20260828_143150,mm_per_px,839,83.9644,0.000000
2026-08-28 14:33:14.310,captures/20260828_143150,mm_per_px,840,84.0445,0.000456
2026-08-28 14:33:14.412,captures/20260828_143150,mm_per_px,841,84.1468,0.000000
2026-08-28 14:33:14.508,captures/20260828_143150,mm_per_px,842,84.2421,0.001539
2026-08-28 14:33:14.606,captures/20260828_143150,mm_per_px,843,84.3406,0.000191
2026-08-28 14:33:14.706,captures/20260828_143150,mm_per_px,844,84.4405,0.001269
2026-08-28 14:33:14.824,captures/20260828_143150,mm_per_px,845,84.5589,0.006693
2026-08-28 14:33:14.909,captures/20260828_143150,mm_per_px,846,84.6436,0.004184
2026-08-28 14:33:15.011,captures/20260828_143150,mm_per_px,847,84.7455,0.001290
2026-08-28 14:33:15.106,captures/20260828_143150,mm_per_px,848,84.8400,0.000590
2026-08-28 14:33:15.211,captures/20260828_143150,mm_per_px,849,84.9458,0.000297
2026-08-28 14:33:15.314,captures/20260828_143150,mm_per_px,850,85.0482,0.000000
2026-08-28 14:33:15.424,captures/20260828_143150,mm_per_px,851,85.1589,0.000000
2026-08-28 14:33:15.507,captures/20260828_143150,mm_per_px,852,85.2412,0.000000
2026-08-28 14:33:15.623,captures/20260828_143150,mm_per_px,853,85.3577,0.000000
2026-08-28 14:33:15.704,captures/20260828_143150,mm_per_px,854,85.4389,0.000000
2026-08-28 14:33:15.810,captures/20260828_143150,mm_per_px,855,85.5440,0.000000
2026-08-28 14:33:15.908,captures/20260828_143150,mm_per_px,856,85.6420,0.000000
2026-08-28 14:33:16.041,captures/20260828_143150,mm_per_px,857,85.7753,0.000000
2026-08-28 14:33:16.117,captures/20260828_143150,mm_per_px,858,85.8510,0.000000
2026-08-28 14:33:16.224,captures/20260828_143150,mm_per_px,859,85.9584,0.000000
2026-08-28 14:33:16.314,captures/20260828_143150,mm_per_px,860,86.0483,0.000619
2026-08-28 14:33:16.411,captures/20260828_143150,mm_per_px,861,86.1450,0.000207
2026-08-28 14:33:16.513,captures/20260828_143150,mm_per_px,862,86.2472,0.002431
2026-08-28 14:33:16.625,captures/20260828_143150,mm_per_px,863,86.3592,0.000409
2026-08-28 14:33:16.714,captures/20260828_143150,mm_per_px,864,86.4485,0.000000
2026-08-28 14:33:16.817,captures/20260828_143150,mm_per_px,865,86.5510,0.000381
2026-08-28 14:33:16.920,captures/20260828_143150,mm_per_px,866,86.6540,0.000534
2026-08-28 14:33:17.021,captures/20260828_143150,mm_per_px,867,86.7553,0.001176
2026-08-28 14:33:17.112,captures/20260828_143150,mm_per_px,868,86.8464,0.002520
2026-08-28 14:33:17.241,captures/20260828_143150,mm_per_px,869,86.9753,0.000245
2026-08-28 14:33:17.314,captures/20260828_143150,mm_per_px,870,87.0484,0.003524
2026-08-28 14:33:17.434,captures/20260828_143150,mm_per_px,871,87.1685,0.000924
2026-08-28 14:33:17.553,captures/20260828_143150,mm_per_px,872,87.2875,0.000250
2026-08-28 14:33:17.634,captures/20260828_143150,mm_per_px,873,87.3680,0.004347
2026-08-28 14:33:17.746,captures/20260828_143150,mm_per_px,874,87.4801,0.015664
2026-08-28 14:33:17.808,captures/20260828_143150,mm_per_px,875,87.5422,0.008882
2026-08-28 14:33:17.919,captures/20260828_143150,mm_per_px,876,87.6535,0.017547
2026-08-28 14:33:18.024,captures/20260828_143150,mm_per_px,877,87.7581,0.001244
2026-08-28 14:33:18.110,captures/20260828_143150,mm_per_px,878,87.8441,0.004866
2026-08-28 14:33:18.215,captures/20260828_143150,mm_per_px,879,87.9499,0.003242
2026-08-28 14:33:18.308,captures/20260828_143150,mm_per_px,880,88.0422,0.000305
2026-08-28 14:33:18.414,captures/20260828_143150,mm_per_px,881,88.1488,0.003410
2026-08-28 14:33:18.507,captures/20260828_143150,mm_per_px,882,88.2417,0.003423
2026-08-28 14:33:18.616,captures/20260828_143150,mm_per_px,883,88.3501,0.001756
2026-08-28 14:33:18.706,captures/20260828_143150,mm_per_px,884,88.4403,0.000527
2026-08-28 14:33:18.813,captures/20260828_143150,mm_per_px,885,88.5470,0.000676
2026-08-28 14:33:18.918,captures/20260828_143150,mm_per_px,886,88.6523,0.001300
2026-08-28 14:33:19.011,captures/20260828_143150,mm_per_px,887,88.7455,0.002174
2026-08-28 14:33:19.126,captures/20260828_143150,mm_per_px,888,88.8606,0.000219
2026-08-28 14:33:19.214,captures/20260828_143150,mm_per_px,889,88.9488,0.001644
2026-08-28 14:33:19.328,captures/20260828_143150,mm_per_px,890,89.0627,0.001161
2026-08-28 14:33:19.424,captures/20260828_143150,mm_per_px,891,89.1583,0.000654
2026-08-28 14:33:19.540,captures/20260828_143150,mm_per_px,892,89.2746,0.001217
2026-08-28 14:33:19.619,captures/20260828_143150,mm_per_px,893,89.3532,0.000000
2026-08-28 14:33:19.729,captures/20260828_143150,mm_per_px,894,89.4637,0.000214
2026-08-28 14:33:19.809,captures/20260828_143150,mm_per_px,895,89.5439,0.000171
2026-08-28 14:33:19.907,captures/20260828_143150,mm_per_px,896,89.6416,0.004834
2026-08-28 14:33:20.010,captures/20260828_143150,mm_per_px,897,89.7447,0.000813
2026-08-28 14:33:20.122,captures/20260828_143150,mm_per_px,898,89.8569,0.006671
2026-08-28 14:33:20.209,captures/20260828_143150,mm_per_px,899,89.9435,0.005747
2026-08-28 14:33:20.324,captures/20260828_143150,mm_per_px,900,90.0581,0.000379
2026-08-28 14:33:20.405,captures/20260828_143150,mm_per_px,901,90.1397,0.005466
2026-08-28 14:33:20.508,captures/20260828_143150,mm_per_px,902,90.2421,0.003166
2026-08-28 14:33:20.614,captures/20260828_143150,mm_per_px,903,90.3487,0.003009
2026-08-28 14:33:20.729,captures/20260828_143150,mm_per_px,904,90.4637,0.002326
2026-08-28 14:33:20.810,captures/20260828_143150,mm_per_px,905,90.5449,0.001031
2026-08-28 14:33:20.922,captures/20260828_143150,mm_per_px,906,90.6562,0.004276
2026-08-28 14:33:21.009,captures/20260828_143150,mm_per_px,907,90.7437,0.001723
2026-08-28 14:33:21.132,captures/20260828_143150,mm_per_px,908,90.8664,0.001906
2026-08-28 14:33:21.206,captures/20260828_143150,mm_per_px,909,90.9409,0.002224
2026-08-28 14:33:21.307,captures/20260828_143150,mm_per_px,910,91.0412,0.002238
2026-08-28 14:33:21.409,captures/20260828_143150,mm_per_px,911,91.1435,0.002171
2026-08-28 14:33:21.505,captures/20260828_143150,mm_per_px,912,91.2398,0.000000
2026-08-28 14:33:21.618,captures/20260828_143150,mm_per_px,913,91.3527,0.005092
2026-08-28 14:33:21.707,captures/20260828_143150,mm_per_px,914,91.4417,0.023336
2026-08-28 14:33:21.824,captures/20260828_143150,mm_per_px,915,91.5586,0.039481
2026-08-28 14:33:21.923,captures/20260828_143150,mm_per_px,916,91.6574,0.030314
2026-08-28 14:33:22.006,captures/20260828_143150,mm_per_px,917,91.7402,0.028966
2026-08-28 14:33:22.107,captures/20260828_143150,mm_per_px,918,91.8419,0.019047
2026-08-28 14:33:22.210,captures/20260828_143150,mm_per_px,919,91.9446,0.015372
2026-08-28 14:33:22.319,captures/20260828_143150,mm_per_px,920,92.0531,0.016190
2026-08-28 14:33:22.409,captures/20260828_143150,mm_per_px,921,92.1437,0.024203
2026-08-28 14:33:22.509,captures/20260828_143150,mm_per_px,922,92.2432,0.011126
2026-08-28 14:33:22.624,captures/20260828_143150,mm_per_px,923,92.3588,0.008715
2026-08-28 14:33:22.711,captures/20260828_143150,mm_per_px,924,92.4450,0.011069
2026-08-28 14:33:22.820,captures/20260828_143150,mm_per_px,925,92.5547,0.015139
2026-08-28 14:33:22.910,captures/20260828_143150,mm_per_px,926,92.6445,0.026178
2026-08-28 14:33:23.023,captures/20260828_143150,mm_per_px,927,92.7573,0.027044
2026-08-28 14:33:23.110,captures/20260828_143150,mm_per_px,928,92.8446,0.023715
2026-08-28 14:33:23.210,captures/20260828_143150,mm_per_px,929,92.9446,0.026987
2026-08-28 14:33:23.308,captures/20260828_143150,mm_per_px,930,93.0429,0.039191
2026-08-28 14:33:23.409,captures/20260828_143150,mm_per_px,931,93.1437,0.019471
2026-08-28 14:33:23.510,captures/20260828_143150,mm_per_px,932,93.2445,0.017642
2026-08-28 14:33:23.625,captures/20260828_143150,mm_per_px,933,93.3596,0.014467
2026-08-28 14:33:23.712,captures/20260828_143150,mm_per_px,934,93.4460,0.028727
2026-08-28 14:33:23.824,captures/20260828_143150,mm_per_px,935,93.5587,0.026519
2026-08-28 14:33:23.907,captures/20260828_143150,mm_per_px,936,93.6413,0.030194
2026-08-28 14:33:24.009,captures/20260828_143150,mm_per_px,937,93.7439,0.028748
2026-08-28 14:33:24.106,captures/20260828_143150,mm_per_px,938,93.8403,0.022491
2026-08-28 14:33:24.218,captures/20260828_143150,mm_per_px,939,93.9526,0.029178
2026-08-28 14:33:24.309,captures/20260828_143150,mm_per_px,940,94.0435,0.022485
2026-08-28 14:33:24.423,captures/20260828_143150,mm_per_px,941,94.1579,0.014278
2026-08-28 14:33:24.505,captures/20260828_143150,mm_per_px,942,94.2398,0.006999
2026-08-28 14:33:24.607,captures/20260828_143150,mm_per_px,943,94.3411,0.006095
2026-08-28 14:33:24.709,captures/20260828_143150,mm_per_px,944,94.4430,0.010165
2026-08-28 14:33:24.817,captures/20260828_143150,mm_per_px,945,94.5519,0.015664
2026-08-28 14:33:24.908,captures/20260828_143150,mm_per_px,946,94.6423,0.016007
2026-08-28 14:33:25.027,captures/20260828_143150,mm_per_px,947,94.7618,0.015373
2026-08-28 14:33:25.118,captures/20260828_143150,mm_per_px,948,94.8526,0.006407
2026-08-28 14:33:25.208,captures/20260828_143150,mm_per_px,949,94.9425,0.007450
2026-08-28 14:33:25.320,captures/20260828_143150,mm_per_px,950,95.0543,0.007528
2026-08-28 14:33:25.409,captures/20260828_143150,mm_per_px,951,95.1433,0.006864
2026-08-28 14:33:25.526,captures/20260828_143150,mm_per_px,952,95.2602,0.019640
2026-08-28 14:33:25.611,captures/20260828_143150,mm_per_px,953,95.3456,0.039936
2026-08-28 14:33:25.716,captures/20260828_143150,mm_per_px,954,95.4506,0.058367
2026-08-28 14:33:25.806,captures/20260828_143150,mm_per_px,955,95.5409,0.047911
2026-08-28 14:33:25.924,captures/20260828_143150,mm_per_px,956,95.6589,0.013562
2026-08-28 14:33:26.023,captures/20260828_143150,mm_per_px,957,95.7575,0.004062
2026-08-28 14:33:26.110,captures/20260828_143150,mm_per_px,958,95.8440,0.006156
2026-08-28 14:33:26.212,captures/20260828_143150,mm_per_px,959,95.9460,0.016369
2026-08-28 14:33:26.309,captures/20260828_143150,mm_per_px,960,96.0438,0.179248
2026-08-28 14:33:26.432,captures/20260828_143150,mm_per_px,961,96.1663,0.720563
2026-08-28 14:33:26.509,captures/20260828_143150,mm_per_px,962,96.2434,1.396577
2026-08-28 14:33:26.616,captures/20260828_143150,mm_per_px,963,96.3508,2.096349
2026-08-28 14:33:26.708,captures/20260828_143150,mm_per_px,964,96.4420,2.876400
2026-08-28 14:33:26.808,captures/20260828_143150,mm_per_px,965,96.5424,3.608129
2026-08-28 14:33:26.955,captures/20260828_143150,mm_per_px,966,96.6897,4.283276
2026-08-28 14:33:27.053,captures/20260828_143150,mm_per_px,967,96.7877,4.988585
2026-08-28 14:33:27.106,captures/20260828_143150,mm_per_px,968,96.8408,5.866327
2026-08-28 14:33:27.211,captures/20260828_143150,mm_per_px,969,96.9459,6.831779
2026-08-28 14:33:27.338,captures/20260828_143150,mm_per_px,970,97.0724,7.765154
2026-08-28 14:33:27.410,captures/20260828_143150,mm_per_px,971,97.1441,8.487385
2026-08-28 14:33:27.512,captures/20260828_143150,mm_per_px,972,97.2460,9.166905
2026-08-28 14:33:27.631,captures/20260828_143150,mm_per_px,973,97.3657,9.643791
2026-08-28 14:33:27.706,captures/20260828_143150,mm_per_px,974,97.4404,10.003667
2026-08-28 14:33:27.814,captures/20260828_143150,mm_per_px,975,97.5487,10.453964
2026-08-28 14:33:27.909,captures/20260828_143150,mm_per_px,976,97.6431,10.904563
2026-08-28 14:33:28.010,captures/20260828_143150,mm_per_px,977,97.7441,11.325000
2026-08-28 14:33:28.114,captures/20260828_143150,mm_per_px,978,97.8488,11.665026
2026-08-28 14:33:28.218,captures/20260828_143150,mm_per_px,979,97.9522,11.955267
2026-08-28 14:33:28.308,captures/20260828_143150,mm_per_px,980,98.0421,12.144980
2026-08-28 14:33:28.410,captures/20260828_143150,mm_per_px,981,98.1443,12.324630
2026-08-28 14:33:28.511,captures/20260828_143150,mm_per_px,982,98.2450,12.468041
2026-08-28 14:33:28.611,captures/20260828_143150,mm_per_px,983,98.3454,12.592502
2026-08-28 14:33:28.708,captures/20260828_143150,mm_per_px,984,98.4421,12.785295
2026-08-28 14:33:28.809,captures/20260828_143150,mm_per_px,985,98.5433,13.021383
2026-08-28 14:33:28.910,captures/20260828_143150,mm_per_px,986,98.6446,13.264456
2026-08-28 14:33:29.010,captures/20260828_143150,mm_per_px,987,98.7447,13.581609
2026-08-28 14:33:29.112,captures/20260828_143150,mm_per_px,988,98.8461,13.933415
2026-08-28 14:33:29.231,captures/20260828_143150,mm_per_px,989,98.9651,14.285876
2026-08-28 14:33:29.308,captures/20260828_143150,mm_per_px,990,99.0421,14.512935
2026-08-28 14:33:29.424,captures/20260828_143150,mm_per_px,991,99.1583,14.758825
2026-08-28 14:33:29.507,captures/20260828_143150,mm_per_px,992,99.2416,14.922236
2026-08-28 14:33:29.625,captures/20260828_143150,mm_per_px,993,99.3595,15.089294
2026-08-28 14:33:29.707,captures/20260828_143150,mm_per_px,994,99.4414,15.220958
2026-08-28 14:33:29.817,captures/20260828_143150,mm_per_px,995,99.5510,15.339619
2026-08-28 14:33:29.911,captures/20260828_143150,mm_per_px,996,99.6454,15.407352
2026-08-28 14:33:30.007,captures/20260828_143150,mm_per_px,997,99.7418,15.519554
2026-08-28 14:33:30.109,captures/20260828_143150,mm_per_px,998,99.8436,15.679704
2026-08-28 14:33:30.239,captures/20260828_143150,mm_per_px,999,99.9739,15.706865
2026-08-28 14:33:30.308,captures/20260828_143150,mm_per_px,1000,100.0429,15.703371
2026-08-28 14:33:30.424,captures/20260828_143150,mm_per_px,1001,100.1586,15.729376
2026-08-28 14:33:30.527,captures/20260828_143150,mm_per_px,1002,100.2613,15.641578
2026-08-28 14:33:30.610,captures/20260828_143150,mm_per_px,1003,100.3442,15.500992
2026-08-28 14:33:30.725,captures/20260828_143150,mm_per_px,1004,100.4593,15.389680
2026-08-28 14:33:30.809,captures/20260828_143150,mm_per_px,1005,100.5431,15.238953
2026-08-28 14:33:30.919,captures/20260828_143150,mm_per_px,1006,100.6531,15.233627
2026-08-28 14:33:31.006,captures/20260828_143150,mm_per_px,1007,100.7405,15.326479
2026-08-28 14:33:31.111,captures/20260828_143150,mm_per_px,1008,100.8454,15.521274
2026-08-28 14:33:31.211,captures/20260828_143150,mm_per_px,1009,100.9459,15.709490
2026-08-28 14:33:31.331,captures/20260828_143150,mm_per_px,1010,101.0655,15.942251
2026-08-28 14:33:31.446,captures/20260828_143150,mm_per_px,1011,101.1807,16.018472
2026-08-28 14:33:31.549,captures/20260828_143150,mm_per_px,1012,101.2831,16.031221
2026-08-28 14:33:31.611,captures/20260828_143150,mm_per_px,1013,101.3450,16.034602
2026-08-28 14:33:31.709,captures/20260828_143150,mm_per_px,1014,101.4430,16.108972
2026-08-28 14:33:31.826,captures/20260828_143150,mm_per_px,1015,101.5604,16.262826
2026-08-28 14:33:31.909,captures/20260828_143150,mm_per_px,1016,101.6438,16.513759
2026-08-28 14:33:32.024,captures/20260828_143150,mm_per_px,1017,101.7587,16.827913
2026-08-28 14:33:32.110,captures/20260828_143150,mm_per_px,1018,101.8445,17.070647
2026-08-28 14:33:32.210,captures/20260828_143150,mm_per_px,1019,101.9445,17.331172
2026-08-28 14:33:32.310,captures/20260828_143150,mm_per_px,1020,102.0449,17.383336
2026-08-28 14:33:32.414,captures/20260828_143150,mm_per_px,1021,102.1486,17.290564
2026-08-28 14:33:32.510,captures/20260828_143150,mm_per_px,1022,102.2444,17.206669
2026-08-28 14:33:32.622,captures/20260828_143150,mm_per_px,1023,102.3560,17.183737
2026-08-28 14:33:32.711,captures/20260828_143150,mm_per_px,1024,102.4453,17.080762
2026-08-28 14:33:32.810,captures/20260828_143150,mm_per_px,1025,102.5443,16.997285
2026-08-28 14:33:32.910,captures/20260828_143150,mm_per_px,1026,102.6446,16.979293
2026-08-28 14:33:33.025,captures/20260828_143150,mm_per_px,1027,102.7597,16.839760
2026-08-28 14:33:33.109,captures/20260828_143150,mm_per_px,1028,102.8437,16.717213
2026-08-28 14:33:33.224,captures/20260828_143150,mm_per_px,1029,102.9580,16.626551
2026-08-28 14:33:33.307,captures/20260828_143150,mm_per_px,1030,103.0412,16.527357
2026-08-28 14:33:33.407,captures/20260828_143150,mm_per_px,1031,103.1418,16.475461
2026-08-28 14:33:33.511,captures/20260828_143150,mm_per_px,1032,103.2456,16.467532
2026-08-28 14:33:33.628,captures/20260828_143150,mm_per_px,1033,103.3620,16.469554
2026-08-28 14:33:33.759,captures/20260828_143150,mm_per_px,1034,103.4934,16.484173
2026-08-28 14:33:33.868,captures/20260828_143150,mm_per_px,1035,103.6025,16.433909
2026-08-28 14:33:33.911,captures/20260828_143150,mm_per_px,1036,103.6458,16.477395
2026-08-28 14:33:34.011,captures/20260828_143150,mm_per_px,1037,103.7459,16.535796
2026-08-28 14:33:34.132,captures/20260828_143150,mm_per_px,1038,103.8664,16.667357
2026-08-28 14:33:34.260,captures/20260828_143150,mm_per_px,1039,103.9949,16.759371
2026-08-28 14:33:34.379,captures/20260828_143150,mm_per_px,1040,104.1134,16.907984
2026-08-28 14:33:34.487,captures/20260828_143150,mm_per_px,1041,104.2219,17.086428
2026-08-28 14:33:34.519,captures/20260828_143150,mm_per_px,1042,104.2535,17.235384
2026-08-28 14:33:34.609,captures/20260828_143150,mm_per_px,1043,104.3438,17.292344
2026-08-28 14:33:34.725,captures/20260828_143150,mm_per_px,1044,104.4598,17.469392
2026-08-28 14:33:34.809,captures/20260828_143150,mm_per_px,1045,104.5432,17.593986
2026-08-28 14:33:34.919,captures/20260828_143150,mm_per_px,1046,104.6538,17.631666
2026-08-28 14:33:35.007,captures/20260828_143150,mm_per_px,1047,104.7419,17.652990
2026-08-28 14:33:35.158,captures/20260828_143150,mm_per_px,1048,104.8929,17.643186
2026-08-28 14:33:35.253,captures/20260828_143150,mm_per_px,1049,104.9875,17.611821
2026-08-28 14:33:35.314,captures/20260828_143150,mm_per_px,1050,105.0481,17.653890
2026-08-28 14:33:35.423,captures/20260828_143150,mm_per_px,1051,105.1576,17.772226
2026-08-28 14:33:35.512,captures/20260828_143150,mm_per_px,1052,105.2463,17.957231
2026-08-28 14:33:35.621,captures/20260828_143150,mm_per_px,1053,105.3553,18.190602
2026-08-28 14:33:35.712,captures/20260828_143150,mm_per_px,1054,105.4467,18.397855
2026-08-28 14:33:35.829,captures/20260828_143150,mm_per_px,1055,105.5636,18.546341
2026-08-28 14:33:35.912,captures/20260828_143150,mm_per_px,1056,105.6460,18.718551
2026-08-28 14:33:36.034,captures/20260828_143150,mm_per_px,1057,105.7683,18.974170
2026-08-28 14:33:36.134,captures/20260828_143150,mm_per_px,1058,105.8689,19.295127
2026-08-28 14:33:36.212,captures/20260828_143150,mm_per_px,1059,105.9462,19.710065
2026-08-28 14:33:36.329,captures/20260828_143150,mm_per_px,1060,106.0639,20.125733
2026-08-28 14:33:36.440,captures/20260828_143150,mm_per_px,1061,106.1740,20.403359
2026-08-28 14:33:36.509,captures/20260828_143150,mm_per_px,1062,106.2436,20.569911
2026-08-28 14:33:36.627,captures/20260828_143150,mm_per_px,1063,106.3616,20.639398
2026-08-28 14:33:36.714,captures/20260828_143150,mm_per_px,1064,106.4484,20.819630
2026-08-28 14:33:36.809,captures/20260828_143150,mm_per_px,1065,106.5432,21.101478
2026-08-28 14:33:36.916,captures/20260828_143150,mm_per_px,1066,106.6504,21.489571
2026-08-28 14:33:37.013,captures/20260828_143150,mm_per_px,1067,106.7470,21.873794
2026-08-28 14:33:37.128,captures/20260828_143150,mm_per_px,1068,106.8629,22.221273
2026-08-28 14:33:37.208,captures/20260828_143150,mm_per_px,1069,106.9426,22.434134
2026-08-28 14:33:37.310,captures/20260828_143150,mm_per_px,1070,107.0442,22.640739
2026-08-28 14:33:37.408,captures/20260828_143150,mm_per_px,1071,107.1427,22.693015
2026-08-28 14:33:37.510,captures/20260828_143150,mm_per_px,1072,107.2440,22.697803
2026-08-28 14:33:37.625,captures/20260828_143150,mm_per_px,1073,107.3594,22.695344
2026-08-28 14:33:37.762,captures/20260828_143150,mm_per_px,1074,107.4968,22.646238
2026-08-28 14:33:37.878,captures/20260828_143150,mm_per_px,1075,107.6128,22.492326
2026-08-28 14:33:37.963,captures/20260828_143150,mm_per_px,1076,107.6970,22.408999
2026-08-28 14:33:38.007,captures/20260828_143150,mm_per_px,1077,107.7416,22.263573
2026-08-28 14:33:38.147,captures/20260828_143150,mm_per_px,1078,107.8818,22.072134
2026-08-28 14:33:38.258,captures/20260828_143150,mm_per_px,1079,107.9924,21.798918
2026-08-28 14:33:38.362,captures/20260828_143150,mm_per_px,1080,108.0965,21.557145
2026-08-28 14:33:38.475,captures/20260828_143150,mm_per_px,1081,108.2095,21.092848
2026-08-28 14:33:38.512,captures/20260828_143150,mm_per_px,1082,108.2465,20.573960
2026-08-28 14:33:38.610,captures/20260828_143150,mm_per_px,1083,108.3447,20.080996
2026-08-28 14:33:38.718,captures/20260828_143150,mm_per_px,1084,108.4525,19.523909
2026-08-28 14:33:38.855,captures/20260828_143150,mm_per_px,1085,108.5897,19.083005
2026-08-28 14:33:38.964,captures/20260828_143150,mm_per_px,1086,108.6981,18.725144
2026-08-28 14:33:39.008,captures/20260828_143150,mm_per_px,1087,108.7421,18.604032
2026-08-28 14:33:39.109,captures/20260828_143150,mm_per_px,1088,108.8430,18.533102
2026-08-28 14:33:39.221,captures/20260828_143150,mm_per_px,1089,108.9551,18.596727
2026-08-28 14:33:39.310,captures/20260828_143150,mm_per_px,1090,109.0446,18.460248
2026-08-28 14:33:39.430,captures/20260828_143150,mm_per_px,1091,109.1649,18.286224
2026-08-28 14:33:39.538,captures/20260828_143150,mm_per_px,1092,109.2721,17.908014
2026-08-28 14:33:39.609,captures/20260828_143150,mm_per_px,1093,109.3436,17.472500
2026-08-28 14:33:39.707,captures/20260828_143150,mm_per_px,1094,109.4414,17.038896
2026-08-28 14:33:39.808,captures/20260828_143150,mm_per_px,1095,109.5420,16.574695
2026-08-28 14:33:39.929,captures/20260828_143150,mm_per_px,1096,109.6635,16.003629
2026-08-28 14:33:40.008,captures/20260828_143150,mm_per_px,1097,109.7421,15.480342
2026-08-28 14:33:40.112,captures/20260828_143150,mm_per_px,1098,109.8468,14.930048
2026-08-28 14:33:40.210,captures/20260828_143150,mm_per_px,1099,109.9443,14.555612
2026-08-28 14:33:40.307,captures/20260828_143150,mm_per_px,1100,110.0410,14.440965
2026-08-28 14:33:40.415,captures/20260828_143150,mm_per_px,1101,110.1491,14.632500
2026-08-28 14:33:40.515,captures/20260828_143150,mm_per_px,1102,110.2491,14.904449
2026-08-28 14:33:40.613,captures/20260828_143150,mm_per_px,1103,110.3472,15.312716
2026-08-28 14:33:40.723,captures/20260828_143150,mm_per_px,1104,110.4572,15.619913
2026-08-28 14:33:40.851,captures/20260828_143150,mm_per_px,1105,110.5857,15.921156
2026-08-28 14:33:40.948,captures/20260828_143150,mm_per_px,1106,110.6829,16.219182
2026-08-28 14:33:41.060,captures/20260828_143150,mm_per_px,1107,110.7949,16.499119
2026-08-28 14:33:41.165,captures/20260828_143150,mm_per_px,1108,110.8991,16.774549
2026-08-28 14:33:41.207,captures/20260828_143150,mm_per_px,1109,110.9417,17.122593
2026-08-28 14:33:41.311,captures/20260828_143150,mm_per_px,1110,111.0457,17.384077
2026-08-28 14:33:41.437,captures/20260828_143150,mm_per_px,1111,111.1711,17.662526
2026-08-28 14:33:41.507,captures/20260828_143150,mm_per_px,1112,111.2418,17.951734
2026-08-28 14:33:41.626,captures/20260828_143150,mm_per_px,1113,111.3609,18.220854
2026-08-28 14:33:41.740,captures/20260828_143150,mm_per_px,1114,111.4743,18.440107
2026-08-28 14:33:41.850,captures/20260828_143150,mm_per_px,1115,111.5848,18.656972
2026-08-28 14:33:41.908,captures/20260828_143150,mm_per_px,1116,111.6427,18.665821
2026-08-28 14:33:42.009,captures/20260828_143150,mm_per_px,1117,111.7437,18.650899
2026-08-28 14:33:42.126,captures/20260828_143150,mm_per_px,1118,111.8607,18.490475
2026-08-28 14:33:42.208,captures/20260828_143150,mm_per_px,1119,111.9425,18.250501
2026-08-28 14:33:42.313,captures/20260828_143150,mm_per_px,1120,112.0471,17.903617
2026-08-28 14:33:42.424,captures/20260828_143150,mm_per_px,1121,112.1585,17.557064
2026-08-28 14:33:42.507,captures/20260828_143150,mm_per_px,1122,112.2414,17.132664
2026-08-28 14:33:42.615,captures/20260828_143150,mm_per_px,1123,112.3491,16.629882
2026-08-28 14:33:42.750,captures/20260828_143150,mm_per_px,1124,112.4840,16.196214
2026-08-28 14:33:42.856,captures/20260828_143150,mm_per_px,1125,112.5906,15.936791
2026-08-28 14:33:42.908,captures/20260828_143150,mm_per_px,1126,112.6429,15.872495
2026-08-28 14:33:43.009,captures/20260828_143150,mm_per_px,1127,112.7434,15.931891
2026-08-28 14:33:43.108,captures/20260828_143150,mm_per_px,1128,112.8421,16.137873
2026-08-28 14:33:43.208,captures/20260828_143150,mm_per_px,1129,112.9424,16.296656
2026-08-28 14:33:43.309,captures/20260828_143150,mm_per_px,1130,113.0433,16.343833
2026-08-28 14:33:43.410,captures/20260828_143150,mm_per_px,1131,113.1442,16.178062
2026-08-28 14:33:43.527,captures/20260828_143150,mm_per_px,1132,113.2619,15.879127
2026-08-28 14:33:43.608,captures/20260828_143150,mm_per_px,1133,113.3426,15.443106
2026-08-28 14:33:43.724,captures/20260828_143150,mm_per_px,1134,113.4587,15.023955
2026-08-28 14:33:43.809,captures/20260828_143150,mm_per_px,1135,113.5431,14.563336
2026-08-28 14:33:43.933,captures/20260828_143150,mm_per_px,1136,113.6677,14.213520
2026-08-28 14:33:44.008,captures/20260828_143150,mm_per_px,1137,113.7421,13.883701
2026-08-28 14:33:44.121,captures/20260828_143150,mm_per_px,1138,113.8558,13.763551
2026-08-28 14:33:44.208,captures/20260828_143150,mm_per_px,1139,113.9422,13.648296
2026-08-28 14:33:44.309,captures/20260828_143150,mm_per_px,1140,114.0430,13.657284
2026-08-28 14:33:44.454,captures/20260828_143150,mm_per_px,1141,114.1880,13.518411
2026-08-28 14:33:44.562,captures/20260828_143150,mm_per_px,1142,114.2963,13.487995
2026-08-28 14:33:44.618,captures/20260828_143150,mm_per_px,1143,114.3525,13.368141
2026-08-28 14:33:44.709,captures/20260828_143150,mm_per_px,1144,114.4435,13.284640
2026-08-28 14:33:44.835,captures/20260828_143150,mm_per_px,1145,114.5693,13.154237
2026-08-28 14:33:44.909,captures/20260828_143150,mm_per_px,1146,114.6433,13.133291
2026-08-28 14:33:45.015,captures/20260828_143150,mm_per_px,1147,114.7490,13.101212
2026-08-28 14:33:45.155,captures/20260828_143150,mm_per_px,1148,114.8893,13.141897
2026-08-28 14:33:45.270,captures/20260828_143150,mm_per_px,1149,115.0045,13.300290
2026-08-28 14:33:45.307,captures/20260828_143150,mm_per_px,1150,115.0419,13.703344
2026-08-28 14:33:45.455,captures/20260828_143150,mm_per_px,1151,115.1894,14.240444
2026-08-28 14:33:45.564,captures/20260828_143150,mm_per_px,1152,115.2981,14.936210
2026-08-28 14:33:45.610,captures/20260828_143150,mm_per_px,1153,115.3442,15.647744
2026-08-28 14:33:45.710,captures/20260828_143150,mm_per_px,1154,115.4447,16.251987
2026-08-28 14:33:45.828,captures/20260828_143150,mm_per_px,1155,115.5624,16.693412
2026-08-28 14:33:45.908,captures/20260828_143150,mm_per_px,1156,115.6421,17.074454
2026-08-28 14:33:46.035,captures/20260828_143150,mm_per_px,1157,115.7697,17.431094
2026-08-28 14:33:46.107,captures/20260828_143150,mm_per_px,1158,115.8419,17.843394
2026-08-28 14:33:46.227,captures/20260828_143150,mm_per_px,1159,115.9615,18.323722
2026-08-28 14:33:46.357,captures/20260828_143150,mm_per_px,1160,116.0917,18.883884
2026-08-28 14:33:46.457,captures/20260828_143150,mm_per_px,1161,116.1914,19.435585
2026-08-28 14:33:46.558,captures/20260828_143150,mm_per_px,1162,116.2928,19.986876
2026-08-28 14:33:46.671,captures/20260828_143150,mm_per_px,1163,116.4058,20.364331
2026-08-28 14:33:46.711,captures/20260828_143150,mm_per_px,1164,116.4459,20.763887
2026-08-28 14:33:46.808,captures/20260828_143150,mm_per_px,1165,116.5428,20.946288
2026-08-28 14:33:46.940,captures/20260828_143150,mm_per_px,1166,116.6748,21.081238
2026-08-28 14:33:47.048,captures/20260828_143150,mm_per_px,1167,116.7829,21.092743
2026-08-28 14:33:47.149,captures/20260828_143150,mm_per_px,1168,116.8832,21.215086
2026-08-28 14:33:47.264,captures/20260828_143150,mm_per_px,1169,116.9987,21.294526
2026-08-28 14:33:47.307,captures/20260828_143150,mm_per_px,1170,117.0418,21.393109
2026-08-28 14:33:47.411,captures/20260828_143150,mm_per_px,1171,117.1453,21.449387
2026-08-28 14:33:47.514,captures/20260828_143150,mm_per_px,1172,117.2484,21.503642
2026-08-28 14:33:47.610,captures/20260828_143150,mm_per_px,1173,117.3449,21.414495
2026-08-28 14:33:47.707,captures/20260828_143150,mm_per_px,1174,117.4414,21.288289
2026-08-28 14:33:47.809,captures/20260828_143150,mm_per_px,1175,117.5438,21.241297
2026-08-28 14:33:47.922,captures/20260828_143150,mm_per_px,1176,117.6566,21.164790
2026-08-28 14:33:48.007,captures/20260828_143150,mm_per_px,1177,117.7417,21.017403
2026-08-28 14:33:48.124,captures/20260828_143150,mm_per_px,1178,117.8583,20.996740
2026-08-28 14:33:48.229,captures/20260828_143150,mm_per_px,1179,117.9639,20.845807
2026-08-28 14:33:48.349,captures/20260828_143150,mm_per_px,1180,118.0831,20.622541
2026-08-28 14:33:48.465,captures/20260828_143150,mm_per_px,1181,118.1998,20.291966
2026-08-28 14:33:48.514,captures/20260828_143150,mm_per_px,1182,118.2482,20.021261
2026-08-28 14:33:48.654,captures/20260828_143150,mm_per_px,1183,118.3886,19.676083
2026-08-28 14:33:48.772,captures/20260828_143150,mm_per_px,1184,118.5062,19.313041
2026-08-28 14:33:48.855,captures/20260828_143150,mm_per_px,1185,118.5891,18.885774
2026-08-28 14:33:48.908,captures/20260828_143150,mm_per_px,1186,118.6424,18.537512
2026-08-28 14:33:49.011,captures/20260828_143150,mm_per_px,1187,118.7458,18.220291
2026-08-28 14:33:49.107,captures/20260828_143150,mm_per_px,1188,118.8419,18.007923
2026-08-28 14:33:49.210,captures/20260828_143150,mm_per_px,1189,118.9447,17.879050
2026-08-28 14:33:49.329,captures/20260828_143150,mm_per_px,1190,119.0635,17.865605
2026-08-28 14:33:49.409,captures/20260828_143150,mm_per_px,1191,119.1439,17.868096
2026-08-28 14:33:49.530,captures/20260828_143150,mm_per_px,1192,119.2645,17.846186
2026-08-28 14:33:49.611,captures/20260828_143150,mm_per_px,1193,119.3458,17.848182
2026-08-28 14:33:49.730,captures/20260828_143150,mm_per_px,1194,119.4647,17.910261
2026-08-28 14:33:49.842,captures/20260828_143150,mm_per_px,1195,119.5761,17.955555
2026-08-28 14:33:49.920,captures/20260828_143150,mm_per_px,1196,119.6544,18.002700
2026-08-28 14:33:50.035,captures/20260828_143150,mm_per_px,1197,119.7691,18.014749
2026-08-28 14:33:50.109,captures/20260828_143150,mm_per_px,1198,119.8432,18.041015
2026-08-28 14:33:50.221,captures/20260828_143150,mm_per_px,1199,119.9551,18.113921
2026-08-28 14:33:50.364,captures/20260828_143150,mm_per_px,1200,120.0985,18.250643
2026-08-28 14:33:50.453,captures/20260828_143150,mm_per_px,1201,120.1876,18.451989
2026-08-28 14:33:50.560,captures/20260828_143150,mm_per_px,1202,120.2949,18.562378
2026-08-28 14:33:50.668,captures/20260828_143150,mm_per_px,1203,120.4021,18.616961
2026-08-28 14:33:50.712,captures/20260828_143150,mm_per_px,1204,120.4460,18.722199
2026-08-28 14:33:50.811,captures/20260828_143150,mm_per_px,1205,120.5455,18.705990
2026-08-28 14:33:50.922,captures/20260828_143150,mm_per_px,1206,120.6561,18.763051
2026-08-28 14:33:51.008,captures/20260828_143150,mm_per_px,1207,120.7424,18.879418
2026-08-28 14:33:51.121,captures/20260828_143150,mm_per_px,1208,120.8559,18.996424
2026-08-28 14:33:51.208,captures/20260828_143150,mm_per_px,1209,120.9424,18.983274
2026-08-28 14:33:51.323,captures/20260828_143150,mm_per_px,1210,121.0570,19.015296
2026-08-28 14:33:51.410,captures/20260828_143150,mm_per_px,1211,121.1443,19.000598
2026-08-28 14:33:51.508,captures/20260828_143150,mm_per_px,1212,121.2420,18.902469
2026-08-28 14:33:51.629,captures/20260828_143150,mm_per_px,1213,121.3639,18.772637
2026-08-28 14:33:51.713,captures/20260828_143150,mm_per_px,1214,121.4479,18.665720
2026-08-28 14:33:51.813,captures/20260828_143150,mm_per_px,1215,121.5474,18.592300
2026-08-28 14:33:51.910,captures/20260828_143150,mm_per_px,1216,121.6442,18.630239
2026-08-28 14:33:52.020,captures/20260828_143150,mm_per_px,1217,121.7548,18.644866
2026-08-28 14:33:52.108,captures/20260828_143150,mm_per_px,1218,121.8428,18.710187
2026-08-28 14:33:52.230,captures/20260828_143150,mm_per_px,1219,121.9646,18.853965
2026-08-28 14:33:52.309,captures/20260828_143150,mm_per_px,1220,122.0434,18.860146
2026-08-28 14:33:52.432,captures/20260828_143150,mm_per_px,1221,122.1661,18.903962
2026-08-28 14:33:52.535,captures/20260828_143150,mm_per_px,1222,122.2692,19.097435
2026-08-28 14:33:52.612,captures/20260828_143150,mm_per_px,1223,122.3460,19.235159
2026-08-28 14:33:52.719,captures/20260828_143150,mm_per_px,1224,122.4539,19.221528
2026-08-28 14:33:52.812,captures/20260828_143150,mm_per_px,1225,122.5460,19.241022
2026-08-28 14:33:52.927,captures/20260828_143150,mm_per_px,1226,122.6616,19.208710
2026-08-28 14:33:53.008,captures/20260828_143150,mm_per_px,1227,122.7423,19.182813
2026-08-28 14:33:53.127,captures/20260828_143150,mm_per_px,1228,122.8619,19.140991
2026-08-28 14:33:53.252,captures/20260828_143150,mm_per_px,1229,122.9869,19.197642
2026-08-28 14:33:53.308,captures/20260828_143150,mm_per_px,1230,123.0421,19.182408
2026-08-28 14:33:53.408,captures/20260828_143150,mm_per_px,1231,123.1427,19.208818
2026-08-28 14:33:53.524,captures/20260828_143150,mm_per_px,1232,123.2585,19.144344
2026-08-28 14:33:53.661,captures/20260828_143150,mm_per_px,1233,123.3958,19.100917
2026-08-28 14:33:53.737,captures/20260828_143150,mm_per_px,1234,123.4717,19.144840
2026-08-28 14:33:53.856,captures/20260828_143150,mm_per_px,1235,123.5907,19.156567
2026-08-28 14:33:53.974,captures/20260828_143150,mm_per_px,1236,123.7082,19.097504
2026-08-28 14:33:54.010,captures/20260828_143150,mm_per_px,1237,123.7449,19.027745
2026-08-28 14:33:54.109,captures/20260828_143150,mm_per_px,1238,123.8439,18.885615
2026-08-28 14:33:54.235,captures/20260828_143150,mm_per_px,1239,123.9696,18.716462
2026-08-28 14:33:54.308,captures/20260828_143150,mm_per_px,1240,124.0422,18.628249
2026-08-28 14:33:54.409,captures/20260828_143150,mm_per_px,1241,124.1435,18.600606
2026-08-28 14:33:54.512,captures/20260828_143150,mm_per_px,1242,124.2465,18.587943
2026-08-28 14:33:54.664,captures/20260828_143150,mm_per_px,1243,124.3984,18.529769
2026-08-28 14:33:54.786,captures/20260828_143150,mm_per_px,1244,124.5201,18.463623
2026-08-28 14:33:54.832,captures/20260828_143150,mm_per_px,1245,124.5664,18.335078
2026-08-28 14:33:54.911,captures/20260828_143150,mm_per_px,1246,124.6452,18.235637
2026-08-28 14:33:55.013,captures/20260828_143150,mm_per_px,1247,124.7474,18.141418
2026-08-28 14:33:55.110,captures/20260828_143150,mm_per_px,1248,124.8441,18.022644
2026-08-28 14:33:55.208,captures/20260828_143150,mm_per_px,1249,124.9427,17.952115
2026-08-28 14:33:55.325,captures/20260828_143150,mm_per_px,1250,125.0594,17.931540
2026-08-28 14:33:55.408,captures/20260828_143150,mm_per_px,1251,125.1420,17.958072
2026-08-28 14:33:55.522,captures/20260828_143150,mm_per_px,1252,125.2565,17.962474
2026-08-28 14:33:55.609,captures/20260828_143150,mm_per_px,1253,125.3437,18.106093
2026-08-28 14:33:55.729,captures/20260828_143150,mm_per_px,1254,125.4637,18.193368
2026-08-28 14:33:55.821,captures/20260828_143150,mm_per_px,1255,125.5554,18.264127
2026-08-28 14:33:55.913,captures/20260828_143150,mm_per_px,1256,125.6475,18.281187
2026-08-28 14:33:56.062,captures/20260828_143150,mm_per_px,1257,125.7964,18.282213
2026-08-28 14:33:56.181,captures/20260828_143150,mm_per_px,1258,125.9158,18.309358
2026-08-28 14:33:56.293,captures/20260828_143150,mm_per_px,1259,126.0276,18.291181
2026-08-28 14:33:56.331,captures/20260828_143150,mm_per_px,1260,126.0659,18.242855
2026-08-28 14:33:56.408,captures/20260828_143150,mm_per_px,1261,126.1420,18.227032
2026-08-28 14:33:56.526,captures/20260828_143150,mm_per_px,1262,126.2603,18.199048
2026-08-28 14:33:56.609,captures/20260828_143150,mm_per_px,1263,126.3439,18.120409
2026-08-28 14:33:56.736,captures/20260828_143150,mm_per_px,1264,126.4705,17.958187
2026-08-28 14:33:56.811,captures/20260828_143150,mm_per_px,1265,126.5452,17.899644
2026-08-28 14:33:56.925,captures/20260828_143150,mm_per_px,1266,126.6591,17.761705
2026-08-28 14:33:57.009,captures/20260828_143150,mm_per_px,1267,126.7437,17.678696
2026-08-28 14:33:57.116,captures/20260828_143150,mm_per_px,1268,126.8507,17.609766
2026-08-28 14:33:57.208,captures/20260828_143150,mm_per_px,1269,126.9425,17.482278
2026-08-28 14:33:57.308,captures/20260828_143150,mm_per_px,1270,127.0420,17.351192
2026-08-28 14:33:57.408,captures/20260828_143150,mm_per_px,1271,127.1425,17.108877
2026-08-28 14:33:57.524,captures/20260828_143150,mm_per_px,1272,127.2589,16.889859
2026-08-28 14:33:57.647,captures/20260828_143150,mm_per_px,1273,127.3819,16.878904
2026-08-28 14:33:57.752,captures/20260828_143150,mm_per_px,1274,127.4863,17.031953
2026-08-28 14:33:57.811,captures/20260828_143150,mm_per_px,1275,127.5456,17.132911
2026-08-28 14:33:57.908,captures/20260828_143150,mm_per_px,1276,127.6425,17.173075
2026-08-28 14:33:58.022,captures/20260828_143150,mm_per_px,1277,127.7568,17.265912
2026-08-28 14:33:58.153,captures/20260828_143150,mm_per_px,1278,127.8872,17.257027
2026-08-28 14:33:58.264,captures/20260828_143150,mm_per_px,1279,127.9982,17.181381
2026-08-28 14:33:58.309,captures/20260828_143150,mm_per_px,1280,128.0430,17.263763
2026-08-28 14:33:58.410,captures/20260828_143150,mm_per_px,1281,128.1442,17.400804
2026-08-28 14:33:58.527,captures/20260828_143150,mm_per_px,1282,128.2615,17.555608
2026-08-28 14:33:58.609,captures/20260828_143150,mm_per_px,1283,128.3431,17.754996
2026-08-28 14:33:58.716,captures/20260828_143150,mm_per_px,1284,128.4504,17.932933
2026-08-28 14:33:58.853,captures/20260828_143150,mm_per_px,1285,128.5879,17.960956
2026-08-28 14:33:58.963,captures/20260828_143150,mm_per_px,1286,128.6972,18.060164
2026-08-28 14:33:59.014,captures/20260828_143150,mm_per_px,1287,128.7486,18.073159
2026-08-28 14:33:59.116,captures/20260828_143150,mm_per_px,1288,128.8504,18.098221
2026-08-28 14:33:59.228,captures/20260828_143150,mm_per_px,1289,128.9627,18.029524
2026-08-28 14:33:59.310,captures/20260828_143150,mm_per_px,1290,129.0441,18.111808
2026-08-28 14:33:59.410,captures/20260828_143150,mm_per_px,1291,129.1440,18.036518
2026-08-28 14:33:59.559,captures/20260828_143150,mm_per_px,1292,129.2938,17.920139
2026-08-28 14:33:59.683,captures/20260828_143150,mm_per_px,1293,129.4171,17.841084
2026-08-28 14:33:59.720,captures/20260828_143150,mm_per_px,1294,129.4548,17.710434
2026-08-28 14:33:59.809,captures/20260828_143150,mm_per_px,1295,129.5436,17.583855
2026-08-28 14:33:59.910,captures/20260828_143150,mm_per_px,1296,129.6443,17.567270
2026-08-28 14:34:00.010,captures/20260828_143150,mm_per_px,1297,129.7449,17.546222
2026-08-28 14:34:00.110,captures/20260828_143150,mm_per_px,1298,129.8449,17.556367
2026-08-28 14:34:00.214,captures/20260828_143150,mm_per_px,1299,129.9481,17.605805
2026-08-28 14:34:00.362,captures/20260828_143150,mm_per_px,1300,130.0965,17.656489
2026-08-28 14:34:00.454,captures/20260828_143150,mm_per_px,1301,130.1881,17.596436
2026-08-28 14:34:00.510,captures/20260828_143150,mm_per_px,1302,130.2442,17.564760
2026-08-28 14:34:00.658,captures/20260828_143150,mm_per_px,1303,130.3922,17.469592
2026-08-28 14:34:00.749,captures/20260828_143150,mm_per_px,1304,130.4835,17.433104
2026-08-28 14:34:00.811,captures/20260828_143150,mm_per_px,1305,130.5451,17.508976
2026-08-28 14:34:00.961,captures/20260828_143150,mm_per_px,1306,130.6958,17.690278
2026-08-28 14:34:01.047,captures/20260828_143150,mm_per_px,1307,130.7819,17.882761
2026-08-28 14:34:01.112,captures/20260828_143150,mm_per_px,1308,130.8463,18.060500
2026-08-28 14:34:01.238,captures/20260828_143150,mm_per_px,1309,130.9724,18.123761
2026-08-28 14:34:01.332,captures/20260828_143150,mm_per_px,1310,131.0661,18.091956
2026-08-28 14:34:01.412,captures/20260828_143150,mm_per_px,1311,131.1461,18.026478
2026-08-28 14:34:01.533,captures/20260828_143150,mm_per_px,1312,131.2677,17.926753
2026-08-28 14:34:01.610,captures/20260828_143150,mm_per_px,1313,131.3449,17.810409
2026-08-28 14:34:01.707,captures/20260828_143150,mm_per_px,1314,131.4412,17.803230
2026-08-28 14:34:01.811,captures/20260828_143150,mm_per_px,1315,131.5459,17.772386
2026-08-28 14:34:01.915,captures/20260828_143150,mm_per_px,1316,131.6493,17.780503
2026-08-28 14:34:02.053,captures/20260828_143150,mm_per_px,1317,131.7871,17.832764
2026-08-28 14:34:02.171,captures/20260828_143150,mm_per_px,1318,131.9057,17.850675
2026-08-28 14:34:02.211,captures/20260828_143150,mm_per_px,1319,131.9456,17.853825
2026-08-28 14:34:02.311,captures/20260828_143150,mm_per_px,1320,132.0457,17.855455
2026-08-28 14:34:02.454,captures/20260828_143150,mm_per_px,1321,132.1884,17.799344
2026-08-28 14:34:02.565,captures/20260828_143150,mm_per_px,1322,132.2991,17.796598
2026-08-28 14:34:02.611,captures/20260828_143150,mm_per_px,1323,132.3450,17.839984
2026-08-28 14:34:02.709,captures/20260828_143150,mm_per_px,1324,132.4431,18.003709
2026-08-28 14:34:02.828,captures/20260828_143150,mm_per_px,1325,132.5627,18.146539
2026-08-28 14:34:02.908,captures/20260828_143150,mm_per_px,1326,132.6428,18.127256
2026-08-28 14:34:03.060,captures/20260828_143150,mm_per_px,1327,132.7948,18.109615
2026-08-28 14:34:03.187,captures/20260828_143150,mm_per_px,1328,132.9219,18.028222
2026-08-28 14:34:03.280,captures/20260828_143150,mm_per_px,1329,133.0148,17.990101
2026-08-28 14:34:03.330,captures/20260828_143150,mm_per_px,1330,133.0648,18.086731
2026-08-28 14:34:03.410,captures/20260828_143150,mm_per_px,1331,133.1444,18.337486
2026-08-28 14:34:03.511,captures/20260828_143150,mm_per_px,1332,133.2453,18.593037
2026-08-28 14:34:03.613,captures/20260828_143150,mm_per_px,1333,133.3471,18.842283
2026-08-28 14:34:03.727,captures/20260828_143150,mm_per_px,1334,133.4616,18.891503
2026-08-28 14:34:03.812,captures/20260828_143150,mm_per_px,1335,133.5469,18.922271
2026-08-28 14:34:03.935,captures/20260828_143150,mm_per_px,1336,133.6693,18.945748
2026-08-28 14:34:04.053,captures/20260828_143150,mm_per_px,1337,133.7876,18.927640
2026-08-28 14:34:04.154,captures/20260828_143150,mm_per_px,1338,133.8886,18.916822
2026-08-28 14:34:04.214,captures/20260828_143150,mm_per_px,1339,133.9482,18.931517
2026-08-28 14:34:04.313,captures/20260828_143150,mm_per_px,1340,134.0477,18.986751
2026-08-28 14:34:04.412,captures/20260828_143150,mm_per_px,1341,134.1468,18.936792
2026-08-28 14:34:04.511,captures/20260828_143150,mm_per_px,1342,134.2454,18.967309
2026-08-28 14:34:04.633,captures/20260828_143150,mm_per_px,1343,134.3677,18.946926
2026-08-28 14:34:04.723,captures/20260828_143150,mm_per_px,1344,134.4570,18.898197
2026-08-28 14:34:04.809,captures/20260828_143150,mm_per_px,1345,134.5438,18.769933
2026-08-28 14:34:04.976,captures/20260828_143150,mm_per_px,1346,134.7101,18.602170
2026-08-28 14:34:05.018,captures/20260828_143150,mm_per_px,1347,134.7523,18.306592
2026-08-28 14:34:05.114,captures/20260828_143150,mm_per_px,1348,134.8487,18.044854
2026-08-28 14:34:05.231,captures/20260828_143150,mm_per_px,1349,134.9653,17.771869
2026-08-28 14:34:05.312,captures/20260828_143150,mm_per_px,1350,135.0469,17.396584
2026-08-28 14:34:05.428,captures/20260828_143150,mm_per_px,1351,135.1622,17.100939
2026-08-28 14:34:05.511,captures/20260828_143150,mm_per_px,1352,135.2451,16.959834
2026-08-28 14:34:05.626,captures/20260828_143150,mm_per_px,1353,135.3607,17.052526
2026-08-28 14:34:05.708,captures/20260828_143150,mm_per_px,1354,135.4424,17.146222
2026-08-28 14:34:05.810,captures/20260828_143150,mm_per_px,1355,135.5443,17.307574
2026-08-28 14:34:05.953,captures/20260828_143150,mm_per_px,1356,135.6872,17.370576
2026-08-28 14:34:06.074,captures/20260828_143150,mm_per_px,1357,135.8080,17.199888
2026-08-28 14:34:06.111,captures/20260828_143150,mm_per_px,1358,135.8459,16.776619
2026-08-28 14:34:06.213,captures/20260828_143150,mm_per_px,1359,135.9471,16.311524
2026-08-28 14:34:06.312,captures/20260828_143150,mm_per_px,1360,136.0466,15.788715
2026-08-28 14:34:06.413,captures/20260828_143150,mm_per_px,1361,136.1471,15.294607
2026-08-28 14:34:06.508,captures/20260828_143150,mm_per_px,1362,136.2423,14.892791
2026-08-28 14:34:06.623,captures/20260828_143150,mm_per_px,1363,136.3571,14.492726
2026-08-28 14:34:06.711,captures/20260828_143150,mm_per_px,1364,136.4450,14.237769
2026-08-28 14:34:06.826,captures/20260828_143150,mm_per_px,1365,136.5606,14.217173
2026-08-28 14:34:06.908,captures/20260828_143150,mm_per_px,1366,136.6422,14.428426
2026-08-28 14:34:07.021,captures/20260828_143150,mm_per_px,1367,136.7559,14.724319
2026-08-28 14:34:07.116,captures/20260828_143150,mm_per_px,1368,136.8509,15.152782
2026-08-28 14:34:07.255,captures/20260828_143150,mm_per_px,1369,136.9891,15.470815
2026-08-28 14:34:07.380,captures/20260828_143150,mm_per_px,1370,137.1149,15.780307
2026-08-28 14:34:07.421,captures/20260828_143150,mm_per_px,1371,137.1555,16.037056
2026-08-28 14:34:07.507,captures/20260828_143150,mm_per_px,1372,137.2417,16.293238
2026-08-28 14:34:07.616,captures/20260828_143150,mm_per_px,1373,137.3501,16.612215
2026-08-28 14:34:07.753,captures/20260828_143150,mm_per_px,1374,137.4875,16.993182
2026-08-28 14:34:07.891,captures/20260828_143150,mm_per_px,1375,137.6258,17.307055
2026-08-28 14:34:08.003,captures/20260828_143150,mm_per_px,1376,137.7371,17.647303
2026-08-28 14:34:08.046,captures/20260828_143150,mm_per_px,1377,137.7809,17.959637
2026-08-28 14:34:08.111,captures/20260828_143150,mm_per_px,1378,137.8450,18.214486
2026-08-28 14:34:08.223,captures/20260828_143150,mm_per_px,1379,137.9570,18.573162
2026-08-28 14:34:08.364,captures/20260828_143150,mm_per_px,1380,138.0983,18.813356
2026-08-28 14:34:08.451,captures/20260828_143150,mm_per_px,1381,138.1850,18.952278
2026-08-28 14:34:08.507,captures/20260828_143150,mm_per_px,1382,138.2417,19.004609
2026-08-28 14:34:08.623,captures/20260828_143150,mm_per_px,1383,138.3576,18.886823
2026-08-28 14:34:08.717,captures/20260828_143150,mm_per_px,1384,138.4512,18.619335
2026-08-28 14:34:08.808,captures/20260828_143150,mm_per_px,1385,138.5427,18.313659
2026-08-28 14:34:08.916,captures/20260828_143150,mm_per_px,1386,138.6501,17.964282
2026-08-28 14:34:09.008,captures/20260828_143150,mm_per_px,1387,138.7427,17.602465
2026-08-28 14:34:09.135,captures/20260828_143150,mm_per_px,1388,138.8696,17.162067
2026-08-28 14:34:09.210,captures/20260828_143150,mm_per_px,1389,138.9448,16.788796
2026-08-28 14:34:09.321,captures/20260828_143150,mm_per_px,1390,139.0553,16.517735
2026-08-28 14:34:09.408,captures/20260828_143150,mm_per_px,1391,139.1423,16.480409
2026-08-28 14:34:09.530,captures/20260828_143150,mm_per_px,1392,139.2641,16.543390
2026-08-28 14:34:09.611,captures/20260828_143150,mm_per_px,1393,139.3453,16.736947
2026-08-28 14:34:09.738,captures/20260828_143150,mm_per_px,1394,139.4722,16.850533
2026-08-28 14:34:09.848,captures/20260828_143150,mm_per_px,1395,139.5823,16.784517
2026-08-28 14:34:09.955,captures/20260828_143150,mm_per_px,1396,139.6895,16.489497
2026-08-28 14:34:10.016,captures/20260828_143150,mm_per_px,1397,139.7505,16.215155
2026-08-28 14:34:10.110,captures/20260828_143150,mm_per_px,1398,139.8447,15.920405
2026-08-28 14:34:10.244,captures/20260828_143150,mm_per_px,1399,139.9785,15.568852
2026-08-28 14:34:10.311,captures/20260828_143150,mm_per_px,1400,140.0459,15.328914
2026-08-28 14:34:10.411,captures/20260828_143150,mm_per_px,1401,140.1457,15.048865
2026-08-28 14:34:10.508,captures/20260828_143150,mm_per_px,1402,140.2422,14.702703
2026-08-28 14:34:10.611,captures/20260828_143150,mm_per_px,1403,140.3457,14.467058
2026-08-28 14:34:10.736,captures/20260828_143150,mm_per_px,1404,140.4703,14.369887
2026-08-28 14:34:10.811,captures/20260828_143150,mm_per_px,1405,140.5458,14.202438
2026-08-28 14:34:10.927,captures/20260828_143150,mm_per_px,1406,140.6619,14.077159
2026-08-28 14:34:11.007,captures/20260828_143150,mm_per_px,1407,140.7419,13.885065
2026-08-28 14:34:11.118,captures/20260828_143150,mm_per_px,1408,140.8528,13.690350
2026-08-28 14:34:11.263,captures/20260828_143150,mm_per_px,1409,140.9970,13.566743
2026-08-28 14:34:11.386,captures/20260828_143150,mm_per_px,1410,141.1208,13.542499
2026-08-28 14:34:11.421,captures/20260828_143150,mm_per_px,1411,141.1556,13.519702
2026-08-28 14:34:11.511,captures/20260828_143150,mm_per_px,1412,141.2455,13.565989
2026-08-28 14:34:11.622,captures/20260828_143150,mm_per_px,1413,141.3562,13.562455
2026-08-28 14:34:11.710,captures/20260828_143150,mm_per_px,1414,141.4441,13.596569
2026-08-28 14:34:11.835,captures/20260828_143150,mm_per_px,1415,141.5697,13.890379
2026-08-28 14:34:11.910,captures/20260828_143150,mm_per_px,1416,141.6449,14.426923
2026-08-28 14:34:12.031,captures/20260828_143150,mm_per_px,1417,141.7651,15.131531
2026-08-28 14:34:12.107,captures/20260828_143150,mm_per_px,1418,141.8417,15.927031
2026-08-28 14:34:12.219,captures/20260828_143150,mm_per_px,1419,141.9531,16.650765
2026-08-28 14:34:12.311,captures/20260828_143150,mm_per_px,1420,142.0455,17.248137
2026-08-28 14:34:12.420,captures/20260828_143150,mm_per_px,1421,142.1546,17.736775
2026-08-28 14:34:12.510,captures/20260828_143150,mm_per_px,1422,142.2448,18.184610
2026-08-28 14:34:12.648,captures/20260828_143150,mm_per_px,1423,142.3824,18.677182
2026-08-28 14:34:12.724,captures/20260828_143150,mm_per_px,1424,142.4581,19.164124
2026-08-28 14:34:12.830,captures/20260828_143150,mm_per_px,1425,142.5641,19.753932
2026-08-28 14:34:12.910,captures/20260828_143150,mm_per_px,1426,142.6443,20.220488
2026-08-28 14:34:13.026,captures/20260828_143150,mm_per_px,1427,142.7603,20.600707
2026-08-28 14:34:13.111,captures/20260828_143150,mm_per_px,1428,142.8451,21.016640
2026-08-28 14:34:13.222,captures/20260828_143150,mm_per_px,1429,142.9567,21.394948
2026-08-28 14:34:13.315,captures/20260828_143150,mm_per_px,1430,143.0494,21.538944
2026-08-28 14:34:13.416,captures/20260828_143150,mm_per_px,1431,143.1500,21.630666
2026-08-28 14:34:13.515,captures/20260828_143150,mm_per_px,1432,143.2497,21.743900
2026-08-28 14:34:13.634,captures/20260828_143150,mm_per_px,1433,143.3682,21.741922
2026-08-28 14:34:13.708,captures/20260828_143150,mm_per_px,1434,143.4421,21.827908
2026-08-28 14:34:14.490,captures/20260828_143150,mm_per_px,1435,144.2242,22.061507
2026-08-28 14:34:14.530,captures/20260828_143150,mm_per_px,1436,144.2646,22.244705
2026-08-28 14:34:14.574,captures/20260828_143150,mm_per_px,1437,144.3088,22.326224
2026-08-28 14:34:14.614,captures/20260828_143150,mm_per_px,1438,144.3487,22.293772
2026-08-28 14:34:14.648,captures/20260828_143150,mm_per_px,1439,144.3825,22.161530
2026-08-28 14:34:14.692,captures/20260828_143150,mm_per_px,1440,144.4269,21.967909
2026-08-28 14:34:14.732,captures/20260828_143150,mm_per_px,1441,144.4663,21.760279
2026-08-28 14:34:14.771,captures/20260828_143150,mm_per_px,1442,144.5050,21.654190
2026-08-28 14:34:14.814,captures/20260828_143150,mm_per_px,1443,144.5481,21.572679
2026-08-28 14:34:14.850,captures/20260828_143150,mm_per_px,1444,144.5849,21.387124
2026-08-28 14:34:14.887,captures/20260828_143150,mm_per_px,1445,144.6216,21.216250
2026-08-28 14:34:14.928,captures/20260828_143150,mm_per_px,1446,144.6622,21.017770
2026-08-28 14:34:15.008,captures/20260828_143150,mm_per_px,1447,144.7422,20.707434
2026-08-28 14:34:15.119,captures/20260828_143150,mm_per_px,1448,144.8534,20.317355
2026-08-28 14:34:15.250,captures/20260828_143150,mm_per_px,1449,144.9849,19.915318
2026-08-28 14:34:15.365,captures/20260828_143150,mm_per_px,1450,145.0996,19.468528
2026-08-28 14:34:15.415,captures/20260828_143150,mm_per_px,1451,145.1492,19.059538
2026-08-28 14:34:15.552,captures/20260828_143150,mm_per_px,1452,145.2860,18.791820
2026-08-28 14:34:15.657,captures/20260828_143150,mm_per_px,1453,145.3919,18.658855
2026-08-28 14:34:15.711,captures/20260828_143150,mm_per_px,1454,145.4452,18.658920
2026-08-28 14:34:15.810,captures/20260828_143150,mm_per_px,1455,145.5441,18.771278
2026-08-28 14:34:15.925,captures/20260828_143150,mm_per_px,1456,145.6597,18.915779
2026-08-28 14:34:16.042,captures/20260828_143150,mm_per_px,1457,145.7768,18.939149
2026-08-28 14:34:16.111,captures/20260828_143150,mm_per_px,1458,145.8451,19.000996
2026-08-28 14:34:16.210,captures/20260828_143150,mm_per_px,1459,145.9442,19.003807
2026-08-28 14:34:16.309,captures/20260828_143150,mm_per_px,1460,146.0433,18.932356
2026-08-28 14:34:16.407,captures/20260828_143150,mm_per_px,1461,146.1415,18.831081
2026-08-28 14:34:16.514,captures/20260828_143150,mm_per_px,1462,146.2482,18.641670
2026-08-28 14:34:16.667,captures/20260828_143150,mm_per_px,1463,146.4010,18.492735
2026-08-28 14:34:16.734,captures/20260828_143150,mm_per_px,1464,146.4682,18.411236
2026-08-28 14:34:16.866,captures/20260828_143150,mm_per_px,1465,146.6009,18.512860
2026-08-28 14:34:16.928,captures/20260828_143150,mm_per_px,1466,146.6625,18.568704
2026-08-28 14:34:17.010,captures/20260828_143150,mm_per_px,1467,146.7442,18.738955
2026-08-28 14:34:17.107,captures/20260828_143150,mm_per_px,1468,146.8416,18.829259
2026-08-28 14:34:17.212,captures/20260828_143150,mm_per_px,1469,146.9466,18.867029
2026-08-28 14:34:17.307,captures/20260828_143150,mm_per_px,1470,147.0417,18.793901
2026-08-28 14:34:17.411,captures/20260828_143150,mm_per_px,1471,147.1454,18.749799
2026-08-28 14:34:17.513,captures/20260828_143150,mm_per_px,1472,147.2473,18.818549
2026-08-28 14:34:17.607,captures/20260828_143150,mm_per_px,1473,147.3416,18.930709
2026-08-28 14:34:17.710,captures/20260828_143150,mm_per_px,1474,147.4444,19.006210
2026-08-28 14:34:17.859,captures/20260828_143150,mm_per_px,1475,147.5936,19.069239
2026-08-28 14:34:17.941,captures/20260828_143150,mm_per_px,1476,147.6754,19.093068
2026-08-28 14:34:18.007,captures/20260828_143150,mm_per_px,1477,147.7417,19.038286
2026-08-28 14:34:18.108,captures/20260828_143150,mm_per_px,1478,147.8428,18.942577
2026-08-28 14:34:18.208,captures/20260828_143150,mm_per_px,1479,147.9422,18.949080
2026-08-28 14:34:18.308,captures/20260828_143150,mm_per_px,1480,148.0425,19.065090
2026-08-28 14:34:18.410,captures/20260828_143150,mm_per_px,1481,148.1443,19.195436
2026-08-28 14:34:18.509,captures/20260828_143150,mm_per_px,1482,148.2434,19.332022
2026-08-28 14:34:18.614,captures/20260828_143150,mm_per_px,1483,148.3481,19.501367
2026-08-28 14:34:18.711,captures/20260828_143150,mm_per_px,1484,148.4459,19.566749
2026-08-28 14:34:18.809,captures/20260828_143150,mm_per_px,1485,148.5434,19.593484
2026-08-28 14:34:18.911,captures/20260828_143150,mm_per_px,1486,148.6453,19.642434
2026-08-28 14:34:19.008,captures/20260828_143150,mm_per_px,1487,148.7428,19.788307
2026-08-28 14:34:19.109,captures/20260828_143150,mm_per_px,1488,148.8431,19.873220
2026-08-28 14:34:19.209,captures/20260828_143150,mm_per_px,1489,148.9436,19.911603
2026-08-28 14:34:19.308,captures/20260828_143150,mm_per_px,1490,149.0429,19.922606
2026-08-28 14:34:19.411,captures/20260828_143150,mm_per_px,1491,149.1456,19.835506
2026-08-28 14:34:19.508,captures/20260828_143150,mm_per_px,1492,149.2427,19.695079
2026-08-28 14:34:19.661,captures/20260828_143150,mm_per_px,1493,149.3953,19.621798
2026-08-28 14:34:19.728,captures/20260828_143150,mm_per_px,1494,149.4626,19.515521
2026-08-28 14:34:19.806,captures/20260828_143150,mm_per_px,1495,149.5408,19.358356
2026-08-28 14:34:19.911,captures/20260828_143150,mm_per_px,1496,149.6451,19.247371
2026-08-28 14:34:20.053,captures/20260828_143150,mm_per_px,1497,149.7873,19.267682
2026-08-28 14:34:20.111,captures/20260828_143150,mm_per_px,1498,149.8451,19.353976
2026-08-28 14:34:20.262,captures/20260828_143150,mm_per_px,1499,149.9969,19.366077
2026-08-28 14:34:20.322,captures/20260828_143150,mm_per_px,1500,150.0563,19.369533
2026-08-28 14:34:20.459,captures/20260828_143150,mm_per_px,1501,150.1930,19.402933
2026-08-28 14:34:20.508,captures/20260828_143150,mm_per_px,1502,150.2421,19.286328
2026-08-28 14:34:20.669,captures/20260828_143150,mm_per_px,1503,150.4036,19.148387
2026-08-28 14:34:20.741,captures/20260828_143150,mm_per_px,1504,150.4755,19.156838
2026-08-28 14:34:20.810,captures/20260828_143150,mm_per_px,1505,150.5449,19.133780
2026-08-28 14:34:20.912,captures/20260828_143150,mm_per_px,1506,150.6463,19.157411
2026-08-28 14:34:21.009,captures/20260828_143150,mm_per_px,1507,150.7433,19.073797
2026-08-28 14:34:21.150,captures/20260828_143150,mm_per_px,1508,150.8842,19.011052
2026-08-28 14:34:21.221,captures/20260828_143150,mm_per_px,1509,150.9550,18.966550
2026-08-28 14:34:21.310,captures/20260828_143150,mm_per_px,1510,151.0440,18.846351
2026-08-28 14:34:21.408,captures/20260828_143150,mm_per_px,1511,151.1429,18.718577
2026-08-28 14:34:21.511,captures/20260828_143150,mm_per_px,1512,151.2451,18.594636
2026-08-28 14:34:21.611,captures/20260828_143150,mm_per_px,1513,151.3451,18.501206
2026-08-28 14:34:21.710,captures/20260828_143150,mm_per_px,1514,151.4441,18.335849
2026-08-28 14:34:21.810,captures/20260828_143150,mm_per_px,1515,151.5447,18.305723
2026-08-28 14:34:21.967,captures/20260828_143150,mm_per_px,1516,151.7017,18.282580
2026-08-28 14:34:22.029,captures/20260828_143150,mm_per_px,1517,151.7632,18.362666
2026-08-28 14:34:22.108,captures/20260828_143150,mm_per_px,1518,151.8421,18.475812
2026-08-28 14:34:22.208,captures/20260828_143150,mm_per_px,1519,151.9426,18.687822
2026-08-28 14:34:22.365,captures/20260828_143150,mm_per_px,1520,152.0992,18.861344
2026-08-28 14:34:22.439,captures/20260828_143150,mm_per_px,1521,152.1738,19.082246
2026-08-28 14:34:22.511,captures/20260828_143150,mm_per_px,1522,152.2458,19.171750
2026-08-28 14:34:22.613,captures/20260828_143150,mm_per_px,1523,152.3476,19.211931
2026-08-28 14:34:22.711,captures/20260828_143150,mm_per_px,1524,152.4459,19.150656
2026-08-28 14:34:22.812,captures/20260828_143150,mm_per_px,1525,152.5463,19.079778
2026-08-28 14:34:22.911,captures/20260828_143150,mm_per_px,1526,152.6453,18.858279
2026-08-28 14:34:23.064,captures/20260828_143150,mm_per_px,1527,152.7982,18.629716
2026-08-28 14:34:23.133,captures/20260828_143150,mm_per_px,1528,152.8676,18.291362
2026-08-28 14:34:23.210,captures/20260828_143150,mm_per_px,1529,152.9440,17.851561
2026-08-28 14:34:23.310,captures/20260828_143150,mm_per_px,1530,153.0443,17.315094
2026-08-28 14:34:23.451,captures/20260828_143150,mm_per_px,1531,153.1853,16.728851
2026-08-28 14:34:23.512,captures/20260828_143150,mm_per_px,1532,153.2462,16.097872
2026-08-28 14:34:23.612,captures/20260828_143150,mm_per_px,1533,153.3463,15.487086
2026-08-28 14:34:23.755,captures/20260828_143150,mm_per_px,1534,153.4893,14.877029
2026-08-28 14:34:23.852,captures/20260828_143150,mm_per_px,1535,153.5866,14.264097
2026-08-28 14:34:23.909,captures/20260828_143150,mm_per_px,1536,153.6439,13.761133
2026-08-28 14:34:24.012,captures/20260828_143150,mm_per_px,1537,153.7465,13.211560
2026-08-28 14:34:24.109,captures/20260828_143150,mm_per_px,1538,153.8433,12.626074
2026-08-28 14:34:24.209,captures/20260828_143150,mm_per_px,1539,153.9435,12.086142
2026-08-28 14:34:24.311,captures/20260828_143150,mm_per_px,1540,154.0456,11.518420
2026-08-28 14:34:24.449,captures/20260828_143150,mm_per_px,1541,154.1838,10.913161
2026-08-28 14:34:24.509,captures/20260828_143150,mm_per_px,1542,154.2433,10.354200
2026-08-28 14:34:24.610,captures/20260828_143150,mm_per_px,1543,154.3448,9.816326
2026-08-28 14:34:24.712,captures/20260828_143150,mm_per_px,1544,154.4466,9.283330
2026-08-28 14:34:24.808,captures/20260828_143150,mm_per_px,1545,154.5429,8.787641
2026-08-28 14:34:24.911,captures/20260828_143150,mm_per_px,1546,154.6455,8.316044
2026-08-28 14:34:25.007,captures/20260828_143150,mm_per_px,1547,154.7419,7.863498
2026-08-28 14:34:25.109,captures/20260828_143150,mm_per_px,1548,154.8436,7.419924
2026-08-28 14:34:25.210,captures/20260828_143150,mm_per_px,1549,154.9441,6.917308
2026-08-28 14:34:25.311,captures/20260828_143150,mm_per_px,1550,155.0453,6.396877
2026-08-28 14:34:25.408,captures/20260828_143150,mm_per_px,1551,155.1428,5.822672
2026-08-28 14:34:25.563,captures/20260828_143150,mm_per_px,1552,155.2974,5.172858
2026-08-28 14:34:25.622,captures/20260828_143150,mm_per_px,1553,155.3563,4.485020
2026-08-28 14:34:25.710,captures/20260828_143150,mm_per_px,1554,155.4449,3.840751
2026-08-28 14:34:25.807,captures/20260828_143150,mm_per_px,1555,155.5418,3.189098
2026-08-28 14:34:25.909,captures/20260828_143150,mm_per_px,1556,155.6438,2.668402
2026-08-28 14:34:26.008,captures/20260828_143150,mm_per_px,1557,155.7428,2.275603
2026-08-28 14:34:26.113,captures/20260828_143150,mm_per_px,1558,155.8474,1.926594
2026-08-28 14:34:26.208,captures/20260828_143150,mm_per_px,1559,155.9428,1.554248
2026-08-28 14:34:26.307,captures/20260828_143150,mm_per_px,1560,156.0415,1.316693
2026-08-28 14:34:26.408,captures/20260828_143150,mm_per_px,1561,156.1421,1.084791
2026-08-28 14:34:26.510,captures/20260828_143150,mm_per_px,1562,156.2444,0.859005
2026-08-28 14:34:26.613,captures/20260828_143150,mm_per_px,1563,156.3471,0.710030
2026-08-28 14:34:26.710,captures/20260828_143150,mm_per_px,1564,156.4449,0.553530
2026-08-28 14:34:26.808,captures/20260828_143150,mm_per_px,1565,156.5421,0.464485
2026-08-28 14:34:26.912,captures/20260828_143150,mm_per_px,1566,156.6462,0.345469
2026-08-28 14:34:27.008,captures/20260828_143150,mm_per_px,1567,156.7421,0.287181
2026-08-28 14:34:27.111,captures/20260828_143150,mm_per_px,1568,156.8459,0.177500
2026-08-28 14:34:27.208,captures/20260828_143150,mm_per_px,1569,156.9421,0.140830
2026-08-28 14:34:27.308,captures/20260828_143150,mm_per_px,1570,157.0420,0.096797
2026-08-28 14:34:27.406,captures/20260828_143150,mm_per_px,1571,157.1409,0.090889
2026-08-28 14:34:27.507,captures/20260828_143150,mm_per_px,1572,157.2418,0.068670
2026-08-28 14:34:27.607,captures/20260828_143150,mm_per_px,1573,157.3419,0.039997
2026-08-28 14:34:27.712,captures/20260828_143150,mm_per_px,1574,157.4463,0.032279
2026-08-28 14:34:27.809,captures/20260828_143150,mm_per_px,1575,157.5438,0.016518
2026-08-28 14:34:27.913,captures/20260828_143150,mm_per_px,1576,157.6472,0.022888
2026-08-28 14:34:28.007,captures/20260828_143150,mm_per_px,1577,157.7412,0.005048
2026-08-28 14:34:28.108,captures/20260828_143150,mm_per_px,1578,157.8427,0.002126
2026-08-28 14:34:28.207,captures/20260828_143150,mm_per_px,1579,157.9418,0.001154
2026-08-28 14:34:28.307,captures/20260828_143150,mm_per_px,1580,158.0415,0.000697
2026-08-28 14:34:28.407,captures/20260828_143150,mm_per_px,1581,158.1416,0.000327
2026-08-28 14:34:28.508,captures/20260828_143150,mm_per_px,1582,158.2421,0.000311
2026-08-28 14:34:28.608,captures/20260828_143150,mm_per_px,1583,158.3425,0.000130
2026-08-28 14:34:28.756,captures/20260828_143150,mm_per_px,1584,158.4905,0.000166
2026-08-28 14:34:28.828,captures/20260828_143150,mm_per_px,1585,158.5621,0.000168
2026-08-28 14:34:28.907,captures/20260828_143150,mm_per_px,1586,158.6416,0.000000
2026-08-28 14:34:29.008,captures/20260828_143150,mm_per_px,1587,158.7421,0.000000
2026-08-28 14:34:29.106,captures/20260828_143150,mm_per_px,1588,158.8406,0.000000
2026-08-28 14:34:29.208,captures/20260828_143150,mm_per_px,1589,158.9424,0.000000
2026-08-28 14:34:29.311,captures/20260828_143150,mm_per_px,1590,159.0450,0.000000
2026-08-28 14:34:29.454,captures/20260828_143150,mm_per_px,1591,159.1884,0.000000
2026-08-28 14:34:29.541,captures/20260828_143150,mm_per_px,1592,159.2758,0.001301
2026-08-28 14:34:29.610,captures/20260828_143150,mm_per_px,1593,159.3448,0.000000
2026-08-28 14:34:29.708,captures/20260828_143150,mm_per_px,1594,159.4428,0.000000
2026-08-28 14:34:29.809,captures/20260828_143150,mm_per_px,1595,159.5438,0.000000
2026-08-28 14:34:29.907,captures/20260828_143150,mm_per_px,1596,159.6417,0.001523
2026-08-28 14:34:30.007,captures/20260828_143150,mm_per_px,1597,159.7415,0.000000
2026-08-28 14:34:30.107,captures/20260828_143150,mm_per_px,1598,159.8410,0.001596
2026-08-28 14:34:30.208,captures/20260828_143150,mm_per_px,1599,159.9424,0.002522
2026-08-28 14:34:30.307,captures/20260828_143150,mm_per_px,1600,160.0414,0.000000
2026-08-28 14:34:30.448,captures/20260828_143150,mm_per_px,1601,160.1822,0.000298
2026-08-28 14:34:30.507,captures/20260828_143150,mm_per_px,1602,160.2416,0.000000
2026-08-28 14:34:30.661,captures/20260828_143150,mm_per_px,1603,160.3956,0.000598
2026-08-28 14:34:30.730,captures/20260828_143150,mm_per_px,1604,160.4643,0.001964
2026-08-28 14:34:30.808,captures/20260828_143150,mm_per_px,1605,160.5420,0.001698
2026-08-28 14:34:30.908,captures/20260828_143150,mm_per_px,1606,160.6428,0.001413
2026-08-28 14:34:31.007,captures/20260828_143150,mm_per_px,1607,160.7414,0.000595
2026-08-28 14:34:31.109,captures/20260828_143150,mm_per_px,1608,160.8430,0.005491
2026-08-28 14:34:31.256,captures/20260828_143150,mm_per_px,1609,160.9909,0.002850
2026-08-28 14:34:31.354,captures/20260828_143150,mm_per_px,1610,161.0882,0.000000
2026-08-28 14:34:31.423,captures/20260828_143150,mm_per_px,1611,161.1575,0.000000
2026-08-28 14:34:31.507,captures/20260828_143150,mm_per_px,1612,161.2414,0.000499
2026-08-28 14:34:31.666,captures/20260828_143150,mm_per_px,1613,161.4006,0.000000
2026-08-28 14:34:31.723,captures/20260828_143150,mm_per_px,1614,161.4577,0.000000
2026-08-28 14:34:31.808,captures/20260828_143150,mm_per_px,1615,161.5423,0.000000
2026-08-28 14:34:31.911,captures/20260828_143150,mm_per_px,1616,161.6450,0.000000
2026-08-28 14:34:32.007,captures/20260828_143150,mm_per_px,1617,161.7417,0.000486
2026-08-28 14:34:32.109,captures/20260828_143150,mm_per_px,1618,161.8430,0.000000
2026-08-28 14:34:32.209,captures/20260828_143150,mm_per_px,1619,161.9431,0.000766
2026-08-28 14:34:32.307,captures/20260828_143150,mm_per_px,1620,162.0419,0.000585
2026-08-28 14:34:32.407,captures/20260828_143150,mm_per_px,1621,162.1414,0.002306
2026-08-28 14:34:32.508,captures/20260828_143150,mm_per_px,1622,162.2422,0.010920
2026-08-28 14:34:32.610,captures/20260828_143150,mm_per_px,1623,162.3440,0.018333
2026-08-28 14:34:32.706,captures/20260828_143150,mm_per_px,1624,162.4409,0.019034
2026-08-28 14:34:32.810,captures/20260828_143150,mm_per_px,1625,162.5446,0.011239
2026-08-28 14:34:32.911,captures/20260828_143150,mm_per_px,1626,162.6459,0.012664
2026-08-28 14:34:33.064,captures/20260828_143150,mm_per_px,1627,162.7981,0.006609
2026-08-28 14:34:33.138,captures/20260828_143150,mm_per_px,1628,162.8726,0.012903
2026-08-28 14:34:33.207,captures/20260828_143150,mm_per_px,1629,162.9418,0.019620
2026-08-28 14:34:33.313,captures/20260828_143150,mm_per_px,1630,163.0470,0.003906
2026-08-28 14:34:33.409,captures/20260828_143150,mm_per_px,1631,163.1437,0.006571
2026-08-28 14:34:33.507,captures/20260828_143150,mm_per_px,1632,163.2415,0.006981
2026-08-28 14:34:33.655,captures/20260828_143150,mm_per_px,1633,163.3894,0.007225
2026-08-28 14:34:33.730,captures/20260828_143150,mm_per_px,1634,163.4648,0.002073
2026-08-28 14:34:33.809,captures/20260828_143150,mm_per_px,1635,163.5431,0.010704
2026-08-28 14:34:33.909,captures/20260828_143150,mm_per_px,1636,163.6438,0.013340
2026-08-28 14:34:34.058,captures/20260828_143150,mm_per_px,1637,163.7925,0.009578
2026-08-28 14:34:34.113,captures/20260828_143150,mm_per_px,1638,163.8472,0.020016
2026-08-28 14:34:34.208,captures/20260828_143150,mm_per_px,1639,163.9425,0.023220
2026-08-28 14:34:34.308,captures/20260828_143150,mm_per_px,1640,164.0426,0.029001
2026-08-28 14:34:34.409,captures/20260828_143150,mm_per_px,1641,164.1434,0.011393
2026-08-28 14:34:34.506,captures/20260828_143150,mm_per_px,1642,164.2409,0.012219
2026-08-28 14:34:34.654,captures/20260828_143150,mm_per_px,1643,164.3887,0.019950
2026-08-28 14:34:34.707,captures/20260828_143150,mm_per_px,1644,164.4413,0.021453
2026-08-28 14:34:34.808,captures/20260828_143150,mm_per_px,1645,164.5424,0.021145
2026-08-28 14:34:34.910,captures/20260828_143150,mm_per_px,1646,164.6445,0.015010
2026-08-28 14:34:35.007,captures/20260828_143150,mm_per_px,1647,164.7418,0.004183
2026-08-28 14:34:35.108,captures/20260828_143150,mm_per_px,1648,164.8427,0.005287
2026-08-28 14:34:35.212,captures/20260828_143150,mm_per_px,1649,164.9464,0.008093
2026-08-28 14:34:35.310,captures/20260828_143150,mm_per_px,1650,165.0445,0.007359
2026-08-28 14:34:35.458,captures/20260828_143150,mm_per_px,1651,165.1921,0.012233
2026-08-28 14:34:35.538,captures/20260828_143150,mm_per_px,1652,165.2729,0.012752
2026-08-28 14:34:35.607,captures/20260828_143150,mm_per_px,1653,165.3415,0.022294
2026-08-28 14:34:35.754,captures/20260828_143150,mm_per_px,1654,165.4881,0.043722
2026-08-28 14:34:35.806,captures/20260828_143150,mm_per_px,1655,165.5407,0.056610
2026-08-28 14:34:35.912,captures/20260828_143150,mm_per_px,1656,165.6468,0.044373
2026-08-28 14:34:36.062,captures/20260828_143150,mm_per_px,1657,165.7964,0.056017
2026-08-28 14:34:36.127,captures/20260828_143150,mm_per_px,1658,165.8614,0.058577
2026-08-28 14:34:36.260,captures/20260828_143150,mm_per_px,1659,165.9948,0.053780
2026-08-28 14:34:36.316,captures/20260828_143150,mm_per_px,1660,166.0502,0.063704
2026-08-28 14:34:36.452,captures/20260828_143150,mm_per_px,1661,166.1865,0.090165
2026-08-28 14:34:36.507,captures/20260828_143150,mm_per_px,1662,166.2415,0.089949
2026-08-28 14:34:36.661,captures/20260828_143150,mm_per_px,1663,166.3953,0.082213
2026-08-28 14:34:36.720,captures/20260828_143150,mm_per_px,1664,166.4542,0.068083
2026-08-28 14:34:36.808,captures/20260828_143150,mm_per_px,1665,166.5422,0.067192
2026-08-28 14:34:36.953,captures/20260828_143150,mm_per_px,1666,166.6873,0.073204
2026-08-28 14:34:37.009,captures/20260828_143150,mm_per_px,1667,166.7437,0.076068
2026-08-28 14:34:37.111,captures/20260828_143150,mm_per_px,1668,166.8455,0.081314
2026-08-28 14:34:37.214,captures/20260828_143150,mm_per_px,1669,166.9486,0.075482
2026-08-28 14:34:37.311,captures/20260828_143150,mm_per_px,1670,167.0452,0.058878
2026-08-28 14:34:37.408,captures/20260828_143150,mm_per_px,1671,167.1421,0.074797
2026-08-28 14:34:37.512,captures/20260828_143150,mm_per_px,1672,167.2467,0.102138
2026-08-28 14:34:37.667,captures/20260828_143150,mm_per_px,1673,167.4011,0.114466
2026-08-28 14:34:37.726,captures/20260828_143150,mm_per_px,1674,167.4603,0.100819
2026-08-28 14:34:37.861,captures/20260828_143150,mm_per_px,1675,167.5956,0.099920
2026-08-28 14:34:37.917,captures/20260828_143150,mm_per_px,1676,167.6510,0.087151
2026-08-28 14:34:38.063,captures/20260828_143150,mm_per_px,1677,167.7975,0.092627
2026-08-28 14:34:38.139,captures/20260828_143150,mm_per_px,1678,167.8735,0.103455
2026-08-28 14:34:38.207,captures/20260828_143150,mm_per_px,1679,167.9418,0.086084
2026-08-28 14:34:38.307,captures/20260828_143150,mm_per_px,1680,168.0417,0.110580
2026-08-28 14:34:38.407,captures/20260828_143150,mm_per_px,1681,168.1418,0.108494
2026-08-28 14:34:38.507,captures/20260828_143150,mm_per_px,1682,168.2419,0.085079
2026-08-28 14:34:38.607,captures/20260828_143150,mm_per_px,1683,168.3414,0.071258
2026-08-28 14:34:38.708,captures/20260828_143150,mm_per_px,1684,168.4421,0.088756
2026-08-28 14:34:38.807,captures/20260828_143150,mm_per_px,1685,168.5416,0.146532
2026-08-28 14:34:38.908,captures/20260828_143150,mm_per_px,1686,168.6420,0.209675
2026-08-28 14:34:39.013,captures/20260828_143150,mm_per_px,1687,168.7477,0.254533
2026-08-28 14:34:39.107,captures/20260828_143150,mm_per_px,1688,168.8419,0.245585
2026-08-28 14:34:39.208,captures/20260828_143150,mm_per_px,1689,168.9427,0.259946
2026-08-28 14:34:39.307,captures/20260828_143150,mm_per_px,1690,169.0413,0.238330
2026-08-28 14:34:39.408,captures/20260828_143150,mm_per_px,1691,169.1426,0.252102
2026-08-28 14:34:39.507,captures/20260828_143150,mm_per_px,1692,169.2414,0.247233
2026-08-28 14:34:39.607,captures/20260828_143150,mm_per_px,1693,169.3419,0.280225
2026-08-28 14:34:39.710,captures/20260828_143150,mm_per_px,1694,169.4445,0.282155
2026-08-28 14:34:39.861,captures/20260828_143150,mm_per_px,1695,169.5954,0.298629
2026-08-28 14:34:39.907,captures/20260828_143150,mm_per_px,1696,169.6419,0.286385
2026-08-28 14:34:40.012,captures/20260828_143150,mm_per_px,1697,169.7463,0.297604
2026-08-28 14:34:40.108,captures/20260828_143150,mm_per_px,1698,169.8425,0.295480
2026-08-28 14:34:40.250,captures/20260828_143150,mm_per_px,1699,169.9846,0.224222
2026-08-28 14:34:40.322,captures/20260828_143150,mm_per_px,1700,170.0563,0.209090
2026-08-28 14:34:40.408,captures/20260828_143150,mm_per_px,1701,170.1420,0.200865
2026-08-28 14:34:40.507,captures/20260828_143150,mm_per_px,1702,170.2411,0.173660
2026-08-28 14:34:40.608,captures/20260828_143150,mm_per_px,1703,170.3422,0.137335
2026-08-28 14:34:40.707,captures/20260828_143150,mm_per_px,1704,170.4412,0.103427
2026-08-28 14:34:40.807,captures/20260828_143150,mm_per_px,1705,170.5414,0.064261
2026-08-28 14:34:40.907,captures/20260828_143150,mm_per_px,1706,170.6416,0.063950
2026-08-28 14:34:41.008,captures/20260828_143150,mm_per_px,1707,170.7429,0.071372
2026-08-28 14:34:41.153,captures/20260828_143150,mm_per_px,1708,170.8870,0.080003
2026-08-28 14:34:41.227,captures/20260828_143150,mm_per_px,1709,170.9613,0.081592
2026-08-28 14:34:41.362,captures/20260828_143150,mm_per_px,1710,171.0964,0.075048
2026-08-28 14:34:41.430,captures/20260828_143150,mm_per_px,1711,171.1648,0.060808
2026-08-28 14:34:41.507,captures/20260828_143150,mm_per_px,1712,171.2416,0.048800
2026-08-28 14:34:41.607,captures/20260828_143150,mm_per_px,1713,171.3411,0.043425
2026-08-28 14:34:41.709,captures/20260828_143150,mm_per_px,1714,171.4435,0.055423
2026-08-28 14:34:41.808,captures/20260828_143150,mm_per_px,1715,171.5421,0.064649
2026-08-28 14:34:41.948,captures/20260828_143150,mm_per_px,1716,171.6828,0.048953
2026-08-28 14:34:42.021,captures/20260828_143150,mm_per_px,1717,171.7553,0.071207
2026-08-28 14:34:42.153,captures/20260828_143150,mm_per_px,1718,171.8871,0.091326
2026-08-28 14:34:42.207,captures/20260828_143150,mm_per_px,1719,171.9410,0.065909
2026-08-28 14:34:42.307,captures/20260828_143150,mm_per_px,1720,172.0410,0.068599
2026-08-28 14:34:42.412,captures/20260828_143150,mm_per_px,1721,172.1469,0.094839
2026-08-28 14:34:42.551,captures/20260828_143150,mm_per_px,1722,172.2852,0.129149
2026-08-28 14:34:42.611,captures/20260828_143150,mm_per_px,1723,172.3451,0.127736
2026-08-28 14:34:42.709,captures/20260828_143150,mm_per_px,1724,172.4439,0.151631
2026-08-28 14:34:42.860,captures/20260828_143150,mm_per_px,1725,172.5948,0.154158
2026-08-28 14:34:42.927,captures/20260828_143150,mm_per_px,1726,172.6618,0.145153
2026-08-28 14:34:43.007,captures/20260828_143150,mm_per_px,1727,172.7413,0.190191
2026-08-28 14:34:43.110,captures/20260828_143150,mm_per_px,1728,172.8445,0.224445
2026-08-28 14:34:43.208,captures/20260828_143150,mm_per_px,1729,172.9422,0.232479
2026-08-28 14:34:43.309,captures/20260828_143150,mm_per_px,1730,173.0437,0.234288
2026-08-28 14:34:43.452,captures/20260828_143150,mm_per_px,1731,173.1862,0.239886
2026-08-28 14:34:43.520,captures/20260828_143150,mm_per_px,1732,173.2541,0.226888
2026-08-28 14:34:43.660,captures/20260828_143150,mm_per_px,1733,173.3940,0.214964
2026-08-28 14:34:43.707,captures/20260828_143150,mm_per_px,1734,173.4415,0.171978
2026-08-28 14:34:43.808,captures/20260828_143150,mm_per_px,1735,173.5420,0.147868
2026-08-28 14:34:43.909,captures/20260828_143150,mm_per_px,1736,173.6438,0.183222
2026-08-28 14:34:44.054,captures/20260828_143150,mm_per_px,1737,173.7882,0.154967
2026-08-28 14:34:44.113,captures/20260828_143150,mm_per_px,1738,173.8470,0.165311
2026-08-28 14:34:44.209,captures/20260828_143150,mm_per_px,1739,173.9430,0.179149
2026-08-28 14:34:44.311,captures/20260828_143150,mm_per_px,1740,174.0457,0.147357
2026-08-28 14:34:44.407,captures/20260828_143150,mm_per_px,1741,174.1416,0.088815
2026-08-28 14:34:44.507,captures/20260828_143150,mm_per_px,1742,174.2419,0.147596
2026-08-28 14:34:44.608,captures/20260828_143150,mm_per_px,1743,174.3420,0.193254
2026-08-28 14:34:44.711,captures/20260828_143150,mm_per_px,1744,174.4455,0.192138
2026-08-28 14:34:44.809,captures/20260828_143150,mm_per_px,1745,174.5430,0.171844
2026-08-28 14:34:44.911,captures/20260828_143150,mm_per_px,1746,174.6450,0.179042
2026-08-28 14:34:45.009,captures/20260828_143150,mm_per_px,1747,174.7430,0.216454
2026-08-28 14:34:45.110,captures/20260828_143150,mm_per_px,1748,174.8440,0.224699
2026-08-28 14:34:45.208,captures/20260828_143150,mm_per_px,1749,174.9420,0.242306
2026-08-28 14:34:45.309,captures/20260828_143150,mm_per_px,1750,175.0438,0.317627
2026-08-28 14:34:45.461,captures/20260828_143150,mm_per_px,1751,175.1954,0.342920
2026-08-28 14:34:45.527,captures/20260828_143150,mm_per_px,1752,175.2618,0.339294
2026-08-28 14:34:45.653,captures/20260828_143150,mm_per_px,1753,175.3873,0.374021
2026-08-28 14:34:45.707,captures/20260828_143150,mm_per_px,1754,175.4413,0.381646
2026-08-28 14:34:45.809,captures/20260828_143150,mm_per_px,1755,175.5434,0.378007
2026-08-28 14:34:45.908,captures/20260828_143150,mm_per_px,1756,175.6423,0.351911
2026-08-28 14:34:46.008,captures/20260828_143150,mm_per_px,1757,175.7420,0.448908
2026-08-28 14:34:46.110,captures/20260828_143150,mm_per_px,1758,175.8442,0.404205
2026-08-28 14:34:46.211,captures/20260828_143150,mm_per_px,1759,175.9456,0.393971
2026-08-28 14:34:46.314,captures/20260828_143150,mm_per_px,1760,176.0489,0.424038
2026-08-28 14:34:46.408,captures/20260828_143150,mm_per_px,1761,176.1424,0.354960
2026-08-28 14:34:46.508,captures/20260828_143150,mm_per_px,1762,176.2426,0.394352
2026-08-28 14:34:46.656,captures/20260828_143150,mm_per_px,1763,176.3906,0.432736
2026-08-28 14:34:46.754,captures/20260828_143150,mm_per_px,1764,176.4880,0.381348
2026-08-28 14:34:46.809,captures/20260828_143150,mm_per_px,1765,176.5434,0.418819
2026-08-28 14:34:46.908,captures/20260828_143150,mm_per_px,1766,176.6424,0.433100
2026-08-28 14:34:47.011,captures/20260828_143150,mm_per_px,1767,176.7456,0.519976
2026-08-28 14:34:47.107,captures/20260828_143150,mm_per_px,1768,176.8416,0.489994
2026-08-28 14:34:47.212,captures/20260828_143150,mm_per_px,1769,176.9467,0.411748
2026-08-28 14:34:47.307,captures/20260828_143150,mm_per_px,1770,177.0413,0.363877
2026-08-28 14:34:47.408,captures/20260828_143150,mm_per_px,1771,177.1426,0.343579
2026-08-28 14:34:47.508,captures/20260828_143150,mm_per_px,1772,177.2428,0.349629
2026-08-28 14:34:47.651,captures/20260828_143150,mm_per_px,1773,177.3855,0.379905
2026-08-28 14:34:47.707,captures/20260828_143150,mm_per_px,1774,177.4413,0.346697
2026-08-28 14:34:47.809,captures/20260828_143150,mm_per_px,1775,177.5435,0.320673
2026-08-28 14:34:47.907,captures/20260828_143150,mm_per_px,1776,177.6415,0.283255
2026-08-28 14:34:48.007,captures/20260828_143150,mm_per_px,1777,177.7414,0.223185
2026-08-28 14:34:48.109,captures/20260828_143150,mm_per_px,1778,177.8433,0.267325
2026-08-28 14:34:48.260,captures/20260828_143150,mm_per_px,1779,177.9944,0.281058
2026-08-28 14:34:48.318,captures/20260828_143150,mm_per_px,1780,178.0522,0.324148
2026-08-28 14:34:48.408,captures/20260828_143150,mm_per_px,1781,178.1422,0.317976
2026-08-28 14:34:48.507,captures/20260828_143150,mm_per_px,1782,178.2411,0.325336
2026-08-28 14:34:48.657,captures/20260828_143150,mm_per_px,1783,178.3916,0.294516
2026-08-28 14:34:48.706,captures/20260828_143150,mm_per_px,1784,178.4408,0.322674
2026-08-28 14:34:48.811,captures/20260828_143150,mm_per_px,1785,178.5454,0.314969
2026-08-28 14:34:48.907,captures/20260828_143150,mm_per_px,1786,178.6419,0.381623
2026-08-28 14:34:49.007,captures/20260828_143150,mm_per_px,1787,178.7416,0.378374
2026-08-28 14:34:49.107,captures/20260828_143150,mm_per_px,1788,178.8419,0.344229
2026-08-28 14:34:49.210,captures/20260828_143150,mm_per_px,1789,178.9442,0.361307
2026-08-28 14:34:49.307,captures/20260828_143150,mm_per_px,1790,179.0412,0.455585
2026-08-28 14:34:49.412,captures/20260828_143150,mm_per_px,1791,179.1466,0.459612
2026-08-28 14:34:49.514,captures/20260828_143150,mm_per_px,1792,179.2487,0.505926
2026-08-28 14:34:49.608,captures/20260828_143150,mm_per_px,1793,179.3427,0.426389
2026-08-28 14:34:49.751,captures/20260828_143150,mm_per_px,1794,179.4858,0.342559
2026-08-28 14:34:49.858,captures/20260828_143150,mm_per_px,1795,179.5922,0.340943
2026-08-28 14:34:49.928,captures/20260828_143150,mm_per_px,1796,179.6626,0.352827
2026-08-28 14:34:50.008,captures/20260828_143150,mm_per_px,1797,179.7422,0.379623
2026-08-28 14:34:50.152,captures/20260828_143150,mm_per_px,1798,179.8868,0.449556
2026-08-28 14:34:50.224,captures/20260828_143150,mm_per_px,1799,179.9582,0.484113
2026-08-28 14:34:50.309,captures/20260828_143150,mm_per_px,1800,180.0438,0.453989
2026-08-28 14:34:50.455,captures/20260828_143150,mm_per_px,1801,180.1897,0.492178
2026-08-28 14:34:50.522,captures/20260828_143150,mm_per_px,1802,180.2561,0.463241
2026-08-28 14:34:50.608,captures/20260828_143150,mm_per_px,1803,180.3420,0.584748
2026-08-28 14:34:50.710,captures/20260828_143150,mm_per_px,1804,180.4443,0.557116
2026-08-28 14:34:50.808,captures/20260828_143150,mm_per_px,1805,180.5420,0.633961
2026-08-28 14:34:50.960,captures/20260828_143150,mm_per_px,1806,180.6940,0.612269
2026-08-28 14:34:51.028,captures/20260828_143150,mm_per_px,1807,180.7625,0.500031
2026-08-28 14:34:51.108,captures/20260828_143150,mm_per_px,1808,180.8426,0.533462
2026-08-28 14:34:51.210,captures/20260828_143150,mm_per_px,1809,180.9444,0.586688
2026-08-28 14:34:51.309,captures/20260828_143150,mm_per_px,1810,181.0434,0.550238
2026-08-28 14:34:51.451,captures/20260828_143150,mm_per_px,1811,181.1855,0.491824
2026-08-28 14:34:51.509,captures/20260828_143150,mm_per_px,1812,181.2431,0.461414
2026-08-28 14:34:51.657,captures/20260828_143150,mm_per_px,1813,181.3915,0.399970
2026-08-28 14:34:51.730,captures/20260828_143150,mm_per_px,1814,181.4649,0.356756
2026-08-28 14:34:51.851,captures/20260828_143150,mm_per_px,1815,181.5858,0.377313
2026-08-28 14:34:51.925,captures/20260828_143150,mm_per_px,1816,181.6591,0.400478
2026-08-28 14:34:52.008,captures/20260828_143150,mm_per_px,1817,181.7425,0.346784
2026-08-28 14:34:52.158,captures/20260828_143150,mm_per_px,1818,181.8924,0.329442
2026-08-28 14:34:52.235,captures/20260828_143150,mm_per_px,1819,181.9696,0.350582
2026-08-28 14:34:52.350,captures/20260828_143150,mm_per_px,1820,182.0848,0.398958
2026-08-28 14:34:52.415,captures/20260828_143150,mm_per_px,1821,182.1497,0.329522
2026-08-28 14:34:52.560,captures/20260828_143150,mm_per_px,1822,182.2941,0.431357
2026-08-28 14:34:52.636,captures/20260828_143150,mm_per_px,1823,182.3707,0.450964
2026-08-28 14:34:52.709,captures/20260828_143150,mm_per_px,1824,182.4430,0.408437
2026-08-28 14:34:52.807,captures/20260828_143150,mm_per_px,1825,182.5416,0.392271
2026-08-28 14:34:52.907,captures/20260828_143150,mm_per_px,1826,182.6413,0.456889
2026-08-28 14:34:53.007,captures/20260828_143150,mm_per_px,1827,182.7417,0.489837
2026-08-28 14:34:53.109,captures/20260828_143150,mm_per_px,1828,182.8439,0.561781
2026-08-28 14:34:53.208,captures/20260828_143150,mm_per_px,1829,182.9421,0.592185
2026-08-28 14:34:53.311,captures/20260828_143150,mm_per_px,1830,183.0456,0.489090
2026-08-28 14:34:53.409,captures/20260828_143150,mm_per_px,1831,183.1435,0.403982
2026-08-28 14:34:53.510,captures/20260828_143150,mm_per_px,1832,183.2444,0.383943
2026-08-28 14:34:53.664,captures/20260828_143150,mm_per_px,1833,183.3981,0.406364
2026-08-28 14:34:53.741,captures/20260828_143150,mm_per_px,1834,183.4752,0.405023
2026-08-28 14:34:53.860,captures/20260828_143150,mm_per_px,1835,183.5943,0.508705
2026-08-28 14:34:53.910,captures/20260828_143150,mm_per_px,1836,183.6442,0.452362
2026-08-28 14:34:54.062,captures/20260828_143150,mm_per_px,1837,183.7969,0.395359
2026-08-28 14:34:54.125,captures/20260828_143150,mm_per_px,1838,183.8592,0.431294
2026-08-28 14:34:54.207,captures/20260828_143150,mm_per_px,1839,183.9416,0.488716
2026-08-28 14:34:54.307,captures/20260828_143150,mm_per_px,1840,184.0412,0.407162
2026-08-28 14:34:54.408,captures/20260828_143150,mm_per_px,1841,184.1428,0.402724
2026-08-28 14:34:54.511,captures/20260828_143150,mm_per_px,1842,184.2451,0.420145
2026-08-28 14:34:54.651,captures/20260828_143150,mm_per_px,1843,184.3857,0.430439
2026-08-28 14:34:54.725,captures/20260828_143150,mm_per_px,1844,184.4598,0.445576
2026-08-28 14:34:54.853,captures/20260828_143150,mm_per_px,1845,184.5876,0.438352
2026-08-28 14:34:54.919,captures/20260828_143150,mm_per_px,1846,184.6539,0.381449
2026-08-28 14:34:55.058,captures/20260828_143150,mm_per_px,1847,184.7927,0.380806
2026-08-28 14:34:55.118,captures/20260828_143150,mm_per_px,1848,184.8525,0.345549
2026-08-28 14:34:55.209,captures/20260828_143150,mm_per_px,1849,184.9432,0.365218
2026-08-28 14:34:55.357,captures/20260828_143150,mm_per_px,1850,185.0911,0.367957
2026-08-28 14:34:55.425,captures/20260828_143150,mm_per_px,1851,185.1598,0.356131
2026-08-28 14:34:55.508,captures/20260828_143150,mm_per_px,1852,185.2423,0.413167
2026-08-28 14:34:55.608,captures/20260828_143150,mm_per_px,1853,185.3427,0.442636
2026-08-28 14:34:55.712,captures/20260828_143150,mm_per_px,1854,185.4466,0.435010
2026-08-28 14:34:55.813,captures/20260828_143150,mm_per_px,1855,185.5472,0.475531
2026-08-28 14:34:55.909,captures/20260828_143150,mm_per_px,1856,185.6439,0.364565
2026-08-28 14:34:56.007,captures/20260828_143150,mm_per_px,1857,185.7419,0.308078
2026-08-28 14:34:56.107,captures/20260828_143150,mm_per_px,1858,185.8417,0.349954
2026-08-28 14:34:56.208,captures/20260828_143150,mm_per_px,1859,185.9426,0.428786
2026-08-28 14:34:56.308,captures/20260828_143150,mm_per_px,1860,186.0428,0.474125
2026-08-28 14:34:56.407,captures/20260828_143150,mm_per_px,1861,186.1419,0.501580
2026-08-28 14:34:56.510,captures/20260828_143150,mm_per_px,1862,186.2440,0.515845
2026-08-28 14:34:56.611,captures/20260828_143150,mm_per_px,1863,186.3450,0.489276
2026-08-28 14:34:56.710,captures/20260828_143150,mm_per_px,1864,186.4445,0.442772
2026-08-28 14:34:56.859,captures/20260828_143150,mm_per_px,1865,186.5938,0.419366
2026-08-28 14:34:56.933,captures/20260828_143150,mm_per_px,1866,186.6671,0.343962
2026-08-28 14:34:57.007,captures/20260828_143150,mm_per_px,1867,186.7419,0.352275
2026-08-28 14:34:57.163,captures/20260828_143150,mm_per_px,1868,186.8979,0.421369
2026-08-28 14:34:57.225,captures/20260828_143150,mm_per_px,1869,186.9593,0.478733
2026-08-28 14:34:57.307,captures/20260828_143150,mm_per_px,1870,187.0415,0.471160
2026-08-28 14:34:57.456,captures/20260828_143150,mm_per_px,1871,187.1904,0.512716
2026-08-28 14:34:57.532,captures/20260828_143150,mm_per_px,1872,187.2660,0.517090
2026-08-28 14:34:57.648,captures/20260828_143150,mm_per_px,1873,187.3829,0.441249
2026-08-28 14:34:57.727,captures/20260828_143150,mm_per_px,1874,187.4618,0.430944
2026-08-28 14:34:57.814,captures/20260828_143150,mm_per_px,1875,187.5485,0.433096
2026-08-28 14:34:57.911,captures/20260828_143150,mm_per_px,1876,187.6452,0.415396
2026-08-28 14:34:58.011,captures/20260828_143150,mm_per_px,1877,187.7450,0.478545
2026-08-28 14:34:58.114,captures/20260828_143150,mm_per_px,1878,187.8481,0.533480
2026-08-28 14:34:58.213,captures/20260828_143150,mm_per_px,1879,187.9476,0.518378
2026-08-28 14:34:58.359,captures/20260828_143150,mm_per_px,1880,188.0936,0.531484
2026-08-28 14:34:58.424,captures/20260828_143150,mm_per_px,1881,188.1580,0.484729
2026-08-28 14:34:58.553,captures/20260828_143150,mm_per_px,1882,188.2875,0.524710
2026-08-28 14:34:58.608,captures/20260828_143150,mm_per_px,1883,188.3421,0.454521
2026-08-28 14:34:58.708,captures/20260828_143150,mm_per_px,1884,188.4423,0.507150
2026-08-28 14:34:58.809,captures/20260828_143150,mm_per_px,1885,188.5435,0.501239
2026-08-28 14:34:58.911,captures/20260828_143150,mm_per_px,1886,188.6450,0.480569
2026-08-28 14:34:59.008,captures/20260828_143150,mm_per_px,1887,188.7420,0.371017
2026-08-28 14:34:59.108,captures/20260828_143150,mm_per_px,1888,188.8428,0.362018
2026-08-28 14:34:59.210,captures/20260828_143150,mm_per_px,1889,188.9443,0.335361
2026-08-28 14:34:59.348,captures/20260828_143150,mm_per_px,1890,189.0823,0.300253
2026-08-28 14:34:59.423,captures/20260828_143150,mm_per_px,1891,189.1571,0.340393
2026-08-28 14:34:59.553,captures/20260828_143150,mm_per_px,1892,189.2872,0.333827
2026-08-28 14:34:59.608,captures/20260828_143150,mm_per_px,1893,189.3421,0.256470
2026-08-28 14:34:59.707,captures/20260828_143150,mm_per_px,1894,189.4411,0.342303
2026-08-28 14:34:59.808,captures/20260828_143150,mm_per_px,1895,189.5422,0.391559
2026-08-28 14:34:59.909,captures/20260828_143150,mm_per_px,1896,189.6430,0.439294
2026-08-28 14:35:00.008,captures/20260828_143150,mm_per_px,1897,189.7426,0.434280
2026-08-28 14:35:00.107,captures/20260828_143150,mm_per_px,1898,189.8415,0.359583
2026-08-28 14:35:00.260,captures/20260828_143150,mm_per_px,1899,189.9944,0.302983
2026-08-28 14:35:00.309,captures/20260828_143150,mm_per_px,1900,190.0439,0.281885
2026-08-28 14:35:00.407,captures/20260828_143150,mm_per_px,1901,190.1417,0.242024
2026-08-28 14:35:00.547,captures/20260828_143150,mm_per_px,1902,190.2814,0.328513
2026-08-28 14:35:00.607,captures/20260828_143150,mm_per_px,1903,190.3415,0.350671
2026-08-28 14:35:00.708,captures/20260828_143150,mm_per_px,1904,190.4426,0.370395
2026-08-28 14:35:00.808,captures/20260828_143150,mm_per_px,1905,190.5423,0.354951
2026-08-28 14:35:00.908,captures/20260828_143150,mm_per_px,1906,190.6424,0.339746
2026-08-28 14:35:01.009,captures/20260828_143150,mm_per_px,1907,190.7437,0.274527
2026-08-28 14:35:01.108,captures/20260828_143150,mm_per_px,1908,190.8427,0.266079
2026-08-28 14:35:01.209,captures/20260828_143150,mm_per_px,1909,190.9433,0.270548
2026-08-28 14:35:01.308,captures/20260828_143150,mm_per_px,1910,191.0420,0.265842
2026-08-28 14:35:01.408,captures/20260828_143150,mm_per_px,1911,191.1428,0.252338
2026-08-28 14:35:01.551,captures/20260828_143150,mm_per_px,1912,191.2852,0.244777
2026-08-28 14:35:01.649,captures/20260828_143150,mm_per_px,1913,191.3835,0.202632
2026-08-28 14:35:01.706,captures/20260828_143150,mm_per_px,1914,191.4408,0.237783
2026-08-28 14:35:01.807,captures/20260828_143150,mm_per_px,1915,191.5418,0.275252
2026-08-28 14:35:01.907,captures/20260828_143150,mm_per_px,1916,191.6418,0.296181
2026-08-28 14:35:02.008,captures/20260828_143150,mm_per_px,1917,191.7427,0.276206
2026-08-28 14:35:02.107,captures/20260828_143150,mm_per_px,1918,191.8414,0.233229
2026-08-28 14:35:02.208,captures/20260828_143150,mm_per_px,1919,191.9424,0.211419
2026-08-28 14:35:02.307,captures/20260828_143150,mm_per_px,1920,192.0415,0.222994
2026-08-28 14:35:02.407,captures/20260828_143150,mm_per_px,1921,192.1419,0.280755
2026-08-28 14:35:02.508,captures/20260828_143150,mm_per_px,1922,192.2428,0.218150
2026-08-28 14:35:02.609,captures/20260828_143150,mm_per_px,1923,192.3432,0.215623
2026-08-28 14:35:02.707,captures/20260828_143150,mm_per_px,1924,192.4418,0.243484
2026-08-28 14:35:02.807,captures/20260828_143150,mm_per_px,1925,192.5412,0.228982
2026-08-28 14:35:02.908,captures/20260828_143150,mm_per_px,1926,192.6421,0.264384
2026-08-28 14:35:03.064,captures/20260828_143150,mm_per_px,1927,192.7986,0.294828
2026-08-28 14:35:03.128,captures/20260828_143150,mm_per_px,1928,192.8624,0.264520
2026-08-28 14:35:03.253,captures/20260828_143150,mm_per_px,1929,192.9871,0.310905
2026-08-28 14:35:03.318,captures/20260828_143150,mm_per_px,1930,193.0521,0.320761
2026-08-28 14:35:03.408,captures/20260828_143150,mm_per_px,1931,193.1420,0.248587
2026-08-28 14:35:03.507,captures/20260828_143150,mm_per_px,1932,193.2412,0.198939
2026-08-28 14:35:03.659,captures/20260828_143150,mm_per_px,1933,193.3932,0.142826
2026-08-28 14:35:03.749,captures/20260828_143150,mm_per_px,1934,193.4833,0.168098
2026-08-28 14:35:03.808,captures/20260828_143150,mm_per_px,1935,193.5424,0.161648
2026-08-28 14:35:03.908,captures/20260828_143150,mm_per_px,1936,193.6425,0.174048
2026-08-28 14:35:04.059,captures/20260828_143150,mm_per_px,1937,193.7930,0.202970
2026-08-28 14:35:04.125,captures/20260828_143150,mm_per_px,1938,193.8590,0.197389
2026-08-28 14:35:04.207,captures/20260828_143150,mm_per_px,1939,193.9419,0.176732
2026-08-28 14:35:04.308,captures/20260828_143150,mm_per_px,1940,194.0426,0.162359
2026-08-28 14:35:04.409,captures/20260828_143150,mm_per_px,1941,194.1434,0.215091
2026-08-28 14:35:04.507,captures/20260828_143150,mm_per_px,1942,194.2416,0.178332
2026-08-28 14:35:04.611,captures/20260828_143150,mm_per_px,1943,194.3456,0.208012
2026-08-28 14:35:04.764,captures/20260828_143150,mm_per_px,1944,194.4988,0.204510
2026-08-28 14:35:04.841,captures/20260828_143150,mm_per_px,1945,194.5752,0.189561
2026-08-28 14:35:04.908,captures/20260828_143150,mm_per_px,1946,194.6422,0.162579
2026-08-28 14:35:05.008,captures/20260828_143150,mm_per_px,1947,194.7424,0.147889
2026-08-28 14:35:05.108,captures/20260828_143150,mm_per_px,1948,194.8423,0.180034
2026-08-28 14:35:05.255,captures/20260828_143150,mm_per_px,1949,194.9890,0.212963
2026-08-28 14:35:05.310,captures/20260828_143150,mm_per_px,1950,195.0448,0.208938
2026-08-28 14:35:05.408,captures/20260828_143150,mm_per_px,1951,195.1424,0.205046
2026-08-28 14:35:05.508,captures/20260828_143150,mm_per_px,1952,195.2421,0.222632
2026-08-28 14:35:05.662,captures/20260828_143150,mm_per_px,1953,195.3961,0.195237
2026-08-28 14:35:05.726,captures/20260828_143150,mm_per_px,1954,195.4602,0.198913
2026-08-28 14:35:05.808,captures/20260828_143150,mm_per_px,1955,195.5427,0.206018
2026-08-28 14:35:05.909,captures/20260828_143150,mm_per_px,1956,195.6434,0.207390
2026-08-28 14:35:06.008,captures/20260828_143150,mm_per_px,1957,195.7421,0.229549
2026-08-28 14:35:06.156,captures/20260828_143150,mm_per_px,1958,195.8908,0.206243
2026-08-28 14:35:06.227,captures/20260828_143150,mm_per_px,1959,195.9617,0.191868
2026-08-28 14:35:06.360,captures/20260828_143150,mm_per_px,1960,196.0942,0.139427
2026-08-28 14:35:06.431,captures/20260828_143150,mm_per_px,1961,196.1652,0.147677
2026-08-28 14:35:06.558,captures/20260828_143150,mm_per_px,1962,196.2920,0.163762
2026-08-28 14:35:06.636,captures/20260828_143150,mm_per_px,1963,196.3706,0.180536
2026-08-28 14:35:06.749,captures/20260828_143150,mm_per_px,1964,196.4839,0.184045
2026-08-28 14:35:06.812,captures/20260828_143150,mm_per_px,1965,196.5461,0.190034
2026-08-28 14:35:06.909,captures/20260828_143150,mm_per_px,1966,196.6434,0.109355
2026-08-28 14:35:07.009,captures/20260828_143150,mm_per_px,1967,196.7439,0.063986
2026-08-28 14:35:07.107,captures/20260828_143150,mm_per_px,1968,196.8417,0.056145
2026-08-28 14:35:07.255,captures/20260828_143150,mm_per_px,1969,196.9896,0.050941
2026-08-28 14:35:07.322,captures/20260828_143150,mm_per_px,1970,197.0569,0.054795
2026-08-28 14:35:07.463,captures/20260828_143150,mm_per_px,1971,197.1975,0.065856
2026-08-28 14:35:07.520,captures/20260828_143150,mm_per_px,1972,197.2546,0.079343
2026-08-28 14:35:07.609,captures/20260828_143150,mm_per_px,1973,197.3434,0.106638
2026-08-28 14:35:07.708,captures/20260828_143150,mm_per_px,1974,197.4429,0.141106
2026-08-28 14:35:07.810,captures/20260828_143150,mm_per_px,1975,197.5442,0.163856
2026-08-28 14:35:07.909,captures/20260828_143150,mm_per_px,1976,197.6432,0.143763
2026-08-28 14:35:08.008,captures/20260828_143150,mm_per_px,1977,197.7422,0.120778
2026-08-28 14:35:08.109,captures/20260828_143150,mm_per_px,1978,197.8432,0.109253
2026-08-28 14:35:08.208,captures/20260828_143150,mm_per_px,1979,197.9429,0.120598
2026-08-28 14:35:08.362,captures/20260828_143150,mm_per_px,1980,198.0964,0.123719
2026-08-28 14:35:08.430,captures/20260828_143150,mm_per_px,1981,198.1649,0.133062
2026-08-28 14:35:08.549,captures/20260828_143150,mm_per_px,1982,198.2836,0.130643
2026-08-28 14:35:08.620,captures/20260828_143150,mm_per_px,1983,198.3541,0.129819
2026-08-28 14:35:08.707,captures/20260828_143150,mm_per_px,1984,198.4415,0.128540
2026-08-28 14:35:08.810,captures/20260828_143150,mm_per_px,1985,198.5446,0.159456
2026-08-28 14:35:08.908,captures/20260828_143150,mm_per_px,1986,198.6422,0.143957
2026-08-28 14:35:09.014,captures/20260828_143150,mm_per_px,1987,198.7485,0.149303
2026-08-28 14:35:09.109,captures/20260828_143150,mm_per_px,1988,198.8439,0.126920
2026-08-28 14:35:09.208,captures/20260828_143150,mm_per_px,1989,198.9426,0.134017
2026-08-28 14:35:09.307,captures/20260828_143150,mm_per_px,1990,199.0415,0.127738
2026-08-28 14:35:09.408,captures/20260828_143150,mm_per_px,1991,199.1421,0.142548
2026-08-28 14:35:09.507,captures/20260828_143150,mm_per_px,1992,199.2418,0.143171
2026-08-28 14:35:09.613,captures/20260828_143150,mm_per_px,1993,199.3472,0.157792
2026-08-28 14:35:09.708,captures/20260828_143150,mm_per_px,1994,199.4426,0.165012
2026-08-28 14:35:09.812,captures/20260828_143150,mm_per_px,1995,199.5465,0.187287
2026-08-28 14:35:09.910,captures/20260828_143150,mm_per_px,1996,199.6441,0.180396
2026-08-28 14:35:10.010,captures/20260828_143150,mm_per_px,1997,199.7440,0.165935
2026-08-28 14:35:10.109,captures/20260828_143150,mm_per_px,1998,199.8438,0.170258
2026-08-28 14:35:10.208,captures/20260828_143150,mm_per_px,1999,199.9421,0.165464
2026-08-28 14:35:10.307,captures/20260828_143150,mm_per_px,2000,200.0419,0.159311
2026-08-28 14:35:10.408,captures/20260828_143150,mm_per_px,2001,200.1424,0.197991
2026-08-28 14:35:10.507,captures/20260828_143150,mm_per_px,2002,200.2411,0.166412
2026-08-28 14:35:10.609,captures/20260828_143150,mm_per_px,2003,200.3431,0.142181
2026-08-28 14:35:10.710,captures/20260828_143150,mm_per_px,2004,200.4441,0.134474
2026-08-28 14:35:10.807,captures/20260828_143150,mm_per_px,2005,200.5411,0.146910
2026-08-28 14:35:10.907,captures/20260828_143150,mm_per_px,2006,200.6416,0.211843
2026-08-28 14:35:11.008,captures/20260828_143150,mm_per_px,2007,200.7425,0.261262
2026-08-28 14:35:11.109,captures/20260828_143150,mm_per_px,2008,200.8438,0.259240
2026-08-28 14:35:11.208,captures/20260828_143150,mm_per_px,2009,200.9421,0.262373
2026-08-28 14:35:11.309,captures/20260828_143150,mm_per_px,2010,201.0430,0.223753
2026-08-28 14:35:11.407,captures/20260828_143150,mm_per_px,2011,201.1419,0.189047
2026-08-28 14:35:11.507,captures/20260828_143150,mm_per_px,2012,201.2419,0.225692
2026-08-28 14:35:11.609,captures/20260828_143150,mm_per_px,2013,201.3438,0.249304
2026-08-28 14:35:11.713,captures/20260828_143150,mm_per_px,2014,201.4479,0.266188
2026-08-28 14:35:11.810,captures/20260828_143150,mm_per_px,2015,201.5448,0.213318
2026-08-28 14:35:11.907,captures/20260828_143150,mm_per_px,2016,201.6418,0.233558
2026-08-28 14:35:12.009,captures/20260828_143150,mm_per_px,2017,201.7434,0.241316
2026-08-28 14:35:12.108,captures/20260828_143150,mm_per_px,2018,201.8429,0.171616
2026-08-28 14:35:12.209,captures/20260828_143150,mm_per_px,2019,201.9435,0.171353
2026-08-28 14:35:12.308,captures/20260828_143150,mm_per_px,2020,202.0424,0.161266
2026-08-28 14:35:12.410,captures/20260828_143150,mm_per_px,2021,202.1442,0.180584
2026-08-28 14:35:12.508,captures/20260828_143150,mm_per_px,2022,202.2423,0.216099
2026-08-28 14:35:12.607,captures/20260828_143150,mm_per_px,2023,202.3417,0.207883
2026-08-28 14:35:12.707,captures/20260828_143150,mm_per_px,2024,202.4419,0.226651
2026-08-28 14:35:12.809,captures/20260828_143150,mm_per_px,2025,202.5430,0.256616
2026-08-28 14:35:12.913,captures/20260828_143150,mm_per_px,2026,202.6473,0.176441
2026-08-28 14:35:13.007,captures/20260828_143150,mm_per_px,2027,202.7417,0.204131
2026-08-28 14:35:13.110,captures/20260828_143150,mm_per_px,2028,202.8440,0.210705
2026-08-28 14:35:13.209,captures/20260828_143150,mm_per_px,2029,202.9430,0.214527
2026-08-28 14:35:13.307,captures/20260828_143150,mm_per_px,2030,203.0413,0.237166
2026-08-28 14:35:13.409,captures/20260828_143150,mm_per_px,2031,203.1430,0.305267
2026-08-28 14:35:13.508,captures/20260828_143150,mm_per_px,2032,203.2424,0.285628
2026-08-28 14:35:13.612,captures/20260828_143150,mm_per_px,2033,203.3460,0.264162
2026-08-28 14:35:13.712,captures/20260828_143150,mm_per_px,2034,203.4467,0.291350
2026-08-28 14:35:13.812,captures/20260828_143150,mm_per_px,2035,203.5469,0.354698
2026-08-28 14:35:13.909,captures/20260828_143150,mm_per_px,2036,203.6432,0.391549
2026-08-28 14:35:14.008,captures/20260828_143150,mm_per_px,2037,203.7424,0.357231
2026-08-28 14:35:14.107,captures/20260828_143150,mm_per_px,2038,203.8415,0.360265
2026-08-28 14:35:14.213,captures/20260828_143150,mm_per_px,2039,203.9470,0.365116
2026-08-28 14:35:14.307,captures/20260828_143150,mm_per_px,2040,204.0416,0.342619
2026-08-28 14:35:14.406,captures/20260828_143150,mm_per_px,2041,204.1407,0.375823
2026-08-28 14:35:14.509,captures/20260828_143150,mm_per_px,2042,204.2430,0.319901
2026-08-28 14:35:14.607,captures/20260828_143150,mm_per_px,2043,204.3413,0.360438
2026-08-28 14:35:14.707,captures/20260828_143150,mm_per_px,2044,204.4414,0.397519
2026-08-28 14:35:14.808,captures/20260828_143150,mm_per_px,2045,204.5424,0.324198
2026-08-28 14:35:14.908,captures/20260828_143150,mm_per_px,2046,204.6422,0.287001
2026-08-28 14:35:15.007,captures/20260828_143150,mm_per_px,2047,204.7414,0.263945
2026-08-28 14:35:15.108,captures/20260828_143150,mm_per_px,2048,204.8426,0.251970
2026-08-28 14:35:15.210,captures/20260828_143150,mm_per_px,2049,204.9444,0.222548
2026-08-28 14:35:15.308,captures/20260828_143150,mm_per_px,2050,205.0422,0.276102
2026-08-28 14:35:15.453,captures/20260828_143150,mm_per_px,2051,205.1874,0.311076
2026-08-28 14:35:15.515,captures/20260828_143150,mm_per_px,2052,205.2491,0.293897
2026-08-28 14:35:15.611,captures/20260828_143150,mm_per_px,2053,205.3456,0.287979
2026-08-28 14:35:15.710,captures/20260828_143150,mm_per_px,2054,205.4441,0.217860
2026-08-28 14:35:15.808,captures/20260828_143150,mm_per_px,2055,205.5428,0.192849
2026-08-28 14:35:15.908,captures/20260828_143150,mm_per_px,2056,205.6424,0.128805
2026-08-28 14:35:16.013,captures/20260828_143150,mm_per_px,2057,205.7471,0.155625
2026-08-28 14:35:16.110,captures/20260828_143150,mm_per_px,2058,205.8449,0.151086
2026-08-28 14:35:16.212,captures/20260828_143150,mm_per_px,2059,205.9463,0.128567
2026-08-28 14:35:16.309,captures/20260828_143150,mm_per_px,2060,206.0430,0.143836
2026-08-28 14:35:16.407,captures/20260828_143150,mm_per_px,2061,206.1418,0.117990
2026-08-28 14:35:16.507,captures/20260828_143150,mm_per_px,2062,206.2414,0.120817
2026-08-28 14:35:16.608,captures/20260828_143150,mm_per_px,2063,206.3429,0.113945
2026-08-28 14:35:16.707,captures/20260828_143150,mm_per_px,2064,206.4417,0.116674
2026-08-28 14:35:16.809,captures/20260828_143150,mm_per_px,2065,206.5432,0.108584
2026-08-28 14:35:16.910,captures/20260828_143150,mm_per_px,2066,206.6442,0.103908
2026-08-28 14:35:17.012,captures/20260828_143150,mm_per_px,2067,206.7467,0.083568
2026-08-28 14:35:17.108,captures/20260828_143150,mm_per_px,2068,206.8423,0.058350
2026-08-28 14:35:17.207,captures/20260828_143150,mm_per_px,2069,206.9415,0.042016
2026-08-28 14:35:17.310,captures/20260828_143150,mm_per_px,2070,207.0449,0.037935
2026-08-28 14:35:17.409,captures/20260828_143150,mm_per_px,2071,207.1438,0.063834
2026-08-28 14:35:17.508,captures/20260828_143150,mm_per_px,2072,207.2426,0.073247
2026-08-28 14:35:17.609,captures/20260828_143150,mm_per_px,2073,207.3438,0.073239
2026-08-28 14:35:17.708,captures/20260828_143150,mm_per_px,2074,207.4422,0.090653
2026-08-28 14:35:17.809,captures/20260828_143150,mm_per_px,2075,207.5431,0.104776
2026-08-28 14:35:17.907,captures/20260828_143150,mm_per_px,2076,207.6418,0.086428
2026-08-28 14:35:18.009,captures/20260828_143150,mm_per_px,2077,207.7435,0.077005
2026-08-28 14:35:18.107,captures/20260828_143150,mm_per_px,2078,207.8418,0.089043
2026-08-28 14:35:18.211,captures/20260828_143150,mm_per_px,2079,207.9456,0.108815
2026-08-28 14:35:18.308,captures/20260828_143150,mm_per_px,2080,208.0429,0.120168
2026-08-28 14:35:18.407,captures/20260828_143150,mm_per_px,2081,208.1416,0.066917
2026-08-28 14:35:18.507,captures/20260828_143150,mm_per_px,2082,208.2418,0.071855
2026-08-28 14:35:18.610,captures/20260828_143150,mm_per_px,2083,208.3449,0.052470
2026-08-28 14:35:18.711,captures/20260828_143150,mm_per_px,2084,208.4456,0.041656
2026-08-28 14:35:18.811,captures/20260828_143150,mm_per_px,2085,208.5459,0.062009
2026-08-28 14:35:18.912,captures/20260828_143150,mm_per_px,2086,208.6466,0.044699
2026-08-28 14:35:19.011,captures/20260828_143150,mm_per_px,2087,208.7454,0.039324
2026-08-28 14:35:19.112,captures/20260828_143150,mm_per_px,2088,208.8468,0.034923
2026-08-28 14:35:19.210,captures/20260828_143150,mm_per_px,2089,208.9441,0.031536
2026-08-28 14:35:19.308,captures/20260828_143150,mm_per_px,2090,209.0420,0.058802
2026-08-28 14:35:19.408,captures/20260828_143150,mm_per_px,2091,209.1426,0.072604
2026-08-28 14:35:19.511,captures/20260828_143150,mm_per_px,2092,209.2451,0.066181
2026-08-28 14:35:19.612,captures/20260828_143150,mm_per_px,2093,209.3462,0.064784
2026-08-28 14:35:19.707,captures/20260828_143150,mm_per_px,2094,209.4412,0.086890
2026-08-28 14:35:19.808,captures/20260828_143150,mm_per_px,2095,209.5424,0.063210
2026-08-28 14:35:19.910,captures/20260828_143150,mm_per_px,2096,209.6444,0.058312
2026-08-28 14:35:20.008,captures/20260828_143150,mm_per_px,2097,209.7423,0.042331
2026-08-28 14:35:20.108,captures/20260828_143150,mm_per_px,2098,209.8425,0.042601
2026-08-28 14:35:20.209,captures/20260828_143150,mm_per_px,2099,209.9430,0.032744
2026-08-28 14:35:20.307,captures/20260828_143150,mm_per_px,2100,210.0418,0.030931
2026-08-28 14:35:20.410,captures/20260828_143150,mm_per_px,2101,210.1449,0.021810
2026-08-28 14:35:20.508,captures/20260828_143150,mm_per_px,2102,210.2422,0.039447
2026-08-28 14:35:20.608,captures/20260828_143150,mm_per_px,2103,210.3421,0.064706
2026-08-28 14:35:20.710,captures/20260828_143150,mm_per_px,2104,210.4447,0.080109
2026-08-28 14:35:20.810,captures/20260828_143150,mm_per_px,2105,210.5444,0.085767
2026-08-28 14:35:20.913,captures/20260828_143150,mm_per_px,2106,210.6472,0.083865
2026-08-28 14:35:21.009,captures/20260828_143150,mm_per_px,2107,210.7439,0.072185
2026-08-28 14:35:21.108,captures/20260828_143150,mm_per_px,2108,210.8426,0.045987
2026-08-28 14:35:21.209,captures/20260828_143150,mm_per_px,2109,210.9432,0.033790
2026-08-28 14:35:21.306,captures/20260828_143150,mm_per_px,2110,211.0404,0.026574
2026-08-28 14:35:21.407,captures/20260828_143150,mm_per_px,2111,211.1418,0.030214
2026-08-28 14:35:21.507,captures/20260828_143150,mm_per_px,2112,211.2413,0.029808
2026-08-28 14:35:21.607,captures/20260828_143150,mm_per_px,2113,211.3412,0.032149
2026-08-28 14:35:21.708,captures/20260828_143150,mm_per_px,2114,211.4425,0.037552
2026-08-28 14:35:21.807,captures/20260828_143150,mm_per_px,2115,211.5415,0.041866
2026-08-28 14:35:21.907,captures/20260828_143150,mm_per_px,2116,211.6416,0.034200
2026-08-28 14:35:22.010,captures/20260828_143150,mm_per_px,2117,211.7441,0.021211
2026-08-28 14:35:22.111,captures/20260828_143150,mm_per_px,2118,211.8459,0.026985
2026-08-28 14:35:22.208,captures/20260828_143150,mm_per_px,2119,211.9424,0.018499
2026-08-28 14:35:22.309,captures/20260828_143150,mm_per_px,2120,212.0438,0.026643
2026-08-28 14:35:22.408,captures/20260828_143150,mm_per_px,2121,212.1422,0.098617
2026-08-28 14:35:22.507,captures/20260828_143150,mm_per_px,2122,212.2417,0.112417
2026-08-28 14:35:22.607,captures/20260828_143150,mm_per_px,2123,212.3416,0.111059
2026-08-28 14:35:22.707,captures/20260828_143150,mm_per_px,2124,212.4412,0.057713
2026-08-28 14:35:22.807,captures/20260828_143150,mm_per_px,2125,212.5413,0.021871
2026-08-28 14:35:22.907,captures/20260828_143150,mm_per_px,2126,212.6418,0.008706
2026-08-28 14:35:23.007,captures/20260828_143150,mm_per_px,2127,212.7416,0.001227
2026-08-28 14:35:23.109,captures/20260828_143150,mm_per_px,2128,212.8431,0.001546
2026-08-28 14:35:23.207,captures/20260828_143150,mm_per_px,2129,212.9416,0.003943
2026-08-28 14:35:23.307,captures/20260828_143150,mm_per_px,2130,213.0419,0.005095
2026-08-28 14:35:23.407,captures/20260828_143150,mm_per_px,2131,213.1418,0.007499
2026-08-28 14:35:23.507,captures/20260828_143150,mm_per_px,2132,213.2413,0.008228
2026-08-28 14:35:23.607,captures/20260828_143150,mm_per_px,2133,213.3418,0.006808
2026-08-28 14:35:23.707,captures/20260828_143150,mm_per_px,2134,213.4416,0.023834
2026-08-28 14:35:23.807,captures/20260828_143150,mm_per_px,2135,213.5411,0.025135
2026-08-28 14:35:23.908,captures/20260828_143150,mm_per_px,2136,213.6429,0.040126
2026-08-28 14:35:24.007,captures/20260828_143150,mm_per_px,2137,213.7414,0.053791
2026-08-28 14:35:24.107,captures/20260828_143150,mm_per_px,2138,213.8417,0.033929
2026-08-28 14:35:24.208,captures/20260828_143150,mm_per_px,2139,213.9424,0.079288
2026-08-28 14:35:24.309,captures/20260828_143150,mm_per_px,2140,214.0439,0.115420
2026-08-28 14:35:24.408,captures/20260828_143150,mm_per_px,2141,214.1423,0.127838
2026-08-28 14:35:24.508,captures/20260828_143150,mm_per_px,2142,214.2420,0.140431
2026-08-28 14:35:24.612,captures/20260828_143150,mm_per_px,2143,214.3464,0.136471
2026-08-28 14:35:24.709,captures/20260828_143150,mm_per_px,2144,214.4431,0.100383
2026-08-28 14:35:24.811,captures/20260828_143150,mm_per_px,2145,214.5452,0.084049
2026-08-28 14:35:24.910,captures/20260828_143150,mm_per_px,2146,214.6447,0.059596
2026-08-28 14:35:25.012,captures/20260828_143150,mm_per_px,2147,214.7464,0.050251
2026-08-28 14:35:25.111,captures/20260828_143150,mm_per_px,2148,214.8456,0.037221
2026-08-28 14:35:25.209,captures/20260828_143150,mm_per_px,2149,214.9432,0.020470
2026-08-28 14:35:25.308,captures/20260828_143150,mm_per_px,2150,215.0421,0.017364
2026-08-28 14:35:25.410,captures/20260828_143150,mm_per_px,2151,215.1449,0.012661
2026-08-28 14:35:25.509,captures/20260828_143150,mm_per_px,2152,215.2438,0.015979
2026-08-28 14:35:25.610,captures/20260828_143150,mm_per_px,2153,215.3444,0.015499
2026-08-28 14:35:25.712,captures/20260828_143150,mm_per_px,2154,215.4468,0.010051
2026-08-28 14:35:25.810,captures/20260828_143150,mm_per_px,2155,215.5446,0.008314
2026-08-28 14:35:25.908,captures/20260828_143150,mm_per_px,2156,215.6427,0.007364
2026-08-28 14:35:26.008,captures/20260828_143150,mm_per_px,2157,215.7423,0.005184
2026-08-28 14:35:26.109,captures/20260828_143150,mm_per_px,2158,215.8432,0.010517
2026-08-28 14:35:26.208,captures/20260828_143150,mm_per_px,2159,215.9423,0.006826
2026-08-28 14:35:26.308,captures/20260828_143150,mm_per_px,2160,216.0423,0.008476
2026-08-28 14:35:26.413,captures/20260828_143150,mm_per_px,2161,216.1471,0.004838
2026-08-28 14:35:26.508,captures/20260828_143150,mm_per_px,2162,216.2422,0.010135
2026-08-28 14:35:26.611,captures/20260828_143150,mm_per_px,2163,216.3454,0.025366
2026-08-28 14:35:26.710,captures/20260828_143150,mm_per_px,2164,216.4441,0.029077
2026-08-28 14:35:26.808,captures/20260828_143150,mm_per_px,2165,216.5426,0.012004
2026-08-28 14:35:26.912,captures/20260828_143150,mm_per_px,2166,216.6465,0.006735
2026-08-28 14:35:27.008,captures/20260828_143150,mm_per_px,2167,216.7429,0.010191
2026-08-28 14:35:27.108,captures/20260828_143150,mm_per_px,2168,216.8420,0.006240
2026-08-28 14:35:27.208,captures/20260828_143150,mm_per_px,2169,216.9427,0.001797
2026-08-28 14:35:27.308,captures/20260828_143150,mm_per_px,2170,217.0420,0.001007
2026-08-28 14:35:27.411,captures/20260828_143150,mm_per_px,2171,217.1459,0.000000
2026-08-28 14:35:27.508,captures/20260828_143150,mm_per_px,2172,217.2422,0.000234
2026-08-28 14:35:27.609,captures/20260828_143150,mm_per_px,2173,217.3438,0.000465
2026-08-28 14:35:27.712,captures/20260828_143150,mm_per_px,2174,217.4467,0.000966
2026-08-28 14:35:27.811,captures/20260828_143150,mm_per_px,2175,217.5456,0.004491
2026-08-28 14:35:27.913,captures/20260828_143150,mm_per_px,2176,217.6475,0.004104
2026-08-28 14:35:28.009,captures/20260828_143150,mm_per_px,2177,217.7435,0.004347
2026-08-28 14:35:28.108,captures/20260828_143150,mm_per_px,2178,217.8427,0.006958
2026-08-28 14:35:28.214,captures/20260828_143150,mm_per_px,2179,217.9482,0.006849
2026-08-28 14:35:28.308,captures/20260828_143150,mm_per_px,2180,218.0424,0.008357
2026-08-28 14:35:28.409,captures/20260828_143150,mm_per_px,2181,218.1430,0.012972
2026-08-28 14:35:28.509,captures/20260828_143150,mm_per_px,2182,218.2433,0.009086
2026-08-28 14:35:28.611,captures/20260828_143150,mm_per_px,2183,218.3456,0.005531
2026-08-28 14:35:28.711,captures/20260828_143150,mm_per_px,2184,218.4457,0.005042
2026-08-28 14:35:28.811,captures/20260828_143150,mm_per_px,2185,218.5454,0.003812
2026-08-28 14:35:28.911,captures/20260828_143150,mm_per_px,2186,218.6457,0.001253
2026-08-28 14:35:29.009,captures/20260828_143150,mm_per_px,2187,218.7432,0.001538
2026-08-28 14:35:29.110,captures/20260828_143150,mm_per_px,2188,218.8444,0.006782
2026-08-28 14:35:29.210,captures/20260828_143150,mm_per_px,2189,218.9445,0.005816
2026-08-28 14:35:29.308,captures/20260828_143150,mm_per_px,2190,219.0423,0.009458
2026-08-28 14:35:29.409,captures/20260828_143150,mm_per_px,2191,219.1434,0.017888
2026-08-28 14:35:29.510,captures/20260828_143150,mm_per_px,2192,219.2445,0.022057
2026-08-28 14:35:29.663,captures/20260828_143150,mm_per_px,2193,219.3971,0.055585
2026-08-28 14:35:29.733,captures/20260828_143150,mm_per_px,2194,219.4670,0.043642
2026-08-28 14:35:29.811,captures/20260828_143150,mm_per_px,2195,219.5451,0.041798
2026-08-28 14:35:29.912,captures/20260828_143150,mm_per_px,2196,219.6465,0.062257
2026-08-28 14:35:30.010,captures/20260828_143150,mm_per_px,2197,219.7442,0.059665
2026-08-28 14:35:30.108,captures/20260828_143150,mm_per_px,2198,219.8429,0.066200
2026-08-28 14:35:30.208,captures/20260828_143150,mm_per_px,2199,219.9424,0.081782
2026-08-28 14:35:30.308,captures/20260828_143150,mm_per_px,2200,220.0429,0.124554
2026-08-28 14:35:30.408,captures/20260828_143150,mm_per_px,2201,220.1426,0.150629
2026-08-28 14:35:30.511,captures/20260828_143150,mm_per_px,2202,220.2454,0.167557
2026-08-28 14:35:30.609,captures/20260828_143150,mm_per_px,2203,220.3438,0.143924
2026-08-28 14:35:30.712,captures/20260828_143150,mm_per_px,2204,220.4464,0.115450
2026-08-28 14:35:30.812,captures/20260828_143150,mm_per_px,2205,220.5467,0.071701
2026-08-28 14:35:30.912,captures/20260828_143150,mm_per_px,2206,220.6463,0.031763
2026-08-28 14:35:31.008,captures/20260828_143150,mm_per_px,2207,220.7422,0.020923
2026-08-28 14:35:31.109,captures/20260828_143150,mm_per_px,2208,220.8433,0.024855
2026-08-28 14:35:31.210,captures/20260828_143150,mm_per_px,2209,220.9443,0.017652
2026-08-28 14:35:31.312,captures/20260828_143150,mm_per_px,2210,221.0460,0.020150
2026-08-28 14:35:31.410,captures/20260828_143150,mm_per_px,2211,221.1449,0.030358
2026-08-28 14:35:31.509,captures/20260828_143150,mm_per_px,2212,221.2434,0.034625
2026-08-28 14:35:31.610,captures/20260828_143150,mm_per_px,2213,221.3449,0.022304
2026-08-28 14:35:31.714,captures/20260828_143150,mm_per_px,2214,221.4486,0.027491
2026-08-28 14:35:31.810,captures/20260828_143150,mm_per_px,2215,221.5441,0.032549
2026-08-28 14:35:31.911,captures/20260828_143150,mm_per_px,2216,221.6459,0.019901
2026-08-28 14:35:32.012,captures/20260828_143150,mm_per_px,2217,221.7461,0.021936
2026-08-28 14:35:32.164,captures/20260828_143150,mm_per_px,2218,221.8980,0.025476
2026-08-28 14:35:32.212,captures/20260828_143150,mm_per_px,2219,221.9466,0.027930
2026-08-28 14:35:32.312,captures/20260828_143150,mm_per_px,2220,222.0461,0.040636
2026-08-28 14:35:32.411,captures/20260828_143150,mm_per_px,2221,222.1457,0.024835
2026-08-28 14:35:32.510,captures/20260828_143150,mm_per_px,2222,222.2440,0.008470
2026-08-28 14:35:32.611,captures/20260828_143150,mm_per_px,2223,222.3454,0.011142
2026-08-28 14:35:32.710,captures/20260828_143150,mm_per_px,2224,222.4449,0.004918
2026-08-28 14:35:32.812,captures/20260828_143150,mm_per_px,2225,222.5461,0.002940
2026-08-28 14:35:32.911,captures/20260828_143150,mm_per_px,2226,222.6455,0.005127
2026-08-28 14:35:33.012,captures/20260828_143150,mm_per_px,2227,222.7461,0.007549
2026-08-28 14:35:33.111,captures/20260828_143150,mm_per_px,2228,222.8456,0.016027
2026-08-28 14:35:33.212,captures/20260828_143150,mm_per_px,2229,222.9467,0.013369
2026-08-28 14:35:33.308,captures/20260828_143150,mm_per_px,2230,223.0420,0.013152
2026-08-28 14:35:33.412,captures/20260828_143150,mm_per_px,2231,223.1462,0.051154
2026-08-28 14:35:33.508,captures/20260828_143150,mm_per_px,2232,223.2426,0.078396
2026-08-28 14:35:33.609,captures/20260828_143150,mm_per_px,2233,223.3431,0.127883
2026-08-28 14:35:33.709,captures/20260828_143150,mm_per_px,2234,223.4434,0.102461
2026-08-28 14:35:33.813,captures/20260828_143150,mm_per_px,2235,223.5471,0.068223
2026-08-28 14:35:33.911,captures/20260828_143150,mm_per_px,2236,223.6454,0.073777
2026-08-28 14:35:34.011,captures/20260828_143150,mm_per_px,2237,223.7458,0.061863
2026-08-28 14:35:34.110,captures/20260828_143150,mm_per_px,2238,223.8448,0.038882
2026-08-28 14:35:34.212,captures/20260828_143150,mm_per_px,2239,223.9464,0.032895
2026-08-28 14:35:34.312,captures/20260828_143150,mm_per_px,2240,224.0460,0.037107
2026-08-28 14:35:34.411,captures/20260828_143150,mm_per_px,2241,224.1457,0.035855
2026-08-28 14:35:34.512,captures/20260828_143150,mm_per_px,2242,224.2469,0.017184
2026-08-28 14:35:34.610,captures/20260828_143150,mm_per_px,2243,224.3445,0.014212
2026-08-28 14:35:34.707,captures/20260828_143150,mm_per_px,2244,224.4418,0.008312
2026-08-28 14:35:34.812,captures/20260828_143150,mm_per_px,2245,224.5460,0.005085
2026-08-28 14:35:34.908,captures/20260828_143150,mm_per_px,2246,224.6429,0.008872
2026-08-28 14:35:35.009,captures/20260828_143150,mm_per_px,2247,224.7433,0.005354
2026-08-28 14:35:35.109,captures/20260828_143150,mm_per_px,2248,224.8433,0.001205
2026-08-28 14:35:35.211,captures/20260828_143150,mm_per_px,2249,224.9455,0.003968
2026-08-28 14:35:35.311,captures/20260828_143150,mm_per_px,2250,225.0458,0.007419
2026-08-28 14:35:35.413,captures/20260828_143150,mm_per_px,2251,225.1470,0.016903
2026-08-28 14:35:35.513,captures/20260828_143150,mm_per_px,2252,225.2479,0.024599
2026-08-28 14:35:35.608,captures/20260828_143150,mm_per_px,2253,225.3420,0.038705
2026-08-28 14:35:35.707,captures/20260828_143150,mm_per_px,2254,225.4418,0.034820
2026-08-28 14:35:35.812,captures/20260828_143150,mm_per_px,2255,225.5460,0.031921
2026-08-28 14:35:35.908,captures/20260828_143150,mm_per_px,2256,225.6429,0.006891
2026-08-28 14:35:36.013,captures/20260828_143150,mm_per_px,2257,225.7474,0.016883
2026-08-28 14:35:36.110,captures/20260828_143150,mm_per_px,2258,225.8446,0.025012
2026-08-28 14:35:36.208,captures/20260828_143150,mm_per_px,2259,225.9421,0.008992
2026-08-28 14:35:36.308,captures/20260828_143150,mm_per_px,2260,226.0427,0.000000
2026-08-28 14:35:36.409,captures/20260828_143150,mm_per_px,2261,226.1438,0.003116
2026-08-28 14:35:36.508,captures/20260828_143150,mm_per_px,2262,226.2425,0.011126
2026-08-28 14:35:36.610,captures/20260828_143150,mm_per_px,2263,226.3445,0.015587
2026-08-28 14:35:36.708,captures/20260828_143150,mm_per_px,2264,226.4420,0.039329
2026-08-28 14:35:36.809,captures/20260828_143150,mm_per_px,2265,226.5430,0.023370
2026-08-28 14:35:36.908,captures/20260828_143150,mm_per_px,2266,226.6421,0.036621
2026-08-28 14:35:37.008,captures/20260828_143150,mm_per_px,2267,226.7424,0.052353
2026-08-28 14:35:37.107,captures/20260828_143150,mm_per_px,2268,226.8418,0.054852
2026-08-28 14:35:37.207,captures/20260828_143150,mm_per_px,2269,226.9413,0.020283
2026-08-28 14:35:37.308,captures/20260828_143150,mm_per_px,2270,227.0422,0.008701
2026-08-28 14:35:37.407,captures/20260828_143150,mm_per_px,2271,227.1416,0.005860
2026-08-28 14:35:37.508,captures/20260828_143150,mm_per_px,2272,227.2421,0.004005
2026-08-28 14:35:37.609,captures/20260828_143150,mm_per_px,2273,227.3438,0.015260
2026-08-28 14:35:37.708,captures/20260828_143150,mm_per_px,2274,227.4428,0.009091
2026-08-28 14:35:37.809,captures/20260828_143150,mm_per_px,2275,227.5430,0.016610
2026-08-28 14:35:37.909,captures/20260828_143150,mm_per_px,2276,227.6436,0.020677
2026-08-28 14:35:38.007,captures/20260828_143150,mm_per_px,2277,227.7413,0.021023
2026-08-28 14:35:38.107,captures/20260828_143150,mm_per_px,2278,227.8416,0.005120
2026-08-28 14:35:38.207,captures/20260828_143150,mm_per_px,2279,227.9410,0.016285
2026-08-28 14:35:38.307,captures/20260828_143150,mm_per_px,2280,228.0413,0.012522
2026-08-28 14:35:38.410,captures/20260828_143150,mm_per_px,2281,228.1441,0.010857
2026-08-28 14:35:38.512,captures/20260828_143150,mm_per_px,2282,228.2467,0.005512
2026-08-28 14:35:38.608,captures/20260828_143150,mm_per_px,2283,228.3420,0.002360
2026-08-28 14:35:38.708,captures/20260828_143150,mm_per_px,2284,228.4422,0.003393
2026-08-28 14:35:38.812,captures/20260828_143150,mm_per_px,2285,228.5464,0.001620
2026-08-28 14:35:38.908,captures/20260828_143150,mm_per_px,2286,228.6426,0.002365
2026-08-28 14:35:39.009,captures/20260828_143150,mm_per_px,2287,228.7435,0.005436
2026-08-28 14:35:39.108,captures/20260828_143150,mm_per_px,2288,228.8428,0.012946
2026-08-28 14:35:39.211,captures/20260828_143150,mm_per_px,2289,228.9457,0.020403
2026-08-28 14:35:39.308,captures/20260828_143150,mm_per_px,2290,229.0424,0.030761
2026-08-28 14:35:39.407,captures/20260828_143150,mm_per_px,2291,229.1419,0.011827
2026-08-28 14:35:39.507,captures/20260828_143150,mm_per_px,2292,229.2419,0.047957
2026-08-28 14:35:39.608,captures/20260828_143150,mm_per_px,2293,229.3422,0.041062
2026-08-28 14:35:39.709,captures/20260828_143150,mm_per_px,2294,229.4437,0.040676
2026-08-28 14:35:39.811,captures/20260828_143150,mm_per_px,2295,229.5452,0.038463
2026-08-28 14:35:39.908,captures/20260828_143150,mm_per_px,2296,229.6429,0.046044
2026-08-28 14:35:40.009,captures/20260828_143150,mm_per_px,2297,229.7438,0.081336
2026-08-28 14:35:40.108,captures/20260828_143150,mm_per_px,2298,229.8425,0.076639
2026-08-28 14:35:40.209,captures/20260828_143150,mm_per_px,2299,229.9431,0.092359
2026-08-28 14:35:40.308,captures/20260828_143150,mm_per_px,2300,230.0423,0.107946
2026-08-28 14:35:40.409,captures/20260828_143150,mm_per_px,2301,230.1434,0.077933
2026-08-28 14:35:40.511,captures/20260828_143150,mm_per_px,2302,230.2453,0.072135
2026-08-28 14:35:40.609,captures/20260828_143150,mm_per_px,2303,230.3439,0.076110
2026-08-28 14:35:40.710,captures/20260828_143150,mm_per_px,2304,230.4441,0.055427
2026-08-28 14:35:40.808,captures/20260828_143150,mm_per_px,2305,230.5429,0.044010
2026-08-28 14:35:40.908,captures/20260828_143150,mm_per_px,2306,230.6424,0.042233
2026-08-28 14:35:41.009,captures/20260828_143150,mm_per_px,2307,230.7438,0.064925
2026-08-28 14:35:41.112,captures/20260828_143150,mm_per_px,2308,230.8464,0.091043
2026-08-28 14:35:41.209,captures/20260828_143150,mm_per_px,2309,230.9433,0.115226
2026-08-28 14:35:41.312,captures/20260828_143150,mm_per_px,2310,231.0463,0.110166
2026-08-28 14:35:41.408,captures/20260828_143150,mm_per_px,2311,231.1422,0.127066
2026-08-28 14:35:41.507,captures/20260828_143150,mm_per_px,2312,231.2416,0.094425
2026-08-28 14:35:41.607,captures/20260828_143150,mm_per_px,2313,231.3419,0.097731
2026-08-28 14:35:41.711,captures/20260828_143150,mm_per_px,2314,231.4454,0.085379
2026-08-28 14:35:41.809,captures/20260828_143150,mm_per_px,2315,231.5435,0.060529
2026-08-28 14:35:41.915,captures/20260828_143150,mm_per_px,2316,231.6498,0.026175
2026-08-28 14:35:42.009,captures/20260828_143150,mm_per_px,2317,231.7435,0.010712
2026-08-28 14:35:42.108,captures/20260828_143150,mm_per_px,2318,231.8429,0.009940
2026-08-28 14:35:42.209,captures/20260828_143150,mm_per_px,2319,231.9432,0.003786
2026-08-28 14:35:42.308,captures/20260828_143150,mm_per_px,2320,232.0422,0.012002
2026-08-28 14:35:42.408,captures/20260828_143150,mm_per_px,2321,232.1424,0.011969
2026-08-28 14:35:42.512,captures/20260828_143150,mm_per_px,2322,232.2466,0.030078
2026-08-28 14:35:42.608,captures/20260828_143150,mm_per_px,2323,232.3429,0.030030
2026-08-28 14:35:42.707,captures/20260828_143150,mm_per_px,2324,232.4419,0.018557
2026-08-28 14:35:42.808,captures/20260828_143150,mm_per_px,2325,232.5425,0.021577
2026-08-28 14:35:42.907,captures/20260828_143150,mm_per_px,2326,232.6412,0.022217
2026-08-28 14:35:43.008,captures/20260828_143150,mm_per_px,2327,232.7425,0.019268
2026-08-28 14:35:43.108,captures/20260828_143150,mm_per_px,2328,232.8423,0.006217
2026-08-28 14:35:43.207,captures/20260828_143150,mm_per_px,2329,232.9416,0.002681
2026-08-28 14:35:43.308,captures/20260828_143150,mm_per_px,2330,233.0425,0.002427
2026-08-28 14:35:43.407,captures/20260828_143150,mm_per_px,2331,233.1416,0.001947
2026-08-28 14:35:43.508,captures/20260828_143150,mm_per_px,2332,233.2424,0.002144
2026-08-28 14:35:43.608,captures/20260828_143150,mm_per_px,2333,233.3420,0.000578
2026-08-28 14:35:43.707,captures/20260828_143150,mm_per_px,2334,233.4413,0.000808
2026-08-28 14:35:43.810,captures/20260828_143150,mm_per_px,2335,233.5443,0.001060
2026-08-28 14:35:43.908,captures/20260828_143150,mm_per_px,2336,233.6424,0.000000
2026-08-28 14:35:44.008,captures/20260828_143150,mm_per_px,2337,233.7420,0.000214
2026-08-28 14:35:44.109,captures/20260828_143150,mm_per_px,2338,233.8436,0.001965
2026-08-28 14:35:44.208,captures/20260828_143150,mm_per_px,2339,233.9429,0.003312
2026-08-28 14:35:44.308,captures/20260828_143150,mm_per_px,2340,234.0422,0.008266
2026-08-28 14:35:44.409,captures/20260828_143150,mm_per_px,2341,234.1434,0.007194
2026-08-28 14:35:44.507,captures/20260828_143150,mm_per_px,2342,234.2417,0.018299
2026-08-28 14:35:44.608,captures/20260828_143150,mm_per_px,2343,234.3427,0.029492
2026-08-28 14:35:44.708,captures/20260828_143150,mm_per_px,2344,234.4428,0.007695
2026-08-28 14:35:44.853,captures/20260828_143150,mm_per_px,2345,234.5876,0.001387
2026-08-28 14:35:44.925,captures/20260828_143150,mm_per_px,2346,234.6599,0.005244
2026-08-28 14:35:45.008,captures/20260828_143150,mm_per_px,2347,234.7425,0.002772
2026-08-28 14:35:45.109,captures/20260828_143150,mm_per_px,2348,234.8431,0.001546
2026-08-28 14:35:45.210,captures/20260828_143150,mm_per_px,2349,234.9441,0.000183
2026-08-28 14:35:45.308,captures/20260828_143150,mm_per_px,2350,235.0422,0.002507
2026-08-28 14:35:45.409,captures/20260828_143150,mm_per_px,2351,235.1430,0.003533
2026-08-28 14:35:45.508,captures/20260828_143150,mm_per_px,2352,235.2428,0.000636
2026-08-28 14:35:45.611,captures/20260828_143150,mm_per_px,2353,235.3459,0.002220
2026-08-28 14:35:45.712,captures/20260828_143150,mm_per_px,2354,235.4461,0.000191
2026-08-28 14:35:45.812,captures/20260828_143150,mm_per_px,2355,235.5461,0.000000
2026-08-28 14:35:45.911,captures/20260828_143150,mm_per_px,2356,235.6458,0.000000
2026-08-28 14:35:46.009,captures/20260828_143150,mm_per_px,2357,235.7431,0.001884
2026-08-28 14:35:46.108,captures/20260828_143150,mm_per_px,2358,235.8427,0.000531
2026-08-28 14:35:46.209,captures/20260828_143150,mm_per_px,2359,235.9432,0.001290
2026-08-28 14:35:46.309,captures/20260828_143150,mm_per_px,2360,236.0437,0.000517
2026-08-28 14:35:46.409,captures/20260828_143150,mm_per_px,2361,236.1434,0.000711
2026-08-28 14:35:46.508,captures/20260828_143150,mm_per_px,2362,236.2424,0.000000
2026-08-28 14:35:46.611,captures/20260828_143150,mm_per_px,2363,236.3455,0.000305
2026-08-28 14:35:46.709,captures/20260828_143150,mm_per_px,2364,236.4430,0.004002
2026-08-28 14:35:46.810,captures/20260828_143150,mm_per_px,2365,236.5448,0.003456
2026-08-28 14:35:46.914,captures/20260828_143150,mm_per_px,2366,236.6481,0.003221
2026-08-28 14:35:47.010,captures/20260828_143150,mm_per_px,2367,236.7449,0.001706
2026-08-28 14:35:47.107,captures/20260828_143150,mm_per_px,2368,236.8419,0.001614
2026-08-28 14:35:47.214,captures/20260828_143150,mm_per_px,2369,236.9488,0.001297
2026-08-28 14:35:47.314,captures/20260828_143150,mm_per_px,2370,237.0484,0.000663
2026-08-28 14:35:47.414,captures/20260828_143150,mm_per_px,2371,237.1482,0.001978
2026-08-28 14:35:47.511,captures/20260828_143150,mm_per_px,2372,237.2453,0.000806
2026-08-28 14:35:47.610,captures/20260828_143150,mm_per_px,2373,237.3445,0.003777
2026-08-28 14:35:47.712,captures/20260828_143150,mm_per_px,2374,237.4461,0.000000
2026-08-28 14:35:47.810,captures/20260828_143150,mm_per_px,2375,237.5446,0.001203
2026-08-28 14:35:47.912,captures/20260828_143150,mm_per_px,2376,237.6464,0.004424
2026-08-28 14:35:48.009,captures/20260828_143150,mm_per_px,2377,237.7436,0.005212
2026-08-28 14:35:48.110,captures/20260828_143150,mm_per_px,2378,237.8445,0.017871
2026-08-28 14:35:48.211,captures/20260828_143150,mm_per_px,2379,237.9454,0.030204
2026-08-28 14:35:48.309,captures/20260828_143150,mm_per_px,2380,238.0433,0.030163
2026-08-28 14:35:48.409,captures/20260828_143150,mm_per_px,2381,238.1435,0.025504
2026-08-28 14:35:48.511,captures/20260828_143150,mm_per_px,2382,238.2451,0.021163
2026-08-28 14:35:48.611,captures/20260828_143150,mm_per_px,2383,238.3457,0.016930
2026-08-28 14:35:48.710,captures/20260828_143150,mm_per_px,2384,238.4441,0.023141
2026-08-28 14:35:48.809,captures/20260828_143150,mm_per_px,2385,238.5434,0.020494
2026-08-28 14:35:48.911,captures/20260828_143150,mm_per_px,2386,238.6452,0.007368
2026-08-28 14:35:49.011,captures/20260828_143150,mm_per_px,2387,238.7450,0.003669
2026-08-28 14:35:49.109,captures/20260828_143150,mm_per_px,2388,238.8435,0.003034
2026-08-28 14:35:49.210,captures/20260828_143150,mm_per_px,2389,238.9443,0.011625
2026-08-28 14:35:49.311,captures/20260828_143150,mm_per_px,2390,239.0458,0.007153
2026-08-28 14:35:49.408,captures/20260828_143150,mm_per_px,2391,239.1429,0.011537
2026-08-28 14:35:49.514,captures/20260828_143150,mm_per_px,2392,239.2488,0.017498
2026-08-28 14:35:49.611,captures/20260828_143150,mm_per_px,2393,239.3458,0.023520
2026-08-28 14:35:49.710,captures/20260828_143150,mm_per_px,2394,239.4449,0.016937
2026-08-28 14:35:49.812,captures/20260828_143150,mm_per_px,2395,239.5466,0.007722
2026-08-28 14:35:49.913,captures/20260828_143150,mm_per_px,2396,239.6474,0.005583
2026-08-28 14:35:50.013,captures/20260828_143150,mm_per_px,2397,239.7478,0.013387
2026-08-28 14:35:50.114,captures/20260828_143150,mm_per_px,2398,239.8481,0.019607
2026-08-28 14:35:50.210,captures/20260828_143150,mm_per_px,2399,239.9449,0.020483
2026-08-28 14:35:50.309,captures/20260828_143150,mm_per_px,2400,240.0432,0.026203
2026-08-28 14:35:50.411,captures/20260828_143150,mm_per_px,2401,240.1459,0.023612
2026-08-28 14:35:50.510,captures/20260828_143150,mm_per_px,2402,240.2449,0.016269
2026-08-28 14:35:50.609,captures/20260828_143150,mm_per_px,2403,240.3435,0.021121
2026-08-28 14:35:50.711,captures/20260828_143150,mm_per_px,2404,240.4459,0.020084
2026-08-28 14:35:50.808,captures/20260828_143150,mm_per_px,2405,240.5429,0.011154
2026-08-28 14:35:50.911,captures/20260828_143150,mm_per_px,2406,240.6456,0.013185
2026-08-28 14:35:51.011,captures/20260828_143150,mm_per_px,2407,240.7459,0.010422
2026-08-28 14:35:51.108,captures/20260828_143150,mm_per_px,2408,240.8426,0.015280
2026-08-28 14:35:51.213,captures/20260828_143150,mm_per_px,2409,240.9473,0.036128
2026-08-28 14:35:51.310,captures/20260828_143150,mm_per_px,2410,241.0448,0.081976
2026-08-28 14:35:51.409,captures/20260828_143150,mm_per_px,2411,241.1434,0.114202
2026-08-28 14:35:51.509,captures/20260828_143150,mm_per_px,2412,241.2438,0.154576
2026-08-28 14:35:51.666,captures/20260828_143150,mm_per_px,2413,241.4000,0.191477
2026-08-28 14:35:51.710,captures/20260828_143150,mm_per_px,2414,241.4440,0.131780
2026-08-28 14:35:51.813,captures/20260828_143150,mm_per_px,2415,241.5470,0.084672
2026-08-28 14:35:51.911,captures/20260828_143150,mm_per_px,2416,241.6451,0.067891
2026-08-28 14:35:52.010,captures/20260828_143150,mm_per_px,2417,241.7445,0.058673
2026-08-28 14:35:52.109,captures/20260828_143150,mm_per_px,2418,241.8438,0.047899
2026-08-28 14:35:52.212,captures/20260828_143150,mm_per_px,2419,241.9463,0.046652
2026-08-28 14:35:52.309,captures/20260828_143150,mm_per_px,2420,242.0436,0.048556
2026-08-28 14:35:52.410,captures/20260828_143150,mm_per_px,2421,242.1440,0.059592
2026-08-28 14:35:52.510,captures/20260828_143150,mm_per_px,2422,242.2445,0.055174
2026-08-28 14:35:52.609,captures/20260828_143150,mm_per_px,2423,242.3433,0.071738
2026-08-28 14:35:52.709,captures/20260828_143150,mm_per_px,2424,242.4439,0.054202
2026-08-28 14:35:52.814,captures/20260828_143150,mm_per_px,2425,242.5485,0.045490
2026-08-28 14:35:52.909,captures/20260828_143150,mm_per_px,2426,242.6436,0.065380
2026-08-28 14:35:53.013,captures/20260828_143150,mm_per_px,2427,242.7473,0.083913
2026-08-28 14:35:53.152,captures/20260828_143150,mm_per_px,2428,242.8864,0.056336
2026-08-28 14:35:53.209,captures/20260828_143150,mm_per_px,2429,242.9437,0.057469
2026-08-28 14:35:53.359,captures/20260828_143150,mm_per_px,2430,243.0936,0.064738
2026-08-28 14:35:53.415,captures/20260828_143150,mm_per_px,2431,243.1492,0.096085
2026-08-28 14:35:53.511,captures/20260828_143150,mm_per_px,2432,243.2457,0.083253
2026-08-28 14:35:53.613,captures/20260828_143150,mm_per_px,2433,243.3474,0.116956
2026-08-28 14:35:53.708,captures/20260828_143150,mm_per_px,2434,243.4429,0.099510
2026-08-28 14:35:53.813,captures/20260828_143150,mm_per_px,2435,243.5471,0.144755
2026-08-28 14:35:53.913,captures/20260828_143150,mm_per_px,2436,243.6476,0.117147
2026-08-28 14:35:54.013,captures/20260828_143150,mm_per_px,2437,243.7478,0.117809
2026-08-28 14:35:54.116,captures/20260828_143150,mm_per_px,2438,243.8504,0.080563
2026-08-28 14:35:54.261,captures/20260828_143150,mm_per_px,2439,243.9954,0.076074
2026-08-28 14:35:54.322,captures/20260828_143150,mm_per_px,2440,244.0560,0.077239
2026-08-28 14:35:54.416,captures/20260828_143150,mm_per_px,2441,244.1506,0.042226
2026-08-28 14:35:54.512,captures/20260828_143150,mm_per_px,2442,244.2460,0.067210
2026-08-28 14:35:54.614,captures/20260828_143150,mm_per_px,2443,244.3482,0.059722
2026-08-28 14:35:54.708,captures/20260828_143150,mm_per_px,2444,244.4428,0.052112
2026-08-28 14:35:54.814,captures/20260828_143150,mm_per_px,2445,244.5487,0.054667
2026-08-28 14:35:54.913,captures/20260828_143150,mm_per_px,2446,244.6475,0.075061
2026-08-28 14:35:55.011,captures/20260828_143150,mm_per_px,2447,244.7459,0.064550
2026-08-28 14:35:55.111,captures/20260828_143150,mm_per_px,2448,244.8453,0.050533
2026-08-28 14:35:55.211,captures/20260828_143150,mm_per_px,2449,244.9452,0.051102
2026-08-28 14:35:55.311,captures/20260828_143150,mm_per_px,2450,245.0454,0.024330
2026-08-28 14:35:55.411,captures/20260828_143150,mm_per_px,2451,245.1459,0.015338
2026-08-28 14:35:55.510,captures/20260828_143150,mm_per_px,2452,245.2444,0.007743
2026-08-28 14:35:55.613,captures/20260828_143150,mm_per_px,2453,245.3474,0.009779
2026-08-28 14:35:55.770,captures/20260828_143150,mm_per_px,2454,245.5041,0.005766
2026-08-28 14:35:55.824,captures/20260828_143150,mm_per_px,2455,245.5585,0.003894
2026-08-28 14:35:55.910,captures/20260828_143150,mm_per_px,2456,245.6449,0.010080
2026-08-28 14:35:56.010,captures/20260828_143150,mm_per_px,2457,245.7443,0.015124
2026-08-28 14:35:56.109,captures/20260828_143150,mm_per_px,2458,245.8439,0.011647
2026-08-28 14:35:56.208,captures/20260828_143150,mm_per_px,2459,245.9420,0.012312
2026-08-28 14:35:56.309,captures/20260828_143150,mm_per_px,2460,246.0430,0.011741
2026-08-28 14:35:56.413,captures/20260828_143150,mm_per_px,2461,246.1479,0.004471
2026-08-28 14:35:56.514,captures/20260828_143150,mm_per_px,2462,246.2480,0.004042
2026-08-28 14:35:56.613,captures/20260828_143150,mm_per_px,2463,246.3478,0.001903
2026-08-28 14:35:56.712,captures/20260828_143150,mm_per_px,2464,246.4465,0.004481
2026-08-28 14:35:56.813,captures/20260828_143150,mm_per_px,2465,246.5475,0.013977
2026-08-28 14:35:56.913,captures/20260828_143150,mm_per_px,2466,246.6477,0.020287
2026-08-28 14:35:57.010,captures/20260828_143150,mm_per_px,2467,246.7440,0.021700
2026-08-28 14:35:57.113,captures/20260828_143150,mm_per_px,2468,246.8474,0.019363
2026-08-28 14:35:57.208,captures/20260828_143150,mm_per_px,2469,246.9429,0.026881
2026-08-28 14:35:57.310,captures/20260828_143150,mm_per_px,2470,247.0440,0.026871
2026-08-28 14:35:57.409,captures/20260828_143150,mm_per_px,2471,247.1433,0.039852
2026-08-28 14:35:57.509,captures/20260828_143150,mm_per_px,2472,247.2430,0.067111
2026-08-28 14:35:57.609,captures/20260828_143150,mm_per_px,2473,247.3431,0.091969
2026-08-28 14:35:57.709,captures/20260828_143150,mm_per_px,2474,247.4432,0.086976
2026-08-28 14:35:57.808,captures/20260828_143150,mm_per_px,2475,247.5424,0.081704
2026-08-28 14:35:57.915,captures/20260828_143150,mm_per_px,2476,247.6497,0.055821
2026-08-28 14:35:58.009,captures/20260828_143150,mm_per_px,2477,247.7434,0.048491
2026-08-28 14:35:58.108,captures/20260828_143150,mm_per_px,2478,247.8428,0.052988
2026-08-28 14:35:58.209,captures/20260828_143150,mm_per_px,2479,247.9439,0.057594
2026-08-28 14:35:58.311,captures/20260828_143150,mm_per_px,2480,248.0450,0.059134
2026-08-28 14:35:58.409,captures/20260828_143150,mm_per_px,2481,248.1435,0.058352
2026-08-28 14:35:58.509,captures/20260828_143150,mm_per_px,2482,248.2439,0.089898
2026-08-28 14:35:58.609,captures/20260828_143150,mm_per_px,2483,248.3431,0.098053
2026-08-28 14:35:58.709,captures/20260828_143150,mm_per_px,2484,248.4432,0.066352
2026-08-28 14:35:58.809,captures/20260828_143150,mm_per_px,2485,248.5433,0.053302
2026-08-28 14:35:58.912,captures/20260828_143150,mm_per_px,2486,248.6468,0.069035
2026-08-28 14:35:59.008,captures/20260828_143150,mm_per_px,2487,248.7424,0.060606
2026-08-28 14:35:59.108,captures/20260828_143150,mm_per_px,2488,248.8429,0.046370
2026-08-28 14:35:59.209,captures/20260828_143150,mm_per_px,2489,248.9431,0.030608
2026-08-28 14:35:59.309,captures/20260828_143150,mm_per_px,2490,249.0438,0.042926
2026-08-28 14:35:59.409,captures/20260828_143150,mm_per_px,2491,249.1432,0.058222
2026-08-28 14:35:59.510,captures/20260828_143150,mm_per_px,2492,249.2446,0.045869
2026-08-28 14:35:59.608,captures/20260828_143150,mm_per_px,2493,249.3428,0.050654
2026-08-28 14:35:59.708,captures/20260828_143150,mm_per_px,2494,249.4420,0.068111
2026-08-28 14:35:59.808,captures/20260828_143150,mm_per_px,2495,249.5424,0.070806
2026-08-28 14:35:59.909,captures/20260828_143150,mm_per_px,2496,249.6436,0.057419
2026-08-28 14:36:00.013,captures/20260828_143150,mm_per_px,2497,249.7475,0.066944
2026-08-28 14:36:00.108,captures/20260828_143150,mm_per_px,2498,249.8429,0.058906
2026-08-28 14:36:00.208,captures/20260828_143150,mm_per_px,2499,249.9426,0.056031
2026-08-28 14:36:00.307,captures/20260828_143150,mm_per_px,2500,250.0417,0.040153
2026-08-28 14:36:00.408,captures/20260828_143150,mm_per_px,2501,250.1425,0.027017
2026-08-28 14:36:00.507,captures/20260828_143150,mm_per_px,2502,250.2414,0.012201
2026-08-28 14:36:00.608,captures/20260828_143150,mm_per_px,2503,250.3425,0.007267
2026-08-28 14:36:00.707,captures/20260828_143150,mm_per_px,2504,250.4417,0.003775
2026-08-28 14:36:00.806,captures/20260828_143150,mm_per_px,2505,250.5405,0.001356
2026-08-28 14:36:00.906,captures/20260828_143150,mm_per_px,2506,250.6405,0.000173
2026-08-28 14:36:01.011,captures/20260828_143150,mm_per_px,2507,250.7453,0.000000
2026-08-28 14:36:01.108,captures/20260828_143150,mm_per_px,2508,250.8426,0.000000
2026-08-28 14:36:01.207,captures/20260828_143150,mm_per_px,2509,250.9412,0.000000
2026-08-28 14:36:01.307,captures/20260828_143150,mm_per_px,2510,251.0416,0.000000
2026-08-28 14:36:01.407,captures/20260828_143150,mm_per_px,2511,251.1416,0.000486
2026-08-28 14:36:01.509,captures/20260828_143150,mm_per_px,2512,251.2432,0.000000
2026-08-28 14:36:01.608,captures/20260828_143150,mm_per_px,2513,251.3421,0.000245
2026-08-28 14:36:01.707,captures/20260828_143150,mm_per_px,2514,251.4415,0.000486
2026-08-28 14:36:01.809,captures/20260828_143150,mm_per_px,2515,251.5430,0.000000
2026-08-28 14:36:01.908,captures/20260828_143150,mm_per_px,2516,251.6421,0.001261
2026-08-28 14:36:02.012,captures/20260828_143150,mm_per_px,2517,251.7466,0.002477
2026-08-28 14:36:02.107,captures/20260828_143150,mm_per_px,2518,251.8419,0.000000
2026-08-28 14:36:02.208,captures/20260828_143150,mm_per_px,2519,251.9423,0.000242
2026-08-28 14:36:02.306,captures/20260828_143150,mm_per_px,2520,252.0409,0.000000
2026-08-28 14:36:02.408,captures/20260828_143150,mm_per_px,2521,252.1423,0.000539
2026-08-28 14:36:02.509,captures/20260828_143150,mm_per_px,2522,252.2431,0.000000
2026-08-28 14:36:02.610,captures/20260828_143150,mm_per_px,2523,252.3449,0.000535
2026-08-28 14:36:02.709,captures/20260828_143150,mm_per_px,2524,252.4433,0.002889
2026-08-28 14:36:02.811,captures/20260828_143150,mm_per_px,2525,252.5452,0.001217
2026-08-28 14:36:02.910,captures/20260828_143150,mm_per_px,2526,252.6440,0.007284
2026-08-28 14:36:03.018,captures/20260828_143150,mm_per_px,2527,252.7523,0.018860
2026-08-28 14:36:03.111,captures/20260828_143150,mm_per_px,2528,252.8453,0.007264
2026-08-28 14:36:03.209,captures/20260828_143150,mm_per_px,2529,252.9431,0.010720
2026-08-28 14:36:03.309,captures/20260828_143150,mm_per_px,2530,253.0430,0.016449
2026-08-28 14:36:03.408,captures/20260828_143150,mm_per_px,2531,253.1427,0.033227
2026-08-28 14:36:03.509,captures/20260828_143150,mm_per_px,2532,253.2437,0.069358
2026-08-28 14:36:03.608,captures/20260828_143150,mm_per_px,2533,253.3424,0.076673
2026-08-28 14:36:03.708,captures/20260828_143150,mm_per_px,2534,253.4425,0.055053
2026-08-28 14:36:03.808,captures/20260828_143150,mm_per_px,2535,253.5423,0.049724
2026-08-28 14:36:03.907,captures/20260828_143150,mm_per_px,2536,253.6418,0.050566
2026-08-28 14:36:04.009,captures/20260828_143150,mm_per_px,2537,253.7430,0.038326
2026-08-28 14:36:04.112,captures/20260828_143150,mm_per_px,2538,253.8465,0.018587
2026-08-28 14:36:04.207,captures/20260828_143150,mm_per_px,2539,253.9418,0.010678
2026-08-28 14:36:04.307,captures/20260828_143150,mm_per_px,2540,254.0418,0.008427
2026-08-28 14:36:04.408,captures/20260828_143150,mm_per_px,2541,254.1422,0.006474
2026-08-28 14:36:04.508,captures/20260828_143150,mm_per_px,2542,254.2421,0.006668
2026-08-28 14:36:04.610,captures/20260828_143150,mm_per_px,2543,254.3448,0.006972
2026-08-28 14:36:04.708,captures/20260828_143150,mm_per_px,2544,254.4429,0.003752
2026-08-28 14:36:04.808,captures/20260828_143150,mm_per_px,2545,254.5429,0.001623
2026-08-28 14:36:04.908,captures/20260828_143150,mm_per_px,2546,254.6422,0.003365
2026-08-28 14:36:05.007,captures/20260828_143150,mm_per_px,2547,254.7413,0.000556
2026-08-28 14:36:05.113,captures/20260828_143150,mm_per_px,2548,254.8471,0.000000
2026-08-28 14:36:05.207,captures/20260828_143150,mm_per_px,2549,254.9415,0.004247
2026-08-28 14:36:05.307,captures/20260828_143150,mm_per_px,2550,255.0413,0.001568
2026-08-28 14:36:05.411,captures/20260828_143150,mm_per_px,2551,255.1456,0.002668
2026-08-28 14:36:05.510,captures/20260828_143150,mm_per_px,2552,255.2447,0.001107
2026-08-28 14:36:05.609,captures/20260828_143150,mm_per_px,2553,255.3434,0.002819
2026-08-28 14:36:05.708,captures/20260828_143150,mm_per_px,2554,255.4422,0.000000
2026-08-28 14:36:05.808,captures/20260828_143150,mm_per_px,2555,255.5420,0.000000
2026-08-28 14:36:05.908,captures/20260828_143150,mm_per_px,2556,255.6420,0.000000
2026-08-28 14:36:06.008,captures/20260828_143150,mm_per_px,2557,255.7424,0.001533
2026-08-28 14:36:06.112,captures/20260828_143150,mm_per_px,2558,255.8467,0.000545
2026-08-28 14:36:06.210,captures/20260828_143150,mm_per_px,2559,255.9449,0.005661
2026-08-28 14:36:06.309,captures/20260828_143150,mm_per_px,2560,256.0438,0.003664
2026-08-28 14:36:06.412,captures/20260828_143150,mm_per_px,2561,256.1460,0.008210
2026-08-28 14:36:06.511,captures/20260828_143150,mm_per_px,2562,256.2450,0.010714
2026-08-28 14:36:06.610,captures/20260828_143150,mm_per_px,2563,256.3443,0.020265
2026-08-28 14:36:06.709,captures/20260828_143150,mm_per_px,2564,256.4434,0.011673
2026-08-28 14:36:06.811,captures/20260828_143150,mm_per_px,2565,256.5453,0.015890
2026-08-28 14:36:06.909,captures/20260828_143150,mm_per_px,2566,256.6431,0.006346
2026-08-28 14:36:07.012,captures/20260828_143150,mm_per_px,2567,256.7460,0.004754
2026-08-28 14:36:07.113,captures/20260828_143150,mm_per_px,2568,256.8477,0.001321
2026-08-28 14:36:07.208,captures/20260828_143150,mm_per_px,2569,256.9427,0.002677
2026-08-28 14:36:07.308,captures/20260828_143150,mm_per_px,2570,257.0425,0.002536
2026-08-28 14:36:07.412,captures/20260828_143150,mm_per_px,2571,257.1468,0.006886
2026-08-28 14:36:07.508,captures/20260828_143150,mm_per_px,2572,257.2429,0.009980
2026-08-28 14:36:07.609,captures/20260828_143150,mm_per_px,2573,257.3434,0.034345
2026-08-28 14:36:07.710,captures/20260828_143150,mm_per_px,2574,257.4443,0.020164
2026-08-28 14:36:07.811,captures/20260828_143150,mm_per_px,2575,257.5453,0.034015
2026-08-28 14:36:07.909,captures/20260828_143150,mm_per_px,2576,257.6434,0.041052
2026-08-28 14:36:08.008,captures/20260828_143150,mm_per_px,2577,257.7427,0.043909
2026-08-28 14:36:08.108,captures/20260828_143150,mm_per_px,2578,257.8427,0.024363
2026-08-28 14:36:08.211,captures/20260828_143150,mm_per_px,2579,257.9452,0.010248
2026-08-28 14:36:08.312,captures/20260828_143150,mm_per_px,2580,258.0466,0.010717
2026-08-28 14:36:08.409,captures/20260828_143150,mm_per_px,2581,258.1435,0.018379
2026-08-28 14:36:08.511,captures/20260828_143150,mm_per_px,2582,258.2454,0.021309
2026-08-28 14:36:08.609,captures/20260828_143150,mm_per_px,2583,258.3437,0.023861
2026-08-28 14:36:08.709,captures/20260828_143150,mm_per_px,2584,258.4430,0.027275
2026-08-28 14:36:08.808,captures/20260828_143150,mm_per_px,2585,258.5421,0.059713
2026-08-28 14:36:08.910,captures/20260828_143150,mm_per_px,2586,258.6440,0.065880
2026-08-28 14:36:09.009,captures/20260828_143150,mm_per_px,2587,258.7433,0.062889
2026-08-28 14:36:09.109,captures/20260828_143150,mm_per_px,2588,258.8434,0.066722
2026-08-28 14:36:09.214,captures/20260828_143150,mm_per_px,2589,258.9486,0.073074
2026-08-28 14:36:09.311,captures/20260828_143150,mm_per_px,2590,259.0456,0.033755
2026-08-28 14:36:09.410,captures/20260828_143150,mm_per_px,2591,259.1447,0.030342
2026-08-28 14:36:09.510,captures/20260828_143150,mm_per_px,2592,259.2447,0.028772
2026-08-28 14:36:09.611,captures/20260828_143150,mm_per_px,2593,259.3450,0.082197
2026-08-28 14:36:09.712,captures/20260828_143150,mm_per_px,2594,259.4460,0.092748
2026-08-28 14:36:09.811,captures/20260828_143150,mm_per_px,2595,259.5450,0.099544
2026-08-28 14:36:09.912,captures/20260828_143150,mm_per_px,2596,259.6466,0.023708
2026-08-28 14:36:10.009,captures/20260828_143150,mm_per_px,2597,259.7431,0.005171
2026-08-28 14:36:10.115,captures/20260828_143150,mm_per_px,2598,259.8494,0.000552
2026-08-28 14:36:10.212,captures/20260828_143150,mm_per_px,2599,259.9467,0.002385
2026-08-28 14:36:10.310,captures/20260828_143150,mm_per_px,2600,260.0441,0.002522
2026-08-28 14:36:10.413,captures/20260828_143150,mm_per_px,2601,260.1470,0.002018
2026-08-28 14:36:10.511,captures/20260828_143150,mm_per_px,2602,260.2450,0.000803
2026-08-28 14:36:10.613,captures/20260828_143150,mm_per_px,2603,260.3478,0.007231
2026-08-28 14:36:10.709,captures/20260828_143150,mm_per_px,2604,260.4437,0.012758
2026-08-28 14:36:10.810,captures/20260828_143150,mm_per_px,2605,260.5445,0.007783
2026-08-28 14:36:10.912,captures/20260828_143150,mm_per_px,2606,260.6463,0.008623
2026-08-28 14:36:11.011,captures/20260828_143150,mm_per_px,2607,260.7450,0.008350
2026-08-28 14:36:11.109,captures/20260828_143150,mm_per_px,2608,260.8437,0.001644
2026-08-28 14:36:11.211,captures/20260828_143150,mm_per_px,2609,260.9450,0.001588
2026-08-28 14:36:11.310,captures/20260828_143150,mm_per_px,2610,261.0443,0.000000
2026-08-28 14:36:11.409,captures/20260828_143150,mm_per_px,2611,261.1437,0.002301
2026-08-28 14:36:11.513,captures/20260828_143150,mm_per_px,2612,261.2472,0.000833
2026-08-28 14:36:11.609,captures/20260828_143150,mm_per_px,2613,261.3435,0.003901
2026-08-28 14:36:11.711,captures/20260828_143150,mm_per_px,2614,261.4452,0.002084
2026-08-28 14:36:11.810,captures/20260828_143150,mm_per_px,2615,261.5449,0.006715
2026-08-28 14:36:11.912,captures/20260828_143150,mm_per_px,2616,261.6460,0.029567
2026-08-28 14:36:12.013,captures/20260828_143150,mm_per_px,2617,261.7478,0.067070
2026-08-28 14:36:12.112,captures/20260828_143150,mm_per_px,2618,261.8463,0.052744
2026-08-28 14:36:12.212,captures/20260828_143150,mm_per_px,2619,261.9460,0.056165
2026-08-28 14:36:12.310,captures/20260828_143150,mm_per_px,2620,262.0443,0.042225
2026-08-28 14:36:12.409,captures/20260828_143150,mm_per_px,2621,262.1434,0.025749
2026-08-28 14:36:12.510,captures/20260828_143150,mm_per_px,2622,262.2448,0.019363
2026-08-28 14:36:12.612,captures/20260828_143150,mm_per_px,2623,262.3469,0.023932
2026-08-28 14:36:12.711,captures/20260828_143150,mm_per_px,2624,262.4458,0.021988
2026-08-28 14:36:12.812,captures/20260828_143150,mm_per_px,2625,262.5467,0.064976
2026-08-28 14:36:12.911,captures/20260828_143150,mm_per_px,2626,262.6450,0.054977
2026-08-28 14:36:13.010,captures/20260828_143150,mm_per_px,2627,262.7441,0.070794
2026-08-28 14:36:13.110,captures/20260828_143150,mm_per_px,2628,262.8444,0.048612
2026-08-28 14:36:13.210,captures/20260828_143150,mm_per_px,2629,262.9442,0.083379
2026-08-28 14:36:13.310,captures/20260828_143150,mm_per_px,2630,263.0444,0.095588
2026-08-28 14:36:13.412,captures/20260828_143150,mm_per_px,2631,263.1460,0.096775
2026-08-28 14:36:13.510,captures/20260828_143150,mm_per_px,2632,263.2442,0.049458
2026-08-28 14:36:13.609,captures/20260828_143150,mm_per_px,2633,263.3435,0.045938
2026-08-28 14:36:13.710,captures/20260828_143150,mm_per_px,2634,263.4442,0.043883
2026-08-28 14:36:13.810,captures/20260828_143150,mm_per_px,2635,263.5443,0.067509
2026-08-28 14:36:13.915,captures/20260828_143150,mm_per_px,2636,263.6496,0.053313
2026-08-28 14:36:14.009,captures/20260828_143150,mm_per_px,2637,263.7431,0.086779
2026-08-28 14:36:14.109,captures/20260828_143150,mm_per_px,2638,263.8434,0.078663
2026-08-28 14:36:14.208,captures/20260828_143150,mm_per_px,2639,263.9426,0.071428
2026-08-28 14:36:14.310,captures/20260828_143150,mm_per_px,2640,264.0442,0.072463
2026-08-28 14:36:14.420,captures/20260828_143150,mm_per_px,2641,264.1542,0.066397
2026-08-28 14:36:14.509,captures/20260828_143150,mm_per_px,2642,264.2439,0.085655
2026-08-28 14:36:14.610,captures/20260828_143150,mm_per_px,2643,264.3449,0.099723
2026-08-28 14:36:14.710,captures/20260828_143150,mm_per_px,2644,264.4445,0.102892
2026-08-28 14:36:14.810,captures/20260828_143150,mm_per_px,2645,264.5446,0.079083
2026-08-28 14:36:14.910,captures/20260828_143150,mm_per_px,2646,264.6445,0.047103
2026-08-28 14:36:15.009,captures/20260828_143150,mm_per_px,2647,264.7436,0.032896
2026-08-28 14:36:15.109,captures/20260828_143150,mm_per_px,2648,264.8433,0.028740
2026-08-28 14:36:15.209,captures/20260828_143150,mm_per_px,2649,264.9435,0.014459
2026-08-28 14:36:15.314,captures/20260828_143150,mm_per_px,2650,265.0482,0.005085
2026-08-28 14:36:15.410,captures/20260828_143150,mm_per_px,2651,265.1440,0.000840
2026-08-28 14:36:15.510,captures/20260828_143150,mm_per_px,2652,265.2444,0.001107
2026-08-28 14:36:15.613,captures/20260828_143150,mm_per_px,2653,265.3474,0.003513
2026-08-28 14:36:15.711,captures/20260828_143150,mm_per_px,2654,265.4457,0.000218
2026-08-28 14:36:15.815,captures/20260828_143150,mm_per_px,2655,265.5494,0.000000
2026-08-28 14:36:15.913,captures/20260828_143150,mm_per_px,2656,265.6473,0.000155
2026-08-28 14:36:16.013,captures/20260828_143150,mm_per_px,2657,265.7473,0.000000
2026-08-28 14:36:16.110,captures/20260828_143150,mm_per_px,2658,265.8449,0.000462
2026-08-28 14:36:16.213,captures/20260828_143150,mm_per_px,2659,265.9470,0.002161
2026-08-28 14:36:16.311,captures/20260828_143150,mm_per_px,2660,266.0453,0.003983
2026-08-28 14:36:16.415,captures/20260828_143150,mm_per_px,2661,266.1494,0.002948
2026-08-28 14:36:16.511,captures/20260828_143150,mm_per_px,2662,266.2454,0.002959
2026-08-28 14:36:16.609,captures/20260828_143150,mm_per_px,2663,266.3437,0.002737
2026-08-28 14:36:16.711,captures/20260828_143150,mm_per_px,2664,266.4451,0.004991
2026-08-28 14:36:16.809,captures/20260828_143150,mm_per_px,2665,266.5438,0.002596
2026-08-28 14:36:16.910,captures/20260828_143150,mm_per_px,2666,266.6440,0.000675
2026-08-28 14:36:17.009,captures/20260828_143150,mm_per_px,2667,266.7439,0.002009
2026-08-28 14:36:17.111,captures/20260828_143150,mm_per_px,2668,266.8455,0.000554
2026-08-28 14:36:17.211,captures/20260828_143150,mm_per_px,2669,266.9454,0.000000
2026-08-28 14:36:17.310,captures/20260828_143150,mm_per_px,2670,267.0443,0.000653
2026-08-28 14:36:17.463,captures/20260828_143150,mm_per_px,2671,267.1979,0.000000
2026-08-28 14:36:17.547,captures/20260828_143150,mm_per_px,2672,267.2813,0.000000
2026-08-28 14:36:17.614,captures/20260828_143150,mm_per_px,2673,267.3488,0.000000
2026-08-28 14:36:17.712,captures/20260828_143150,mm_per_px,2674,267.4460,0.001073
2026-08-28 14:36:17.811,captures/20260828_143150,mm_per_px,2675,267.5450,0.001388
2026-08-28 14:36:17.912,captures/20260828_143150,mm_per_px,2676,267.6460,0.000711
2026-08-28 14:36:18.013,captures/20260828_143150,mm_per_px,2677,267.7477,0.000634
2026-08-28 14:36:18.112,captures/20260828_143150,mm_per_px,2678,267.8466,0.000808
2026-08-28 14:36:18.211,captures/20260828_143150,mm_per_px,2679,267.9458,0.001754
2026-08-28 14:36:18.312,captures/20260828_143150,mm_per_px,2680,268.0460,0.002653
2026-08-28 14:36:18.409,captures/20260828_143150,mm_per_px,2681,268.1431,0.000736
2026-08-28 14:36:18.515,captures/20260828_143150,mm_per_px,2682,268.2493,0.000163
2026-08-28 14:36:18.609,captures/20260828_143150,mm_per_px,2683,268.3437,0.000000
2026-08-28 14:36:18.710,captures/20260828_143150,mm_per_px,2684,268.4447,0.000278
2026-08-28 14:36:18.811,captures/20260828_143150,mm_per_px,2685,268.5450,0.000000
2026-08-28 14:36:18.911,captures/20260828_143150,mm_per_px,2686,268.6452,0.000400
2026-08-28 14:36:19.054,captures/20260828_143150,mm_per_px,2687,268.7889,0.000391
2026-08-28 14:36:19.144,captures/20260828_143150,mm_per_px,2688,268.8785,0.000165
2026-08-28 14:36:19.209,captures/20260828_143150,mm_per_px,2689,268.9434,0.000654
2026-08-28 14:36:19.314,captures/20260828_143150,mm_per_px,2690,269.0481,0.000000
2026-08-28 14:36:19.411,captures/20260828_143150,mm_per_px,2691,269.1451,0.000378
2026-08-28 14:36:19.511,captures/20260828_143150,mm_per_px,2692,269.2459,0.002002
2026-08-28 14:36:19.612,captures/20260828_143150,mm_per_px,2693,269.3466,0.003980
2026-08-28 14:36:19.710,captures/20260828_143150,mm_per_px,2694,269.4449,0.007739
2026-08-28 14:36:19.811,captures/20260828_143150,mm_per_px,2695,269.5458,0.006563
2026-08-28 14:36:19.912,captures/20260828_143150,mm_per_px,2696,269.6464,0.001376
2026-08-28 14:36:20.013,captures/20260828_143150,mm_per_px,2697,269.7472,0.003993
2026-08-28 14:36:20.114,captures/20260828_143150,mm_per_px,2698,269.8485,0.006992
2026-08-28 14:36:20.214,captures/20260828_143150,mm_per_px,2699,269.9484,0.005683
2026-08-28 14:36:20.313,captures/20260828_143150,mm_per_px,2700,270.0471,0.000566
2026-08-28 14:36:20.409,captures/20260828_143150,mm_per_px,2701,270.1436,0.000000
2026-08-28 14:36:20.511,captures/20260828_143150,mm_per_px,2702,270.2450,0.001225
2026-08-28 14:36:20.611,captures/20260828_143150,mm_per_px,2703,270.3453,0.001581
2026-08-28 14:36:20.716,captures/20260828_143150,mm_per_px,2704,270.4503,0.003339
2026-08-28 14:36:20.809,captures/20260828_143150,mm_per_px,2705,270.5435,0.007206
2026-08-28 14:36:20.910,captures/20260828_143150,mm_per_px,2706,270.6448,0.006308
2026-08-28 14:36:21.012,captures/20260828_143150,mm_per_px,2707,270.7464,0.002471
2026-08-28 14:36:21.109,captures/20260828_143150,mm_per_px,2708,270.8439,0.018220
2026-08-28 14:36:21.209,captures/20260828_143150,mm_per_px,2709,270.9439,0.012460
2026-08-28 14:36:21.310,captures/20260828_143150,mm_per_px,2710,271.0446,0.034623
2026-08-28 14:36:21.418,captures/20260828_143150,mm_per_px,2711,271.1528,0.024386
2026-08-28 14:36:21.515,captures/20260828_143150,mm_per_px,2712,271.2496,0.023445
2026-08-28 14:36:21.615,captures/20260828_143150,mm_per_px,2713,271.3495,0.026840
2026-08-28 14:36:21.714,captures/20260828_143150,mm_per_px,2714,271.4487,0.013457
2026-08-28 14:36:21.813,captures/20260828_143150,mm_per_px,2715,271.5477,0.016138
2026-08-28 14:36:21.912,captures/20260828_143150,mm_per_px,2716,271.6468,0.019943
2026-08-28 14:36:22.012,captures/20260828_143150,mm_per_px,2717,271.7469,0.005085
2026-08-28 14:36:22.115,captures/20260828_143150,mm_per_px,2718,271.8491,0.004398
2026-08-28 14:36:22.217,captures/20260828_143150,mm_per_px,2719,271.9512,0.006971
2026-08-28 14:36:22.314,captures/20260828_143150,mm_per_px,2720,272.0486,0.006937
2026-08-28 14:36:22.414,captures/20260828_143150,mm_per_px,2721,272.1487,0.008888
2026-08-28 14:36:22.511,captures/20260828_143150,mm_per_px,2722,272.2454,0.005839
2026-08-28 14:36:22.616,captures/20260828_143150,mm_per_px,2723,272.3503,0.001597
2026-08-28 14:36:22.713,captures/20260828_143150,mm_per_px,2724,272.4477,0.001781
2026-08-28 14:36:22.815,captures/20260828_143150,mm_per_px,2725,272.5498,0.001181
2026-08-28 14:36:22.915,captures/20260828_143150,mm_per_px,2726,272.6491,0.000438
2026-08-28 14:36:23.014,captures/20260828_143150,mm_per_px,2727,272.7487,0.000463
2026-08-28 14:36:23.115,captures/20260828_143150,mm_per_px,2728,272.8497,0.002882
2026-08-28 14:36:23.215,captures/20260828_143150,mm_per_px,2729,272.9495,0.002899
2026-08-28 14:36:23.318,captures/20260828_143150,mm_per_px,2730,273.0529,0.002491
2026-08-28 14:36:23.411,captures/20260828_143150,mm_per_px,2731,273.1458,0.002224
2026-08-28 14:36:23.517,captures/20260828_143150,mm_per_px,2732,273.2519,0.007805
2026-08-28 14:36:23.620,captures/20260828_143150,mm_per_px,2733,273.3549,0.012102
2026-08-28 14:36:23.716,captures/20260828_143150,mm_per_px,2734,273.4505,0.004045
2026-08-28 14:36:23.818,captures/20260828_143150,mm_per_px,2735,273.5524,0.007441
2026-08-28 14:36:23.912,captures/20260828_143150,mm_per_px,2736,273.6467,0.012657
2026-08-28 14:36:24.010,captures/20260828_143150,mm_per_px,2737,273.7440,0.006304
2026-08-28 14:36:24.112,captures/20260828_143150,mm_per_px,2738,273.8466,0.004142
2026-08-28 14:36:24.216,captures/20260828_143150,mm_per_px,2739,273.9500,0.004188
2026-08-28 14:36:24.313,captures/20260828_143150,mm_per_px,2740,274.0477,0.002420
2026-08-28 14:36:24.418,captures/20260828_143150,mm_per_px,2741,274.1523,0.010507
2026-08-28 14:36:24.511,captures/20260828_143150,mm_per_px,2742,274.2456,0.010891
2026-08-28 14:36:24.616,captures/20260828_143150,mm_per_px,2743,274.3504,0.026548
2026-08-28 14:36:24.714,captures/20260828_143150,mm_per_px,2744,274.4482,0.019502
2026-08-28 14:36:24.811,captures/20260828_143150,mm_per_px,2745,274.5452,0.022829
2026-08-28 14:36:24.909,captures/20260828_143150,mm_per_px,2746,274.6439,0.032113
2026-08-28 14:36:25.011,captures/20260828_143150,mm_per_px,2747,274.7454,0.024038
2026-08-28 14:36:25.109,captures/20260828_143150,mm_per_px,2748,274.8439,0.024349
2026-08-28 14:36:25.210,captures/20260828_143150,mm_per_px,2749,274.9447,0.032034
2026-08-28 14:36:25.308,captures/20260828_143150,mm_per_px,2750,275.0423,0.022934
2026-08-28 14:36:25.408,captures/20260828_143150,mm_per_px,2751,275.1424,0.024459
2026-08-28 14:36:25.508,captures/20260828_143150,mm_per_px,2752,275.2429,0.022645
2026-08-28 14:36:25.615,captures/20260828_143150,mm_per_px,2753,275.3490,0.031981
2026-08-28 14:36:25.716,captures/20260828_143150,mm_per_px,2754,275.4502,0.035562
2026-08-28 14:36:25.812,captures/20260828_143150,mm_per_px,2755,275.5463,0.026820
2026-08-28 14:36:25.910,captures/20260828_143150,mm_per_px,2756,275.6448,0.028860
2026-08-28 14:36:26.009,captures/20260828_143150,mm_per_px,2757,275.7439,0.033215
2026-08-28 14:36:26.109,captures/20260828_143150,mm_per_px,2758,275.8431,0.026430
2026-08-28 14:36:26.299,captures/20260828_143150,mm_per_px,2759,276.0331,0.040905
2026-08-28 14:36:26.357,captures/20260828_143150,mm_per_px,2760,276.0917,0.025564
2026-08-28 14:36:26.408,captures/20260828_143150,mm_per_px,2761,276.1422,0.023215
2026-08-28 14:36:26.509,captures/20260828_143150,mm_per_px,2762,276.2439,0.015381
2026-08-28 14:36:26.612,captures/20260828_143150,mm_per_px,2763,276.3467,0.016218
2026-08-28 14:36:26.711,captures/20260828_143150,mm_per_px,2764,276.4457,0.018441
2026-08-28 14:36:26.812,captures/20260828_143150,mm_per_px,2765,276.5465,0.018431
2026-08-28 14:36:26.911,captures/20260828_143150,mm_per_px,2766,276.6450,0.022465
2026-08-28 14:36:27.010,captures/20260828_143150,mm_per_px,2767,276.7449,0.018680
2026-08-28 14:36:27.108,captures/20260828_143150,mm_per_px,2768,276.8429,0.006934
2026-08-28 14:36:27.208,captures/20260828_143150,mm_per_px,2769,276.9428,0.003942
2026-08-28 14:36:27.308,captures/20260828_143150,mm_per_px,2770,277.0421,0.001161
2026-08-28 14:36:27.409,captures/20260828_143150,mm_per_px,2771,277.1434,0.005218
2026-08-28 14:36:27.508,captures/20260828_143150,mm_per_px,2772,277.2426,0.001364
2026-08-28 14:36:27.612,captures/20260828_143150,mm_per_px,2773,277.3465,0.000412
2026-08-28 14:36:27.710,captures/20260828_143150,mm_per_px,2774,277.4448,0.001222
2026-08-28 14:36:27.809,captures/20260828_143150,mm_per_px,2775,277.5437,0.002594
2026-08-28 14:36:27.913,captures/20260828_143150,mm_per_px,2776,277.6471,0.000934
2026-08-28 14:36:28.009,captures/20260828_143150,mm_per_px,2777,277.7436,0.000160
2026-08-28 14:36:28.110,captures/20260828_143150,mm_per_px,2778,277.8441,0.000826
2026-08-28 14:36:28.211,captures/20260828_143150,mm_per_px,2779,277.9451,0.000428
2026-08-28 14:36:28.311,captures/20260828_143150,mm_per_px,2780,278.0458,0.000372
2026-08-28 14:36:28.409,captures/20260828_143150,mm_per_px,2781,278.1431,0.000709
2026-08-28 14:36:28.511,captures/20260828_143150,mm_per_px,2782,278.2450,0.001272
2026-08-28 14:36:28.613,captures/20260828_143150,mm_per_px,2783,278.3470,0.000485
2026-08-28 14:36:28.712,captures/20260828_143150,mm_per_px,2784,278.4466,0.001263
2026-08-28 14:36:28.809,captures/20260828_143150,mm_per_px,2785,278.5437,0.001399
2026-08-28 14:36:28.908,captures/20260828_143150,mm_per_px,2786,278.6421,0.002210
2026-08-28 14:36:29.010,captures/20260828_143150,mm_per_px,2787,278.7446,0.001446
2026-08-28 14:36:29.110,captures/20260828_143150,mm_per_px,2788,278.8442,0.001908
2026-08-28 14:36:29.210,captures/20260828_143150,mm_per_px,2789,278.9445,0.008814
2026-08-28 14:36:29.311,captures/20260828_143150,mm_per_px,2790,279.0451,0.016265
2026-08-28 14:36:29.408,captures/20260828_143150,mm_per_px,2791,279.1422,0.007516
2026-08-28 14:36:29.509,captures/20260828_143150,mm_per_px,2792,279.2431,0.016100
2026-08-28 14:36:29.609,captures/20260828_143150,mm_per_px,2793,279.3437,0.019629
2026-08-28 14:36:29.712,captures/20260828_143150,mm_per_px,2794,279.4465,0.034326
2026-08-28 14:36:29.810,captures/20260828_143150,mm_per_px,2795,279.5444,0.019936
2026-08-28 14:36:29.911,captures/20260828_143150,mm_per_px,2796,279.6455,0.026692
2026-08-28 14:36:30.010,captures/20260828_143150,mm_per_px,2797,279.7442,0.030904
2026-08-28 14:36:30.112,captures/20260828_143150,mm_per_px,2798,279.8466,0.033102
2026-08-28 14:36:30.209,captures/20260828_143150,mm_per_px,2799,279.9430,0.027058
2026-08-28 14:36:30.308,captures/20260828_143150,mm_per_px,2800,280.0425,0.014357
2026-08-28 14:36:30.408,captures/20260828_143150,mm_per_px,2801,280.1426,0.021034
2026-08-28 14:36:30.508,captures/20260828_143150,mm_per_px,2802,280.2422,0.016674
2026-08-28 14:36:30.610,captures/20260828_143150,mm_per_px,2803,280.3441,0.011684
2026-08-28 14:36:30.710,captures/20260828_143150,mm_per_px,2804,280.4442,0.006860
2026-08-28 14:36:30.809,captures/20260828_143150,mm_per_px,2805,280.5430,0.005302
2026-08-28 14:36:30.907,captures/20260828_143150,mm_per_px,2806,280.6417,0.006293
2026-08-28 14:36:31.012,captures/20260828_143150,mm_per_px,2807,280.7465,0.010808
2026-08-28 14:36:31.111,captures/20260828_143150,mm_per_px,2808,280.8451,0.006488
2026-08-28 14:36:31.209,captures/20260828_143150,mm_per_px,2809,280.9435,0.004519
2026-08-28 14:36:31.309,captures/20260828_143150,mm_per_px,2810,281.0435,0.004184
2026-08-28 14:36:31.408,captures/20260828_143150,mm_per_px,2811,281.1420,0.009948
2026-08-28 14:36:31.509,captures/20260828_143150,mm_per_px,2812,281.2431,0.007954
2026-08-28 14:36:31.608,captures/20260828_143150,mm_per_px,2813,281.3426,0.004058
2026-08-28 14:36:31.709,captures/20260828_143150,mm_per_px,2814,281.4434,0.003424
2026-08-28 14:36:31.812,captures/20260828_143150,mm_per_px,2815,281.5462,0.003931
2026-08-28 14:36:31.911,captures/20260828_143150,mm_per_px,2816,281.6455,0.001543
2026-08-28 14:36:32.012,captures/20260828_143150,mm_per_px,2817,281.7464,0.003454
2026-08-28 14:36:32.109,captures/20260828_143150,mm_per_px,2818,281.8435,0.002984
2026-08-28 14:36:32.209,captures/20260828_143150,mm_per_px,2819,281.9436,0.000267
2026-08-28 14:36:32.309,captures/20260828_143150,mm_per_px,2820,282.0435,0.000289
2026-08-28 14:36:32.408,captures/20260828_143150,mm_per_px,2821,282.1422,0.006326
2026-08-28 14:36:32.508,captures/20260828_143150,mm_per_px,2822,282.2424,0.016361
2026-08-28 14:36:32.610,captures/20260828_143150,mm_per_px,2823,282.3440,0.011715
2026-08-28 14:36:32.709,captures/20260828_143150,mm_per_px,2824,282.4434,0.007612
2026-08-28 14:36:32.812,captures/20260828_143150,mm_per_px,2825,282.5460,0.014937
2026-08-28 14:36:32.909,captures/20260828_143150,mm_per_px,2826,282.6436,0.017360
2026-08-28 14:36:33.012,captures/20260828_143150,mm_per_px,2827,282.7461,0.029005
2026-08-28 14:36:33.113,captures/20260828_143150,mm_per_px,2828,282.8470,0.037061
2026-08-28 14:36:33.210,captures/20260828_143150,mm_per_px,2829,282.9444,0.033019
2026-08-28 14:36:33.310,captures/20260828_143150,mm_per_px,2830,283.0441,0.022694
2026-08-28 14:36:33.410,captures/20260828_143150,mm_per_px,2831,283.1448,0.020158
2026-08-28 14:36:33.508,captures/20260828_143150,mm_per_px,2832,283.2421,0.020196
2026-08-28 14:36:33.609,captures/20260828_143150,mm_per_px,2833,283.3434,0.010033
2026-08-28 14:36:33.708,captures/20260828_143150,mm_per_px,2834,283.4429,0.004356
2026-08-28 14:36:33.813,captures/20260828_143150,mm_per_px,2835,283.5479,0.009827
2026-08-28 14:36:33.910,captures/20260828_143150,mm_per_px,2836,283.6441,0.004109
2026-08-28 14:36:34.013,captures/20260828_143150,mm_per_px,2837,283.7471,0.016306
2026-08-28 14:36:34.113,captures/20260828_143150,mm_per_px,2838,283.8478,0.018064
2026-08-28 14:36:34.209,captures/20260828_143150,mm_per_px,2839,283.9437,0.020159
2026-08-28 14:36:34.309,captures/20260828_143150,mm_per_px,2840,284.0436,0.019244
2026-08-28 14:36:34.411,captures/20260828_143150,mm_per_px,2841,284.1450,0.027057
2026-08-28 14:36:34.509,captures/20260828_143150,mm_per_px,2842,284.2439,0.021906
2026-08-28 14:36:34.610,captures/20260828_143150,mm_per_px,2843,284.3443,0.027745
2026-08-28 14:36:34.708,captures/20260828_143150,mm_per_px,2844,284.4425,0.032971
2026-08-28 14:36:34.813,captures/20260828_143150,mm_per_px,2845,284.5471,0.030620
2026-08-28 14:36:34.912,captures/20260828_143150,mm_per_px,2846,284.6469,0.026219
2026-08-28 14:36:35.012,captures/20260828_143150,mm_per_px,2847,284.7464,0.028614
2026-08-28 14:36:35.118,captures/20260828_143150,mm_per_px,2848,284.8520,0.006110
2026-08-28 14:36:35.211,captures/20260828_143150,mm_per_px,2849,284.9453,0.008455
2026-08-28 14:36:35.308,captures/20260828_143150,mm_per_px,2850,285.0426,0.007984
2026-08-28 14:36:35.408,captures/20260828_143150,mm_per_px,2851,285.1421,0.001062
2026-08-28 14:36:35.509,captures/20260828_143150,mm_per_px,2852,285.2431,0.000357
2026-08-28 14:36:35.608,captures/20260828_143150,mm_per_px,2853,285.3429,0.001399
2026-08-28 14:36:35.711,captures/20260828_143150,mm_per_px,2854,285.4451,0.001004
2026-08-28 14:36:35.809,captures/20260828_143150,mm_per_px,2855,285.5439,0.000199
2026-08-28 14:36:35.908,captures/20260828_143150,mm_per_px,2856,285.6420,0.002205
2026-08-28 14:36:36.010,captures/20260828_143150,mm_per_px,2857,285.7442,0.000270
2026-08-28 14:36:36.109,captures/20260828_143150,mm_per_px,2858,285.8434,0.000000
2026-08-28 14:36:36.210,captures/20260828_143150,mm_per_px,2859,285.9442,0.000000
2026-08-28 14:36:36.309,captures/20260828_143150,mm_per_px,2860,286.0432,0.000000
2026-08-28 14:36:36.408,captures/20260828_143150,mm_per_px,2861,286.1421,0.000000
2026-08-28 14:36:36.511,captures/20260828_143150,mm_per_px,2862,286.2455,0.000000
2026-08-28 14:36:36.608,captures/20260828_143150,mm_per_px,2863,286.3425,0.000000
2026-08-28 14:36:36.708,captures/20260828_143150,mm_per_px,2864,286.4429,0.000000
2026-08-28 14:36:36.808,captures/20260828_143150,mm_per_px,2865,286.5429,0.000000
2026-08-28 14:36:36.909,captures/20260828_143150,mm_per_px,2866,286.6434,0.000000
2026-08-28 14:36:37.012,captures/20260828_143150,mm_per_px,2867,286.7462,0.000000
2026-08-28 14:36:37.111,captures/20260828_143150,mm_per_px,2868,286.8456,0.000000
2026-08-28 14:36:37.209,captures/20260828_143150,mm_per_px,2869,286.9436,0.000000
2026-08-28 14:36:37.309,captures/20260828_143150,mm_per_px,2870,287.0439,0.000000
2026-08-28 14:36:37.408,captures/20260828_143150,mm_per_px,2871,287.1425,0.000000
2026-08-28 14:36:37.508,captures/20260828_143150,mm_per_px,2872,287.2421,0.000320
2026-08-28 14:36:37.609,captures/20260828_143150,mm_per_px,2873,287.3436,0.001866
2026-08-28 14:36:37.710,captures/20260828_143150,mm_per_px,2874,287.4443,0.000319
2026-08-28 14:36:37.809,captures/20260828_143150,mm_per_px,2875,287.5438,0.001302
2026-08-28 14:36:37.913,captures/20260828_143150,mm_per_px,2876,287.6473,0.006906
2026-08-28 14:36:38.009,captures/20260828_143150,mm_per_px,2877,287.7430,0.003642
2026-08-28 14:36:38.111,captures/20260828_143150,mm_per_px,2878,287.8453,0.000657
2026-08-28 14:36:38.211,captures/20260828_143150,mm_per_px,2879,287.9455,0.006553
2026-08-28 14:36:38.310,captures/20260828_143150,mm_per_px,2880,288.0447,0.002513
2026-08-28 14:36:38.409,captures/20260828_143150,mm_per_px,2881,288.1438,0.002415
2026-08-28 14:36:38.509,captures/20260828_143150,mm_per_px,2882,288.2436,0.001140
2026-08-28 14:36:38.610,captures/20260828_143150,mm_per_px,2883,288.3441,0.003147
2026-08-28 14:36:38.709,captures/20260828_143150,mm_per_px,2884,288.4437,0.004481
2026-08-28 14:36:38.810,captures/20260828_143150,mm_per_px,2885,288.5447,0.002852
2026-08-28 14:36:38.914,captures/20260828_143150,mm_per_px,2886,288.6485,0.006268
2026-08-28 14:36:39.013,captures/20260828_143150,mm_per_px,2887,288.7477,0.017584
2026-08-28 14:36:39.109,captures/20260828_143150,mm_per_px,2888,288.8437,0.016739
2026-08-28 14:36:39.210,captures/20260828_143150,mm_per_px,2889,288.9442,0.006402
2026-08-28 14:36:39.312,captures/20260828_143150,mm_per_px,2890,289.0462,0.002001
2026-08-28 14:36:39.410,captures/20260828_143150,mm_per_px,2891,289.1441,0.000274
2026-08-28 14:36:39.509,captures/20260828_143150,mm_per_px,2892,289.2432,0.000875
2026-08-28 14:36:39.609,captures/20260828_143150,mm_per_px,2893,289.3435,0.002036
2026-08-28 14:36:39.708,captures/20260828_143150,mm_per_px,2894,289.4422,0.001699
2026-08-28 14:36:39.811,captures/20260828_143150,mm_per_px,2895,289.5451,0.001207
2026-08-28 14:36:39.912,captures/20260828_143150,mm_per_px,2896,289.6460,0.001183
2026-08-28 14:36:40.011,captures/20260828_143150,mm_per_px,2897,289.7456,0.000491
2026-08-28 14:36:40.111,captures/20260828_143150,mm_per_px,2898,289.8452,0.000168
2026-08-28 14:36:40.210,captures/20260828_143150,mm_per_px,2899,289.9445,0.000285
2026-08-28 14:36:40.310,captures/20260828_143150,mm_per_px,2900,290.0447,0.000000
2026-08-28 14:36:40.411,captures/20260828_143150,mm_per_px,2901,290.1450,0.000000
2026-08-28 14:36:40.508,captures/20260828_143150,mm_per_px,2902,290.2427,0.000000
2026-08-28 14:36:40.609,captures/20260828_143150,mm_per_px,2903,290.3436,0.000000
2026-08-28 14:36:40.709,captures/20260828_143150,mm_per_px,2904,290.4433,0.001154
2026-08-28 14:36:40.809,captures/20260828_143150,mm_per_px,2905,290.5433,0.001237
2026-08-28 14:36:40.910,captures/20260828_143150,mm_per_px,2906,290.6440,0.000242
2026-08-28 14:36:41.013,captures/20260828_143150,mm_per_px,2907,290.7476,0.002336
2026-08-28 14:36:41.112,captures/20260828_143150,mm_per_px,2908,290.8460,0.004339
2026-08-28 14:36:41.257,captures/20260828_143150,mm_per_px,2909,290.9916,0.005352
2026-08-28 14:36:41.346,captures/20260828_143150,mm_per_px,2910,291.0801,0.007158
2026-08-28 14:36:41.410,captures/20260828_143150,mm_per_px,2911,291.1449,0.004774
2026-08-28 14:36:41.509,captures/20260828_143150,mm_per_px,2912,291.2432,0.000306
2026-08-28 14:36:41.608,captures/20260828_143150,mm_per_px,2913,291.3429,0.000000
2026-08-28 14:36:41.708,captures/20260828_143150,mm_per_px,2914,291.4420,0.000000
2026-08-28 14:36:41.811,captures/20260828_143150,mm_per_px,2915,291.5453,0.000000
2026-08-28 14:36:41.909,captures/20260828_143150,mm_per_px,2916,291.6432,0.000000
2026-08-28 14:36:42.010,captures/20260828_143150,mm_per_px,2917,291.7441,0.000000
2026-08-28 14:36:42.109,captures/20260828_143150,mm_per_px,2918,291.8433,0.000000
2026-08-28 14:36:42.210,captures/20260828_143150,mm_per_px,2919,291.9444,0.000000
2026-08-28 14:36:42.310,captures/20260828_143150,mm_per_px,2920,292.0447,0.000000
2026-08-28 14:36:42.409,captures/20260828_143150,mm_per_px,2921,292.1438,0.000000
2026-08-28 14:36:42.512,captures/20260828_143150,mm_per_px,2922,292.2460,0.000000
2026-08-28 14:36:42.609,captures/20260828_143150,mm_per_px,2923,292.3431,0.000000
2026-08-28 14:36:42.708,captures/20260828_143150,mm_per_px,2924,292.4421,0.000000
2026-08-28 14:36:42.809,captures/20260828_143150,mm_per_px,2925,292.5438,0.000000
2026-08-28 14:36:42.908,captures/20260828_143150,mm_per_px,2926,292.6420,0.000000
2026-08-28 14:36:43.011,captures/20260828_143150,mm_per_px,2927,292.7456,0.000000
2026-08-28 14:36:43.109,captures/20260828_143150,mm_per_px,2928,292.8439,0.000000
2026-08-28 14:36:43.209,captures/20260828_143150,mm_per_px,2929,292.9431,0.000000
2026-08-28 14:36:43.311,captures/20260828_143150,mm_per_px,2930,293.0454,0.000000
2026-08-28 14:36:43.409,captures/20260828_143150,mm_per_px,2931,293.1439,0.000000
2026-08-28 14:36:43.509,captures/20260828_143150,mm_per_px,2932,293.2438,0.001072
2026-08-28 14:36:43.610,captures/20260828_143150,mm_per_px,2933,293.3441,0.000801
2026-08-28 14:36:43.708,captures/20260828_143150,mm_per_px,2934,293.4428,0.000231
2026-08-28 14:36:43.808,captures/20260828_143150,mm_per_px,2935,293.5426,0.000000
2026-08-28 14:36:43.909,captures/20260828_143150,mm_per_px,2936,293.6433,0.000292
2026-08-28 14:36:44.008,captures/20260828_143150,mm_per_px,2937,293.7420,0.004200
2026-08-28 14:36:44.127,captures/20260828_143150,mm_per_px,2938,293.8612,0.000000
2026-08-28 14:36:44.214,captures/20260828_143150,mm_per_px,2939,293.9488,0.001258
2026-08-28 14:36:44.403,captures/20260828_143150,mm_per_px,2940,294.1370,0.000238
2026-08-28 14:36:44.484,captures/20260828_143150,mm_per_px,2941,294.2181,0.000273
2026-08-28 14:36:44.531,captures/20260828_143150,mm_per_px,2942,294.2653,0.000626
2026-08-28 14:36:44.609,captures/20260828_143150,mm_per_px,2943,294.3433,0.000599
2026-08-28 14:36:44.708,captures/20260828_143150,mm_per_px,2944,294.4426,0.000943
2026-08-28 14:36:44.809,captures/20260828_143150,mm_per_px,2945,294.5430,0.000000
2026-08-28 14:36:44.908,captures/20260828_143150,mm_per_px,2946,294.6427,0.000000
2026-08-28 14:36:45.008,captures/20260828_143150,mm_per_px,2947,294.7428,0.002165
2026-08-28 14:36:45.113,captures/20260828_143150,mm_per_px,2948,294.8470,0.002756
2026-08-28 14:36:45.210,captures/20260828_143150,mm_per_px,2949,294.9443,0.005527
2026-08-28 14:36:45.308,captures/20260828_143150,mm_per_px,2950,295.0428,0.004718
2026-08-28 14:36:45.409,captures/20260828_143150,mm_per_px,2951,295.1436,0.004083
2026-08-28 14:36:45.508,captures/20260828_143150,mm_per_px,2952,295.2422,0.001684
2026-08-28 14:36:45.610,captures/20260828_143150,mm_per_px,2953,295.3440,0.002246
2026-08-28 14:36:45.709,captures/20260828_143150,mm_per_px,2954,295.4439,0.000868
2026-08-28 14:36:45.809,captures/20260828_143150,mm_per_px,2955,295.5431,0.000287
2026-08-28 14:36:45.910,captures/20260828_143150,mm_per_px,2956,295.6445,0.000750
2026-08-28 14:36:46.009,captures/20260828_143150,mm_per_px,2957,295.7432,0.000000
2026-08-28 14:36:46.110,captures/20260828_143150,mm_per_px,2958,295.8446,0.000490
2026-08-28 14:36:46.211,captures/20260828_143150,mm_per_px,2959,295.9452,0.003464
2026-08-28 14:36:46.312,captures/20260828_143150,mm_per_px,2960,296.0466,0.007898
2026-08-28 14:36:46.412,captures/20260828_143150,mm_per_px,2961,296.1467,0.020886
2026-08-28 14:36:46.511,captures/20260828_143150,mm_per_px,2962,296.2456,0.014960
2026-08-28 14:36:46.613,captures/20260828_143150,mm_per_px,2963,296.3474,0.014859
2026-08-28 14:36:46.712,captures/20260828_143150,mm_per_px,2964,296.4462,0.008926
2026-08-28 14:36:46.809,captures/20260828_143150,mm_per_px,2965,296.5437,0.001539
2026-08-28 14:36:46.909,captures/20260828_143150,mm_per_px,2966,296.6435,0.000670
2026-08-28 14:36:47.010,captures/20260828_143150,mm_per_px,2967,296.7440,0.000694
2026-08-28 14:36:47.112,captures/20260828_143150,mm_per_px,2968,296.8465,0.001566
2026-08-28 14:36:47.211,captures/20260828_143150,mm_per_px,2969,296.9456,0.000634
2026-08-28 14:36:47.310,captures/20260828_143150,mm_per_px,2970,297.0445,0.001473
2026-08-28 14:36:47.412,captures/20260828_143150,mm_per_px,2971,297.1466,0.004080
2026-08-28 14:36:47.556,captures/20260828_143150,mm_per_px,2972,297.2906,0.004179
2026-08-28 14:36:47.652,captures/20260828_143150,mm_per_px,2973,297.3867,0.002996
2026-08-28 14:36:47.731,captures/20260828_143150,mm_per_px,2974,297.4650,0.001038
2026-08-28 14:36:47.811,captures/20260828_143150,mm_per_px,2975,297.5456,0.000959
2026-08-28 14:36:47.909,captures/20260828_143150,mm_per_px,2976,297.6433,0.000000
2026-08-28 14:36:48.009,captures/20260828_143150,mm_per_px,2977,297.7433,0.000000
2026-08-28 14:36:48.109,captures/20260828_143150,mm_per_px,2978,297.8432,0.000000
2026-08-28 14:36:48.212,captures/20260828_143150,mm_per_px,2979,297.9462,0.000000
2026-08-28 14:36:48.314,captures/20260828_143150,mm_per_px,2980,298.0484,0.001933
2026-08-28 14:36:48.410,captures/20260828_143150,mm_per_px,2981,298.1442,0.002024
2026-08-28 14:36:48.510,captures/20260828_143150,mm_per_px,2982,298.2449,0.001729
2026-08-28 14:36:48.614,captures/20260828_143150,mm_per_px,2983,298.3480,0.000000
2026-08-28 14:36:48.713,captures/20260828_143150,mm_per_px,2984,298.4473,0.000000
2026-08-28 14:36:48.810,captures/20260828_143150,mm_per_px,2985,298.5448,0.000201
2026-08-28 14:36:48.909,captures/20260828_143150,mm_per_px,2986,298.6436,0.000000
2026-08-28 14:36:49.009,captures/20260828_143150,mm_per_px,2987,298.7437,0.000000
2026-08-28 14:36:49.109,captures/20260828_143150,mm_per_px,2988,298.8435,0.000308
2026-08-28 14:36:49.213,captures/20260828_143150,mm_per_px,2989,298.9471,0.000000
2026-08-28 14:36:49.311,captures/20260828_143150,mm_per_px,2990,299.0457,0.000000
2026-08-28 14:36:49.409,captures/20260828_143150,mm_per_px,2991,299.1437,0.000000
2026-08-28 14:36:49.509,captures/20260828_143150,mm_per_px,2992,299.2434,0.000000
2026-08-28 14:36:49.612,captures/20260828_143150,mm_per_px,2993,299.3468,0.000000
2026-08-28 14:36:49.711,captures/20260828_143150,mm_per_px,2994,299.4450,0.000560
2026-08-28 14:36:49.809,captures/20260828_143150,mm_per_px,2995,299.5434,0.000000
2026-08-28 14:36:49.909,captures/20260828_143150,mm_per_px,2996,299.6437,0.000000
2026-08-28 14:36:50.010,captures/20260828_143150,mm_per_px,2997,299.7444,0.000277
2026-08-28 14:36:50.109,captures/20260828_143150,mm_per_px,2998,299.8431,0.000000
2026-08-28 14:36:50.212,captures/20260828_143150,mm_per_px,2999,299.9469,0.000000
2026-08-28 14:36:50.309,captures/20260828_143150,mm_per_px,3000,300.0435,0.000000
2026-08-28 14:36:50.410,captures/20260828_143150,mm_per_px,3001,300.1448,0.000700
2026-08-28 14:36:50.508,captures/20260828_143150,mm_per_px,3002,300.2429,0.000000
2026-08-28 14:36:50.609,captures/20260828_143150,mm_per_px,3003,300.3434,0.000000
2026-08-28 14:36:50.710,captures/20260828_143150,mm_per_px,3004,300.4440,0.000404
2026-08-28 14:36:50.809,captures/20260828_143150,mm_per_px,3005,300.5430,0.000000
2026-08-28 14:36:50.910,captures/20260828_143150,mm_per_px,3006,300.6441,0.000224
2026-08-28 14:36:51.011,captures/20260828_143150,mm_per_px,3007,300.7451,0.000227
2026-08-28 14:36:51.109,captures/20260828_143150,mm_per_px,3008,300.8435,0.000000
2026-08-28 14:36:51.213,captures/20260828_143150,mm_per_px,3009,300.9470,0.000285
2026-08-28 14:36:51.312,captures/20260828_143150,mm_per_px,3010,301.0460,0.001121
2026-08-28 14:36:51.409,captures/20260828_143150,mm_per_px,3011,301.1436,0.000645
2026-08-28 14:36:51.509,captures/20260828_143150,mm_per_px,3012,301.2435,0.000353
2026-08-28 14:36:51.611,captures/20260828_143150,mm_per_px,3013,301.3456,0.000208
2026-08-28 14:36:51.711,captures/20260828_143150,mm_per_px,3014,301.4456,0.003366
2026-08-28 14:36:51.810,captures/20260828_143150,mm_per_px,3015,301.5448,0.003997
2026-08-28 14:36:51.908,captures/20260828_143150,mm_per_px,3016,301.6429,0.005380
2026-08-28 14:36:52.009,captures/20260828_143150,mm_per_px,3017,301.7434,0.000772
2026-08-28 14:36:52.154,captures/20260828_143150,mm_per_px,3018,301.8881,0.005363
2026-08-28 14:36:52.245,captures/20260828_143150,mm_per_px,3019,301.9792,0.000328
2026-08-28 14:36:52.309,captures/20260828_143150,mm_per_px,3020,302.0433,0.000182
2026-08-28 14:36:52.409,captures/20260828_143150,mm_per_px,3021,302.1433,0.001091
2026-08-28 14:36:52.509,captures/20260828_143150,mm_per_px,3022,302.2438,0.000503
2026-08-28 14:36:52.610,captures/20260828_143150,mm_per_px,3023,302.3444,0.000449
2026-08-28 14:36:52.711,captures/20260828_143150,mm_per_px,3024,302.4455,0.000000
2026-08-28 14:36:52.812,captures/20260828_143150,mm_per_px,3025,302.5465,0.000325
2026-08-28 14:36:52.911,captures/20260828_143150,mm_per_px,3026,302.6457,0.002418
2026-08-28 14:36:53.010,captures/20260828_143150,mm_per_px,3027,302.7443,0.000000
2026-08-28 14:36:53.154,captures/20260828_143150,mm_per_px,3028,302.8882,0.001925
2026-08-28 14:36:53.243,captures/20260828_143150,mm_per_px,3029,302.9770,0.002676
2026-08-28 14:36:53.364,captures/20260828_143150,mm_per_px,3030,303.0982,0.000728
2026-08-28 14:36:53.461,captures/20260828_143150,mm_per_px,3031,303.1951,0.001213
2026-08-28 14:36:53.520,captures/20260828_143150,mm_per_px,3032,303.2546,0.002756
2026-08-28 14:36:53.610,captures/20260828_143150,mm_per_px,3033,303.3442,0.001428
2026-08-28 14:36:53.712,captures/20260828_143150,mm_per_px,3034,303.4464,0.004233
2026-08-28 14:36:53.810,captures/20260828_143150,mm_per_px,3035,303.5448,0.000670
2026-08-28 14:36:53.910,captures/20260828_143150,mm_per_px,3036,303.6446,0.000425
2026-08-28 14:36:54.009,captures/20260828_143150,mm_per_px,3037,303.7436,0.000000
2026-08-28 14:36:54.109,captures/20260828_143150,mm_per_px,3038,303.8430,0.000000
2026-08-28 14:36:54.209,captures/20260828_143150,mm_per_px,3039,303.9430,0.000198
2026-08-28 14:36:54.309,captures/20260828_143150,mm_per_px,3040,304.0434,0.000000
2026-08-28 14:36:54.410,captures/20260828_143150,mm_per_px,3041,304.1442,0.000000
2026-08-28 14:36:54.509,captures/20260828_143150,mm_per_px,3042,304.2432,0.001929
2026-08-28 14:36:54.609,captures/20260828_143150,mm_per_px,3043,304.3435,0.000000
2026-08-28 14:36:54.710,captures/20260828_143150,mm_per_px,3044,304.4443,0.000582
2026-08-28 14:36:54.809,captures/20260828_143150,mm_per_px,3045,304.5436,0.000213
2026-08-28 14:36:54.909,captures/20260828_143150,mm_per_px,3046,304.6439,0.000321
2026-08-28 14:36:55.008,captures/20260828_143150,mm_per_px,3047,304.7426,0.001715
2026-08-28 14:36:55.109,captures/20260828_143150,mm_per_px,3048,304.8436,0.001890
2026-08-28 14:36:55.208,captures/20260828_143150,mm_per_px,3049,304.9428,0.003162
2026-08-28 14:36:55.310,captures/20260828_143150,mm_per_px,3050,305.0442,0.007633
2026-08-28 14:36:55.410,captures/20260828_143150,mm_per_px,3051,305.1442,0.004051
2026-08-28 14:36:55.510,captures/20260828_143150,mm_per_px,3052,305.2440,0.002279
2026-08-28 14:36:55.609,captures/20260828_143150,mm_per_px,3053,305.3434,0.000205
2026-08-28 14:36:55.711,captures/20260828_143150,mm_per_px,3054,305.4459,0.000000
2026-08-28 14:36:55.810,captures/20260828_143150,mm_per_px,3055,305.5449,0.000280
2026-08-28 14:36:55.910,captures/20260828_143150,mm_per_px,3056,305.6447,0.000944
2026-08-28 14:36:56.009,captures/20260828_143150,mm_per_px,3057,305.7436,0.000223
2026-08-28 14:36:56.110,captures/20260828_143150,mm_per_px,3058,305.8449,0.000470
2026-08-28 14:36:56.209,captures/20260828_143150,mm_per_px,3059,305.9430,0.001766
2026-08-28 14:36:56.311,captures/20260828_143150,mm_per_px,3060,306.0454,0.000714
2026-08-28 14:36:56.409,captures/20260828_143150,mm_per_px,3061,306.1438,0.000776
2026-08-28 14:36:56.509,captures/20260828_143150,mm_per_px,3062,306.2432,0.002328
2026-08-28 14:36:56.609,captures/20260828_143150,mm_per_px,3063,306.3436,0.003203
2026-08-28 14:36:56.710,captures/20260828_143150,mm_per_px,3064,306.4441,0.002296
2026-08-28 14:36:56.849,captures/20260828_143150,mm_per_px,3065,306.5837,0.015186
2026-08-28 14:36:56.909,captures/20260828_143150,mm_per_px,3066,306.6433,0.032222
2026-08-28 14:36:57.009,captures/20260828_143150,mm_per_px,3067,306.7439,0.035060
2026-08-28 14:36:57.109,captures/20260828_143150,mm_per_px,3068,306.8430,0.038185
2026-08-28 14:36:57.211,captures/20260828_143150,mm_per_px,3069,306.9450,0.052773
2026-08-28 14:36:57.309,captures/20260828_143150,mm_per_px,3070,307.0436,0.073320
2026-08-28 14:36:57.411,captures/20260828_143150,mm_per_px,3071,307.1454,0.056773
2026-08-28 14:36:57.510,captures/20260828_143150,mm_per_px,3072,307.2445,0.031686
2026-08-28 14:36:57.609,captures/20260828_143150,mm_per_px,3073,307.3439,0.011951
2026-08-28 14:36:57.708,captures/20260828_143150,mm_per_px,3074,307.4426,0.010848
2026-08-28 14:36:57.810,captures/20260828_143150,mm_per_px,3075,307.5445,0.007654
2026-08-28 14:36:57.908,captures/20260828_143150,mm_per_px,3076,307.6424,0.002366
2026-08-28 14:36:58.010,captures/20260828_143150,mm_per_px,3077,307.7445,0.000000
2026-08-28 14:36:58.109,captures/20260828_143150,mm_per_px,3078,307.8439,0.000000
2026-08-28 14:36:58.208,captures/20260828_143150,mm_per_px,3079,307.9427,0.000197
2026-08-28 14:36:58.308,captures/20260828_143150,mm_per_px,3080,308.0423,0.001324
2026-08-28 14:36:58.408,captures/20260828_143150,mm_per_px,3081,308.1420,0.006901
2026-08-28 14:36:58.510,captures/20260828_143150,mm_per_px,3082,308.2448,0.003905
2026-08-28 14:36:58.615,captures/20260828_143150,mm_per_px,3083,308.3493,0.006088
2026-08-28 14:36:58.710,captures/20260828_143150,mm_per_px,3084,308.4449,0.004674
2026-08-28 14:36:58.809,captures/20260828_143150,mm_per_px,3085,308.5435,0.006025
2026-08-28 14:36:58.912,captures/20260828_143150,mm_per_px,3086,308.6462,0.007640
2026-08-28 14:36:59.008,captures/20260828_143150,mm_per_px,3087,308.7426,0.010194
2026-08-28 14:36:59.109,captures/20260828_143150,mm_per_px,3088,308.8439,0.008372
2026-08-28 14:36:59.249,captures/20260828_143150,mm_per_px,3089,308.9839,0.004847
2026-08-28 14:36:59.310,captures/20260828_143150,mm_per_px,3090,309.0446,0.008163
2026-08-28 14:36:59.412,captures/20260828_143150,mm_per_px,3091,309.1464,0.002545
2026-08-28 14:36:59.510,captures/20260828_143150,mm_per_px,3092,309.2446,0.000467
2026-08-28 14:36:59.615,captures/20260828_143150,mm_per_px,3093,309.3492,0.000826
2026-08-28 14:36:59.714,captures/20260828_143150,mm_per_px,3094,309.4482,0.002135
2026-08-28 14:36:59.811,captures/20260828_143150,mm_per_px,3095,309.5453,0.003322
2026-08-28 14:36:59.909,captures/20260828_143150,mm_per_px,3096,309.6439,0.001173
2026-08-28 14:37:00.009,captures/20260828_143150,mm_per_px,3097,309.7430,0.000000
2026-08-28 14:37:00.109,captures/20260828_143150,mm_per_px,3098,309.8436,0.000349
2026-08-28 14:37:00.259,captures/20260828_143150,mm_per_px,3099,309.9938,0.003059
2026-08-28 14:37:00.328,captures/20260828_143150,mm_per_px,3100,310.0625,0.008508
2026-08-28 14:37:00.408,captures/20260828_143150,mm_per_px,3101,310.1429,0.027516
2026-08-28 14:37:00.510,captures/20260828_143150,mm_per_px,3102,310.2442,0.057714
2026-08-28 14:37:00.609,captures/20260828_143150,mm_per_px,3103,310.3434,0.052793
2026-08-28 14:37:00.709,captures/20260828_143150,mm_per_px,3104,310.4432,0.059756
2026-08-28 14:37:00.811,captures/20260828_143150,mm_per_px,3105,310.5453,0.033250
2026-08-28 14:37:00.908,captures/20260828_143150,mm_per_px,3106,310.6428,0.011526
2026-08-28 14:37:01.008,captures/20260828_143150,mm_per_px,3107,310.7428,0.004037
2026-08-28 14:37:01.110,captures/20260828_143150,mm_per_px,3108,310.8443,0.001927
2026-08-28 14:37:01.211,captures/20260828_143150,mm_per_px,3109,310.9456,0.001440
2026-08-28 14:37:01.309,captures/20260828_143150,mm_per_px,3110,311.0436,0.000402
2026-08-28 14:37:01.409,captures/20260828_143150,mm_per_px,3111,311.1430,0.000000
2026-08-28 14:37:01.508,captures/20260828_143150,mm_per_px,3112,311.2420,0.000225
2026-08-28 14:37:01.610,captures/20260828_143150,mm_per_px,3113,311.3447,0.004226
2026-08-28 14:37:01.709,captures/20260828_143150,mm_per_px,3114,311.4431,0.000427
2026-08-28 14:37:01.811,captures/20260828_143150,mm_per_px,3115,311.5451,0.001314
2026-08-28 14:37:01.908,captures/20260828_143150,mm_per_px,3116,311.6423,0.000000
2026-08-28 14:37:02.009,captures/20260828_143150,mm_per_px,3117,311.7430,0.000000
2026-08-28 14:37:02.109,captures/20260828_143150,mm_per_px,3118,311.8436,0.000000
2026-08-28 14:37:02.209,captures/20260828_143150,mm_per_px,3119,311.9438,0.000560
2026-08-28 14:37:02.309,captures/20260828_143150,mm_per_px,3120,312.0439,0.001233
2026-08-28 14:37:02.409,captures/20260828_143150,mm_per_px,3121,312.1435,0.000796
2026-08-28 14:37:02.510,captures/20260828_143150,mm_per_px,3122,312.2449,0.000505
2026-08-28 14:37:02.610,captures/20260828_143150,mm_per_px,3123,312.3441,0.000449
2026-08-28 14:37:02.709,captures/20260828_143150,mm_per_px,3124,312.4430,0.000232
2026-08-28 14:37:02.809,captures/20260828_143150,mm_per_px,3125,312.5432,0.001002
2026-08-28 14:37:02.908,captures/20260828_143150,mm_per_px,3126,312.6425,0.000000
2026-08-28 14:37:03.009,captures/20260828_143150,mm_per_px,3127,312.7431,0.000000
2026-08-28 14:37:03.108,captures/20260828_143150,mm_per_px,3128,312.8423,0.000000
2026-08-28 14:37:03.208,captures/20260828_143150,mm_per_px,3129,312.9423,0.000272
2026-08-28 14:37:03.308,captures/20260828_143150,mm_per_px,3130,313.0429,0.000000
2026-08-28 14:37:03.409,captures/20260828_143150,mm_per_px,3131,313.1433,0.000000
2026-08-28 14:37:03.513,captures/20260828_143150,mm_per_px,3132,313.2475,0.000182
2026-08-28 14:37:03.613,captures/20260828_143150,mm_per_px,3133,313.3471,0.000487
2026-08-28 14:37:03.712,captures/20260828_143150,mm_per_px,3134,313.4462,0.000000
2026-08-28 14:37:03.814,captures/20260828_143150,mm_per_px,3135,313.5485,0.000000
2026-08-28 14:37:03.909,captures/20260828_143150,mm_per_px,3136,313.6439,0.000000
2026-08-28 14:37:04.010,captures/20260828_143150,mm_per_px,3137,313.7446,0.000000
2026-08-28 14:37:04.109,captures/20260828_143150,mm_per_px,3138,313.8431,0.000214
2026-08-28 14:37:04.210,captures/20260828_143150,mm_per_px,3139,313.9446,0.000000
2026-08-28 14:37:04.311,captures/20260828_143150,mm_per_px,3140,314.0453,0.000244
2026-08-28 14:37:04.410,captures/20260828_143150,mm_per_px,3141,314.1442,0.001140
2026-08-28 14:37:04.508,captures/20260828_143150,mm_per_px,3142,314.2426,0.001485
2026-08-28 14:37:04.610,captures/20260828_143150,mm_per_px,3143,314.3448,0.000000
2026-08-28 14:37:04.713,captures/20260828_143150,mm_per_px,3144,314.4471,0.003398
2026-08-28 14:37:04.810,captures/20260828_143150,mm_per_px,3145,314.5440,0.002322
2026-08-28 14:37:04.910,captures/20260828_143150,mm_per_px,3146,314.6449,0.002102
2026-08-28 14:37:05.009,captures/20260828_143150,mm_per_px,3147,314.7439,0.002967
2026-08-28 14:37:05.109,captures/20260828_143150,mm_per_px,3148,314.8439,0.000498
2026-08-28 14:37:05.210,captures/20260828_143150,mm_per_px,3149,314.9440,0.001750
2026-08-28 14:37:05.310,captures/20260828_143150,mm_per_px,3150,315.0447,0.001035
2026-08-28 14:37:05.414,captures/20260828_143150,mm_per_px,3151,315.1485,0.000000
2026-08-28 14:37:05.512,captures/20260828_143150,mm_per_px,3152,315.2464,0.000208
2026-08-28 14:37:05.614,captures/20260828_143150,mm_per_px,3153,315.3483,0.003660
2026-08-28 14:37:05.713,captures/20260828_143150,mm_per_px,3154,315.4471,0.002265
2026-08-28 14:37:05.809,captures/20260828_143150,mm_per_px,3155,315.5437,0.001211
2026-08-28 14:37:05.909,captures/20260828_143150,mm_per_px,3156,315.6439,0.005190
2026-08-28 14:37:06.009,captures/20260828_143150,mm_per_px,3157,315.7431,0.010131
2026-08-28 14:37:06.109,captures/20260828_143150,mm_per_px,3158,315.8439,0.015149
2026-08-28 14:37:06.209,captures/20260828_143150,mm_per_px,3159,315.9436,0.004809
2026-08-28 14:37:06.310,captures/20260828_143150,mm_per_px,3160,316.0445,0.005239
2026-08-28 14:37:06.409,captures/20260828_143150,mm_per_px,3161,316.1433,0.009377
2026-08-28 14:37:06.511,captures/20260828_143150,mm_per_px,3162,316.2455,0.004270
2026-08-28 14:37:06.615,captures/20260828_143150,mm_per_px,3163,316.3493,0.004982
2026-08-28 14:37:06.710,captures/20260828_143150,mm_per_px,3164,316.4441,0.005500
2026-08-28 14:37:06.813,captures/20260828_143150,mm_per_px,3165,316.5477,0.005642
2026-08-28 14:37:06.912,captures/20260828_143150,mm_per_px,3166,316.6462,0.003851
2026-08-28 14:37:07.011,captures/20260828_143150,mm_per_px,3167,316.7451,0.001210
2026-08-28 14:37:07.112,captures/20260828_143150,mm_per_px,3168,316.8462,0.001531
2026-08-28 14:37:07.209,captures/20260828_143150,mm_per_px,3169,316.9435,0.002958
2026-08-28 14:37:07.308,captures/20260828_143150,mm_per_px,3170,317.0429,0.005656
2026-08-28 14:37:07.410,captures/20260828_143150,mm_per_px,3171,317.1447,0.008082
2026-08-28 14:37:07.510,captures/20260828_143150,mm_per_px,3172,317.2441,0.004688
2026-08-28 14:37:07.611,captures/20260828_143150,mm_per_px,3173,317.3452,0.001438
2026-08-28 14:37:07.709,captures/20260828_143150,mm_per_px,3174,317.4435,0.000762
2026-08-28 14:37:07.811,captures/20260828_143150,mm_per_px,3175,317.5454,0.000000
2026-08-28 14:37:07.910,captures/20260828_143150,mm_per_px,3176,317.6442,0.000000
2026-08-28 14:37:08.009,captures/20260828_143150,mm_per_px,3177,317.7431,0.000000
2026-08-28 14:37:08.109,captures/20260828_143150,mm_per_px,3178,317.8436,0.000000
2026-08-28 14:37:08.208,captures/20260828_143150,mm_per_px,3179,317.9424,0.000818
2026-08-28 14:37:08.309,captures/20260828_143150,mm_per_px,3180,318.0432,0.002043
2026-08-28 14:37:08.409,captures/20260828_143150,mm_per_px,3181,318.1433,0.000829
2026-08-28 14:37:08.511,captures/20260828_143150,mm_per_px,3182,318.2455,0.000000
2026-08-28 14:37:08.609,captures/20260828_143150,mm_per_px,3183,318.3430,0.000000
2026-08-28 14:37:08.709,captures/20260828_143150,mm_per_px,3184,318.4437,0.000213
2026-08-28 14:37:08.810,captures/20260828_143150,mm_per_px,3185,318.5447,0.000000
2026-08-28 14:37:08.911,captures/20260828_143150,mm_per_px,3186,318.6455,0.000000
2026-08-28 14:37:09.010,captures/20260828_143150,mm_per_px,3187,318.7447,0.000000
2026-08-28 14:37:09.109,captures/20260828_143150,mm_per_px,3188,318.8432,0.000000
2026-08-28 14:37:09.208,captures/20260828_143150,mm_per_px,3189,318.9428,0.000644
2026-08-28 14:37:09.309,captures/20260828_143150,mm_per_px,3190,319.0430,0.000000
2026-08-28 14:37:09.410,captures/20260828_143150,mm_per_px,3191,319.1442,0.000708
2026-08-28 14:37:09.509,captures/20260828_143150,mm_per_px,3192,319.2437,0.000000
2026-08-28 14:37:09.612,captures/20260828_143150,mm_per_px,3193,319.3469,0.000228
2026-08-28 14:37:09.711,captures/20260828_143150,mm_per_px,3194,319.4459,0.000941
2026-08-28 14:37:09.809,captures/20260828_143150,mm_per_px,3195,319.5438,0.002644
2026-08-28 14:37:09.909,captures/20260828_143150,mm_per_px,3196,319.6432,0.002485
2026-08-28 14:37:10.008,captures/20260828_143150,mm_per_px,3197,319.7421,0.002903
2026-08-28 14:37:10.108,captures/20260828_143150,mm_per_px,3198,319.8429,0.003181
2026-08-28 14:37:10.208,captures/20260828_143150,mm_per_px,3199,319.9428,0.001879
2026-08-28 14:37:10.310,captures/20260828_143150,mm_per_px,3200,320.0440,0.007367
2026-08-28 14:37:10.410,captures/20260828_143150,mm_per_px,3201,320.1444,0.011620
2026-08-28 14:37:10.509,captures/20260828_143150,mm_per_px,3202,320.2433,0.014743
2026-08-28 14:37:10.609,captures/20260828_143150,mm_per_px,3203,320.3434,0.014137
2026-08-28 14:37:10.711,captures/20260828_143150,mm_per_px,3204,320.4453,0.004341
2026-08-28 14:37:10.811,captures/20260828_143150,mm_per_px,3205,320.5450,0.002562
2026-08-28 14:37:10.909,captures/20260828_143150,mm_per_px,3206,320.6439,0.007445
2026-08-28 14:37:11.010,captures/20260828_143150,mm_per_px,3207,320.7442,0.005292
2026-08-28 14:37:11.109,captures/20260828_143150,mm_per_px,3208,320.8432,0.007717
2026-08-28 14:37:11.209,captures/20260828_143150,mm_per_px,3209,320.9433,0.007626
2026-08-28 14:37:11.312,captures/20260828_143150,mm_per_px,3210,321.0461,0.003788
2026-08-28 14:37:11.409,captures/20260828_143150,mm_per_px,3211,321.1436,0.007713
2026-08-28 14:37:11.510,captures/20260828_143150,mm_per_px,3212,321.2445,0.005021
2026-08-28 14:37:11.609,captures/20260828_143150,mm_per_px,3213,321.3437,0.004333
2026-08-28 14:37:58.109,captures/20260828_143757,mm_per_px,0,0.0084,0.000000
2026-08-28 14:37:58.210,captures/20260828_143757,mm_per_px,1,0.1093,0.000000
2026-08-28 14:37:58.311,captures/20260828_143757,mm_per_px,2,0.2109,0.000192
2026-08-28 14:37:58.410,captures/20260828_143757,mm_per_px,3,0.3097,0.000000
2026-08-28 14:37:58.508,captures/20260828_143757,mm_per_px,4,0.4079,0.000000
2026-08-28 14:37:58.611,captures/20260828_143757,mm_per_px,5,0.5104,0.000000
2026-08-28 14:37:58.709,captures/20260828_143757,mm_per_px,6,0.6087,0.000000
2026-08-28 14:37:58.810,captures/20260828_143757,mm_per_px,7,0.7096,0.000000
2026-08-28 14:37:58.908,captures/20260828_143757,mm_per_px,8,0.8079,0.000000
2026-08-28 14:37:59.010,captures/20260828_143757,mm_per_px,9,0.9090,0.000000
2026-08-28 14:37:59.160,captures/20260828_143757,mm_per_px,10,1.0596,0.000000
2026-08-28 14:37:59.238,captures/20260828_143757,mm_per_px,11,1.1372,0.000000
2026-08-28 14:37:59.359,captures/20260828_143757,mm_per_px,12,1.2588,0.000000
2026-08-28 14:37:59.409,captures/20260828_143757,mm_per_px,13,1.3085,0.000000
2026-08-28 14:37:59.509,captures/20260828_143757,mm_per_px,14,1.4082,0.000000
2026-08-28 14:37:59.610,captures/20260828_143757,mm_per_px,15,1.5091,0.000000
2026-08-28 14:37:59.708,captures/20260828_143757,mm_per_px,16,1.6076,0.002274
2026-08-28 14:37:59.809,captures/20260828_143757,mm_per_px,17,1.7082,0.000000
2026-08-28 14:37:59.908,captures/20260828_143757,mm_per_px,18,1.8077,0.000000
2026-08-28 14:38:00.066,captures/20260828_143757,mm_per_px,19,1.9659,0.000620
2026-08-28 14:38:00.131,captures/20260828_143757,mm_per_px,20,2.0300,0.000000
2026-08-28 14:38:00.209,captures/20260828_143757,mm_per_px,21,2.1083,0.000742
2026-08-28 14:38:00.310,captures/20260828_143757,mm_per_px,22,2.2092,0.000000
2026-08-28 14:38:00.411,captures/20260828_143757,mm_per_px,23,2.3102,0.000000
2026-08-28 14:38:00.510,captures/20260828_143757,mm_per_px,24,2.4095,0.000000
2026-08-28 14:38:00.611,captures/20260828_143757,mm_per_px,25,2.5108,0.000000
2026-08-28 14:38:00.712,captures/20260828_143757,mm_per_px,26,2.6117,0.000000
2026-08-28 14:38:00.812,captures/20260828_143757,mm_per_px,27,2.7119,0.000000
2026-08-28 14:38:00.912,captures/20260828_143757,mm_per_px,28,2.8118,0.000000
2026-08-28 14:38:01.015,captures/20260828_143757,mm_per_px,29,2.9145,0.000000
2026-08-28 14:38:01.164,captures/20260828_143757,mm_per_px,30,3.0634,0.000000
2026-08-28 14:38:01.248,captures/20260828_143757,mm_per_px,31,3.1470,0.000000
2026-08-28 14:38:01.318,captures/20260828_143757,mm_per_px,32,3.2171,0.000000
2026-08-28 14:38:01.414,captures/20260828_143757,mm_per_px,33,3.3136,0.000000
2026-08-28 14:38:01.512,captures/20260828_143757,mm_per_px,34,3.4119,0.000344
2026-08-28 14:38:01.617,captures/20260828_143757,mm_per_px,35,3.5164,0.000000
2026-08-28 14:38:01.713,captures/20260828_143757,mm_per_px,36,3.6124,0.000000
2026-08-28 14:38:01.816,captures/20260828_143757,mm_per_px,37,3.7150,0.000000
2026-08-28 14:38:01.915,captures/20260828_143757,mm_per_px,38,3.8141,0.000000
2026-08-28 14:38:02.011,captures/20260828_143757,mm_per_px,39,3.9108,0.000000
2026-08-28 14:38:02.117,captures/20260828_143757,mm_per_px,40,4.0164,0.000000
2026-08-28 14:38:02.222,captures/20260828_143757,mm_per_px,41,4.1212,0.000000
2026-08-28 14:38:02.316,captures/20260828_143757,mm_per_px,42,4.2154,0.000000
2026-08-28 14:38:02.414,captures/20260828_143757,mm_per_px,43,4.3137,0.000000
2026-08-28 14:38:02.514,captures/20260828_143757,mm_per_px,44,4.4133,0.000000
2026-08-28 14:38:02.615,captures/20260828_143757,mm_per_px,45,4.5145,0.000000
2026-08-28 14:38:02.713,captures/20260828_143757,mm_per_px,46,4.6123,0.000000
2026-08-28 14:38:02.814,captures/20260828_143757,mm_per_px,47,4.7136,0.000200
2026-08-28 14:38:02.912,captures/20260828_143757,mm_per_px,48,4.8116,0.000530
2026-08-28 14:38:03.015,captures/20260828_143757,mm_per_px,49,4.9147,0.000000
2026-08-28 14:38:03.115,captures/20260828_143757,mm_per_px,50,5.0143,0.000314
2026-08-28 14:38:03.217,captures/20260828_143757,mm_per_px,51,5.1163,0.000000
2026-08-28 14:38:03.314,captures/20260828_143757,mm_per_px,52,5.2138,0.000000
2026-08-28 14:38:03.413,captures/20260828_143757,mm_per_px,53,5.3129,0.000000
2026-08-28 14:38:03.516,captures/20260828_143757,mm_per_px,54,5.4151,0.000000
2026-08-28 14:38:03.617,captures/20260828_143757,mm_per_px,55,5.5162,0.000000
2026-08-28 14:38:03.713,captures/20260828_143757,mm_per_px,56,5.6120,0.000000
2026-08-28 14:38:03.813,captures/20260828_143757,mm_per_px,57,5.7121,0.000000
2026-08-28 14:38:03.912,captures/20260828_143757,mm_per_px,58,5.8113,0.000000
2026-08-28 14:38:04.014,captures/20260828_143757,mm_per_px,59,5.9137,0.000255
2026-08-28 14:38:04.168,captures/20260828_143757,mm_per_px,60,6.0670,0.000699
2026-08-28 14:38:04.257,captures/20260828_143757,mm_per_px,61,6.1560,0.000247
2026-08-28 14:38:04.360,captures/20260828_143757,mm_per_px,62,6.2594,0.000272
2026-08-28 14:38:04.433,captures/20260828_143757,mm_per_px,63,6.3324,0.000542
2026-08-28 14:38:04.512,captures/20260828_143757,mm_per_px,64,6.4119,0.000760
2026-08-28 14:38:04.611,captures/20260828_143757,mm_per_px,65,6.5103,0.000973
2026-08-28 14:38:04.711,captures/20260828_143757,mm_per_px,66,6.6105,0.000000
2026-08-28 14:38:04.810,captures/20260828_143757,mm_per_px,67,6.7091,0.000000
2026-08-28 14:38:04.912,captures/20260828_143757,mm_per_px,68,6.8115,0.000000
2026-08-28 14:38:05.023,captures/20260828_143757,mm_per_px,69,6.9220,0.000000
2026-08-28 14:38:05.168,captures/20260828_143757,mm_per_px,70,7.0678,0.000000
2026-08-28 14:38:05.257,captures/20260828_143757,mm_per_px,71,7.1567,0.000000
2026-08-28 14:38:05.314,captures/20260828_143757,mm_per_px,72,7.2135,0.000000
2026-08-28 14:38:05.412,captures/20260828_143757,mm_per_px,73,7.3111,0.000000
2026-08-28 14:38:05.512,captures/20260828_143757,mm_per_px,74,7.4110,0.000000
2026-08-28 14:38:05.613,captures/20260828_143757,mm_per_px,75,7.5124,0.000772
2026-08-28 14:38:05.714,captures/20260828_143757,mm_per_px,76,7.6131,0.000000
2026-08-28 14:38:05.811,captures/20260828_143757,mm_per_px,77,7.7103,0.000000
2026-08-28 14:38:05.923,captures/20260828_143757,mm_per_px,78,7.8220,0.000000
2026-08-28 14:38:06.013,captures/20260828_143757,mm_per_px,79,7.9124,0.000000
2026-08-28 14:38:06.113,captures/20260828_143757,mm_per_px,80,8.0129,0.000000
2026-08-28 14:38:06.211,captures/20260828_143757,mm_per_px,81,8.1102,0.000000
2026-08-28 14:38:06.316,captures/20260828_143757,mm_per_px,82,8.2157,0.000000
2026-08-28 14:38:06.463,captures/20260828_143757,mm_per_px,83,8.3623,0.000000
2026-08-28 14:38:06.514,captures/20260828_143757,mm_per_px,84,8.4130,0.000000
2026-08-28 14:38:06.613,captures/20260828_143757,mm_per_px,85,8.5128,0.000000
2026-08-28 14:38:06.715,captures/20260828_143757,mm_per_px,86,8.6146,0.000000
2026-08-28 14:38:06.813,captures/20260828_143757,mm_per_px,87,8.7129,0.001463
2026-08-28 14:38:06.914,captures/20260828_143757,mm_per_px,88,8.8133,0.000000
2026-08-28 14:38:07.010,captures/20260828_143757,mm_per_px,89,8.9095,0.001322
2026-08-28 14:38:07.113,captures/20260828_143757,mm_per_px,90,9.0127,0.000226
2026-08-28 14:38:07.216,captures/20260828_143757,mm_per_px,91,9.1152,0.000000
2026-08-28 14:38:07.366,captures/20260828_143757,mm_per_px,92,9.2655,0.000000
2026-08-28 14:38:07.445,captures/20260828_143757,mm_per_px,93,9.3443,0.001247
2026-08-28 14:38:07.559,captures/20260828_143757,mm_per_px,94,9.4585,0.000482
2026-08-28 14:38:07.630,captures/20260828_143757,mm_per_px,95,9.5296,0.000000
2026-08-28 14:38:07.714,captures/20260828_143757,mm_per_px,96,9.6135,0.000251
2026-08-28 14:38:07.823,captures/20260828_143757,mm_per_px,97,9.7221,0.000000
2026-08-28 14:38:07.912,captures/20260828_143757,mm_per_px,98,9.8119,0.000000
2026-08-28 14:38:08.013,captures/20260828_143757,mm_per_px,99,9.9121,0.000000
2026-08-28 14:38:08.169,captures/20260828_143757,mm_per_px,100,10.0685,0.000000
2026-08-28 14:38:08.254,captures/20260828_143757,mm_per_px,101,10.1530,0.000000
2026-08-28 14:38:08.365,captures/20260828_143757,mm_per_px,102,10.2641,0.000000
2026-08-28 14:38:08.432,captures/20260828_143757,mm_per_px,103,10.3312,0.000000
2026-08-28 14:38:08.562,captures/20260828_143757,mm_per_px,104,10.4610,0.000000
2026-08-28 14:38:08.636,captures/20260828_143757,mm_per_px,105,10.5359,0.000000
2026-08-28 14:38:08.756,captures/20260828_143757,mm_per_px,106,10.6552,0.000000
2026-08-28 14:38:08.854,captures/20260828_143757,mm_per_px,107,10.7537,0.000000
2026-08-28 14:38:08.913,captures/20260828_143757,mm_per_px,108,10.8120,0.000458
2026-08-28 14:38:09.016,captures/20260828_143757,mm_per_px,109,10.9155,0.000000
2026-08-28 14:38:09.160,captures/20260828_143757,mm_per_px,110,11.0599,0.000512
2026-08-28 14:38:09.215,captures/20260828_143757,mm_per_px,111,11.1146,0.002567
2026-08-28 14:38:09.316,captures/20260828_143757,mm_per_px,112,11.2156,0.000647
2026-08-28 14:38:09.418,captures/20260828_143757,mm_per_px,113,11.3171,0.000843
2026-08-28 14:38:09.515,captures/20260828_143757,mm_per_px,114,11.4146,0.000946
2026-08-28 14:38:09.613,captures/20260828_143757,mm_per_px,115,11.5127,0.000000
2026-08-28 14:38:09.712,captures/20260828_143757,mm_per_px,116,11.6111,0.000000
2026-08-28 14:38:09.870,captures/20260828_143757,mm_per_px,117,11.7699,0.000000
2026-08-28 14:38:09.969,captures/20260828_143757,mm_per_px,118,11.8682,0.000000
2026-08-28 14:38:10.014,captures/20260828_143757,mm_per_px,119,11.9138,0.000678
2026-08-28 14:38:10.117,captures/20260828_143757,mm_per_px,120,12.0162,0.000000
2026-08-28 14:38:10.256,captures/20260828_143757,mm_per_px,121,12.1555,0.000212
2026-08-28 14:38:10.320,captures/20260828_143757,mm_per_px,122,12.2199,0.000000
2026-08-28 14:38:10.420,captures/20260828_143757,mm_per_px,123,12.3192,0.000184
2026-08-28 14:38:10.518,captures/20260828_143757,mm_per_px,124,12.4174,0.000000
2026-08-28 14:38:10.664,captures/20260828_143757,mm_per_px,125,12.5635,0.000000
2026-08-28 14:38:10.715,captures/20260828_143757,mm_per_px,126,12.6144,0.000000
2026-08-28 14:38:10.862,captures/20260828_143757,mm_per_px,127,12.7617,0.000000
2026-08-28 14:38:10.936,captures/20260828_143757,mm_per_px,128,12.8355,0.000000
2026-08-28 14:38:11.061,captures/20260828_143757,mm_per_px,129,12.9607,0.000241
2026-08-28 14:38:11.116,captures/20260828_143757,mm_per_px,130,13.0152,0.000000
2026-08-28 14:38:11.257,captures/20260828_143757,mm_per_px,131,13.1568,0.000000
2026-08-28 14:38:11.350,captures/20260828_143757,mm_per_px,132,13.2491,0.000000
2026-08-28 14:38:11.415,captures/20260828_143757,mm_per_px,133,13.3141,0.000000
2026-08-28 14:38:11.517,captures/20260828_143757,mm_per_px,134,13.4163,0.000000
2026-08-28 14:38:11.660,captures/20260828_143757,mm_per_px,135,13.5592,0.000000
2026-08-28 14:38:11.714,captures/20260828_143757,mm_per_px,136,13.6138,0.000000
2026-08-28 14:38:11.854,captures/20260828_143757,mm_per_px,137,13.7534,0.000000
2026-08-28 14:38:11.961,captures/20260828_143757,mm_per_px,138,13.8602,0.000000
2026-08-28 14:38:12.022,captures/20260828_143757,mm_per_px,139,13.9212,0.000000
2026-08-28 14:38:12.168,captures/20260828_143757,mm_per_px,140,14.0678,0.000000
2026-08-28 14:38:12.236,captures/20260828_143757,mm_per_px,141,14.1359,0.000000
2026-08-28 14:38:12.359,captures/20260828_143757,mm_per_px,142,14.2588,0.000000
2026-08-28 14:38:12.445,captures/20260828_143757,mm_per_px,143,14.3444,0.000000
2026-08-28 14:38:12.553,captures/20260828_143757,mm_per_px,144,14.4527,0.000000
2026-08-28 14:38:12.651,captures/20260828_143757,mm_per_px,145,14.5500,0.000000
2026-08-28 14:38:12.763,captures/20260828_143757,mm_per_px,146,14.6621,0.000000
2026-08-28 14:38:12.851,captures/20260828_143757,mm_per_px,147,14.7504,0.000000
2026-08-28 14:38:12.953,captures/20260828_143757,mm_per_px,148,14.8524,0.000159
2026-08-28 14:38:13.043,captures/20260828_143757,mm_per_px,149,14.9429,0.000000
2026-08-28 14:38:13.156,captures/20260828_143757,mm_per_px,150,15.0559,0.000000
2026-08-28 14:38:13.256,captures/20260828_143757,mm_per_px,151,15.1555,0.000000
2026-08-28 14:38:13.366,captures/20260828_143757,mm_per_px,152,15.2655,0.000000
2026-08-28 14:38:13.443,captures/20260828_143757,mm_per_px,153,15.3420,0.000000
2026-08-28 14:38:13.513,captures/20260828_143757,mm_per_px,154,15.4127,0.000000
2026-08-28 14:38:13.617,captures/20260828_143757,mm_per_px,155,15.5164,0.000000
2026-08-28 14:38:13.765,captures/20260828_143757,mm_per_px,156,15.6641,0.000281
2026-08-28 14:38:13.860,captures/20260828_143757,mm_per_px,157,15.7592,0.000000
2026-08-28 14:38:13.968,captures/20260828_143757,mm_per_px,158,15.8677,0.000000
2026-08-28 14:38:14.040,captures/20260828_143757,mm_per_px,159,15.9396,0.000000
2026-08-28 14:38:14.157,captures/20260828_143757,mm_per_px,160,16.0561,0.000568
2026-08-28 14:38:14.224,captures/20260828_143757,mm_per_px,161,16.1236,0.000000
2026-08-28 14:38:14.368,captures/20260828_143757,mm_per_px,162,16.2676,0.000000
2026-08-28 14:38:14.456,captures/20260828_143757,mm_per_px,163,16.3550,0.000000
2026-08-28 14:38:14.560,captures/20260828_143757,mm_per_px,164,16.4598,0.000000
2026-08-28 14:38:14.651,captures/20260828_143757,mm_per_px,165,16.5508,0.000000
2026-08-28 14:38:14.760,captures/20260828_143757,mm_per_px,166,16.6595,0.000000
2026-08-28 14:38:14.858,captures/20260828_143757,mm_per_px,167,16.7579,0.001064
2026-08-28 14:38:14.914,captures/20260828_143757,mm_per_px,168,16.8137,0.000000
2026-08-28 14:38:15.013,captures/20260828_143757,mm_per_px,169,16.9123,0.002486
2026-08-28 14:38:15.159,captures/20260828_143757,mm_per_px,170,17.0589,0.003969
2026-08-28 14:38:15.248,captures/20260828_143757,mm_per_px,171,17.1471,0.001207
2026-08-28 14:38:15.353,captures/20260828_143757,mm_per_px,172,17.2524,0.000000
2026-08-28 14:38:15.418,captures/20260828_143757,mm_per_px,173,17.3177,0.000000
2026-08-28 14:38:15.565,captures/20260828_143757,mm_per_px,174,17.4646,0.000000
2026-08-28 14:38:15.653,captures/20260828_143757,mm_per_px,175,17.5520,0.000000
2026-08-28 14:38:15.762,captures/20260828_143757,mm_per_px,176,17.6617,0.000000
2026-08-28 14:38:15.856,captures/20260828_143757,mm_per_px,177,17.7551,0.000000
2026-08-28 14:38:15.916,captures/20260828_143757,mm_per_px,178,17.8150,0.000000
2026-08-28 14:38:16.060,captures/20260828_143757,mm_per_px,179,17.9597,0.000000
2026-08-28 14:38:16.138,captures/20260828_143757,mm_per_px,180,18.0375,0.000000
2026-08-28 14:38:16.253,captures/20260828_143757,mm_per_px,181,18.1523,0.000000
2026-08-28 14:38:16.340,captures/20260828_143757,mm_per_px,182,18.2395,0.000000
2026-08-28 14:38:16.461,captures/20260828_143757,mm_per_px,183,18.3606,0.000000
2026-08-28 14:38:16.554,captures/20260828_143757,mm_per_px,184,18.4537,0.000000
2026-08-28 14:38:16.618,captures/20260828_143757,mm_per_px,185,18.5170,0.000000
2026-08-28 14:38:16.758,captures/20260828_143757,mm_per_px,186,18.6575,0.000000
2026-08-28 14:38:16.831,captures/20260828_143757,mm_per_px,187,18.7305,0.000000
2026-08-28 14:38:16.950,captures/20260828_143757,mm_per_px,188,18.8496,0.000000
2026-08-28 14:38:17.041,captures/20260828_143757,mm_per_px,189,18.9400,0.000000
2026-08-28 14:38:17.161,captures/20260828_143757,mm_per_px,190,19.0605,0.000000
2026-08-28 14:38:17.252,captures/20260828_143757,mm_per_px,191,19.1514,0.000000
2026-08-28 14:38:17.355,captures/20260828_143757,mm_per_px,192,19.2543,0.000000
2026-08-28 14:38:17.415,captures/20260828_143757,mm_per_px,193,19.3145,0.000000
2026-08-28 14:38:17.558,captures/20260828_143757,mm_per_px,194,19.4576,0.000000
2026-08-28 14:38:17.651,captures/20260828_143757,mm_per_px,195,19.5504,0.000000
2026-08-28 14:38:17.770,captures/20260828_143757,mm_per_px,196,19.6694,0.000000
2026-08-28 14:38:17.864,captures/20260828_143757,mm_per_px,197,19.7630,0.000189
2026-08-28 14:38:17.953,captures/20260828_143757,mm_per_px,198,19.8525,0.000000
2026-08-28 14:38:18.014,captures/20260828_143757,mm_per_px,199,19.9139,0.000000
2026-08-28 14:38:18.161,captures/20260828_143757,mm_per_px,200,20.0601,0.000000
2026-08-28 14:38:18.260,captures/20260828_143757,mm_per_px,201,20.1590,0.000000
2026-08-28 14:38:18.355,captures/20260828_143757,mm_per_px,202,20.2548,0.000000
2026-08-28 14:38:18.442,captures/20260828_143757,mm_per_px,203,20.3418,0.000624
2026-08-28 14:38:18.556,captures/20260828_143757,mm_per_px,204,20.4559,0.000411
2026-08-28 14:38:18.625,captures/20260828_143757,mm_per_px,205,20.5241,0.000000
2026-08-28 14:38:18.711,captures/20260828_143757,mm_per_px,206,20.6100,0.000000
2026-08-28 14:38:18.816,captures/20260828_143757,mm_per_px,207,20.7159,0.000000
2026-08-28 14:38:18.913,captures/20260828_143757,mm_per_px,208,20.8123,0.000000
2026-08-28 14:38:19.013,captures/20260828_143757,mm_per_px,209,20.9124,0.000000
2026-08-28 14:38:19.159,captures/20260828_143757,mm_per_px,210,21.0587,0.000000
2026-08-28 14:38:19.230,captures/20260828_143757,mm_per_px,211,21.1299,0.000000
2026-08-28 14:38:19.310,captures/20260828_143757,mm_per_px,212,21.2096,0.000000
2026-08-28 14:38:19.412,captures/20260828_143757,mm_per_px,213,21.3111,0.000000
2026-08-28 14:38:19.552,captures/20260828_143757,mm_per_px,214,21.4515,0.000000
2026-08-28 14:38:19.647,captures/20260828_143757,mm_per_px,215,21.5463,0.000000
2026-08-28 14:38:19.753,captures/20260828_143757,mm_per_px,216,21.6521,0.000000
2026-08-28 14:38:19.821,captures/20260828_143757,mm_per_px,217,21.7207,0.000000
2026-08-28 14:38:19.956,captures/20260828_143757,mm_per_px,218,21.8553,0.000000
2026-08-28 14:38:20.053,captures/20260828_143757,mm_per_px,219,21.9523,0.000000
2026-08-28 14:38:20.113,captures/20260828_143757,mm_per_px,220,22.0126,0.000000
2026-08-28 14:38:20.263,captures/20260828_143757,mm_per_px,221,22.1620,0.000000
2026-08-28 14:38:20.332,captures/20260828_143757,mm_per_px,222,22.2319,0.000000
2026-08-28 14:38:20.468,captures/20260828_143757,mm_per_px,223,22.3676,0.000000
2026-08-28 14:38:20.551,captures/20260828_143757,mm_per_px,224,22.4505,0.000000
2026-08-28 14:38:20.662,captures/20260828_143757,mm_per_px,225,22.5611,0.000000
2026-08-28 14:38:20.749,captures/20260828_143757,mm_per_px,226,22.6489,0.000000
2026-08-28 14:38:20.855,captures/20260828_143757,mm_per_px,227,22.7540,0.000000
2026-08-28 14:38:20.949,captures/20260828_143757,mm_per_px,228,22.8482,0.000000
2026-08-28 14:38:21.013,captures/20260828_143757,mm_per_px,229,22.9123,0.000000
2026-08-28 14:38:21.112,captures/20260828_143757,mm_per_px,230,23.0116,0.000145
2026-08-28 14:38:21.212,captures/20260828_143757,mm_per_px,231,23.1113,0.000000
2026-08-28 14:38:21.370,captures/20260828_143757,mm_per_px,232,23.2691,0.000262
2026-08-28 14:38:21.466,captures/20260828_143757,mm_per_px,233,23.3650,0.000250
2026-08-28 14:38:21.516,captures/20260828_143757,mm_per_px,234,23.4158,0.002017
2026-08-28 14:38:21.669,captures/20260828_143757,mm_per_px,235,23.5684,0.000793
2026-08-28 14:38:21.749,captures/20260828_143757,mm_per_px,236,23.6486,0.000000
2026-08-28 14:38:21.852,captures/20260828_143757,mm_per_px,237,23.7518,0.000325
2026-08-28 14:38:21.927,captures/20260828_143757,mm_per_px,238,23.8260,0.000000
2026-08-28 14:38:22.058,captures/20260828_143757,mm_per_px,239,23.9572,0.000714
2026-08-28 14:38:22.155,captures/20260828_143757,mm_per_px,240,24.0547,0.000000
2026-08-28 14:38:22.241,captures/20260828_143757,mm_per_px,241,24.1400,0.000866
2026-08-28 14:38:22.313,captures/20260828_143757,mm_per_px,242,24.2129,0.000000
2026-08-28 14:38:22.457,captures/20260828_143757,mm_per_px,243,24.3568,0.000000
2026-08-28 14:38:22.518,captures/20260828_143757,mm_per_px,244,24.4173,0.000294
2026-08-28 14:38:22.653,captures/20260828_143757,mm_per_px,245,24.5528,0.000411
2026-08-28 14:38:22.749,captures/20260828_143757,mm_per_px,246,24.6485,0.000807
2026-08-28 14:38:22.862,captures/20260828_143757,mm_per_px,247,24.7615,0.005687
2026-08-28 14:38:22.959,captures/20260828_143757,mm_per_px,248,24.8580,0.013849
2026-08-28 14:38:23.053,captures/20260828_143757,mm_per_px,249,24.9523,0.019046
2026-08-28 14:38:23.114,captures/20260828_143757,mm_per_px,250,25.0132,0.006309
2026-08-28 14:38:23.260,captures/20260828_143757,mm_per_px,251,25.1591,0.007912
2026-08-28 14:38:23.348,captures/20260828_143757,mm_per_px,252,25.2470,0.005432
2026-08-28 14:38:23.450,captures/20260828_143757,mm_per_px,253,25.3495,0.000994
2026-08-28 14:38:23.539,captures/20260828_143757,mm_per_px,254,25.4384,0.001601
2026-08-28 14:38:23.656,captures/20260828_143757,mm_per_px,255,25.5555,0.002185
2026-08-28 14:38:23.730,captures/20260828_143757,mm_per_px,256,25.6291,0.001746
2026-08-28 14:38:23.861,captures/20260828_143757,mm_per_px,257,25.7601,0.001318
2026-08-28 14:38:23.952,captures/20260828_143757,mm_per_px,258,25.8511,0.002893
2026-08-28 14:38:24.070,captures/20260828_143757,mm_per_px,259,25.9691,0.007548
2026-08-28 14:38:24.163,captures/20260828_143757,mm_per_px,260,26.0629,0.000000
2026-08-28 14:38:24.212,captures/20260828_143757,mm_per_px,261,26.1112,0.000220
2026-08-28 14:38:24.356,captures/20260828_143757,mm_per_px,262,26.2550,0.000242
2026-08-28 14:38:24.438,captures/20260828_143757,mm_per_px,263,26.3375,0.000262
2026-08-28 14:38:24.561,captures/20260828_143757,mm_per_px,264,26.4603,0.000852
2026-08-28 14:38:24.659,captures/20260828_143757,mm_per_px,265,26.5580,0.000000
2026-08-28 14:38:24.739,captures/20260828_143757,mm_per_px,266,26.6382,0.000860
2026-08-28 14:38:24.865,captures/20260828_143757,mm_per_px,267,26.7646,0.000279
2026-08-28 14:38:24.922,captures/20260828_143757,mm_per_px,268,26.8219,0.000619
2026-08-28 14:38:25.062,captures/20260828_143757,mm_per_px,269,26.9617,0.000831
2026-08-28 14:38:25.158,captures/20260828_143757,mm_per_px,270,27.0577,0.000000
2026-08-28 14:38:25.210,captures/20260828_143757,mm_per_px,271,27.1093,0.000000
2026-08-28 14:38:25.312,captures/20260828_143757,mm_per_px,272,27.2117,0.001105
2026-08-28 14:38:25.410,captures/20260828_143757,mm_per_px,273,27.3093,0.000000
2026-08-28 14:38:25.511,captures/20260828_143757,mm_per_px,274,27.4103,0.000290
2026-08-28 14:38:25.655,captures/20260828_143757,mm_per_px,275,27.5544,0.000551
2026-08-28 14:38:25.750,captures/20260828_143757,mm_per_px,276,27.6497,0.000818
2026-08-28 14:38:25.864,captures/20260828_143757,mm_per_px,277,27.7630,0.005988
2026-08-28 14:38:25.958,captures/20260828_143757,mm_per_px,278,27.8575,0.010124
2026-08-28 14:38:26.055,captures/20260828_143757,mm_per_px,279,27.9549,0.022258
2026-08-28 14:38:26.124,captures/20260828_143757,mm_per_px,280,28.0237,0.028913
2026-08-28 14:38:26.212,captures/20260828_143757,mm_per_px,281,28.1119,0.010734
2026-08-28 14:38:26.312,captures/20260828_143757,mm_per_px,282,28.2114,0.009158
2026-08-28 14:38:26.459,captures/20260828_143757,mm_per_px,283,28.3588,0.002271
2026-08-28 14:38:26.547,captures/20260828_143757,mm_per_px,284,28.4467,0.002595
2026-08-28 14:38:26.657,captures/20260828_143757,mm_per_px,285,28.5564,0.000583
2026-08-28 14:38:26.716,captures/20260828_143757,mm_per_px,286,28.6151,0.000684
2026-08-28 14:38:26.855,captures/20260828_143757,mm_per_px,287,28.7542,0.001893
2026-08-28 14:38:26.948,captures/20260828_143757,mm_per_px,288,28.8470,0.003666
2026-08-28 14:38:27.021,captures/20260828_143757,mm_per_px,289,28.9208,0.004766
2026-08-28 14:38:27.115,captures/20260828_143757,mm_per_px,290,29.0147,0.006201
2026-08-28 14:38:27.253,captures/20260828_143757,mm_per_px,291,29.1526,0.003088
2026-08-28 14:38:27.313,captures/20260828_143757,mm_per_px,292,29.2120,0.008297
2026-08-28 14:38:27.452,captures/20260828_143757,mm_per_px,293,29.3513,0.008192
2026-08-28 14:38:27.547,captures/20260828_143757,mm_per_px,294,29.4466,0.005038
2026-08-28 14:38:27.659,captures/20260828_143757,mm_per_px,295,29.5582,0.001385
2026-08-28 14:38:27.748,captures/20260828_143757,mm_per_px,296,29.6470,0.002165
2026-08-28 14:38:27.816,captures/20260828_143757,mm_per_px,297,29.7152,0.002941
2026-08-28 14:38:27.912,captures/20260828_143757,mm_per_px,298,29.8115,0.001825
2026-08-28 14:38:28.056,captures/20260828_143757,mm_per_px,299,29.9555,0.001435
2026-08-28 14:38:28.139,captures/20260828_143757,mm_per_px,300,30.0384,0.000414
2026-08-28 14:38:28.266,captures/20260828_143757,mm_per_px,301,30.1650,0.001176
2026-08-28 14:38:28.329,captures/20260828_143757,mm_per_px,302,30.2280,0.001277
2026-08-28 14:38:28.459,captures/20260828_143757,mm_per_px,303,30.3580,0.001313
2026-08-28 14:38:28.526,captures/20260828_143757,mm_per_px,304,30.4250,0.004238
2026-08-28 14:38:28.658,captures/20260828_143757,mm_per_px,305,30.5577,0.001850
2026-08-28 14:38:28.753,captures/20260828_143757,mm_per_px,306,30.6525,0.000773
2026-08-28 14:38:28.864,captures/20260828_143757,mm_per_px,307,30.7638,0.000787
2026-08-28 14:38:28.957,captures/20260828_143757,mm_per_px,308,30.8563,0.000163
2026-08-28 14:38:29.050,captures/20260828_143757,mm_per_px,309,30.9497,0.000222
2026-08-28 14:38:29.114,captures/20260828_143757,mm_per_px,310,31.0136,0.000000
2026-08-28 14:38:29.254,captures/20260828_143757,mm_per_px,311,31.1532,0.000000
2026-08-28 14:38:29.318,captures/20260828_143757,mm_per_px,312,31.2176,0.000000
2026-08-28 14:38:29.456,captures/20260828_143757,mm_per_px,313,31.3557,0.000250
2026-08-28 14:38:29.546,captures/20260828_143757,mm_per_px,314,31.4450,0.001942
2026-08-28 14:38:29.612,captures/20260828_143757,mm_per_px,315,31.5111,0.004106
2026-08-28 14:38:29.713,captures/20260828_143757,mm_per_px,316,31.6120,0.004941
2026-08-28 14:38:29.814,captures/20260828_143757,mm_per_px,317,31.7138,0.004514
2026-08-28 14:38:29.956,captures/20260828_143757,mm_per_px,318,31.8559,0.003350
2026-08-28 14:38:30.049,captures/20260828_143757,mm_per_px,319,31.9486,0.001628
2026-08-28 14:38:30.165,captures/20260828_143757,mm_per_px,320,32.0649,0.001770
2026-08-28 14:38:30.259,captures/20260828_143757,mm_per_px,321,32.1589,0.007324
2026-08-28 14:38:30.312,captures/20260828_143757,mm_per_px,322,32.2114,0.007234
2026-08-28 14:38:30.455,captures/20260828_143757,mm_per_px,323,32.3549,0.005080
2026-08-28 14:38:30.547,captures/20260828_143757,mm_per_px,324,32.4469,0.005319
2026-08-28 14:38:30.664,captures/20260828_143757,mm_per_px,325,32.5639,0.002643
2026-08-28 14:38:30.759,captures/20260828_143757,mm_per_px,326,32.6583,0.000511
2026-08-28 14:38:30.856,captures/20260828_143757,mm_per_px,327,32.7553,0.000000
2026-08-28 14:38:30.952,captures/20260828_143757,mm_per_px,328,32.8510,0.000205
2026-08-28 14:38:31.056,captures/20260828_143757,mm_per_px,329,32.9550,0.000803
2026-08-28 14:38:31.149,captures/20260828_143757,mm_per_px,330,33.0481,0.003466
2026-08-28 14:38:31.257,captures/20260828_143757,mm_per_px,331,33.1562,0.007476
2026-08-28 14:38:31.356,captures/20260828_143757,mm_per_px,332,33.2554,0.001155
2026-08-28 14:38:31.465,captures/20260828_143757,mm_per_px,333,33.3647,0.001237
2026-08-28 14:38:31.543,captures/20260828_143757,mm_per_px,334,33.4428,0.004427
2026-08-28 14:38:31.617,captures/20260828_143757,mm_per_px,335,33.5165,0.008577
2026-08-28 14:38:31.758,captures/20260828_143757,mm_per_px,336,33.6570,0.003679
2026-08-28 14:38:31.818,captures/20260828_143757,mm_per_px,337,33.7179,0.004555
2026-08-28 14:38:31.955,captures/20260828_143757,mm_per_px,338,33.8545,0.000607
2026-08-28 14:38:32.057,captures/20260828_143757,mm_per_px,339,33.9561,0.002558
2026-08-28 14:38:32.111,captures/20260828_143757,mm_per_px,340,34.0106,0.002652
2026-08-28 14:38:32.213,captures/20260828_143757,mm_per_px,341,34.1124,0.000730
2026-08-28 14:38:32.355,captures/20260828_143757,mm_per_px,342,34.2549,0.000000
2026-08-28 14:38:32.415,captures/20260828_143757,mm_per_px,343,34.3147,0.003897
2026-08-28 14:38:32.556,captures/20260828_143757,mm_per_px,344,34.4556,0.001249
2026-08-28 14:38:32.645,captures/20260828_143757,mm_per_px,345,34.5441,0.000803
2026-08-28 14:38:32.764,captures/20260828_143757,mm_per_px,346,34.6636,0.002963
2026-08-28 14:38:32.818,captures/20260828_143757,mm_per_px,347,34.7179,0.000628
2026-08-28 14:38:32.971,captures/20260828_143757,mm_per_px,348,34.8701,0.000643
2026-08-28 14:38:33.014,captures/20260828_143757,mm_per_px,349,34.9131,0.000000
2026-08-28 14:38:33.151,captures/20260828_143757,mm_per_px,350,35.0509,0.000000
2026-08-28 14:38:33.260,captures/20260828_143757,mm_per_px,351,35.1597,0.000000
2026-08-28 14:38:33.311,captures/20260828_143757,mm_per_px,352,35.2108,0.000149
2026-08-28 14:38:33.418,captures/20260828_143757,mm_per_px,353,35.3170,0.000000
2026-08-28 14:38:33.555,captures/20260828_143757,mm_per_px,354,35.4545,0.000000
2026-08-28 14:38:33.638,captures/20260828_143757,mm_per_px,355,35.5376,0.000000
2026-08-28 14:38:33.712,captures/20260828_143757,mm_per_px,356,35.6114,0.001513
2026-08-28 14:38:33.816,captures/20260828_143757,mm_per_px,357,35.7153,0.000186
2026-08-28 14:38:33.913,captures/20260828_143757,mm_per_px,358,35.8125,0.007812
2026-08-28 14:38:34.018,captures/20260828_143757,mm_per_px,359,35.9177,0.007884
2026-08-28 14:38:34.118,captures/20260828_143757,mm_per_px,360,36.0173,0.010073
2026-08-28 14:38:34.212,captures/20260828_143757,mm_per_px,361,36.1117,0.001676
2026-08-28 14:38:34.317,captures/20260828_143757,mm_per_px,362,36.2169,0.001989
2026-08-28 14:38:34.457,captures/20260828_143757,mm_per_px,363,36.3569,0.005890
2026-08-28 14:38:34.548,captures/20260828_143757,mm_per_px,364,36.4474,0.012193
2026-08-28 14:38:34.667,captures/20260828_143757,mm_per_px,365,36.5666,0.011885
2026-08-28 14:38:34.729,captures/20260828_143757,mm_per_px,366,36.6280,0.017226
2026-08-28 14:38:34.863,captures/20260828_143757,mm_per_px,367,36.7626,0.028214
2026-08-28 14:38:34.954,captures/20260828_143757,mm_per_px,368,36.8536,0.026237
2026-08-28 14:38:35.071,captures/20260828_143757,mm_per_px,369,36.9703,0.021846
2026-08-28 14:38:35.165,captures/20260828_143757,mm_per_px,370,37.0649,0.023070
2026-08-28 14:38:35.255,captures/20260828_143757,mm_per_px,371,37.1545,0.010886
2026-08-28 14:38:35.349,captures/20260828_143757,mm_per_px,372,37.2482,0.013025
2026-08-28 14:38:35.464,captures/20260828_143757,mm_per_px,373,37.3634,0.010702
2026-08-28 14:38:35.557,captures/20260828_143757,mm_per_px,374,37.4569,0.006866
2026-08-28 14:38:35.611,captures/20260828_143757,mm_per_px,375,37.5108,0.007819
2026-08-28 14:38:35.756,captures/20260828_143757,mm_per_px,376,37.6556,0.006396
2026-08-28 14:38:35.837,captures/20260828_143757,mm_per_px,377,37.7365,0.001417
2026-08-28 14:38:35.966,captures/20260828_143757,mm_per_px,378,37.8657,0.002594
2026-08-28 14:38:36.043,captures/20260828_143757,mm_per_px,379,37.9422,0.001666
2026-08-28 14:38:36.159,captures/20260828_143757,mm_per_px,380,38.0586,0.000000
2026-08-28 14:38:36.250,captures/20260828_143757,mm_per_px,381,38.1491,0.001496
2026-08-28 14:38:36.363,captures/20260828_143757,mm_per_px,382,38.2624,0.003952
2026-08-28 14:38:36.457,captures/20260828_143757,mm_per_px,383,38.3564,0.005958
2026-08-28 14:38:36.572,captures/20260828_143757,mm_per_px,384,38.4712,0.001487
2026-08-28 14:38:36.666,captures/20260828_143757,mm_per_px,385,38.5655,0.000000
2026-08-28 14:38:36.763,captures/20260828_143757,mm_per_px,386,38.6627,0.000475
2026-08-28 14:38:36.846,captures/20260828_143757,mm_per_px,387,38.7450,0.004188
2026-08-28 14:38:36.965,captures/20260828_143757,mm_per_px,388,38.8649,0.003430
2026-08-28 14:38:37.058,captures/20260828_143757,mm_per_px,389,38.9576,0.001467
2026-08-28 14:38:37.158,captures/20260828_143757,mm_per_px,390,39.0579,0.000754
2026-08-28 14:38:37.223,captures/20260828_143757,mm_per_px,391,39.1223,0.000665
2026-08-28 14:38:37.355,captures/20260828_143757,mm_per_px,392,39.2543,0.000710
2026-08-28 14:38:37.421,captures/20260828_143757,mm_per_px,393,39.3206,0.000000
2026-08-28 14:38:37.571,captures/20260828_143757,mm_per_px,394,39.4704,0.000000
2026-08-28 14:38:37.671,captures/20260828_143757,mm_per_px,395,39.5703,0.000000
2026-08-28 14:38:37.764,captures/20260828_143757,mm_per_px,396,39.6631,0.000000
2026-08-28 14:38:37.857,captures/20260828_143757,mm_per_px,397,39.7561,0.000188
2026-08-28 14:38:37.914,captures/20260828_143757,mm_per_px,398,39.8130,0.000224
2026-08-28 14:38:38.060,captures/20260828_143757,mm_per_px,399,39.9599,0.000000
2026-08-28 14:38:38.143,captures/20260828_143757,mm_per_px,400,40.0422,0.000000
2026-08-28 14:38:38.268,captures/20260828_143757,mm_per_px,401,40.1677,0.000000
2026-08-28 14:38:38.320,captures/20260828_143757,mm_per_px,402,40.2197,0.000000
2026-08-28 14:38:38.411,captures/20260828_143757,mm_per_px,403,40.3106,0.000000
2026-08-28 14:38:38.513,captures/20260828_143757,mm_per_px,404,40.4122,0.000504
2026-08-28 14:38:38.652,captures/20260828_143757,mm_per_px,405,40.5513,0.000541
2026-08-28 14:38:38.717,captures/20260828_143757,mm_per_px,406,40.6166,0.003355
2026-08-28 14:38:38.856,captures/20260828_143757,mm_per_px,407,40.7557,0.000176
2026-08-28 14:38:38.914,captures/20260828_143757,mm_per_px,408,40.8136,0.000527
2026-08-28 14:38:39.068,captures/20260828_143757,mm_per_px,409,40.9671,0.000799
2026-08-28 14:38:39.166,captures/20260828_143757,mm_per_px,410,41.0659,0.000482
2026-08-28 14:38:39.213,captures/20260828_143757,mm_per_px,411,41.1127,0.000694
2026-08-28 14:38:39.359,captures/20260828_143757,mm_per_px,412,41.2582,0.000000
2026-08-28 14:38:39.450,captures/20260828_143757,mm_per_px,413,41.3491,0.000168
2026-08-28 14:38:39.553,captures/20260828_143757,mm_per_px,414,41.4529,0.000145
2026-08-28 14:38:39.645,captures/20260828_143757,mm_per_px,415,41.5447,0.000000
2026-08-28 14:38:39.713,captures/20260828_143757,mm_per_px,416,41.6125,0.000000
2026-08-28 14:38:39.814,captures/20260828_143757,mm_per_px,417,41.7132,0.000000
2026-08-28 14:38:39.964,captures/20260828_143757,mm_per_px,418,41.8636,0.000000
2026-08-28 14:38:40.055,captures/20260828_143757,mm_per_px,419,41.9545,0.000000
2026-08-28 14:38:40.114,captures/20260828_143757,mm_per_px,420,42.0134,0.000000
2026-08-28 14:38:40.221,captures/20260828_143757,mm_per_px,421,42.1209,0.000000
2026-08-28 14:38:40.312,captures/20260828_143757,mm_per_px,422,42.2112,0.000250
2026-08-28 14:38:40.415,captures/20260828_143757,mm_per_px,423,42.3142,0.000000
2026-08-28 14:38:40.517,captures/20260828_143757,mm_per_px,424,42.4168,0.000305
2026-08-28 14:38:40.660,captures/20260828_143757,mm_per_px,425,42.5598,0.001676
2026-08-28 14:38:40.746,captures/20260828_143757,mm_per_px,426,42.6457,0.001259
2026-08-28 14:38:40.813,captures/20260828_143757,mm_per_px,427,42.7123,0.005905
2026-08-28 14:38:40.913,captures/20260828_143757,mm_per_px,428,42.8127,0.011847
2026-08-28 14:38:41.052,captures/20260828_143757,mm_per_px,429,42.9513,0.000000
2026-08-28 14:38:41.124,captures/20260828_143757,mm_per_px,430,43.0230,0.000894
2026-08-28 14:38:41.265,captures/20260828_143757,mm_per_px,431,43.1640,0.001513
2026-08-28 14:38:41.357,captures/20260828_143757,mm_per_px,432,43.2567,0.000240
2026-08-28 14:38:41.411,captures/20260828_143757,mm_per_px,433,43.3100,0.000952
2026-08-28 14:38:41.556,captures/20260828_143757,mm_per_px,434,43.4554,0.000000
2026-08-28 14:38:41.624,captures/20260828_143757,mm_per_px,435,43.5231,0.000000
2026-08-28 14:38:41.766,captures/20260828_143757,mm_per_px,436,43.6656,0.000000
2026-08-28 14:38:41.882,captures/20260828_143757,mm_per_px,437,43.7814,0.000000
2026-08-28 14:38:41.924,captures/20260828_143757,mm_per_px,438,43.8235,0.000000
2026-08-28 14:38:42.059,captures/20260828_143757,mm_per_px,439,43.9581,0.000000
2026-08-28 14:38:42.139,captures/20260828_143757,mm_per_px,440,44.0381,0.000000
2026-08-28 14:38:42.269,captures/20260828_143757,mm_per_px,441,44.1683,0.000000
2026-08-28 14:38:42.363,captures/20260828_143757,mm_per_px,442,44.2620,0.000000
2026-08-28 14:38:42.460,captures/20260828_143757,mm_per_px,443,44.3599,0.000000
2026-08-28 14:38:42.534,captures/20260828_143757,mm_per_px,444,44.4336,0.000000
2026-08-28 14:38:42.653,captures/20260828_143757,mm_per_px,445,44.5528,0.000000
2026-08-28 14:38:42.742,captures/20260828_143757,mm_per_px,446,44.6416,0.000000
2026-08-28 14:38:42.858,captures/20260828_143757,mm_per_px,447,44.7578,0.000000
2026-08-28 14:38:42.929,captures/20260828_143757,mm_per_px,448,44.8286,0.000000
2026-08-28 14:38:43.068,captures/20260828_143757,mm_per_px,449,44.9677,0.000000
2026-08-28 14:38:43.168,captures/20260828_143757,mm_per_px,450,45.0671,0.000000
2026-08-28 14:38:43.260,captures/20260828_143757,mm_per_px,451,45.1597,0.001537
2026-08-28 14:38:43.354,captures/20260828_143757,mm_per_px,452,45.2531,0.007472
2026-08-28 14:38:43.452,captures/20260828_143757,mm_per_px,453,45.3519,0.010163
2026-08-28 14:38:43.513,captures/20260828_143757,mm_per_px,454,45.4128,0.001312
2026-08-28 14:38:43.664,captures/20260828_143757,mm_per_px,455,45.5631,0.004011
2026-08-28 14:38:43.756,captures/20260828_143757,mm_per_px,456,45.6558,0.000000
2026-08-28 14:38:43.814,captures/20260828_143757,mm_per_px,457,45.7135,0.001541
2026-08-28 14:38:43.914,captures/20260828_143757,mm_per_px,458,45.8130,0.000174
2026-08-28 14:38:44.010,captures/20260828_143757,mm_per_px,459,45.9094,0.001996
2026-08-28 14:38:44.111,captures/20260828_143757,mm_per_px,460,46.0103,0.000000
2026-08-28 14:38:44.252,captures/20260828_143757,mm_per_px,461,46.1514,0.000000
2026-08-28 14:38:44.332,captures/20260828_143757,mm_per_px,462,46.2311,0.000379
2026-08-28 14:38:44.461,captures/20260828_143757,mm_per_px,463,46.3605,0.000484
2026-08-28 14:38:44.556,captures/20260828_143757,mm_per_px,464,46.4557,0.000000
2026-08-28 14:38:44.653,captures/20260828_143757,mm_per_px,465,46.5523,0.000000
2026-08-28 14:38:44.751,captures/20260828_143757,mm_per_px,466,46.6504,0.000000
2026-08-28 14:38:44.859,captures/20260828_143757,mm_per_px,467,46.7586,0.000000
2026-08-28 14:38:44.927,captures/20260828_143757,mm_per_px,468,46.8262,0.000000
2026-08-28 14:38:45.069,captures/20260828_143757,mm_per_px,469,46.9684,0.000000
2026-08-28 14:38:45.157,captures/20260828_143757,mm_per_px,470,47.0569,0.000000
2026-08-28 14:38:45.212,captures/20260828_143757,mm_per_px,471,47.1118,0.000000
2026-08-28 14:38:45.316,captures/20260828_143757,mm_per_px,472,47.2159,0.000000
2026-08-28 14:38:45.458,captures/20260828_143757,mm_per_px,473,47.3571,0.000000
2026-08-28 14:38:45.554,captures/20260828_143757,mm_per_px,474,47.4537,0.000000
2026-08-28 14:38:45.615,captures/20260828_143757,mm_per_px,475,47.5144,0.000000
2026-08-28 14:38:45.714,captures/20260828_143757,mm_per_px,476,47.6135,0.000000
2026-08-28 14:38:45.863,captures/20260828_143757,mm_per_px,477,47.7622,0.000000
2026-08-28 14:38:45.933,captures/20260828_143757,mm_per_px,478,47.8325,0.000000
2026-08-28 14:38:46.060,captures/20260828_143757,mm_per_px,479,47.9595,0.000000
2026-08-28 14:38:46.156,captures/20260828_143757,mm_per_px,480,48.0551,0.000000
2026-08-28 14:38:46.270,captures/20260828_143757,mm_per_px,481,48.1690,0.000000
2026-08-28 14:38:46.367,captures/20260828_143757,mm_per_px,482,48.2664,0.000000
2026-08-28 14:38:46.453,captures/20260828_143757,mm_per_px,483,48.3523,0.000000
2026-08-28 14:38:46.517,captures/20260828_143757,mm_per_px,484,48.4160,0.000000
2026-08-28 14:38:46.656,captures/20260828_143757,mm_per_px,485,48.5551,0.000000
2026-08-28 14:38:46.746,captures/20260828_143757,mm_per_px,486,48.6450,0.000000
2026-08-28 14:38:46.865,captures/20260828_143757,mm_per_px,487,48.7646,0.000000
2026-08-28 14:38:46.958,captures/20260828_143757,mm_per_px,488,48.8573,0.000000
2026-08-28 14:38:47.013,captures/20260828_143757,mm_per_px,489,48.9121,0.000000
2026-08-28 14:38:47.114,captures/20260828_143757,mm_per_px,490,49.0132,0.000000
2026-08-28 14:38:47.256,captures/20260828_143757,mm_per_px,491,49.1550,0.000000
2026-08-28 14:38:47.327,captures/20260828_143757,mm_per_px,492,49.2264,0.000000
2026-08-28 14:38:47.461,captures/20260828_143757,mm_per_px,493,49.3601,0.000000
2026-08-28 14:38:47.549,captures/20260828_143757,mm_per_px,494,49.4489,0.000000
2026-08-28 14:38:47.669,captures/20260828_143757,mm_per_px,495,49.5681,0.000000
2026-08-28 14:38:47.726,captures/20260828_143757,mm_per_px,496,49.6251,0.000000
2026-08-28 14:38:47.861,captures/20260828_143757,mm_per_px,497,49.7607,0.000000
2026-08-28 14:38:47.915,captures/20260828_143757,mm_per_px,498,49.8147,0.000000
2026-08-28 14:38:48.068,captures/20260828_143757,mm_per_px,499,49.9672,0.000000
2026-08-28 14:38:48.133,captures/20260828_143757,mm_per_px,500,50.0323,0.000000
2026-08-28 14:38:48.232,captures/20260828_143757,mm_per_px,501,50.1319,0.000988
2026-08-28 14:38:48.316,captures/20260828_143757,mm_per_px,502,50.2156,0.001076
2026-08-28 14:38:48.415,captures/20260828_143757,mm_per_px,503,50.3146,0.000000
2026-08-28 14:38:48.563,captures/20260828_143757,mm_per_px,504,50.4626,0.000000
2026-08-28 14:38:48.654,captures/20260828_143757,mm_per_px,505,50.5530,0.000926
2026-08-28 14:38:48.756,captures/20260828_143757,mm_per_px,506,50.6558,0.000000
2026-08-28 14:38:48.826,captures/20260828_143757,mm_per_px,507,50.7255,0.000000
2026-08-28 14:38:48.963,captures/20260828_143757,mm_per_px,508,50.8622,0.000000
2026-08-28 14:38:49.053,captures/20260828_143757,mm_per_px,509,50.9520,0.000000
2026-08-28 14:38:49.116,captures/20260828_143757,mm_per_px,510,51.0152,0.000000
2026-08-28 14:38:49.255,captures/20260828_143757,mm_per_px,511,51.1544,0.000000
2026-08-28 14:38:49.325,captures/20260828_143757,mm_per_px,512,51.2245,0.000000
2026-08-28 14:38:49.466,captures/20260828_143757,mm_per_px,513,51.3656,0.000000
2026-08-28 14:38:49.537,captures/20260828_143757,mm_per_px,514,51.4360,0.000000
2026-08-28 14:38:49.663,captures/20260828_143757,mm_per_px,515,51.5622,0.000000
2026-08-28 14:38:49.757,captures/20260828_143757,mm_per_px,516,51.6560,0.000000
2026-08-28 14:38:49.813,captures/20260828_143757,mm_per_px,517,51.7129,0.000000
2026-08-28 14:38:49.915,captures/20260828_143757,mm_per_px,518,51.8149,0.000000
2026-08-28 14:38:50.063,captures/20260828_143757,mm_per_px,519,51.9623,0.000000
2026-08-28 14:38:50.163,captures/20260828_143757,mm_per_px,520,52.0620,0.000000
2026-08-28 14:38:50.260,captures/20260828_143757,mm_per_px,521,52.1595,0.000000
2026-08-28 14:38:50.315,captures/20260828_143757,mm_per_px,522,52.2142,0.000000
2026-08-28 14:38:50.460,captures/20260828_143757,mm_per_px,523,52.3594,0.000000
2026-08-28 14:38:50.549,captures/20260828_143757,mm_per_px,524,52.4486,0.000000
2026-08-28 14:38:50.663,captures/20260828_143757,mm_per_px,525,52.5623,0.000000
2026-08-28 14:38:50.749,captures/20260828_143757,mm_per_px,526,52.6487,0.000187
2026-08-28 14:38:50.813,captures/20260828_143757,mm_per_px,527,52.7129,0.000000
2026-08-28 14:38:50.915,captures/20260828_143757,mm_per_px,528,52.8146,0.000000
2026-08-28 14:38:51.057,captures/20260828_143757,mm_per_px,529,52.9569,0.000000
2026-08-28 14:38:51.144,captures/20260828_143757,mm_per_px,530,53.0434,0.000000
2026-08-28 14:38:51.215,captures/20260828_143757,mm_per_px,531,53.1140,0.000000
2026-08-28 14:38:51.357,captures/20260828_143757,mm_per_px,532,53.2563,0.000000
2026-08-28 14:38:51.444,captures/20260828_143757,mm_per_px,533,53.3433,0.000000
2026-08-28 14:38:51.566,captures/20260828_143757,mm_per_px,534,53.4654,0.000000
2026-08-28 14:38:51.643,captures/20260828_143757,mm_per_px,535,53.5429,0.000000
2026-08-28 14:38:51.759,captures/20260828_143757,mm_per_px,536,53.6584,0.000000
2026-08-28 14:38:51.853,captures/20260828_143757,mm_per_px,537,53.7526,0.000000
2026-08-28 14:38:51.967,captures/20260828_143757,mm_per_px,538,53.8661,0.000000
2026-08-28 14:38:52.054,captures/20260828_143757,mm_per_px,539,53.9533,0.000000
2026-08-28 14:38:52.160,captures/20260828_143757,mm_per_px,540,54.0593,0.000000
2026-08-28 14:38:52.244,captures/20260828_143757,mm_per_px,541,54.1432,0.000000
2026-08-28 14:38:52.313,captures/20260828_143757,mm_per_px,542,54.2128,0.000000
2026-08-28 14:38:52.418,captures/20260828_143757,mm_per_px,543,54.3176,0.000000
2026-08-28 14:38:52.512,captures/20260828_143757,mm_per_px,544,54.4117,0.001128
2026-08-28 14:38:52.666,captures/20260828_143757,mm_per_px,545,54.5658,0.000232
2026-08-28 14:38:52.742,captures/20260828_143757,mm_per_px,546,54.6415,0.000474
2026-08-28 14:38:52.811,captures/20260828_143757,mm_per_px,547,54.7103,0.000000
2026-08-28 14:38:52.916,captures/20260828_143757,mm_per_px,548,54.8156,0.000000
2026-08-28 14:38:53.015,captures/20260828_143757,mm_per_px,549,54.9144,0.000523
2026-08-28 14:38:53.166,captures/20260828_143757,mm_per_px,550,55.0652,0.000000
2026-08-28 14:38:53.244,captures/20260828_143757,mm_per_px,551,55.1432,0.002075
2026-08-28 14:38:53.313,captures/20260828_143757,mm_per_px,552,55.2124,0.000000
2026-08-28 14:38:53.469,captures/20260828_143757,mm_per_px,553,55.3682,0.000000
2026-08-28 14:38:53.540,captures/20260828_143757,mm_per_px,554,55.4395,0.000000
2026-08-28 14:38:53.662,captures/20260828_143757,mm_per_px,555,55.5610,0.000000
2026-08-28 14:38:53.751,captures/20260828_143757,mm_per_px,556,55.6502,0.000000
2026-08-28 14:38:53.858,captures/20260828_143757,mm_per_px,557,55.7574,0.000000
2026-08-28 14:38:53.945,captures/20260828_143757,mm_per_px,558,55.8441,0.000000
2026-08-28 14:38:54.071,captures/20260828_143757,mm_per_px,559,55.9706,0.000000
2026-08-28 14:38:54.166,captures/20260828_143757,mm_per_px,560,56.0659,0.000000
2026-08-28 14:38:54.259,captures/20260828_143757,mm_per_px,561,56.1586,0.000000
2026-08-28 14:38:54.328,captures/20260828_143757,mm_per_px,562,56.2270,0.000000
2026-08-28 14:38:54.461,captures/20260828_143757,mm_per_px,563,56.3600,0.000000
2026-08-28 14:38:54.522,captures/20260828_143757,mm_per_px,564,56.4211,0.000000
2026-08-28 14:38:54.664,captures/20260828_143757,mm_per_px,565,56.5636,0.000000
2026-08-28 14:38:54.755,captures/20260828_143757,mm_per_px,566,56.6549,0.000000
2026-08-28 14:38:54.814,captures/20260828_143757,mm_per_px,567,56.7130,0.000655
2026-08-28 14:38:54.914,captures/20260828_143757,mm_per_px,568,56.8131,0.001601
2026-08-28 14:38:55.060,captures/20260828_143757,mm_per_px,569,56.9597,0.003395
2026-08-28 14:38:55.147,captures/20260828_143757,mm_per_px,570,57.0465,0.000386
2026-08-28 14:38:55.264,captures/20260828_143757,mm_per_px,571,57.1632,0.002656
2026-08-28 14:38:55.364,captures/20260828_143757,mm_per_px,572,57.2639,0.000000
2026-08-28 14:38:55.457,captures/20260828_143757,mm_per_px,573,57.3565,0.000000
2026-08-28 14:38:55.552,captures/20260828_143757,mm_per_px,574,57.4517,0.000000
2026-08-28 14:38:55.615,captures/20260828_143757,mm_per_px,575,57.5144,0.000000
2026-08-28 14:38:55.757,captures/20260828_143757,mm_per_px,576,57.6564,0.000000
2026-08-28 14:38:55.851,captures/20260828_143757,mm_per_px,577,57.7502,0.000000
2026-08-28 14:38:55.911,captures/20260828_143757,mm_per_px,578,57.8107,0.000000
2026-08-28 14:38:56.013,captures/20260828_143757,mm_per_px,579,57.9120,0.000000
2026-08-28 14:38:56.112,captures/20260828_143757,mm_per_px,580,58.0119,0.000000
2026-08-28 14:38:56.212,captures/20260828_143757,mm_per_px,581,58.1116,0.000000
2026-08-28 14:38:56.359,captures/20260828_143757,mm_per_px,582,58.2585,0.000000
2026-08-28 14:38:56.439,captures/20260828_143757,mm_per_px,583,58.3389,0.000000
2026-08-28 14:38:56.515,captures/20260828_143757,mm_per_px,584,58.4149,0.000000
2026-08-28 14:38:56.654,captures/20260828_143757,mm_per_px,585,58.5533,0.000000
2026-08-28 14:38:56.751,captures/20260828_143757,mm_per_px,586,58.6508,0.000000
2026-08-28 14:38:56.811,captures/20260828_143757,mm_per_px,587,58.7106,0.000000
2026-08-28 14:38:56.956,captures/20260828_143757,mm_per_px,588,58.8552,0.000000
2026-08-28 14:38:57.011,captures/20260828_143757,mm_per_px,589,58.9103,0.000000
2026-08-28 14:38:57.158,captures/20260828_143757,mm_per_px,590,59.0575,0.000000
2026-08-28 14:38:57.252,captures/20260828_143757,mm_per_px,591,59.1516,0.000000
2026-08-28 14:38:57.350,captures/20260828_143757,mm_per_px,592,59.2497,0.000000
2026-08-28 14:38:57.453,captures/20260828_143757,mm_per_px,593,59.3529,0.000000
2026-08-28 14:38:57.519,captures/20260828_143757,mm_per_px,594,59.4186,0.000000
2026-08-28 14:38:57.615,captures/20260828_143757,mm_per_px,595,59.5144,0.000000
2026-08-28 14:38:57.714,captures/20260828_143757,mm_per_px,596,59.6133,0.000000
2026-08-28 14:38:57.855,captures/20260828_143757,mm_per_px,597,59.7547,0.000000
2026-08-28 14:38:57.946,captures/20260828_143757,mm_per_px,598,59.8455,0.000000
2026-08-28 14:38:58.011,captures/20260828_143757,mm_per_px,599,59.9108,0.000000
2026-08-28 14:38:58.167,captures/20260828_143757,mm_per_px,600,60.0665,0.000000
2026-08-28 14:38:58.223,captures/20260828_143757,mm_per_px,601,60.1224,0.000000
2026-08-28 14:38:58.352,captures/20260828_143757,mm_per_px,602,60.2512,0.000000
2026-08-28 14:38:58.424,captures/20260828_143757,mm_per_px,603,60.3233,0.000000
2026-08-28 14:38:58.513,captures/20260828_143757,mm_per_px,604,60.4123,0.000000
2026-08-28 14:38:58.616,captures/20260828_143757,mm_per_px,605,60.5154,0.000000
2026-08-28 14:38:58.714,captures/20260828_143757,mm_per_px,606,60.6139,0.000000
2026-08-28 14:38:58.870,captures/20260828_143757,mm_per_px,607,60.7694,0.000000
2026-08-28 14:38:58.938,captures/20260828_143757,mm_per_px,608,60.8379,0.000524
2026-08-28 14:38:59.061,captures/20260828_143757,mm_per_px,609,60.9601,0.000000
2026-08-28 14:38:59.133,captures/20260828_143757,mm_per_px,610,61.0326,0.000690
2026-08-28 14:38:59.257,captures/20260828_143757,mm_per_px,611,61.1569,0.002847
2026-08-28 14:38:59.311,captures/20260828_143757,mm_per_px,612,61.2102,0.001077
2026-08-28 14:38:59.461,captures/20260828_143757,mm_per_px,613,61.3604,0.000000
2026-08-28 14:38:59.530,captures/20260828_143757,mm_per_px,614,61.4295,0.001237
2026-08-28 14:38:59.613,captures/20260828_143757,mm_per_px,615,61.5125,0.000000
2026-08-28 14:38:59.712,captures/20260828_143757,mm_per_px,616,61.6110,0.000000
2026-08-28 14:38:59.812,captures/20260828_143757,mm_per_px,617,61.7117,0.000000
2026-08-28 14:38:59.961,captures/20260828_143757,mm_per_px,618,61.8600,0.000000
2026-08-28 14:39:00.020,captures/20260828_143757,mm_per_px,619,61.9197,0.000000
2026-08-28 14:39:00.165,captures/20260828_143757,mm_per_px,620,62.0648,0.000000
2026-08-28 14:39:00.238,captures/20260828_143757,mm_per_px,621,62.1376,0.000000
2026-08-28 14:39:00.315,captures/20260828_143757,mm_per_px,622,62.2140,0.003247
2026-08-28 14:39:00.416,captures/20260828_143757,mm_per_px,623,62.3150,0.000000
2026-08-28 14:39:00.514,captures/20260828_143757,mm_per_px,624,62.4135,0.000950
2026-08-28 14:39:00.664,captures/20260828_143757,mm_per_px,625,62.5636,0.001067
2026-08-28 14:39:00.732,captures/20260828_143757,mm_per_px,626,62.6315,0.000000
2026-08-28 14:39:00.854,captures/20260828_143757,mm_per_px,627,62.7535,0.000000
2026-08-28 14:39:00.923,captures/20260828_143757,mm_per_px,628,62.8226,0.001556
2026-08-28 14:39:01.062,captures/20260828_143757,mm_per_px,629,62.9611,0.000000
2026-08-28 14:39:01.130,captures/20260828_143757,mm_per_px,630,63.0290,0.000194
2026-08-28 14:39:01.262,captures/20260828_143757,mm_per_px,631,63.1617,0.000000
2026-08-28 14:39:01.351,captures/20260828_143757,mm_per_px,632,63.2503,0.000000
2026-08-28 14:39:01.453,captures/20260828_143757,mm_per_px,633,63.3521,0.000000
2026-08-28 14:39:01.535,captures/20260828_143757,mm_per_px,634,63.4346,0.000000
2026-08-28 14:39:01.657,captures/20260828_143757,mm_per_px,635,63.5560,0.000000
2026-08-28 14:39:01.737,captures/20260828_143757,mm_per_px,636,63.6362,0.000239
2026-08-28 14:39:01.857,captures/20260828_143757,mm_per_px,637,63.7569,0.000000
2026-08-28 14:39:01.939,captures/20260828_143757,mm_per_px,638,63.8387,0.000000
2026-08-28 14:39:02.066,captures/20260828_143757,mm_per_px,639,63.9651,0.000000
2026-08-28 14:39:02.149,captures/20260828_143757,mm_per_px,640,64.0480,0.000775
2026-08-28 14:39:02.251,captures/20260828_143757,mm_per_px,641,64.1500,0.001915
2026-08-28 14:39:02.329,captures/20260828_143757,mm_per_px,642,64.2286,0.000000
2026-08-28 14:39:02.453,captures/20260828_143757,mm_per_px,643,64.3527,0.000000
2026-08-28 14:39:02.537,captures/20260828_143757,mm_per_px,644,64.4360,0.000000
2026-08-28 14:39:02.660,captures/20260828_143757,mm_per_px,645,64.5593,0.000000
2026-08-28 14:39:02.741,captures/20260828_143757,mm_per_px,646,64.6405,0.000387
2026-08-28 14:39:02.865,captures/20260828_143757,mm_per_px,647,64.7644,0.000000
2026-08-28 14:39:02.935,captures/20260828_143757,mm_per_px,648,64.8343,0.000000
2026-08-28 14:39:03.015,captures/20260828_143757,mm_per_px,649,64.9142,0.000000
2026-08-28 14:39:03.111,captures/20260828_143757,mm_per_px,650,65.0107,0.000000
2026-08-28 14:39:03.211,captures/20260828_143757,mm_per_px,651,65.1101,0.000000
2026-08-28 14:39:03.361,captures/20260828_143757,mm_per_px,652,65.2602,0.000000
2026-08-28 14:39:03.414,captures/20260828_143757,mm_per_px,653,65.3132,0.000519
2026-08-28 14:39:03.552,captures/20260828_143757,mm_per_px,654,65.4517,0.000000
2026-08-28 14:39:03.642,captures/20260828_143757,mm_per_px,655,65.5413,0.000557
2026-08-28 14:39:03.760,captures/20260828_143757,mm_per_px,656,65.6596,0.004297
2026-08-28 14:39:03.864,captures/20260828_143757,mm_per_px,657,65.7631,0.000377
2026-08-28 14:39:03.933,captures/20260828_143757,mm_per_px,658,65.8321,0.000578
2026-08-28 14:39:04.054,captures/20260828_143757,mm_per_px,659,65.9538,0.000416
2026-08-28 14:39:04.114,captures/20260828_143757,mm_per_px,660,66.0130,0.001683
2026-08-28 14:39:04.213,captures/20260828_143757,mm_per_px,661,66.1127,0.002509
2026-08-28 14:39:04.359,captures/20260828_143757,mm_per_px,662,66.2585,0.000217
2026-08-28 14:39:04.423,captures/20260828_143757,mm_per_px,663,66.3228,0.001620
2026-08-28 14:39:04.568,captures/20260828_143757,mm_per_px,664,66.4675,0.002309
2026-08-28 14:39:04.646,captures/20260828_143757,mm_per_px,665,66.5458,0.000726
2026-08-28 14:39:04.766,captures/20260828_143757,mm_per_px,666,66.6650,0.000527
2026-08-28 14:39:04.853,captures/20260828_143757,mm_per_px,667,66.7526,0.000000
2026-08-28 14:39:04.912,captures/20260828_143757,mm_per_px,668,66.8118,0.000000
2026-08-28 14:39:05.060,captures/20260828_143757,mm_per_px,669,66.9595,0.000000
2026-08-28 14:39:05.120,captures/20260828_143757,mm_per_px,670,67.0193,0.000177
2026-08-28 14:39:05.271,captures/20260828_143757,mm_per_px,671,67.1708,0.001112
2026-08-28 14:39:05.364,captures/20260828_143757,mm_per_px,672,67.2638,0.000000
2026-08-28 14:39:05.459,captures/20260828_143757,mm_per_px,673,67.3585,0.000000
2026-08-28 14:39:05.550,captures/20260828_143757,mm_per_px,674,67.4494,0.000000
2026-08-28 14:39:05.668,captures/20260828_143757,mm_per_px,675,67.5675,0.000218
2026-08-28 14:39:05.763,captures/20260828_143757,mm_per_px,676,67.6628,0.000000
2026-08-28 14:39:05.859,captures/20260828_143757,mm_per_px,677,67.7588,0.000188
2026-08-28 14:39:05.962,captures/20260828_143757,mm_per_px,678,67.8612,0.000191
2026-08-28 14:39:06.016,captures/20260828_143757,mm_per_px,679,67.9159,0.000000
2026-08-28 14:39:06.169,captures/20260828_143757,mm_per_px,680,68.0682,0.000000
2026-08-28 14:39:06.266,captures/20260828_143757,mm_per_px,681,68.1658,0.000000
2026-08-28 14:39:06.361,captures/20260828_143757,mm_per_px,682,68.2604,0.000000
2026-08-28 14:39:06.454,captures/20260828_143757,mm_per_px,683,68.3539,0.000000
2026-08-28 14:39:06.512,captures/20260828_143757,mm_per_px,684,68.4113,0.000000
2026-08-28 14:39:06.616,captures/20260828_143757,mm_per_px,685,68.5159,0.000000
2026-08-28 14:39:06.717,captures/20260828_143757,mm_per_px,686,68.6167,0.000000
2026-08-28 14:39:06.868,captures/20260828_143757,mm_per_px,687,68.7670,0.000000
2026-08-28 14:39:06.964,captures/20260828_143757,mm_per_px,688,68.8630,0.000000
2026-08-28 14:39:07.018,captures/20260828_143757,mm_per_px,689,68.9171,0.000000
2026-08-28 14:39:07.160,captures/20260828_143757,mm_per_px,690,69.0596,0.000000
2026-08-28 14:39:07.263,captures/20260828_143757,mm_per_px,691,69.1626,0.000000
2026-08-28 14:39:07.371,captures/20260828_143757,mm_per_px,692,69.2702,0.000000
2026-08-28 14:39:07.445,captures/20260828_143757,mm_per_px,693,69.3447,0.000000
2026-08-28 14:39:07.565,captures/20260828_143757,mm_per_px,694,69.4643,0.000141
2026-08-28 14:39:07.663,captures/20260828_143757,mm_per_px,695,69.5625,0.000000
2026-08-28 14:39:07.715,captures/20260828_143757,mm_per_px,696,69.6142,0.003664
2026-08-28 14:39:07.821,captures/20260828_143757,mm_per_px,697,69.7209,0.001233
2026-08-28 14:39:07.924,captures/20260828_143757,mm_per_px,698,69.8235,0.001615
2026-08-28 14:39:08.059,captures/20260828_143757,mm_per_px,699,69.9582,0.000000
2026-08-28 14:39:08.119,captures/20260828_143757,mm_per_px,700,70.0181,0.000000
2026-08-28 14:39:08.253,captures/20260828_143757,mm_per_px,701,70.1523,0.000000
2026-08-28 14:39:08.353,captures/20260828_143757,mm_per_px,702,70.2528,0.000000
2026-08-28 14:39:08.463,captures/20260828_143757,mm_per_px,703,70.3622,0.000000
2026-08-28 14:39:08.557,captures/20260828_143757,mm_per_px,704,70.4562,0.000196
2026-08-28 14:39:08.655,captures/20260828_143757,mm_per_px,705,70.5544,0.000000
2026-08-28 14:39:08.734,captures/20260828_143757,mm_per_px,706,70.6337,0.000000
2026-08-28 14:39:08.858,captures/20260828_143757,mm_per_px,707,70.7574,0.000000
2026-08-28 14:39:08.955,captures/20260828_143757,mm_per_px,708,70.8546,0.000000
2026-08-28 14:39:09.062,captures/20260828_143757,mm_per_px,709,70.9615,0.000000
2026-08-28 14:39:09.123,captures/20260828_143757,mm_per_px,710,71.0223,0.000000
2026-08-28 14:39:09.264,captures/20260828_143757,mm_per_px,711,71.1633,0.000000
2026-08-28 14:39:09.325,captures/20260828_143757,mm_per_px,712,71.2242,0.000000
2026-08-28 14:39:09.458,captures/20260828_143757,mm_per_px,713,71.3577,0.000000
2026-08-28 14:39:09.547,captures/20260828_143757,mm_per_px,714,71.4468,0.000000
2026-08-28 14:39:09.668,captures/20260828_143757,mm_per_px,715,71.5670,0.000000
2026-08-28 14:39:09.764,captures/20260828_143757,mm_per_px,716,71.6632,0.000000
2026-08-28 14:39:09.862,captures/20260828_143757,mm_per_px,717,71.7612,0.000000
2026-08-28 14:39:09.950,captures/20260828_143757,mm_per_px,718,71.8498,0.000000
2026-08-28 14:39:10.071,captures/20260828_143757,mm_per_px,719,71.9700,0.000000
2026-08-28 14:39:10.124,captures/20260828_143757,mm_per_px,720,72.0234,0.000000
2026-08-28 14:39:10.263,captures/20260828_143757,mm_per_px,721,72.1629,0.000301
2026-08-28 14:39:10.353,captures/20260828_143757,mm_per_px,722,72.2523,0.001531
2026-08-28 14:39:10.417,captures/20260828_143757,mm_per_px,723,72.3165,0.004791
2026-08-28 14:39:10.519,captures/20260828_143757,mm_per_px,724,72.4182,0.001993
2026-08-28 14:39:10.663,captures/20260828_143757,mm_per_px,725,72.5627,0.007733
2026-08-28 14:39:10.759,captures/20260828_143757,mm_per_px,726,72.6588,0.000203
2026-08-28 14:39:10.869,captures/20260828_143757,mm_per_px,727,72.7685,0.000180
2026-08-28 14:39:10.973,captures/20260828_143757,mm_per_px,728,72.8728,0.000000
2026-08-28 14:39:11.018,captures/20260828_143757,mm_per_px,729,72.9172,0.000000
2026-08-28 14:39:11.171,captures/20260828_143757,mm_per_px,730,73.0701,0.000000
2026-08-28 14:39:11.265,captures/20260828_143757,mm_per_px,731,73.1643,0.000000
2026-08-28 14:39:11.363,captures/20260828_143757,mm_per_px,732,73.2622,0.000374
2026-08-28 14:39:11.461,captures/20260828_143757,mm_per_px,733,73.3605,0.000194
2026-08-28 14:39:11.555,captures/20260828_143757,mm_per_px,734,73.4547,0.000000
2026-08-28 14:39:11.645,captures/20260828_143757,mm_per_px,735,73.5444,0.000000
2026-08-28 14:39:11.755,captures/20260828_143757,mm_per_px,736,73.6541,0.000000
2026-08-28 14:39:11.847,captures/20260828_143757,mm_per_px,737,73.7462,0.000000
2026-08-28 14:39:11.967,captures/20260828_143757,mm_per_px,738,73.8661,0.000000
2026-08-28 14:39:12.069,captures/20260828_143757,mm_per_px,739,73.9687,0.000000
2026-08-28 14:39:12.116,captures/20260828_143757,mm_per_px,740,74.0155,0.000000
2026-08-28 14:39:12.271,captures/20260828_143757,mm_per_px,741,74.1709,0.000000
2026-08-28 14:39:12.336,captures/20260828_143757,mm_per_px,742,74.2351,0.000000
2026-08-28 14:39:12.464,captures/20260828_143757,mm_per_px,743,74.3632,0.000000
2026-08-28 14:39:12.523,captures/20260828_143757,mm_per_px,744,74.4221,0.000000
2026-08-28 14:39:12.658,captures/20260828_143757,mm_per_px,745,74.5572,0.000000
2026-08-28 14:39:12.741,captures/20260828_143757,mm_per_px,746,74.6405,0.000000
2026-08-28 14:39:12.864,captures/20260828_143757,mm_per_px,747,74.7633,0.000000
2026-08-28 14:39:12.960,captures/20260828_143757,mm_per_px,748,74.8598,0.000000
2026-08-28 14:39:13.059,captures/20260828_143757,mm_per_px,749,74.9589,0.000000
2026-08-28 14:39:13.119,captures/20260828_143757,mm_per_px,750,75.0180,0.000000
2026-08-28 14:39:13.261,captures/20260828_143757,mm_per_px,751,75.1607,0.000000
2026-08-28 14:39:13.323,captures/20260828_143757,mm_per_px,752,75.2223,0.000000
2026-08-28 14:39:13.412,captures/20260828_143757,mm_per_px,753,75.3115,0.000734
2026-08-28 14:39:13.520,captures/20260828_143757,mm_per_px,754,75.4195,0.000505
2026-08-28 14:39:13.674,captures/20260828_143757,mm_per_px,755,75.5739,0.001272
2026-08-28 14:39:13.762,captures/20260828_143757,mm_per_px,756,75.6616,0.001246
2026-08-28 14:39:13.815,captures/20260828_143757,mm_per_px,757,75.7142,0.000000
2026-08-28 14:39:13.953,captures/20260828_143757,mm_per_px,758,75.8526,0.000000
2026-08-28 14:39:14.022,captures/20260828_143757,mm_per_px,759,75.9211,0.000000
2026-08-28 14:39:14.163,captures/20260828_143757,mm_per_px,760,76.0620,0.000258
2026-08-28 14:39:14.244,captures/20260828_143757,mm_per_px,761,76.1431,0.000000
2026-08-28 14:39:14.315,captures/20260828_143757,mm_per_px,762,76.2140,0.004117
2026-08-28 14:39:14.463,captures/20260828_143757,mm_per_px,763,76.3625,0.000000
2026-08-28 14:39:14.558,captures/20260828_143757,mm_per_px,764,76.4575,0.000000
2026-08-28 14:39:14.664,captures/20260828_143757,mm_per_px,765,76.5631,0.001265
2026-08-28 14:39:14.759,captures/20260828_143757,mm_per_px,766,76.6583,0.004441
2026-08-28 14:39:14.856,captures/20260828_143757,mm_per_px,767,76.7552,0.006439
2026-08-28 14:39:14.955,captures/20260828_143757,mm_per_px,768,76.8541,0.008406
2026-08-28 14:39:15.058,captures/20260828_143757,mm_per_px,769,76.9573,0.000000
2026-08-28 14:39:15.131,captures/20260828_143757,mm_per_px,770,77.0303,0.000000
2026-08-28 14:39:15.259,captures/20260828_143757,mm_per_px,771,77.1583,0.000000
2026-08-28 14:39:15.363,captures/20260828_143757,mm_per_px,772,77.2620,0.000000
2026-08-28 14:39:15.467,captures/20260828_143757,mm_per_px,773,77.3662,0.000000
2026-08-28 14:39:15.544,captures/20260828_143757,mm_per_px,774,77.4435,0.000000
2026-08-28 14:39:15.661,captures/20260828_143757,mm_per_px,775,77.5608,0.000000
2026-08-28 14:39:15.733,captures/20260828_143757,mm_per_px,776,77.6328,0.000000
2026-08-28 14:39:15.866,captures/20260828_143757,mm_per_px,777,77.7654,0.000000
2026-08-28 14:39:15.966,captures/20260828_143757,mm_per_px,778,77.8658,0.000000
2026-08-28 14:39:16.013,captures/20260828_143757,mm_per_px,779,77.9123,0.000000
2026-08-28 14:39:16.116,captures/20260828_143757,mm_per_px,780,78.0157,0.000586
2026-08-28 14:39:16.251,captures/20260828_143757,mm_per_px,781,78.1509,0.001050
2026-08-28 14:39:16.323,captures/20260828_143757,mm_per_px,782,78.2226,0.004831
2026-08-28 14:39:16.465,captures/20260828_143757,mm_per_px,783,78.3643,0.005775
2026-08-28 14:39:16.564,captures/20260828_143757,mm_per_px,784,78.4631,0.000000
2026-08-28 14:39:16.617,captures/20260828_143757,mm_per_px,785,78.5161,0.000000
2026-08-28 14:39:16.752,captures/20260828_143757,mm_per_px,786,78.6512,0.000000
2026-08-28 14:39:16.844,captures/20260828_143757,mm_per_px,787,78.7436,0.000000
2026-08-28 14:39:16.952,captures/20260828_143757,mm_per_px,788,78.8516,0.000000
2026-08-28 14:39:17.054,captures/20260828_143757,mm_per_px,789,78.9531,0.000359
2026-08-28 14:39:17.113,captures/20260828_143757,mm_per_px,790,79.0128,0.000562
2026-08-28 14:39:17.259,captures/20260828_143757,mm_per_px,791,79.1580,0.001354
2026-08-28 14:39:17.362,captures/20260828_143757,mm_per_px,792,79.2619,0.000000
2026-08-28 14:39:17.454,captures/20260828_143757,mm_per_px,793,79.3533,0.000000
2026-08-28 14:39:17.545,captures/20260828_143757,mm_per_px,794,79.4441,0.000000
2026-08-28 14:39:17.617,captures/20260828_143757,mm_per_px,795,79.5167,0.000000
2026-08-28 14:39:17.758,captures/20260828_143757,mm_per_px,796,79.6575,0.000000
2026-08-28 14:39:17.863,captures/20260828_143757,mm_per_px,797,79.7627,0.000000
2026-08-28 14:39:17.964,captures/20260828_143757,mm_per_px,798,79.8638,0.000000
2026-08-28 14:39:18.070,captures/20260828_143757,mm_per_px,799,79.9697,0.000000
2026-08-28 14:39:18.142,captures/20260828_143757,mm_per_px,800,80.0412,0.000000
2026-08-28 14:39:18.260,captures/20260828_143757,mm_per_px,801,80.1590,0.000000
2026-08-28 14:39:18.345,captures/20260828_143757,mm_per_px,802,80.2442,0.000000
2026-08-28 14:39:18.469,captures/20260828_143757,mm_per_px,803,80.3680,0.000000
2026-08-28 14:39:18.566,captures/20260828_143757,mm_per_px,804,80.4650,0.000186
2026-08-28 14:39:18.667,captures/20260828_143757,mm_per_px,805,80.5660,0.000000
2026-08-28 14:39:18.770,captures/20260828_143757,mm_per_px,806,80.6696,0.000000
2026-08-28 14:39:18.820,captures/20260828_143757,mm_per_px,807,80.7199,0.000000
2026-08-28 14:39:18.967,captures/20260828_143757,mm_per_px,808,80.8660,0.000365
2026-08-28 14:39:19.059,captures/20260828_143757,mm_per_px,809,80.9588,0.000000
2026-08-28 14:39:19.159,captures/20260828_143757,mm_per_px,810,81.0587,0.000000
2026-08-28 14:39:19.225,captures/20260828_143757,mm_per_px,811,81.1243,0.000000
2026-08-28 14:39:19.315,captures/20260828_143757,mm_per_px,812,81.2140,0.000478
2026-08-28 14:39:19.471,captures/20260828_143757,mm_per_px,813,81.3700,0.000000
2026-08-28 14:39:19.564,captures/20260828_143757,mm_per_px,814,81.4639,0.000000
2026-08-28 14:39:19.618,captures/20260828_143757,mm_per_px,815,81.5179,0.000000
2026-08-28 14:39:19.767,captures/20260828_143757,mm_per_px,816,81.6668,0.004144
2026-08-28 14:39:19.840,captures/20260828_143757,mm_per_px,817,81.7390,0.003235
2026-08-28 14:39:19.917,captures/20260828_143757,mm_per_px,818,81.8163,0.001151
2026-08-28 14:39:20.057,captures/20260828_143757,mm_per_px,819,81.9566,0.000245
2026-08-28 14:39:20.117,captures/20260828_143757,mm_per_px,820,82.0160,0.000000
2026-08-28 14:39:20.266,captures/20260828_143757,mm_per_px,821,82.1657,0.001405
2026-08-28 14:39:20.369,captures/20260828_143757,mm_per_px,822,82.2680,0.000257
2026-08-28 14:39:20.468,captures/20260828_143757,mm_per_px,823,82.3676,0.006059
2026-08-28 14:39:20.565,captures/20260828_143757,mm_per_px,824,82.4643,0.009526
2026-08-28 14:39:20.668,captures/20260828_143757,mm_per_px,825,82.5679,0.002251
2026-08-28 14:39:20.753,captures/20260828_143757,mm_per_px,826,82.6529,0.003908
2026-08-28 14:39:20.811,captures/20260828_143757,mm_per_px,827,82.7107,0.007810
2026-08-28 14:39:20.917,captures/20260828_143757,mm_per_px,828,82.8161,0.006894
2026-08-28 14:39:21.018,captures/20260828_143757,mm_per_px,829,82.9170,0.003341
2026-08-28 14:39:21.171,captures/20260828_143757,mm_per_px,830,83.0700,0.002079
2026-08-28 14:39:21.222,captures/20260828_143757,mm_per_px,831,83.1213,0.001766
2026-08-28 14:39:21.371,captures/20260828_143757,mm_per_px,832,83.2701,0.002457
2026-08-28 14:39:21.474,captures/20260828_143757,mm_per_px,833,83.3737,0.000194
2026-08-28 14:39:21.563,captures/20260828_143757,mm_per_px,834,83.4628,0.000653
2026-08-28 14:39:21.677,captures/20260828_143757,mm_per_px,835,83.5769,0.000000
2026-08-28 14:39:21.806,captures/20260828_143757,mm_per_px,836,83.7052,0.000790
2026-08-28 14:39:21.905,captures/20260828_143757,mm_per_px,837,83.8040,0.000179
2026-08-28 14:39:21.951,captures/20260828_143757,mm_per_px,838,83.8502,0.000264
2026-08-28 14:39:22.063,captures/20260828_143757,mm_per_px,839,83.9620,0.001216
2026-08-28 14:39:22.163,captures/20260828_143757,mm_per_px,840,84.0628,0.000632
2026-08-28 14:39:22.256,captures/20260828_143757,mm_per_px,841,84.1556,0.005477
2026-08-28 14:39:22.345,captures/20260828_143757,mm_per_px,842,84.2449,0.007268
2026-08-28 14:39:22.459,captures/20260828_143757,mm_per_px,843,84.3583,0.008266
2026-08-28 14:39:22.551,captures/20260828_143757,mm_per_px,844,84.4505,0.010927
2026-08-28 14:39:22.668,captures/20260828_143757,mm_per_px,845,84.5678,0.015540
2026-08-28 14:39:22.757,captures/20260828_143757,mm_per_px,846,84.6565,0.006373
2026-08-28 14:39:22.861,captures/20260828_143757,mm_per_px,847,84.7609,0.001486
2026-08-28 14:39:22.944,captures/20260828_143757,mm_per_px,848,84.8430,0.000439
2026-08-28 14:39:23.054,captures/20260828_143757,mm_per_px,849,84.9538,0.000000
2026-08-28 14:39:23.162,captures/20260828_143757,mm_per_px,850,85.0615,0.001016
2026-08-28 14:39:23.254,captures/20260828_143757,mm_per_px,851,85.1538,0.002276
2026-08-28 14:39:23.346,captures/20260828_143757,mm_per_px,852,85.2451,0.003120
2026-08-28 14:39:23.461,captures/20260828_143757,mm_per_px,853,85.3601,0.003273
2026-08-28 14:39:23.542,captures/20260828_143757,mm_per_px,854,85.4410,0.003882
2026-08-28 14:39:23.656,captures/20260828_143757,mm_per_px,855,85.5552,0.000348
2026-08-28 14:39:23.760,captures/20260828_143757,mm_per_px,856,85.6592,0.000000
2026-08-28 14:39:23.834,captures/20260828_143757,mm_per_px,857,85.7332,0.000448
2026-08-28 14:39:23.912,captures/20260828_143757,mm_per_px,858,85.8117,0.002820
2026-08-28 14:39:24.015,captures/20260828_143757,mm_per_px,859,85.9143,0.002107
2026-08-28 14:39:24.112,captures/20260828_143757,mm_per_px,860,86.0118,0.000852
2026-08-28 14:39:24.258,captures/20260828_143757,mm_per_px,861,86.1575,0.000691
2026-08-28 14:39:24.352,captures/20260828_143757,mm_per_px,862,86.2515,0.000000
2026-08-28 14:39:24.466,captures/20260828_143757,mm_per_px,863,86.3657,0.000000
2026-08-28 14:39:24.559,captures/20260828_143757,mm_per_px,864,86.4586,0.000000
2026-08-28 14:39:24.618,captures/20260828_143757,mm_per_px,865,86.5172,0.000698
2026-08-28 14:39:24.768,captures/20260828_143757,mm_per_px,866,86.6674,0.000231
2026-08-28 14:39:24.861,captures/20260828_143757,mm_per_px,867,86.7606,0.001128
2026-08-28 14:39:24.955,captures/20260828_143757,mm_per_px,868,86.8545,0.003835
2026-08-28 14:39:25.055,captures/20260828_143757,mm_per_px,869,86.9544,0.001366
2026-08-28 14:39:25.113,captures/20260828_143757,mm_per_px,870,87.0122,0.004319
2026-08-28 14:39:25.275,captures/20260828_143757,mm_per_px,871,87.1744,0.003210
2026-08-28 14:39:25.354,captures/20260828_143757,mm_per_px,872,87.2537,0.002165
2026-08-28 14:39:25.460,captures/20260828_143757,mm_per_px,873,87.3597,0.002979
2026-08-28 14:39:25.560,captures/20260828_143757,mm_per_px,874,87.4594,0.002358
2026-08-28 14:39:25.630,captures/20260828_143757,mm_per_px,875,87.5296,0.000258
2026-08-28 14:39:25.723,captures/20260828_143757,mm_per_px,876,87.6221,0.000000
2026-08-28 14:39:25.866,captures/20260828_143757,mm_per_px,877,87.7654,0.000000
2026-08-28 14:39:25.952,captures/20260828_143757,mm_per_px,878,87.8516,0.000000
2026-08-28 14:39:26.060,captures/20260828_143757,mm_per_px,879,87.9598,0.000000
2026-08-28 14:39:26.149,captures/20260828_143757,mm_per_px,880,88.0481,0.000182
2026-08-28 14:39:26.265,captures/20260828_143757,mm_per_px,881,88.1645,0.000362
2026-08-28 14:39:26.355,captures/20260828_143757,mm_per_px,882,88.2548,0.000000
2026-08-28 14:39:26.473,captures/20260828_143757,mm_per_px,883,88.3723,0.000990
2026-08-28 14:39:26.532,captures/20260828_143757,mm_per_px,884,88.4318,0.000222
2026-08-28 14:39:26.629,captures/20260828_143757,mm_per_px,885,88.5284,0.000000
2026-08-28 14:39:26.765,captures/20260828_143757,mm_per_px,886,88.6642,0.000000
2026-08-28 14:39:26.859,captures/20260828_143757,mm_per_px,887,88.7583,0.001202
2026-08-28 14:39:26.957,captures/20260828_143757,mm_per_px,888,88.8567,0.000662
2026-08-28 14:39:27.061,captures/20260828_143757,mm_per_px,889,88.9602,0.002439
2026-08-28 14:39:27.169,captures/20260828_143757,mm_per_px,890,89.0682,0.001004
2026-08-28 14:39:27.260,captures/20260828_143757,mm_per_px,891,89.1594,0.001406
2026-08-28 14:39:27.367,captures/20260828_143757,mm_per_px,892,89.2664,0.000000
2026-08-28 14:39:27.436,captures/20260828_143757,mm_per_px,893,89.3355,0.000822
2026-08-28 14:39:27.557,captures/20260828_143757,mm_per_px,894,89.4563,0.000392
2026-08-28 14:39:27.651,captures/20260828_143757,mm_per_px,895,89.5502,0.001009
2026-08-28 14:39:27.771,captures/20260828_143757,mm_per_px,896,89.6701,0.000968
2026-08-28 14:39:27.858,captures/20260828_143757,mm_per_px,897,89.7577,0.000290
2026-08-28 14:39:27.963,captures/20260828_143757,mm_per_px,898,89.8620,0.000363
2026-08-28 14:39:28.016,captures/20260828_143757,mm_per_px,899,89.9150,0.001167
2026-08-28 14:39:28.111,captures/20260828_143757,mm_per_px,900,90.0108,0.000230
2026-08-28 14:39:28.212,captures/20260828_143757,mm_per_px,901,90.1111,0.000266
2026-08-28 14:39:28.316,captures/20260828_143757,mm_per_px,902,90.2159,0.000298
2026-08-28 14:39:28.468,captures/20260828_143757,mm_per_px,903,90.3671,0.000000
2026-08-28 14:39:28.558,captures/20260828_143757,mm_per_px,904,90.4575,0.000237
2026-08-28 14:39:28.659,captures/20260828_143757,mm_per_px,905,90.5582,0.000000
2026-08-28 14:39:28.762,captures/20260828_143757,mm_per_px,906,90.6619,0.000000
2026-08-28 14:39:28.852,captures/20260828_143757,mm_per_px,907,90.7510,0.000000
2026-08-28 14:39:28.939,captures/20260828_143757,mm_per_px,908,90.8388,0.000000
2026-08-28 14:39:29.059,captures/20260828_143757,mm_per_px,909,90.9580,0.000194
2026-08-28 14:39:29.147,captures/20260828_143757,mm_per_px,910,91.0464,0.003597
2026-08-28 14:39:29.253,captures/20260828_143757,mm_per_px,911,91.1526,0.000000
2026-08-28 14:39:29.353,captures/20260828_143757,mm_per_px,912,91.2523,0.000233
2026-08-28 14:39:29.412,captures/20260828_143757,mm_per_px,913,91.3114,0.001464
2026-08-28 14:39:29.514,captures/20260828_143757,mm_per_px,914,91.4134,0.013010
2026-08-28 14:39:29.619,captures/20260828_143757,mm_per_px,915,91.5186,0.007752
2026-08-28 14:39:29.714,captures/20260828_143757,mm_per_px,916,91.6134,0.008042
2026-08-28 14:39:29.818,captures/20260828_143757,mm_per_px,917,91.7179,0.024887
2026-08-28 14:39:29.917,captures/20260828_143757,mm_per_px,918,91.8163,0.013660
2026-08-28 14:39:30.013,captures/20260828_143757,mm_per_px,919,91.9123,0.005579
2026-08-28 14:39:30.164,captures/20260828_143757,mm_per_px,920,92.0630,0.005471
2026-08-28 14:39:30.268,captures/20260828_143757,mm_per_px,921,92.1677,0.005827
2026-08-28 14:39:30.340,captures/20260828_143757,mm_per_px,922,92.2397,0.006825
2026-08-28 14:39:30.421,captures/20260828_143757,mm_per_px,923,92.3200,0.001984
2026-08-28 14:39:30.521,captures/20260828_143757,mm_per_px,924,92.4202,0.001956
2026-08-28 14:39:30.660,captures/20260828_143757,mm_per_px,925,92.5592,0.001670
2026-08-28 14:39:30.759,captures/20260828_143757,mm_per_px,926,92.6585,0.000512
2026-08-28 14:39:30.868,captures/20260828_143757,mm_per_px,927,92.7670,0.003100
2026-08-28 14:39:30.966,captures/20260828_143757,mm_per_px,928,92.8658,0.004028
2026-08-28 14:39:31.016,captures/20260828_143757,mm_per_px,929,92.9154,0.000719
2026-08-28 14:39:31.164,captures/20260828_143757,mm_per_px,930,93.0638,0.003409
2026-08-28 14:39:31.243,captures/20260828_143757,mm_per_px,931,93.1421,0.005357
2026-08-28 14:39:31.360,captures/20260828_143757,mm_per_px,932,93.2595,0.005834
2026-08-28 14:39:31.451,captures/20260828_143757,mm_per_px,933,93.3502,0.026545
2026-08-28 14:39:31.512,captures/20260828_143757,mm_per_px,934,93.4113,0.026331
2026-08-28 14:39:31.613,captures/20260828_143757,mm_per_px,935,93.5120,0.013364
2026-08-28 14:39:31.761,captures/20260828_143757,mm_per_px,936,93.6607,0.011446
2026-08-28 14:39:31.853,captures/20260828_143757,mm_per_px,937,93.7523,0.008369
2026-08-28 14:39:31.968,captures/20260828_143757,mm_per_px,938,93.8670,0.007060
2026-08-28 14:39:32.069,captures/20260828_143757,mm_per_px,939,93.9681,0.035873
2026-08-28 14:39:32.117,captures/20260828_143757,mm_per_px,940,94.0160,0.033989
2026-08-28 14:39:32.259,captures/20260828_143757,mm_per_px,941,94.1584,0.022770
2026-08-28 14:39:32.356,captures/20260828_143757,mm_per_px,942,94.2557,0.046440
2026-08-28 14:39:32.412,captures/20260828_143757,mm_per_px,943,94.3118,0.063809
2026-08-28 14:39:32.555,captures/20260828_143757,mm_per_px,944,94.4545,0.059704
2026-08-28 14:39:32.655,captures/20260828_143757,mm_per_px,945,94.5544,0.018027
2026-08-28 14:39:32.764,captures/20260828_143757,mm_per_px,946,94.6634,0.000969
2026-08-28 14:39:32.864,captures/20260828_143757,mm_per_px,947,94.7639,0.000707
2026-08-28 14:39:32.961,captures/20260828_143757,mm_per_px,948,94.8606,0.001840
2026-08-28 14:39:33.031,captures/20260828_143757,mm_per_px,949,94.9305,0.101382
2026-08-28 14:39:33.168,captures/20260828_143757,mm_per_px,950,95.0675,0.799010
2026-08-28 14:39:33.267,captures/20260828_143757,mm_per_px,951,95.1662,1.755802
2026-08-28 14:39:33.358,captures/20260828_143757,mm_per_px,952,95.2570,2.895963
2026-08-28 14:39:33.455,captures/20260828_143757,mm_per_px,953,95.3541,3.912494
2026-08-28 14:39:33.558,captures/20260828_143757,mm_per_px,954,95.4578,4.877043
2026-08-28 14:39:33.630,captures/20260828_143757,mm_per_px,955,95.5295,5.693564
2026-08-28 14:39:33.762,captures/20260828_143757,mm_per_px,956,95.6615,6.525223
2026-08-28 14:39:33.864,captures/20260828_143757,mm_per_px,957,95.7638,7.285562
2026-08-28 14:39:33.914,captures/20260828_143757,mm_per_px,958,95.8137,7.802212
2026-08-28 14:39:34.051,captures/20260828_143757,mm_per_px,959,95.9509,8.251983
2026-08-28 14:39:34.125,captures/20260828_143757,mm_per_px,960,96.0242,8.674920
2026-08-28 14:39:34.265,captures/20260828_143757,mm_per_px,961,96.1643,9.144090
2026-08-28 14:39:34.366,captures/20260828_143757,mm_per_px,962,96.2658,9.877960
2026-08-28 14:39:34.416,captures/20260828_143757,mm_per_px,963,96.3159,10.872643
2026-08-28 14:39:34.564,captures/20260828_143757,mm_per_px,964,96.4634,12.081336
2026-08-28 14:39:34.660,captures/20260828_143757,mm_per_px,965,96.5590,13.428955
2026-08-28 14:39:34.712,captures/20260828_143757,mm_per_px,966,96.6118,14.747965
2026-08-28 14:39:34.857,captures/20260828_143757,mm_per_px,967,96.7568,15.887444
2026-08-28 14:39:34.928,captures/20260828_143757,mm_per_px,968,96.8279,16.992870
2026-08-28 14:39:35.068,captures/20260828_143757,mm_per_px,969,96.9678,18.011470
2026-08-28 14:39:35.152,captures/20260828_143757,mm_per_px,970,97.0510,19.032036
2026-08-28 14:39:35.245,captures/20260828_143757,mm_per_px,971,97.1445,20.091368
2026-08-28 14:39:35.314,captures/20260828_143757,mm_per_px,972,97.2133,21.125965
2026-08-28 14:39:35.414,captures/20260828_143757,mm_per_px,973,97.3136,22.138597
2026-08-28 14:39:35.567,captures/20260828_143757,mm_per_px,974,97.4667,23.123614
2026-08-28 14:39:35.682,captures/20260828_143757,mm_per_px,975,97.5815,24.089960
2026-08-28 14:39:35.760,captures/20260828_143757,mm_per_px,976,97.6598,24.960142
2026-08-28 14:39:35.814,captures/20260828_143757,mm_per_px,977,97.7136,25.738905
2026-08-28 14:39:35.956,captures/20260828_143757,mm_per_px,978,97.8557,26.480149
2026-08-28 14:39:36.038,captures/20260828_143757,mm_per_px,979,97.9376,27.259520
2026-08-28 14:39:36.163,captures/20260828_143757,mm_per_px,980,98.0622,28.187012
2026-08-28 14:39:36.265,captures/20260828_143757,mm_per_px,981,98.1644,29.080646
2026-08-28 14:39:36.363,captures/20260828_143757,mm_per_px,982,98.2626,29.936800
2026-08-28 14:39:36.464,captures/20260828_143757,mm_per_px,983,98.3630,30.790958
2026-08-28 14:39:36.513,captures/20260828_143757,mm_per_px,984,98.4120,31.478196
2026-08-28 14:39:36.665,captures/20260828_143757,mm_per_px,985,98.5640,31.975530
2026-08-28 14:39:36.767,captures/20260828_143757,mm_per_px,986,98.6662,32.446634
2026-08-28 14:39:36.852,captures/20260828_143757,mm_per_px,987,98.7517,32.853254
2026-08-28 14:39:36.941,captures/20260828_143757,mm_per_px,988,98.8400,33.190450
2026-08-28 14:39:37.013,captures/20260828_143757,mm_per_px,989,98.9125,33.524475
2026-08-28 14:39:37.121,captures/20260828_143757,mm_per_px,990,99.0206,33.920085
2026-08-28 14:39:37.213,captures/20260828_143757,mm_per_px,991,99.1120,34.278899
2026-08-28 14:39:37.354,captures/20260828_143757,mm_per_px,992,99.2533,34.546022
2026-08-28 14:39:37.436,captures/20260828_143757,mm_per_px,993,99.3358,34.776321
2026-08-28 14:39:37.562,captures/20260828_143757,mm_per_px,994,99.4618,34.966742
2026-08-28 14:39:37.668,captures/20260828_143757,mm_per_px,995,99.5670,35.162756
2026-08-28 14:39:37.739,captures/20260828_143757,mm_per_px,996,99.6380,35.425681
2026-08-28 14:39:37.813,captures/20260828_143757,mm_per_px,997,99.7126,35.654036
2026-08-28 14:39:37.953,captures/20260828_143757,mm_per_px,998,99.8523,35.904853
2026-08-28 14:39:38.045,captures/20260828_143757,mm_per_px,999,99.9448,36.231333
2026-08-28 14:39:38.168,captures/20260828_143757,mm_per_px,1000,100.0678,36.551702
2026-08-28 14:39:38.274,captures/20260828_143757,mm_per_px,1001,100.1738,36.683279
2026-08-28 14:39:38.345,captures/20260828_143757,mm_per_px,1002,100.2445,36.796788
2026-08-28 14:39:38.412,captures/20260828_143757,mm_per_px,1003,100.3117,36.839335
2026-08-28 14:39:38.555,captures/20260828_143757,mm_per_px,1004,100.4543,36.701442
2026-08-28 14:39:38.638,captures/20260828_143757,mm_per_px,1005,100.5377,36.304448
2026-08-28 14:39:38.757,captures/20260828_143757,mm_per_px,1006,100.6566,35.926107
2026-08-28 14:39:38.831,captures/20260828_143757,mm_per_px,1007,100.7302,35.414464
2026-08-28 14:39:38.966,captures/20260828_143757,mm_per_px,1008,100.8652,34.923327
2026-08-28 14:39:39.062,captures/20260828_143757,mm_per_px,1009,100.9610,34.476076
2026-08-28 14:39:39.165,captures/20260828_143757,mm_per_px,1010,101.0648,34.219243
2026-08-28 14:39:39.260,captures/20260828_143757,mm_per_px,1011,101.1592,33.940268
2026-08-28 14:39:39.346,captures/20260828_143757,mm_per_px,1012,101.2459,33.863488
2026-08-28 14:39:39.467,captures/20260828_143757,mm_per_px,1013,101.3668,33.831996
2026-08-28 14:39:39.547,captures/20260828_143757,mm_per_px,1014,101.4464,33.984652
2026-08-28 14:39:39.658,captures/20260828_143757,mm_per_px,1015,101.5577,34.179991
2026-08-28 14:39:39.756,captures/20260828_143757,mm_per_px,1016,101.6556,34.563723
2026-08-28 14:39:39.815,captures/20260828_143757,mm_per_px,1017,101.7140,34.993097
2026-08-28 14:39:39.914,captures/20260828_143757,mm_per_px,1018,101.8130,35.450725
2026-08-28 14:39:40.014,captures/20260828_143757,mm_per_px,1019,101.9135,35.956527
2026-08-28 14:39:40.117,captures/20260828_143757,mm_per_px,1020,102.0164,36.455567
2026-08-28 14:39:40.257,captures/20260828_143757,mm_per_px,1021,102.1560,36.880597
2026-08-28 14:39:40.362,captures/20260828_143757,mm_per_px,1022,102.2615,37.141821
2026-08-28 14:39:40.455,captures/20260828_143757,mm_per_px,1023,102.3546,37.371200
2026-08-28 14:39:40.555,captures/20260828_143757,mm_per_px,1024,102.4544,37.441207
2026-08-28 14:39:40.635,captures/20260828_143757,mm_per_px,1025,102.5349,37.407066
2026-08-28 14:39:40.766,captures/20260828_143757,mm_per_px,1026,102.6658,37.231316
2026-08-28 14:39:40.874,captures/20260828_143757,mm_per_px,1027,102.7734,36.936747
2026-08-28 14:39:40.946,captures/20260828_143757,mm_per_px,1028,102.8451,36.593768
2026-08-28 14:39:41.056,captures/20260828_143757,mm_per_px,1029,102.9556,36.245440
2026-08-28 14:39:41.137,captures/20260828_143757,mm_per_px,1030,103.0365,35.888247
2026-08-28 14:39:41.212,captures/20260828_143757,mm_per_px,1031,103.1119,35.672554
2026-08-28 14:39:41.314,captures/20260828_143757,mm_per_px,1032,103.2132,35.613021
2026-08-28 14:39:41.412,captures/20260828_143757,mm_per_px,1033,103.3115,35.679668
2026-08-28 14:39:41.513,captures/20260828_143757,mm_per_px,1034,103.4124,35.980753
2026-08-28 14:39:41.659,captures/20260828_143757,mm_per_px,1035,103.5587,36.433956
2026-08-28 14:39:41.740,captures/20260828_143757,mm_per_px,1036,103.6393,36.865109
2026-08-28 14:39:41.861,captures/20260828_143757,mm_per_px,1037,103.7602,37.437017
2026-08-28 14:39:41.964,captures/20260828_143757,mm_per_px,1038,103.8630,38.051787
2026-08-28 14:39:42.071,captures/20260828_143757,mm_per_px,1039,103.9705,38.628839
2026-08-28 14:39:42.177,captures/20260828_143757,mm_per_px,1040,104.0763,39.270260
2026-08-28 14:39:42.219,captures/20260828_143757,mm_per_px,1041,104.1187,39.923762
2026-08-28 14:39:42.312,captures/20260828_143757,mm_per_px,1042,104.2112,40.463201
2026-08-28 14:39:42.413,captures/20260828_143757,mm_per_px,1043,104.3123,40.888312
2026-08-28 14:39:42.568,captures/20260828_143757,mm_per_px,1044,104.4679,41.197553
2026-08-28 14:39:42.671,captures/20260828_143757,mm_per_px,1045,104.5708,41.352855
2026-08-28 14:39:42.715,captures/20260828_143757,mm_per_px,1046,104.6142,41.425783
2026-08-28 14:39:42.874,captures/20260828_143757,mm_per_px,1047,104.7731,41.519565
2026-08-28 14:39:42.957,captures/20260828_143757,mm_per_px,1048,104.8566,41.682600
2026-08-28 14:39:43.055,captures/20260828_143757,mm_per_px,1049,104.9542,41.888863
2026-08-28 14:39:43.117,captures/20260828_143757,mm_per_px,1050,105.0160,42.006474
2026-08-28 14:39:43.918,captures/20260828_143757,mm_per_px,1051,105.8171,42.141414
2026-08-28 14:39:43.988,captures/20260828_143757,mm_per_px,1052,105.8875,42.123493
2026-08-28 14:39:44.036,captures/20260828_143757,mm_per_px,1053,105.9357,41.976688
2026-08-28 14:39:44.083,captures/20260828_143757,mm_per_px,1054,105.9823,41.685692
2026-08-28 14:39:44.123,captures/20260828_143757,mm_per_px,1055,106.0220,41.292327
2026-08-28 14:39:44.168,captures/20260828_143757,mm_per_px,1056,106.0674,40.760565
2026-08-28 14:39:44.207,captures/20260828_143757,mm_per_px,1057,106.1063,40.044124
2026-08-28 14:39:44.244,captures/20260828_143757,mm_per_px,1058,106.1437,39.265350
2026-08-28 14:39:44.279,captures/20260828_143757,mm_per_px,1059,106.1782,38.454882
2026-08-28 14:39:44.319,captures/20260828_143757,mm_per_px,1060,106.2189,37.551571
2026-08-28 14:39:44.353,captures/20260828_143757,mm_per_px,1061,106.2521,36.736187
2026-08-28 14:39:44.394,captures/20260828_143757,mm_per_px,1062,106.2933,36.077059
2026-08-28 14:39:44.423,captures/20260828_143757,mm_per_px,1063,106.3225,35.579070
2026-08-28 14:39:44.564,captures/20260828_143757,mm_per_px,1064,106.4638,35.140651
2026-08-28 14:39:44.667,captures/20260828_143757,mm_per_px,1065,106.5669,34.909557
2026-08-28 14:39:44.767,captures/20260828_143757,mm_per_px,1066,106.6668,34.838302
2026-08-28 14:39:44.866,captures/20260828_143757,mm_per_px,1067,106.7659,34.860991
2026-08-28 14:39:44.960,captures/20260828_143757,mm_per_px,1068,106.8597,34.958775
2026-08-28 14:39:45.063,captures/20260828_143757,mm_per_px,1069,106.9621,35.222681
2026-08-28 14:39:45.114,captures/20260828_143757,mm_per_px,1070,107.0135,35.580934
2026-08-28 14:39:45.254,captures/20260828_143757,mm_per_px,1071,107.1537,35.946710
2026-08-28 14:39:45.357,captures/20260828_143757,mm_per_px,1072,107.2564,36.382025
2026-08-28 14:39:45.462,captures/20260828_143757,mm_per_px,1073,107.3614,36.806590
2026-08-28 14:39:45.568,captures/20260828_143757,mm_per_px,1074,107.4678,37.306484
2026-08-28 14:39:45.639,captures/20260828_143757,mm_per_px,1075,107.5384,37.891927
2026-08-28 14:39:45.755,captures/20260828_143757,mm_per_px,1076,107.6540,38.565451
2026-08-28 14:39:45.835,captures/20260828_143757,mm_per_px,1077,107.7340,39.300829
2026-08-28 14:39:45.919,captures/20260828_143757,mm_per_px,1078,107.8188,40.018877
2026-08-28 14:39:46.028,captures/20260828_143757,mm_per_px,1079,107.9273,40.649886
2026-08-28 14:39:46.120,captures/20260828_143757,mm_per_px,1080,108.0193,41.256463
2026-08-28 14:39:46.217,captures/20260828_143757,mm_per_px,1081,108.1169,41.820832
2026-08-28 14:39:46.313,captures/20260828_143757,mm_per_px,1082,108.2124,42.519938
2026-08-28 14:39:46.470,captures/20260828_143757,mm_per_px,1083,108.3696,43.376233
2026-08-28 14:39:46.579,captures/20260828_143757,mm_per_px,1084,108.4784,44.398033
2026-08-28 14:39:46.669,captures/20260828_143757,mm_per_px,1085,108.5688,45.355302
2026-08-28 14:39:46.719,captures/20260828_143757,mm_per_px,1086,108.6189,46.372771
2026-08-28 14:39:46.870,captures/20260828_143757,mm_per_px,1087,108.7694,47.292179
2026-08-28 14:39:46.945,captures/20260828_143757,mm_per_px,1088,108.8440,48.094568
2026-08-28 14:39:47.075,captures/20260828_143757,mm_per_px,1089,108.9741,48.803175
2026-08-28 14:39:47.177,captures/20260828_143757,mm_per_px,1090,109.0765,49.361968
2026-08-28 14:39:47.215,captures/20260828_143757,mm_per_px,1091,109.1148,49.712891
2026-08-28 14:39:47.319,captures/20260828_143757,mm_per_px,1092,109.2188,49.974667
2026-08-28 14:39:47.420,captures/20260828_143757,mm_per_px,1093,109.3193,49.928758
2026-08-28 14:39:47.521,captures/20260828_143757,mm_per_px,1094,109.4208,49.816849
2026-08-28 14:39:47.631,captures/20260828_143757,mm_per_px,1095,109.5301,49.635961
2026-08-28 14:39:47.716,captures/20260828_143757,mm_per_px,1096,109.6157,49.428122
2026-08-28 14:39:47.872,captures/20260828_143757,mm_per_px,1097,109.7710,49.228550
2026-08-28 14:39:47.977,captures/20260828_143757,mm_per_px,1098,109.8769,49.209796
2026-08-28 14:39:48.051,captures/20260828_143757,mm_per_px,1099,109.9504,49.155693
2026-08-28 14:39:48.118,captures/20260828_143757,mm_per_px,1100,110.0176,49.089745
2026-08-28 14:39:48.264,captures/20260828_143757,mm_per_px,1101,110.1630,48.926267
2026-08-28 14:39:48.366,captures/20260828_143757,mm_per_px,1102,110.2654,48.606074
2026-08-28 14:39:48.455,captures/20260828_143757,mm_per_px,1103,110.3543,48.114758
2026-08-28 14:39:48.515,captures/20260828_143757,mm_per_px,1104,110.4147,47.522086
2026-08-28 14:39:48.667,captures/20260828_143757,mm_per_px,1105,110.5660,46.749019
2026-08-28 14:39:48.777,captures/20260828_143757,mm_per_px,1106,110.6760,45.871128
2026-08-28 14:39:48.814,captures/20260828_143757,mm_per_px,1107,110.7136,44.899013
2026-08-28 14:39:48.970,captures/20260828_143757,mm_per_px,1108,110.8699,43.804735
2026-08-28 14:39:49.066,captures/20260828_143757,mm_per_px,1109,110.9656,42.793795
2026-08-28 14:39:49.163,captures/20260828_143757,mm_per_px,1110,111.0623,42.014292
2026-08-28 14:39:49.267,captures/20260828_143757,mm_per_px,1111,111.1665,41.438594
2026-08-28 14:39:49.362,captures/20260828_143757,mm_per_px,1112,111.2619,41.121925
2026-08-28 14:39:49.455,captures/20260828_143757,mm_per_px,1113,111.3540,41.010504
2026-08-28 14:39:49.560,captures/20260828_143757,mm_per_px,1114,111.4599,41.037228
2026-08-28 14:39:49.665,captures/20260828_143757,mm_per_px,1115,111.5641,41.085452
2026-08-28 14:39:49.768,captures/20260828_143757,mm_per_px,1116,111.6677,41.157582
2026-08-28 14:39:49.863,captures/20260828_143757,mm_per_px,1117,111.7628,41.304104
2026-08-28 14:39:49.916,captures/20260828_143757,mm_per_px,1118,111.8152,41.389470
2026-08-28 14:39:50.061,captures/20260828_143757,mm_per_px,1119,111.9606,41.494378
2026-08-28 14:39:50.146,captures/20260828_143757,mm_per_px,1120,112.0453,41.624705
2026-08-28 14:39:50.254,captures/20260828_143757,mm_per_px,1121,112.1532,41.686809
2026-08-28 14:39:50.361,captures/20260828_143757,mm_per_px,1122,112.2600,41.732407
2026-08-28 14:39:50.434,captures/20260828_143757,mm_per_px,1123,112.3333,41.853178
2026-08-28 14:39:50.569,captures/20260828_143757,mm_per_px,1124,112.4688,41.974778
2026-08-28 14:39:50.646,captures/20260828_143757,mm_per_px,1125,112.5451,42.071524
2026-08-28 14:39:50.769,captures/20260828_143757,mm_per_px,1126,112.6686,42.138722
2026-08-28 14:39:50.875,captures/20260828_143757,mm_per_px,1127,112.7740,42.202848
2026-08-28 14:39:50.946,captures/20260828_143757,mm_per_px,1128,112.8451,42.136858
2026-08-28 14:39:51.017,captures/20260828_143757,mm_per_px,1129,112.9160,42.107907
2026-08-28 14:39:51.162,captures/20260828_143757,mm_per_px,1130,113.0616,41.836574
2026-08-28 14:39:51.245,captures/20260828_143757,mm_per_px,1131,113.1443,41.566353
2026-08-28 14:39:51.371,captures/20260828_143757,mm_per_px,1132,113.2709,41.154480
2026-08-28 14:39:51.475,captures/20260828_143757,mm_per_px,1133,113.3749,40.661978
2026-08-28 14:39:51.522,captures/20260828_143757,mm_per_px,1134,113.4219,40.093886
2026-08-28 14:39:51.669,captures/20260828_143757,mm_per_px,1135,113.5685,39.714843
2026-08-28 14:39:51.783,captures/20260828_143757,mm_per_px,1136,113.6820,39.407536
2026-08-28 14:39:51.853,captures/20260828_143757,mm_per_px,1137,113.7529,39.238074
2026-08-28 14:39:51.965,captures/20260828_143757,mm_per_px,1138,113.8644,39.194814
2026-08-28 14:39:52.065,captures/20260828_143757,mm_per_px,1139,113.9644,39.216298
2026-08-28 14:39:52.168,captures/20260828_143757,mm_per_px,1140,114.0673,39.142877
2026-08-28 14:39:52.273,captures/20260828_143757,mm_per_px,1141,114.1720,39.038557
2026-08-28 14:39:52.314,captures/20260828_143757,mm_per_px,1142,114.2136,38.782496
2026-08-28 14:39:52.468,captures/20260828_143757,mm_per_px,1143,114.3678,38.559413
2026-08-28 14:39:52.574,captures/20260828_143757,mm_per_px,1144,114.4735,38.249917
2026-08-28 14:39:52.651,captures/20260828_143757,mm_per_px,1145,114.5503,37.984105
2026-08-28 14:39:52.715,captures/20260828_143757,mm_per_px,1146,114.6144,37.677594
2026-08-28 14:39:52.860,captures/20260828_143757,mm_per_px,1147,114.7593,37.445935
2026-08-28 14:39:52.936,captures/20260828_143757,mm_per_px,1148,114.8355,37.089515
2026-08-28 14:39:53.057,captures/20260828_143757,mm_per_px,1149,114.9568,36.729103
2026-08-28 14:39:53.158,captures/20260828_143757,mm_per_px,1150,115.0574,36.326444
2026-08-28 14:39:53.214,captures/20260828_143757,mm_per_px,1151,115.1133,35.967895
2026-08-28 14:39:53.319,captures/20260828_143757,mm_per_px,1152,115.2188,35.637713
2026-08-28 14:39:53.427,captures/20260828_143757,mm_per_px,1153,115.3265,35.388815
2026-08-28 14:39:53.518,captures/20260828_143757,mm_per_px,1154,115.4174,35.203400
2026-08-28 14:39:53.657,captures/20260828_143757,mm_per_px,1155,115.5569,35.077473
2026-08-28 14:39:53.766,captures/20260828_143757,mm_per_px,1156,115.6653,35.030075
2026-08-28 14:39:53.843,captures/20260828_143757,mm_per_px,1157,115.7421,34.977065
2026-08-28 14:39:53.916,captures/20260828_143757,mm_per_px,1158,115.8152,34.993399
2026-08-28 14:39:54.018,captures/20260828_143757,mm_per_px,1159,115.9176,35.061182
2026-08-28 14:39:54.115,captures/20260828_143757,mm_per_px,1160,116.0149,35.143906
2026-08-28 14:39:54.224,captures/20260828_143757,mm_per_px,1161,116.1231,35.421002
2026-08-28 14:39:54.314,captures/20260828_143757,mm_per_px,1162,116.2133,35.945788
2026-08-28 14:39:54.420,captures/20260828_143757,mm_per_px,1163,116.3195,36.476352
2026-08-28 14:39:54.518,captures/20260828_143757,mm_per_px,1164,116.4179,37.113514
2026-08-28 14:39:54.662,captures/20260828_143757,mm_per_px,1165,116.5612,37.710997
2026-08-28 14:39:54.762,captures/20260828_143757,mm_per_px,1166,116.6614,38.338959
2026-08-28 14:39:54.873,captures/20260828_143757,mm_per_px,1167,116.7726,38.997616
2026-08-28 14:39:54.977,captures/20260828_143757,mm_per_px,1168,116.8762,39.507394
2026-08-28 14:39:55.017,captures/20260828_143757,mm_per_px,1169,116.9160,40.094058
2026-08-28 14:39:55.165,captures/20260828_143757,mm_per_px,1170,117.0649,40.678171
2026-08-28 14:39:55.269,captures/20260828_143757,mm_per_px,1171,117.1683,41.241694
2026-08-28 14:39:55.368,captures/20260828_143757,mm_per_px,1172,117.2670,41.685035
2026-08-28 14:39:55.470,captures/20260828_143757,mm_per_px,1173,117.3699,42.140025
2026-08-28 14:39:55.514,captures/20260828_143757,mm_per_px,1174,117.4131,42.565225
2026-08-28 14:39:55.613,captures/20260828_143757,mm_per_px,1175,117.5129,43.019460
2026-08-28 14:39:55.714,captures/20260828_143757,mm_per_px,1176,117.6136,43.346083
2026-08-28 14:39:55.868,captures/20260828_143757,mm_per_px,1177,117.7677,43.631361
2026-08-28 14:39:55.944,captures/20260828_143757,mm_per_px,1178,117.8432,43.773296
2026-08-28 14:39:56.013,captures/20260828_143757,mm_per_px,1179,117.9128,43.849594
2026-08-28 14:39:56.113,captures/20260828_143757,mm_per_px,1180,118.0125,43.847474
2026-08-28 14:39:56.264,captures/20260828_143757,mm_per_px,1181,118.1635,43.838070
2026-08-28 14:39:56.369,captures/20260828_143757,mm_per_px,1182,118.2683,43.791115
2026-08-28 14:39:56.443,captures/20260828_143757,mm_per_px,1183,118.3421,43.857691
2026-08-28 14:39:56.567,captures/20260828_143757,mm_per_px,1184,118.4669,43.848292
2026-08-28 14:39:56.674,captures/20260828_143757,mm_per_px,1185,118.5733,43.942890
2026-08-28 14:39:56.745,captures/20260828_143757,mm_per_px,1186,118.6448,44.050059
2026-08-28 14:39:56.819,captures/20260828_143757,mm_per_px,1187,118.7180,44.009875
2026-08-28 14:39:56.930,captures/20260828_143757,mm_per_px,1188,118.8295,44.000390
2026-08-28 14:39:57.019,captures/20260828_143757,mm_per_px,1189,118.9180,43.951232
2026-08-28 14:39:57.129,captures/20260828_143757,mm_per_px,1190,119.0282,43.746707
2026-08-28 14:39:57.220,captures/20260828_143757,mm_per_px,1191,119.1198,43.472082
2026-08-28 14:39:57.371,captures/20260828_143757,mm_per_px,1192,119.2708,43.162060
2026-08-28 14:39:57.442,captures/20260828_143757,mm_per_px,1193,119.3419,42.763571
2026-08-28 14:39:57.559,captures/20260828_143757,mm_per_px,1194,119.4584,42.327233
2026-08-28 14:39:57.650,captures/20260828_143757,mm_per_px,1195,119.5495,41.873461
2026-08-28 14:39:57.767,captures/20260828_143757,mm_per_px,1196,119.6668,41.437813
2026-08-28 14:39:57.844,captures/20260828_143757,mm_per_px,1197,119.7431,41.060446
2026-08-28 14:39:57.960,captures/20260828_143757,mm_per_px,1198,119.8597,40.758137
2026-08-28 14:39:58.017,captures/20260828_143757,mm_per_px,1199,119.9164,40.638662
2026-08-28 14:39:58.152,captures/20260828_143757,mm_per_px,1200,120.0513,40.530704
2026-08-28 14:39:58.264,captures/20260828_143757,mm_per_px,1201,120.1630,40.533790
2026-08-28 14:39:58.315,captures/20260828_143757,mm_per_px,1202,120.2142,40.458985
2026-08-28 14:39:58.468,captures/20260828_143757,mm_per_px,1203,120.3677,40.433047
2026-08-28 14:39:58.579,captures/20260828_143757,mm_per_px,1204,120.4789,40.209947
2026-08-28 14:39:58.617,captures/20260828_143757,mm_per_px,1205,120.5165,40.109411
2026-08-28 14:39:58.714,captures/20260828_143757,mm_per_px,1206,120.6136,39.953854
2026-08-28 14:39:58.813,captures/20260828_143757,mm_per_px,1207,120.7129,39.848943
2026-08-28 14:39:58.916,captures/20260828_143757,mm_per_px,1208,120.8154,39.853036
2026-08-28 14:39:59.012,captures/20260828_143757,mm_per_px,1209,120.9111,40.020984
2026-08-28 14:39:59.116,captures/20260828_143757,mm_per_px,1210,121.0157,40.169732
2026-08-28 14:39:59.220,captures/20260828_143757,mm_per_px,1211,121.1196,40.321377
2026-08-28 14:39:59.314,captures/20260828_143757,mm_per_px,1212,121.2131,40.483313
2026-08-28 14:39:59.412,captures/20260828_143757,mm_per_px,1213,121.3114,40.533415
2026-08-28 14:39:59.514,captures/20260828_143757,mm_per_px,1214,121.4131,40.570882
2026-08-28 14:39:59.614,captures/20260828_143757,mm_per_px,1215,121.5132,40.499079
2026-08-28 14:39:59.716,captures/20260828_143757,mm_per_px,1216,121.6153,40.417490
2026-08-28 14:39:59.815,captures/20260828_143757,mm_per_px,1217,121.7140,40.411888
2026-08-28 14:39:59.919,captures/20260828_143757,mm_per_px,1218,121.8187,40.444765
2026-08-28 14:40:00.017,captures/20260828_143757,mm_per_px,1219,121.9164,40.395010
2026-08-28 14:40:00.162,captures/20260828_143757,mm_per_px,1220,122.0612,40.416624
2026-08-28 14:40:00.235,captures/20260828_143757,mm_per_px,1221,122.1342,40.433906
2026-08-28 14:40:00.352,captures/20260828_143757,mm_per_px,1222,122.2518,40.392737
2026-08-28 14:40:00.426,captures/20260828_143757,mm_per_px,1223,122.3252,40.373987
2026-08-28 14:40:00.566,captures/20260828_143757,mm_per_px,1224,122.4654,40.343507
2026-08-28 14:40:00.646,captures/20260828_143757,mm_per_px,1225,122.5458,40.410323
2026-08-28 14:40:00.715,captures/20260828_143757,mm_per_px,1226,122.6141,40.550778
2026-08-28 14:40:00.814,captures/20260828_143757,mm_per_px,1227,122.7131,40.752594
2026-08-28 14:40:00.917,captures/20260828_143757,mm_per_px,1228,122.8169,40.947786
2026-08-28 14:40:01.013,captures/20260828_143757,mm_per_px,1229,122.9125,41.150147
2026-08-28 14:40:01.160,captures/20260828_143757,mm_per_px,1230,123.0592,41.257754
2026-08-28 14:40:01.246,captures/20260828_143757,mm_per_px,1231,123.1458,41.404691
2026-08-28 14:40:01.312,captures/20260828_143757,mm_per_px,1232,123.2111,41.503254
2026-08-28 14:40:01.418,captures/20260828_143757,mm_per_px,1233,123.3177,41.632440
2026-08-28 14:40:01.516,captures/20260828_143757,mm_per_px,1234,123.4151,41.724212
2026-08-28 14:40:01.615,captures/20260828_143757,mm_per_px,1235,123.5145,41.790748
2026-08-28 14:40:01.716,captures/20260828_143757,mm_per_px,1236,123.6159,41.758179
2026-08-28 14:40:01.817,captures/20260828_143757,mm_per_px,1237,123.7162,41.671951
2026-08-28 14:40:01.913,captures/20260828_143757,mm_per_px,1238,123.8122,41.430639
2026-08-28 14:40:02.021,captures/20260828_143757,mm_per_px,1239,123.9204,41.193606
2026-08-28 14:40:02.124,captures/20260828_143757,mm_per_px,1240,124.0232,40.951126
2026-08-28 14:40:02.218,captures/20260828_143757,mm_per_px,1241,124.1173,40.816548
2026-08-28 14:40:02.322,captures/20260828_143757,mm_per_px,1242,124.2215,40.597509
2026-08-28 14:40:02.412,captures/20260828_143757,mm_per_px,1243,124.3118,40.537356
2026-08-28 14:40:02.514,captures/20260828_143757,mm_per_px,1244,124.4136,40.513924
2026-08-28 14:40:02.615,captures/20260828_143757,mm_per_px,1245,124.5146,40.616660
2026-08-28 14:40:02.723,captures/20260828_143757,mm_per_px,1246,124.6224,40.619189
2026-08-28 14:40:02.814,captures/20260828_143757,mm_per_px,1247,124.7139,40.669367
2026-08-28 14:40:02.915,captures/20260828_143757,mm_per_px,1248,124.8149,40.811874
2026-08-28 14:40:03.061,captures/20260828_143757,mm_per_px,1249,124.9609,40.822225
2026-08-28 14:40:03.137,captures/20260828_143757,mm_per_px,1250,125.0368,40.828210
2026-08-28 14:40:03.266,captures/20260828_143757,mm_per_px,1251,125.1656,40.817002
2026-08-28 14:40:03.370,captures/20260828_143757,mm_per_px,1252,125.2699,40.871848
2026-08-28 14:40:03.457,captures/20260828_143757,mm_per_px,1253,125.3564,40.817142
2026-08-28 14:40:03.543,captures/20260828_143757,mm_per_px,1254,125.4423,40.789163
2026-08-28 14:40:03.621,captures/20260828_143757,mm_per_px,1255,125.5206,40.747560
2026-08-28 14:40:03.717,captures/20260828_143757,mm_per_px,1256,125.6160,40.711124
2026-08-28 14:40:03.816,captures/20260828_143757,mm_per_px,1257,125.7152,40.628534
2026-08-28 14:40:03.914,captures/20260828_143757,mm_per_px,1258,125.8138,40.492699
2026-08-28 14:40:04.015,captures/20260828_143757,mm_per_px,1259,125.9141,40.314599
2026-08-28 14:40:04.120,captures/20260828_143757,mm_per_px,1260,126.0196,40.222626
2026-08-28 14:40:04.217,captures/20260828_143757,mm_per_px,1261,126.1167,40.196480
2026-08-28 14:40:04.316,captures/20260828_143757,mm_per_px,1262,126.2156,40.233280
2026-08-28 14:40:04.419,captures/20260828_143757,mm_per_px,1263,126.3181,40.304580
2026-08-28 14:40:04.532,captures/20260828_143757,mm_per_px,1264,126.4317,40.413178
2026-08-28 14:40:04.620,captures/20260828_143757,mm_per_px,1265,126.5196,40.510319
2026-08-28 14:40:04.715,captures/20260828_143757,mm_per_px,1266,126.6145,40.608178
2026-08-28 14:40:04.824,captures/20260828_143757,mm_per_px,1267,126.7237,40.660298
2026-08-28 14:40:04.915,captures/20260828_143757,mm_per_px,1268,126.8142,40.583293
2026-08-28 14:40:05.016,captures/20260828_143757,mm_per_px,1269,126.9156,40.440974
2026-08-28 14:40:05.148,captures/20260828_143757,mm_per_px,1270,127.0477,40.151731
2026-08-28 14:40:05.223,captures/20260828_143757,mm_per_px,1271,127.1220,39.618491
2026-08-28 14:40:05.361,captures/20260828_143757,mm_per_px,1272,127.2605,39.007401
2026-08-28 14:40:05.454,captures/20260828_143757,mm_per_px,1273,127.3534,38.308133
2026-08-28 14:40:05.517,captures/20260828_143757,mm_per_px,1274,127.4160,37.580997
2026-08-28 14:40:05.618,captures/20260828_143757,mm_per_px,1275,127.5175,37.003261
2026-08-28 14:40:05.764,captures/20260828_143757,mm_per_px,1276,127.6634,36.509360
2026-08-28 14:40:05.861,captures/20260828_143757,mm_per_px,1277,127.7605,36.259520
2026-08-28 14:40:05.915,captures/20260828_143757,mm_per_px,1278,127.8141,36.122520
2026-08-28 14:40:06.015,captures/20260828_143757,mm_per_px,1279,127.9144,36.195799
2026-08-28 14:40:06.118,captures/20260828_143757,mm_per_px,1280,128.0179,36.297603
2026-08-28 14:40:06.222,captures/20260828_143757,mm_per_px,1281,128.1213,36.471987
2026-08-28 14:40:06.320,captures/20260828_143757,mm_per_px,1282,128.2195,36.728646
2026-08-28 14:40:06.415,captures/20260828_143757,mm_per_px,1283,128.3144,36.936924
2026-08-28 14:40:06.527,captures/20260828_143757,mm_per_px,1284,128.4262,37.304006
2026-08-28 14:40:06.619,captures/20260828_143757,mm_per_px,1285,128.5181,37.675316
2026-08-28 14:40:06.771,captures/20260828_143757,mm_per_px,1286,128.6706,38.037580
2026-08-28 14:40:06.842,captures/20260828_143757,mm_per_px,1287,128.7417,38.311450
2026-08-28 14:40:06.914,captures/20260828_143757,mm_per_px,1288,128.8139,38.599057
2026-08-28 14:40:07.013,captures/20260828_143757,mm_per_px,1289,128.9128,38.699162
2026-08-28 14:40:07.113,captures/20260828_143757,mm_per_px,1290,129.0123,38.811602
2026-08-28 14:40:07.216,captures/20260828_143757,mm_per_px,1291,129.1153,38.856087
2026-08-28 14:40:07.327,captures/20260828_143757,mm_per_px,1292,129.2266,38.750348
2026-08-28 14:40:07.419,captures/20260828_143757,mm_per_px,1293,129.3187,38.536253
2026-08-28 14:40:07.562,captures/20260828_143757,mm_per_px,1294,129.4614,38.304975
2026-08-28 14:40:07.674,captures/20260828_143757,mm_per_px,1295,129.5738,37.926662
2026-08-28 14:40:07.769,captures/20260828_143757,mm_per_px,1296,129.6689,37.555574
2026-08-28 14:40:07.855,captures/20260828_143757,mm_per_px,1297,129.7543,37.330820
2026-08-28 14:40:07.919,captures/20260828_143757,mm_per_px,1298,129.8180,37.311024
2026-08-28 14:40:08.022,captures/20260828_143757,mm_per_px,1299,129.9210,37.341094
2026-08-28 14:40:08.114,captures/20260828_143757,mm_per_px,1300,130.0136,37.624794
2026-08-28 14:40:08.215,captures/20260828_143757,mm_per_px,1301,130.1145,37.961773
2026-08-28 14:40:08.317,captures/20260828_143757,mm_per_px,1302,130.2168,38.333689
2026-08-28 14:40:08.417,captures/20260828_143757,mm_per_px,1303,130.3162,38.587292
2026-08-28 14:40:08.512,captures/20260828_143757,mm_per_px,1304,130.4112,38.901456
2026-08-28 14:40:08.619,captures/20260828_143757,mm_per_px,1305,130.5187,39.229028
2026-08-28 14:40:08.713,captures/20260828_143757,mm_per_px,1306,130.6126,39.665528
2026-08-28 14:40:08.816,captures/20260828_143757,mm_per_px,1307,130.7157,40.104636
2026-08-28 14:40:08.926,captures/20260828_143757,mm_per_px,1308,130.8250,40.573994
2026-08-28 14:40:09.016,captures/20260828_143757,mm_per_px,1309,130.9150,41.004695
2026-08-28 14:40:09.112,captures/20260828_143757,mm_per_px,1310,131.0116,41.246869
2026-08-28 14:40:09.215,captures/20260828_143757,mm_per_px,1311,131.1145,41.443743
2026-08-28 14:40:09.312,captures/20260828_143757,mm_per_px,1312,131.2117,41.516419
2026-08-28 14:40:09.413,captures/20260828_143757,mm_per_px,1313,131.3129,41.499748
2026-08-28 14:40:09.512,captures/20260828_143757,mm_per_px,1314,131.4112,41.443652
2026-08-28 14:40:09.615,captures/20260828_143757,mm_per_px,1315,131.5146,41.431103
2026-08-28 14:40:09.722,captures/20260828_143757,mm_per_px,1316,131.6211,41.432564
2026-08-28 14:40:09.816,captures/20260828_143757,mm_per_px,1317,131.7159,41.226487
2026-08-28 14:40:09.924,captures/20260828_143757,mm_per_px,1318,131.8236,40.982083
2026-08-28 14:40:10.015,captures/20260828_143757,mm_per_px,1319,131.9147,40.597662
2026-08-28 14:40:10.116,captures/20260828_143757,mm_per_px,1320,132.0155,40.131387
2026-08-28 14:40:10.222,captures/20260828_143757,mm_per_px,1321,132.1219,39.438232
2026-08-28 14:40:10.316,captures/20260828_143757,mm_per_px,1322,132.2150,38.754726
2026-08-28 14:40:10.412,captures/20260828_143757,mm_per_px,1323,132.3115,38.006557
2026-08-28 14:40:10.513,captures/20260828_143757,mm_per_px,1324,132.4124,37.161799
2026-08-28 14:40:10.666,captures/20260828_143757,mm_per_px,1325,132.5650,36.308590
2026-08-28 14:40:10.766,captures/20260828_143757,mm_per_px,1326,132.6651,35.388565
2026-08-28 14:40:10.858,captures/20260828_143757,mm_per_px,1327,132.7577,34.473407
2026-08-28 14:40:10.955,captures/20260828_143757,mm_per_px,1328,132.8544,33.653958
2026-08-28 14:40:11.015,captures/20260828_143757,mm_per_px,1329,132.9142,32.966352
2026-08-28 14:40:11.166,captures/20260828_143757,mm_per_px,1330,133.0655,32.420506
2026-08-28 14:40:11.257,captures/20260828_143757,mm_per_px,1331,133.1566,32.031152
2026-08-28 14:40:11.312,captures/20260828_143757,mm_per_px,1332,133.2117,31.820037
2026-08-28 14:40:11.414,captures/20260828_143757,mm_per_px,1333,133.3131,31.680368
2026-08-28 14:40:11.514,captures/20260828_143757,mm_per_px,1334,133.4137,31.609730
2026-08-28 14:40:11.616,captures/20260828_143757,mm_per_px,1335,133.5155,31.609123
2026-08-28 14:40:11.720,captures/20260828_143757,mm_per_px,1336,133.6192,31.608478
2026-08-28 14:40:11.814,captures/20260828_143757,mm_per_px,1337,133.7133,31.634711
2026-08-28 14:40:11.917,captures/20260828_143757,mm_per_px,1338,133.8165,31.757445
2026-08-28 14:40:12.015,captures/20260828_143757,mm_per_px,1339,133.9143,32.042795
2026-08-28 14:40:12.128,captures/20260828_143757,mm_per_px,1340,134.0272,32.509771
2026-08-28 14:40:12.219,captures/20260828_143757,mm_per_px,1341,134.1183,33.147867
2026-08-28 14:40:12.314,captures/20260828_143757,mm_per_px,1342,134.2138,33.878282
2026-08-28 14:40:12.418,captures/20260828_143757,mm_per_px,1343,134.3171,34.614516
2026-08-28 14:40:12.513,captures/20260828_143757,mm_per_px,1344,134.4121,35.379600
2026-08-28 14:40:12.614,captures/20260828_143757,mm_per_px,1345,134.5135,36.046802
2026-08-28 14:40:12.758,captures/20260828_143757,mm_per_px,1346,134.6571,36.697370
2026-08-28 14:40:12.814,captures/20260828_143757,mm_per_px,1347,134.7137,37.388806
2026-08-28 14:40:12.924,captures/20260828_143757,mm_per_px,1348,134.8230,38.195484
2026-08-28 14:40:13.027,captures/20260828_143757,mm_per_px,1349,134.9266,39.102520
2026-08-28 14:40:13.132,captures/20260828_143757,mm_per_px,1350,135.0310,40.107815
2026-08-28 14:40:13.255,captures/20260828_143757,mm_per_px,1351,135.1543,41.178611
2026-08-28 14:40:13.322,captures/20260828_143757,mm_per_px,1352,135.2211,42.233956
2026-08-28 14:40:13.413,captures/20260828_143757,mm_per_px,1353,135.3123,43.232921
2026-08-28 14:40:13.518,captures/20260828_143757,mm_per_px,1354,135.4178,44.161746
2026-08-28 14:40:13.612,captures/20260828_143757,mm_per_px,1355,135.5117,44.877443
2026-08-28 14:40:13.715,captures/20260828_143757,mm_per_px,1356,135.6143,45.421875
2026-08-28 14:40:13.815,captures/20260828_143757,mm_per_px,1357,135.7141,45.712166
2026-08-28 14:40:13.916,captures/20260828_143757,mm_per_px,1358,135.8150,45.819044
2026-08-28 14:40:14.017,captures/20260828_143757,mm_per_px,1359,135.9168,45.802802
2026-08-28 14:40:14.124,captures/20260828_143757,mm_per_px,1360,136.0237,45.788261
2026-08-28 14:40:14.215,captures/20260828_143757,mm_per_px,1361,136.1143,45.718156
2026-08-28 14:40:14.315,captures/20260828_143757,mm_per_px,1362,136.2144,45.658080
2026-08-28 14:40:14.415,captures/20260828_143757,mm_per_px,1363,136.3144,45.709025
2026-08-28 14:40:14.514,captures/20260828_143757,mm_per_px,1364,136.4131,45.733018
2026-08-28 14:40:14.616,captures/20260828_143757,mm_per_px,1365,136.5154,45.698766
2026-08-28 14:40:14.720,captures/20260828_143757,mm_per_px,1366,136.6197,45.583134
2026-08-28 14:40:14.817,captures/20260828_143757,mm_per_px,1367,136.7161,45.395903
2026-08-28 14:40:14.957,captures/20260828_143757,mm_per_px,1368,136.8563,44.998801
2026-08-28 14:40:15.044,captures/20260828_143757,mm_per_px,1369,136.9433,44.503910
2026-08-28 14:40:15.115,captures/20260828_143757,mm_per_px,1370,137.0146,43.915628
2026-08-28 14:40:15.217,captures/20260828_143757,mm_per_px,1371,137.1162,43.337661
2026-08-28 14:40:15.316,captures/20260828_143757,mm_per_px,1372,137.2151,42.661126
2026-08-28 14:40:15.420,captures/20260828_143757,mm_per_px,1373,137.3197,42.030102
2026-08-28 14:40:15.515,captures/20260828_143757,mm_per_px,1374,137.4143,41.421802
2026-08-28 14:40:15.615,captures/20260828_143757,mm_per_px,1375,137.5143,40.766659
2026-08-28 14:40:15.715,captures/20260828_143757,mm_per_px,1376,137.6148,40.131117
2026-08-28 14:40:15.819,captures/20260828_143757,mm_per_px,1377,137.7181,39.669776
2026-08-28 14:40:15.960,captures/20260828_143757,mm_per_px,1378,137.8597,39.451755
2026-08-28 14:40:16.068,captures/20260828_143757,mm_per_px,1379,137.9672,39.405430
2026-08-28 14:40:16.116,captures/20260828_143757,mm_per_px,1380,138.0151,39.430438
2026-08-28 14:40:16.215,captures/20260828_143757,mm_per_px,1381,138.1149,39.700410
2026-08-28 14:40:16.324,captures/20260828_143757,mm_per_px,1382,138.2238,39.917366
2026-08-28 14:40:16.414,captures/20260828_143757,mm_per_px,1383,138.3138,40.075307
2026-08-28 14:40:16.521,captures/20260828_143757,mm_per_px,1384,138.4207,40.187795
2026-08-28 14:40:16.616,captures/20260828_143757,mm_per_px,1385,138.5156,40.320658
2026-08-28 14:40:16.716,captures/20260828_143757,mm_per_px,1386,138.6154,40.506837
2026-08-28 14:40:16.818,captures/20260828_143757,mm_per_px,1387,138.7171,40.675879
2026-08-28 14:40:16.917,captures/20260828_143757,mm_per_px,1388,138.8169,40.910231
2026-08-28 14:40:17.022,captures/20260828_143757,mm_per_px,1389,138.9210,41.139387
2026-08-28 14:40:17.121,captures/20260828_143757,mm_per_px,1390,139.0204,41.372695
2026-08-28 14:40:17.216,captures/20260828_143757,mm_per_px,1391,139.1152,41.551143
2026-08-28 14:40:17.314,captures/20260828_143757,mm_per_px,1392,139.2136,41.659803
2026-08-28 14:40:17.417,captures/20260828_143757,mm_per_px,1393,139.3169,41.703474
2026-08-28 14:40:17.523,captures/20260828_143757,mm_per_px,1394,139.4227,41.661443
2026-08-28 14:40:17.616,captures/20260828_143757,mm_per_px,1395,139.5155,41.507048
2026-08-28 14:40:17.716,captures/20260828_143757,mm_per_px,1396,139.6158,41.304676
2026-08-28 14:40:17.818,captures/20260828_143757,mm_per_px,1397,139.7177,41.015083
2026-08-28 14:40:17.919,captures/20260828_143757,mm_per_px,1398,139.8180,40.627831
2026-08-28 14:40:18.029,captures/20260828_143757,mm_per_px,1399,139.9288,40.159775
2026-08-28 14:40:18.113,captures/20260828_143757,mm_per_px,1400,140.0123,39.677944
2026-08-28 14:40:18.212,captures/20260828_143757,mm_per_px,1401,140.1117,39.213557
2026-08-28 14:40:18.319,captures/20260828_143757,mm_per_px,1402,140.2180,38.960076
2026-08-28 14:40:18.416,captures/20260828_143757,mm_per_px,1403,140.3150,38.866757
2026-08-28 14:40:18.517,captures/20260828_143757,mm_per_px,1404,140.4164,38.947672
2026-08-28 14:40:18.619,captures/20260828_143757,mm_per_px,1405,140.5188,39.025114
2026-08-28 14:40:18.720,captures/20260828_143757,mm_per_px,1406,140.6199,39.047358
2026-08-28 14:40:18.812,captures/20260828_143757,mm_per_px,1407,140.7117,39.054098
2026-08-28 14:40:18.913,captures/20260828_143757,mm_per_px,1408,140.8123,38.864813
2026-08-28 14:40:19.017,captures/20260828_143757,mm_per_px,1409,140.9162,38.571313
2026-08-28 14:40:19.115,captures/20260828_143757,mm_per_px,1410,141.0145,38.223132
2026-08-28 14:40:19.216,captures/20260828_143757,mm_per_px,1411,141.1151,37.887592
2026-08-28 14:40:19.328,captures/20260828_143757,mm_per_px,1412,141.2272,37.451523
2026-08-28 14:40:19.415,captures/20260828_143757,mm_per_px,1413,141.3144,37.068583
2026-08-28 14:40:19.516,captures/20260828_143757,mm_per_px,1414,141.4158,36.739735
2026-08-28 14:40:19.616,captures/20260828_143757,mm_per_px,1415,141.5157,36.464714
2026-08-28 14:40:19.715,captures/20260828_143757,mm_per_px,1416,141.6141,36.240792
2026-08-28 14:40:19.816,captures/20260828_143757,mm_per_px,1417,141.7151,36.057572
2026-08-28 14:40:19.926,captures/20260828_143757,mm_per_px,1418,141.8259,35.882121
2026-08-28 14:40:20.015,captures/20260828_143757,mm_per_px,1419,141.9143,35.701160
2026-08-28 14:40:20.117,captures/20260828_143757,mm_per_px,1420,142.0168,35.552885
2026-08-28 14:40:20.220,captures/20260828_143757,mm_per_px,1421,142.1191,35.399601
2026-08-28 14:40:20.314,captures/20260828_143757,mm_per_px,1422,142.2137,35.299413
2026-08-28 14:40:20.416,captures/20260828_143757,mm_per_px,1423,142.3152,35.308734
2026-08-28 14:40:20.516,captures/20260828_143757,mm_per_px,1424,142.4159,35.338530
2026-08-28 14:40:20.616,captures/20260828_143757,mm_per_px,1425,142.5157,35.488439
2026-08-28 14:40:20.713,captures/20260828_143757,mm_per_px,1426,142.6120,35.659401
2026-08-28 14:40:20.816,captures/20260828_143757,mm_per_px,1427,142.7159,36.052738
2026-08-28 14:40:20.918,captures/20260828_143757,mm_per_px,1428,142.8174,36.625702
2026-08-28 14:40:21.017,captures/20260828_143757,mm_per_px,1429,142.9165,37.267539
2026-08-28 14:40:21.114,captures/20260828_143757,mm_per_px,1430,143.0134,37.807981
2026-08-28 14:40:21.223,captures/20260828_143757,mm_per_px,1431,143.1227,38.364095
2026-08-28 14:40:21.318,captures/20260828_143757,mm_per_px,1432,143.2174,38.832106
2026-08-28 14:40:21.414,captures/20260828_143757,mm_per_px,1433,143.3139,39.155862
2026-08-28 14:40:21.529,captures/20260828_143757,mm_per_px,1434,143.4284,39.564827
2026-08-28 14:40:21.616,captures/20260828_143757,mm_per_px,1435,143.5157,40.076654
2026-08-28 14:40:21.714,captures/20260828_143757,mm_per_px,1436,143.6134,40.664349
2026-08-28 14:40:21.815,captures/20260828_143757,mm_per_px,1437,143.7147,41.256251
2026-08-28 14:40:21.916,captures/20260828_143757,mm_per_px,1438,143.8158,41.909572
2026-08-28 14:40:22.033,captures/20260828_143757,mm_per_px,1439,143.9327,42.545099
2026-08-28 14:40:22.116,captures/20260828_143757,mm_per_px,1440,144.0156,42.990969
2026-08-28 14:40:22.213,captures/20260828_143757,mm_per_px,1441,144.1120,43.408009
2026-08-28 14:40:22.324,captures/20260828_143757,mm_per_px,1442,144.2235,43.698672
2026-08-28 14:40:22.423,captures/20260828_143757,mm_per_px,1443,144.3222,43.865788
2026-08-28 14:40:22.513,captures/20260828_143757,mm_per_px,1444,144.4129,43.854123
2026-08-28 14:40:22.619,captures/20260828_143757,mm_per_px,1445,144.5187,43.983102
2026-08-28 14:40:22.717,captures/20260828_143757,mm_per_px,1446,144.6164,44.031701
2026-08-28 14:40:22.818,captures/20260828_143757,mm_per_px,1447,144.7171,44.030582
2026-08-28 14:40:22.913,captures/20260828_143757,mm_per_px,1448,144.8128,44.124050
2026-08-28 14:40:23.025,captures/20260828_143757,mm_per_px,1449,144.9248,44.196718
2026-08-28 14:40:23.127,captures/20260828_143757,mm_per_px,1450,145.0268,44.224167
2026-08-28 14:40:23.214,captures/20260828_143757,mm_per_px,1451,145.1137,44.209463
2026-08-28 14:40:23.315,captures/20260828_143757,mm_per_px,1452,145.2147,44.198110
2026-08-28 14:40:23.416,captures/20260828_143757,mm_per_px,1453,145.3155,44.119665
2026-08-28 14:40:23.516,captures/20260828_143757,mm_per_px,1454,145.4156,43.986118
2026-08-28 14:40:23.618,captures/20260828_143757,mm_per_px,1455,145.5170,43.874104
2026-08-28 14:40:23.716,captures/20260828_143757,mm_per_px,1456,145.6153,43.696258
2026-08-28 14:40:23.816,captures/20260828_143757,mm_per_px,1457,145.7157,43.350427
2026-08-28 14:40:23.913,captures/20260828_143757,mm_per_px,1458,145.8120,43.048597
2026-08-28 14:40:24.014,captures/20260828_143757,mm_per_px,1459,145.9131,42.694688
2026-08-28 14:40:24.113,captures/20260828_143757,mm_per_px,1460,146.0121,42.303732
2026-08-28 14:40:24.217,captures/20260828_143757,mm_per_px,1461,146.1164,41.818644
2026-08-28 14:40:24.313,captures/20260828_143757,mm_per_px,1462,146.2121,41.510433
2026-08-28 14:40:24.413,captures/20260828_143757,mm_per_px,1463,146.3129,41.236752
2026-08-28 14:40:24.516,captures/20260828_143757,mm_per_px,1464,146.4154,40.991657
2026-08-28 14:40:24.616,captures/20260828_143757,mm_per_px,1465,146.5150,40.837629
2026-08-28 14:40:24.723,captures/20260828_143757,mm_per_px,1466,146.6222,40.871017
2026-08-28 14:40:24.816,captures/20260828_143757,mm_per_px,1467,146.7150,40.872355
2026-08-28 14:40:24.913,captures/20260828_143757,mm_per_px,1468,146.8128,40.888138
2026-08-28 14:40:25.015,captures/20260828_143757,mm_per_px,1469,146.9148,41.009146
2026-08-28 14:40:25.120,captures/20260828_143757,mm_per_px,1470,147.0194,41.095914
2026-08-28 14:40:25.215,captures/20260828_143757,mm_per_px,1471,147.1144,40.993824
2026-08-28 14:40:25.316,captures/20260828_143757,mm_per_px,1472,147.2157,40.965160
2026-08-28 14:40:25.416,captures/20260828_143757,mm_per_px,1473,147.3151,40.802869
2026-08-28 14:40:25.518,captures/20260828_143757,mm_per_px,1474,147.4176,40.736736
2026-08-28 14:40:25.641,captures/20260828_143757,mm_per_px,1475,147.5406,40.673466
2026-08-28 14:40:25.715,captures/20260828_143757,mm_per_px,1476,147.6148,40.771100
2026-08-28 14:40:25.820,captures/20260828_143757,mm_per_px,1477,147.7193,40.802899
2026-08-28 14:40:25.920,captures/20260828_143757,mm_per_px,1478,147.8196,40.989766
2026-08-28 14:40:26.038,captures/20260828_143757,mm_per_px,1479,147.9374,40.968178
2026-08-28 14:40:26.118,captures/20260828_143757,mm_per_px,1480,148.0176,41.020715
2026-08-28 14:40:26.217,captures/20260828_143757,mm_per_px,1481,148.1161,40.960005
2026-08-28 14:40:26.319,captures/20260828_143757,mm_per_px,1482,148.2186,40.972662
2026-08-28 14:40:26.422,captures/20260828_143757,mm_per_px,1483,148.3213,40.958541
2026-08-28 14:40:26.514,captures/20260828_143757,mm_per_px,1484,148.4131,41.027320
2026-08-28 14:40:26.617,captures/20260828_143757,mm_per_px,1485,148.5168,40.984497
2026-08-28 14:40:26.718,captures/20260828_143757,mm_per_px,1486,148.6171,41.014397
2026-08-28 14:40:26.832,captures/20260828_143757,mm_per_px,1487,148.7316,40.965539
2026-08-28 14:40:26.916,captures/20260828_143757,mm_per_px,1488,148.8154,40.889796
2026-08-28 14:40:27.015,captures/20260828_143757,mm_per_px,1489,148.9149,40.853763
2026-08-28 14:40:27.114,captures/20260828_143757,mm_per_px,1490,149.0135,40.854914
2026-08-28 14:40:27.216,captures/20260828_143757,mm_per_px,1491,149.1156,41.077816
2026-08-28 14:40:27.322,captures/20260828_143757,mm_per_px,1492,149.2215,41.216007
2026-08-28 14:40:27.418,captures/20260828_143757,mm_per_px,1493,149.3172,41.380519
2026-08-28 14:40:27.516,captures/20260828_143757,mm_per_px,1494,149.4151,41.440072
2026-08-28 14:40:27.617,captures/20260828_143757,mm_per_px,1495,149.5162,41.408967
2026-08-28 14:40:27.725,captures/20260828_143757,mm_per_px,1496,149.6243,41.138856
2026-08-28 14:40:27.819,captures/20260828_143757,mm_per_px,1497,149.7181,40.882481
2026-08-28 14:40:27.915,captures/20260828_143757,mm_per_px,1498,149.8140,40.503190
2026-08-28 14:40:28.015,captures/20260828_143757,mm_per_px,1499,149.9147,40.111807
2026-08-28 14:40:28.124,captures/20260828_143757,mm_per_px,1500,150.0238,39.701829
2026-08-28 14:40:28.223,captures/20260828_143757,mm_per_px,1501,150.1222,39.130299
2026-08-28 14:40:28.320,captures/20260828_143757,mm_per_px,1502,150.2193,38.512876
2026-08-28 14:40:28.432,captures/20260828_143757,mm_per_px,1503,150.3317,37.774932
2026-08-28 14:40:28.523,captures/20260828_143757,mm_per_px,1504,150.4221,37.039069
2026-08-28 14:40:28.618,captures/20260828_143757,mm_per_px,1505,150.5172,36.158900
2026-08-28 14:40:28.718,captures/20260828_143757,mm_per_px,1506,150.6174,35.354881
2026-08-28 14:40:28.818,captures/20260828_143757,mm_per_px,1507,150.7177,34.437337
2026-08-28 14:40:28.916,captures/20260828_143757,mm_per_px,1508,150.8151,33.598156
2026-08-28 14:40:29.013,captures/20260828_143757,mm_per_px,1509,150.9127,32.758850
2026-08-28 14:40:29.127,captures/20260828_143757,mm_per_px,1510,151.0263,32.090187
2026-08-28 14:40:29.216,captures/20260828_143757,mm_per_px,1511,151.1154,31.501026
2026-08-28 14:40:29.322,captures/20260828_143757,mm_per_px,1512,151.2210,31.057354
2026-08-28 14:40:29.425,captures/20260828_143757,mm_per_px,1513,151.3241,30.622490
2026-08-28 14:40:29.518,captures/20260828_143757,mm_per_px,1514,151.4175,30.207063
2026-08-28 14:40:29.617,captures/20260828_143757,mm_per_px,1515,151.5165,29.622548
2026-08-28 14:40:29.717,captures/20260828_143757,mm_per_px,1516,151.6161,29.000595
2026-08-28 14:40:29.817,captures/20260828_143757,mm_per_px,1517,151.7161,28.349181
2026-08-28 14:40:29.920,captures/20260828_143757,mm_per_px,1518,151.8197,27.649341
2026-08-28 14:40:30.020,captures/20260828_143757,mm_per_px,1519,151.9190,26.909187
2026-08-28 14:40:30.124,captures/20260828_143757,mm_per_px,1520,152.0236,26.299039
2026-08-28 14:40:30.232,captures/20260828_143757,mm_per_px,1521,152.1313,25.674475
2026-08-28 14:40:30.322,captures/20260828_143757,mm_per_px,1522,152.2214,24.975870
2026-08-28 14:40:30.420,captures/20260828_143757,mm_per_px,1523,152.3198,24.410941
2026-08-28 14:40:30.520,captures/20260828_143757,mm_per_px,1524,152.4192,23.879418
2026-08-28 14:40:30.616,captures/20260828_143757,mm_per_px,1525,152.5159,23.312278
2026-08-28 14:40:30.724,captures/20260828_143757,mm_per_px,1526,152.6238,22.815016
2026-08-28 14:40:30.814,captures/20260828_143757,mm_per_px,1527,152.7133,22.321598
2026-08-28 14:40:30.922,captures/20260828_143757,mm_per_px,1528,152.8215,21.807392
2026-08-28 14:40:31.015,captures/20260828_143757,mm_per_px,1529,152.9147,21.413001
2026-08-28 14:40:31.116,captures/20260828_143757,mm_per_px,1530,153.0156,21.080163
2026-08-28 14:40:31.230,captures/20260828_143757,mm_per_px,1531,153.1291,20.776239
2026-08-28 14:40:31.320,captures/20260828_143757,mm_per_px,1532,153.2192,20.383282
2026-08-28 14:40:31.421,captures/20260828_143757,mm_per_px,1533,153.3203,20.015173
2026-08-28 14:40:31.521,captures/20260828_143757,mm_per_px,1534,153.4203,19.545445
2026-08-28 14:40:31.624,captures/20260828_143757,mm_per_px,1535,153.5230,18.846744
2026-08-28 14:40:31.724,captures/20260828_143757,mm_per_px,1536,153.6232,18.107659
2026-08-28 14:40:31.816,captures/20260828_143757,mm_per_px,1537,153.7153,17.464219
2026-08-28 14:40:31.926,captures/20260828_143757,mm_per_px,1538,153.8258,16.686182
2026-08-28 14:40:32.014,captures/20260828_143757,mm_per_px,1539,153.9131,16.027878
2026-08-28 14:40:32.117,captures/20260828_143757,mm_per_px,1540,154.0160,15.528950
2026-08-28 14:40:32.215,captures/20260828_143757,mm_per_px,1541,154.1144,15.165415
2026-08-28 14:40:32.317,captures/20260828_143757,mm_per_px,1542,154.2169,15.007792
2026-08-28 14:40:32.414,captures/20260828_143757,mm_per_px,1543,154.3134,15.095043
2026-08-28 14:40:32.518,captures/20260828_143757,mm_per_px,1544,154.4174,15.248414
2026-08-28 14:40:32.634,captures/20260828_143757,mm_per_px,1545,154.5330,15.468655
2026-08-28 14:40:32.717,captures/20260828_143757,mm_per_px,1546,154.6160,15.797072
2026-08-28 14:40:32.814,captures/20260828_143757,mm_per_px,1547,154.7139,16.053698
2026-08-28 14:40:32.915,captures/20260828_143757,mm_per_px,1548,154.8147,16.275448
2026-08-28 14:40:33.016,captures/20260828_143757,mm_per_px,1549,154.9159,16.495668
2026-08-28 14:40:33.127,captures/20260828_143757,mm_per_px,1550,155.0264,16.691723
2026-08-28 14:40:33.215,captures/20260828_143757,mm_per_px,1551,155.1146,16.918482
2026-08-28 14:40:33.317,captures/20260828_143757,mm_per_px,1552,155.2160,17.020272
2026-08-28 14:40:33.421,captures/20260828_143757,mm_per_px,1553,155.3203,17.067593
2026-08-28 14:40:33.517,captures/20260828_143757,mm_per_px,1554,155.4164,17.053021
2026-08-28 14:40:33.628,captures/20260828_143757,mm_per_px,1555,155.5276,16.809550
2026-08-28 14:40:33.726,captures/20260828_143757,mm_per_px,1556,155.6250,16.340111
2026-08-28 14:40:33.818,captures/20260828_143757,mm_per_px,1557,155.7172,15.917825
2026-08-28 14:40:33.915,captures/20260828_143757,mm_per_px,1558,155.8145,15.392104
2026-08-28 14:40:34.015,captures/20260828_143757,mm_per_px,1559,155.9142,14.843673
2026-08-28 14:40:34.122,captures/20260828_143757,mm_per_px,1560,156.0210,14.369601
2026-08-28 14:40:34.213,captures/20260828_143757,mm_per_px,1561,156.1120,14.105820
2026-08-28 14:40:34.314,captures/20260828_143757,mm_per_px,1562,156.2134,13.976794
2026-08-28 14:40:34.472,captures/20260828_143757,mm_per_px,1563,156.3710,13.931918
2026-08-28 14:40:34.582,captures/20260828_143757,mm_per_px,1564,156.4811,14.138143
2026-08-28 14:40:34.655,captures/20260828_143757,mm_per_px,1565,156.5549,14.476545
2026-08-28 14:40:34.713,captures/20260828_143757,mm_per_px,1566,156.6122,14.867213
2026-08-28 14:40:34.813,captures/20260828_143757,mm_per_px,1567,156.7123,15.289691
2026-08-28 14:40:34.914,captures/20260828_143757,mm_per_px,1568,156.8135,15.795866
2026-08-28 14:40:35.012,captures/20260828_143757,mm_per_px,1569,156.9117,16.343681
2026-08-28 14:40:35.114,captures/20260828_143757,mm_per_px,1570,157.0134,16.866875
2026-08-28 14:40:35.213,captures/20260828_143757,mm_per_px,1571,157.1120,17.359578
2026-08-28 14:40:35.312,captures/20260828_143757,mm_per_px,1572,157.2117,17.765989
2026-08-28 14:40:35.419,captures/20260828_143757,mm_per_px,1573,157.3187,18.055308
2026-08-28 14:40:35.533,captures/20260828_143757,mm_per_px,1574,157.4326,18.236051
2026-08-28 14:40:35.617,captures/20260828_143757,mm_per_px,1575,157.5164,18.291527
2026-08-28 14:40:35.716,captures/20260828_143757,mm_per_px,1576,157.6155,18.262773
2026-08-28 14:40:35.817,captures/20260828_143757,mm_per_px,1577,157.7167,18.170218
2026-08-28 14:40:35.916,captures/20260828_143757,mm_per_px,1578,157.8157,18.074765
2026-08-28 14:40:36.016,captures/20260828_143757,mm_per_px,1579,157.9155,17.942270
2026-08-28 14:40:36.113,captures/20260828_143757,mm_per_px,1580,158.0124,17.852471
2026-08-28 14:40:36.213,captures/20260828_143757,mm_per_px,1581,158.1129,17.663482
2026-08-28 14:40:36.314,captures/20260828_143757,mm_per_px,1582,158.2137,17.432900
2026-08-28 14:40:36.416,captures/20260828_143757,mm_per_px,1583,158.3150,17.071996
2026-08-28 14:40:36.523,captures/20260828_143757,mm_per_px,1584,158.4227,16.573064
2026-08-28 14:40:36.612,captures/20260828_143757,mm_per_px,1585,158.5110,15.934837
2026-08-28 14:40:36.728,captures/20260828_143757,mm_per_px,1586,158.6271,15.219393
2026-08-28 14:40:36.827,captures/20260828_143757,mm_per_px,1587,158.7263,14.359910
2026-08-28 14:40:36.914,captures/20260828_143757,mm_per_px,1588,158.8134,13.512105
2026-08-28 14:40:37.015,captures/20260828_143757,mm_per_px,1589,158.9148,12.619454
2026-08-28 14:40:37.117,captures/20260828_143757,mm_per_px,1590,159.0167,11.772244
2026-08-28 14:40:37.218,captures/20260828_143757,mm_per_px,1591,159.1178,10.994277
2026-08-28 14:40:37.315,captures/20260828_143757,mm_per_px,1592,159.2149,10.355695
2026-08-28 14:40:37.417,captures/20260828_143757,mm_per_px,1593,159.3164,9.785419
2026-08-28 14:40:37.516,captures/20260828_143757,mm_per_px,1594,159.4159,9.342686
2026-08-28 14:40:37.622,captures/20260828_143757,mm_per_px,1595,159.5218,9.039788
2026-08-28 14:40:37.715,captures/20260828_143757,mm_per_px,1596,159.6146,8.866997
2026-08-28 14:40:37.816,captures/20260828_143757,mm_per_px,1597,159.7152,8.718501
2026-08-28 14:40:37.916,captures/20260828_143757,mm_per_px,1598,159.8152,8.529688
2026-08-28 14:40:38.014,captures/20260828_143757,mm_per_px,1599,159.9135,8.389472
2026-08-28 14:40:38.114,captures/20260828_143757,mm_per_px,1600,160.0132,8.323996
2026-08-28 14:40:38.219,captures/20260828_143757,mm_per_px,1601,160.1183,8.299511
2026-08-28 14:40:38.315,captures/20260828_143757,mm_per_px,1602,160.2141,8.371928
2026-08-28 14:40:38.416,captures/20260828_143757,mm_per_px,1603,160.3159,8.630856
2026-08-28 14:40:38.522,captures/20260828_143757,mm_per_px,1604,160.4215,9.055383
2026-08-28 14:40:38.618,captures/20260828_143757,mm_per_px,1605,160.5175,9.440211
2026-08-28 14:40:38.716,captures/20260828_143757,mm_per_px,1606,160.6152,9.818797
2026-08-28 14:40:38.821,captures/20260828_143757,mm_per_px,1607,160.7205,10.157733
2026-08-28 14:40:38.915,captures/20260828_143757,mm_per_px,1608,160.8140,10.353212
2026-08-28 14:40:39.015,captures/20260828_143757,mm_per_px,1609,160.9142,10.401281
2026-08-28 14:40:39.115,captures/20260828_143757,mm_per_px,1610,161.0142,10.304844
2026-08-28 14:40:39.216,captures/20260828_143757,mm_per_px,1611,161.1150,10.101285
2026-08-28 14:40:39.317,captures/20260828_143757,mm_per_px,1612,161.2160,9.974145
2026-08-28 14:40:39.442,captures/20260828_143757,mm_per_px,1613,161.3415,9.920468
2026-08-28 14:40:39.517,captures/20260828_143757,mm_per_px,1614,161.4166,10.011410
2026-08-28 14:40:39.616,captures/20260828_143757,mm_per_px,1615,161.5154,10.204981
2026-08-28 14:40:39.730,captures/20260828_143757,mm_per_px,1616,161.6294,10.326525
2026-08-28 14:40:39.828,captures/20260828_143757,mm_per_px,1617,161.7275,10.376571
2026-08-28 14:40:39.916,captures/20260828_143757,mm_per_px,1618,161.8155,10.379162
2026-08-28 14:40:40.018,captures/20260828_143757,mm_per_px,1619,161.9177,10.268192
2026-08-28 14:40:40.158,captures/20260828_143757,mm_per_px,1620,162.0574,10.103330
2026-08-28 14:40:40.239,captures/20260828_143757,mm_per_px,1621,162.1380,9.919123
2026-08-28 14:40:40.312,captures/20260828_143757,mm_per_px,1622,162.2118,9.709694
2026-08-28 14:40:40.418,captures/20260828_143757,mm_per_px,1623,162.3177,9.468017
2026-08-28 14:40:40.512,captures/20260828_143757,mm_per_px,1624,162.4114,9.143868
2026-08-28 14:40:40.628,captures/20260828_143757,mm_per_px,1625,162.5274,8.704838
2026-08-28 14:40:40.713,captures/20260828_143757,mm_per_px,1626,162.6124,8.318600
2026-08-28 14:40:40.812,captures/20260828_143757,mm_per_px,1627,162.7118,7.779831
2026-08-28 14:40:40.915,captures/20260828_143757,mm_per_px,1628,162.8148,7.201964
2026-08-28 14:40:41.021,captures/20260828_143757,mm_per_px,1629,162.9200,6.701848
2026-08-28 14:40:41.113,captures/20260828_143757,mm_per_px,1630,163.0122,6.142675
2026-08-28 14:40:41.221,captures/20260828_143757,mm_per_px,1631,163.1204,5.530090
2026-08-28 14:40:41.312,captures/20260828_143757,mm_per_px,1632,163.2116,4.932791
2026-08-28 14:40:41.414,captures/20260828_143757,mm_per_px,1633,163.3136,4.320577
2026-08-28 14:40:41.514,captures/20260828_143757,mm_per_px,1634,163.4131,3.668927
2026-08-28 14:40:41.620,captures/20260828_143757,mm_per_px,1635,163.5191,3.078154
2026-08-28 14:40:41.730,captures/20260828_143757,mm_per_px,1636,163.6290,2.553727
2026-08-28 14:40:41.813,captures/20260828_143757,mm_per_px,1637,163.7129,2.103725
2026-08-28 14:40:41.914,captures/20260828_143757,mm_per_px,1638,163.8135,1.667626
2026-08-28 14:40:42.012,captures/20260828_143757,mm_per_px,1639,163.9115,1.337454
2026-08-28 14:40:42.112,captures/20260828_143757,mm_per_px,1640,164.0113,1.055074
2026-08-28 14:40:42.212,captures/20260828_143757,mm_per_px,1641,164.1117,0.694609
2026-08-28 14:40:42.315,captures/20260828_143757,mm_per_px,1642,164.2146,0.489994
2026-08-28 14:40:42.412,captures/20260828_143757,mm_per_px,1643,164.3118,0.383117
2026-08-28 14:40:42.512,captures/20260828_143757,mm_per_px,1644,164.4116,0.278892
2026-08-28 14:40:42.613,captures/20260828_143757,mm_per_px,1645,164.5128,0.179824
2026-08-28 14:40:42.716,captures/20260828_143757,mm_per_px,1646,164.6152,0.133922
2026-08-28 14:40:42.812,captures/20260828_143757,mm_per_px,1647,164.7118,0.090855
2026-08-28 14:40:42.937,captures/20260828_143757,mm_per_px,1648,164.8364,0.050588
2026-08-28 14:40:43.025,captures/20260828_143757,mm_per_px,1649,164.9248,0.026285
2026-08-28 14:40:43.112,captures/20260828_143757,mm_per_px,1650,165.0113,0.017887
2026-08-28 14:40:43.217,captures/20260828_143757,mm_per_px,1651,165.1166,0.013777
2026-08-28 14:40:43.312,captures/20260828_143757,mm_per_px,1652,165.2112,0.005459
2026-08-28 14:40:43.422,captures/20260828_143757,mm_per_px,1653,165.3219,0.003268
2026-08-28 14:40:43.524,captures/20260828_143757,mm_per_px,1654,165.4234,0.003489
2026-08-28 14:40:43.613,captures/20260828_143757,mm_per_px,1655,165.5122,0.000952
2026-08-28 14:40:43.716,captures/20260828_143757,mm_per_px,1656,165.6154,0.000000
2026-08-28 14:40:43.816,captures/20260828_143757,mm_per_px,1657,165.7151,0.000000
2026-08-28 14:40:43.923,captures/20260828_143757,mm_per_px,1658,165.8229,0.000533
2026-08-28 14:40:44.012,captures/20260828_143757,mm_per_px,1659,165.9119,0.000154
2026-08-28 14:40:44.112,captures/20260828_143757,mm_per_px,1660,166.0111,0.000000
2026-08-28 14:40:44.213,captures/20260828_143757,mm_per_px,1661,166.1125,0.000000
2026-08-28 14:40:44.312,captures/20260828_143757,mm_per_px,1662,166.2115,0.000000
2026-08-28 14:40:44.420,captures/20260828_143757,mm_per_px,1663,166.3194,0.000000
2026-08-28 14:40:44.512,captures/20260828_143757,mm_per_px,1664,166.4114,0.000000
2026-08-28 14:40:44.613,captures/20260828_143757,mm_per_px,1665,166.5125,0.000000
2026-08-28 14:40:44.713,captures/20260828_143757,mm_per_px,1666,166.6120,0.000000
2026-08-28 14:40:44.820,captures/20260828_143757,mm_per_px,1667,166.7193,0.000000
2026-08-28 14:40:44.912,captures/20260828_143757,mm_per_px,1668,166.8118,0.000000
2026-08-28 14:40:45.021,captures/20260828_143757,mm_per_px,1669,166.9203,0.000000
2026-08-28 14:40:45.112,captures/20260828_143757,mm_per_px,1670,167.0111,0.000000
2026-08-28 14:40:45.216,captures/20260828_143757,mm_per_px,1671,167.1159,0.000000
2026-08-28 14:40:45.312,captures/20260828_143757,mm_per_px,1672,167.2112,0.000000
2026-08-28 14:40:45.414,captures/20260828_143757,mm_per_px,1673,167.3132,0.000000
2026-08-28 14:40:45.512,captures/20260828_143757,mm_per_px,1674,167.4112,0.000000
2026-08-28 14:40:45.613,captures/20260828_143757,mm_per_px,1675,167.5125,0.000000
2026-08-28 14:40:45.717,captures/20260828_143757,mm_per_px,1676,167.6169,0.000000
2026-08-28 14:40:45.816,captures/20260828_143757,mm_per_px,1677,167.7153,0.000000
2026-08-28 14:40:45.919,captures/20260828_143757,mm_per_px,1678,167.8182,0.000000
2026-08-28 14:40:46.013,captures/20260828_143757,mm_per_px,1679,167.9129,0.000000
2026-08-28 14:40:46.112,captures/20260828_143757,mm_per_px,1680,168.0115,0.000000
2026-08-28 14:40:46.215,captures/20260828_143757,mm_per_px,1681,168.1145,0.000000
2026-08-28 14:40:46.312,captures/20260828_143757,mm_per_px,1682,168.2116,0.000000
2026-08-28 14:40:46.412,captures/20260828_143757,mm_per_px,1683,168.3115,0.000000
2026-08-28 14:40:46.512,captures/20260828_143757,mm_per_px,1684,168.4119,0.000000
2026-08-28 14:40:46.615,captures/20260828_143757,mm_per_px,1685,168.5147,0.000000
2026-08-28 14:40:46.756,captures/20260828_143757,mm_per_px,1686,168.6556,0.000000
2026-08-28 14:40:46.885,captures/20260828_143757,mm_per_px,1687,168.7846,0.000000
2026-08-28 14:40:46.966,captures/20260828_143757,mm_per_px,1688,168.8656,0.000000
2026-08-28 14:40:47.012,captures/20260828_143757,mm_per_px,1689,168.9119,0.000000
2026-08-28 14:40:47.112,captures/20260828_143757,mm_per_px,1690,169.0114,0.000000
2026-08-28 14:40:47.212,captures/20260828_143757,mm_per_px,1691,169.1112,0.000000
2026-08-28 14:40:47.312,captures/20260828_143757,mm_per_px,1692,169.2110,0.000000
2026-08-28 14:40:47.412,captures/20260828_143757,mm_per_px,1693,169.3117,0.000000
2026-08-28 14:40:47.512,captures/20260828_143757,mm_per_px,1694,169.4114,0.000000
2026-08-28 14:40:47.612,captures/20260828_143757,mm_per_px,1695,169.5113,0.000000
2026-08-28 14:40:47.715,captures/20260828_143757,mm_per_px,1696,169.6147,0.000187
2026-08-28 14:40:47.814,captures/20260828_143757,mm_per_px,1697,169.7136,0.000187
2026-08-28 14:40:47.912,captures/20260828_143757,mm_per_px,1698,169.8118,0.000000
2026-08-28 14:40:48.017,captures/20260828_143757,mm_per_px,1699,169.9169,0.000000
2026-08-28 14:40:48.113,captures/20260828_143757,mm_per_px,1700,170.0124,0.000000
2026-08-28 14:40:48.215,captures/20260828_143757,mm_per_px,1701,170.1149,0.000000
2026-08-28 14:40:48.312,captures/20260828_143757,mm_per_px,1702,170.2114,0.000000
2026-08-28 14:40:48.411,captures/20260828_143757,mm_per_px,1703,170.3107,0.001078
2026-08-28 14:40:48.513,captures/20260828_143757,mm_per_px,1704,170.4120,0.000000
2026-08-28 14:40:48.612,captures/20260828_143757,mm_per_px,1705,170.5112,0.001236
2026-08-28 14:40:48.713,captures/20260828_143757,mm_per_px,1706,170.6121,0.003369
2026-08-28 14:40:48.814,captures/20260828_143757,mm_per_px,1707,170.7137,0.001728
2026-08-28 14:40:48.918,captures/20260828_143757,mm_per_px,1708,170.8170,0.001183
2026-08-28 14:40:49.015,captures/20260828_143757,mm_per_px,1709,170.9147,0.001667
2026-08-28 14:40:49.112,captures/20260828_143757,mm_per_px,1710,171.0116,0.001388
2026-08-28 14:40:49.212,captures/20260828_143757,mm_per_px,1711,171.1118,0.002924
2026-08-28 14:40:49.315,captures/20260828_143757,mm_per_px,1712,171.2142,0.007576
2026-08-28 14:40:49.412,captures/20260828_143757,mm_per_px,1713,171.3110,0.004171
2026-08-28 14:40:49.515,captures/20260828_143757,mm_per_px,1714,171.4145,0.002770
2026-08-28 14:40:49.614,captures/20260828_143757,mm_per_px,1715,171.5139,0.007570
2026-08-28 14:40:49.715,captures/20260828_143757,mm_per_px,1716,171.6148,0.012903
2026-08-28 14:40:49.818,captures/20260828_143757,mm_per_px,1717,171.7173,0.009863
2026-08-28 14:40:49.913,captures/20260828_143757,mm_per_px,1718,171.8127,0.013321
2026-08-28 14:40:50.063,captures/20260828_143757,mm_per_px,1719,171.9625,0.010860
2026-08-28 14:40:50.123,captures/20260828_143757,mm_per_px,1720,172.0221,0.009020
2026-08-28 14:40:50.217,captures/20260828_143757,mm_per_px,1721,172.1164,0.002095
2026-08-28 14:40:50.315,captures/20260828_143757,mm_per_px,1722,172.2145,0.002824
2026-08-28 14:40:50.415,captures/20260828_143757,mm_per_px,1723,172.3141,0.004240
2026-08-28 14:40:50.512,captures/20260828_143757,mm_per_px,1724,172.4112,0.000000
2026-08-28 14:40:50.614,captures/20260828_143757,mm_per_px,1725,172.5130,0.002007
2026-08-28 14:40:50.711,captures/20260828_143757,mm_per_px,1726,172.6108,0.002784
2026-08-28 14:40:50.813,captures/20260828_143757,mm_per_px,1727,172.7120,0.001686
2026-08-28 14:40:50.959,captures/20260828_143757,mm_per_px,1728,172.8586,0.007244
2026-08-28 14:40:51.052,captures/20260828_143757,mm_per_px,1729,172.9512,0.016507
2026-08-28 14:40:51.119,captures/20260828_143757,mm_per_px,1730,173.0180,0.015564
2026-08-28 14:40:51.218,captures/20260828_143757,mm_per_px,1731,173.1172,0.006461
2026-08-28 14:40:51.313,captures/20260828_143757,mm_per_px,1732,173.2127,0.004203
2026-08-28 14:40:51.413,captures/20260828_143757,mm_per_px,1733,173.3120,0.003879
2026-08-28 14:40:51.512,captures/20260828_143757,mm_per_px,1734,173.4110,0.002358
2026-08-28 14:40:51.614,captures/20260828_143757,mm_per_px,1735,173.5139,0.000241
2026-08-28 14:40:51.711,captures/20260828_143757,mm_per_px,1736,173.6109,0.000231
2026-08-28 14:40:51.811,captures/20260828_143757,mm_per_px,1737,173.7109,0.006177
2026-08-28 14:40:51.914,captures/20260828_143757,mm_per_px,1738,173.8138,0.004731
2026-08-28 14:40:52.018,captures/20260828_143757,mm_per_px,1739,173.9173,0.003363
2026-08-28 14:40:52.112,captures/20260828_143757,mm_per_px,1740,174.0116,0.010148
2026-08-28 14:40:52.216,captures/20260828_143757,mm_per_px,1741,174.1151,0.008582
2026-08-28 14:40:52.315,captures/20260828_143757,mm_per_px,1742,174.2148,0.000171
2026-08-28 14:40:52.415,captures/20260828_143757,mm_per_px,1743,174.3141,0.007498
2026-08-28 14:40:52.513,captures/20260828_143757,mm_per_px,1744,174.4128,0.013760
2026-08-28 14:40:52.618,captures/20260828_143757,mm_per_px,1745,174.5171,0.016863
2026-08-28 14:40:52.718,captures/20260828_143757,mm_per_px,1746,174.6173,0.029733
2026-08-28 14:40:52.818,captures/20260828_143757,mm_per_px,1747,174.7172,0.057613
2026-08-28 14:40:52.960,captures/20260828_143757,mm_per_px,1748,174.8597,0.071490
2026-08-28 14:40:53.034,captures/20260828_143757,mm_per_px,1749,174.9338,0.084131
2026-08-28 14:40:53.115,captures/20260828_143757,mm_per_px,1750,175.0149,0.075874
2026-08-28 14:40:53.219,captures/20260828_143757,mm_per_px,1751,175.1183,0.046374
2026-08-28 14:40:53.315,captures/20260828_143757,mm_per_px,1752,175.2145,0.034969
2026-08-28 14:40:53.415,captures/20260828_143757,mm_per_px,1753,175.3140,0.049201
2026-08-28 14:40:53.520,captures/20260828_143757,mm_per_px,1754,175.4191,0.064278
2026-08-28 14:40:53.621,captures/20260828_143757,mm_per_px,1755,175.5200,0.077271
2026-08-28 14:40:53.729,captures/20260828_143757,mm_per_px,1756,175.6281,0.083741
2026-08-28 14:40:53.816,captures/20260828_143757,mm_per_px,1757,175.7151,0.071066
2026-08-28 14:40:53.924,captures/20260828_143757,mm_per_px,1758,175.8239,0.123518
2026-08-28 14:40:54.019,captures/20260828_143757,mm_per_px,1759,175.9181,0.097509
2026-08-28 14:40:54.117,captures/20260828_143757,mm_per_px,1760,176.0161,0.130698
2026-08-28 14:40:54.214,captures/20260828_143757,mm_per_px,1761,176.1139,0.122784
2026-08-28 14:40:54.319,captures/20260828_143757,mm_per_px,1762,176.2182,0.120793
2026-08-28 14:40:54.418,captures/20260828_143757,mm_per_px,1763,176.3179,0.140242
2026-08-28 14:40:54.517,captures/20260828_143757,mm_per_px,1764,176.4160,0.145929
2026-08-28 14:40:54.619,captures/20260828_143757,mm_per_px,1765,176.5180,0.168398
2026-08-28 14:40:54.715,captures/20260828_143757,mm_per_px,1766,176.6140,0.235465
2026-08-28 14:40:54.823,captures/20260828_143757,mm_per_px,1767,176.7224,0.257379
2026-08-28 14:40:54.919,captures/20260828_143757,mm_per_px,1768,176.8187,0.265936
2026-08-28 14:40:55.026,captures/20260828_143757,mm_per_px,1769,176.9254,0.296321
2026-08-28 14:40:55.121,captures/20260828_143757,mm_per_px,1770,177.0207,0.296502
2026-08-28 14:40:55.232,captures/20260828_143757,mm_per_px,1771,177.1319,0.294706
2026-08-28 14:40:55.319,captures/20260828_143757,mm_per_px,1772,177.2182,0.308645
2026-08-28 14:40:55.421,captures/20260828_143757,mm_per_px,1773,177.3208,0.308021
2026-08-28 14:40:55.518,captures/20260828_143757,mm_per_px,1774,177.4171,0.323362
2026-08-28 14:40:55.626,captures/20260828_143757,mm_per_px,1775,177.5257,0.338718
2026-08-28 14:40:55.715,captures/20260828_143757,mm_per_px,1776,177.6148,0.371971
2026-08-28 14:40:55.820,captures/20260828_143757,mm_per_px,1777,177.7198,0.334782
2026-08-28 14:40:55.920,captures/20260828_143757,mm_per_px,1778,177.8195,0.400072
2026-08-28 14:40:56.021,captures/20260828_143757,mm_per_px,1779,177.9204,0.358339
2026-08-28 14:40:56.114,captures/20260828_143757,mm_per_px,1780,178.0130,0.323421
2026-08-28 14:40:56.229,captures/20260828_143757,mm_per_px,1781,178.1287,0.279119
2026-08-28 14:40:56.322,captures/20260828_143757,mm_per_px,1782,178.2218,0.323601
2026-08-28 14:40:56.419,captures/20260828_143757,mm_per_px,1783,178.3185,0.338348
2026-08-28 14:40:56.539,captures/20260828_143757,mm_per_px,1784,178.4387,0.361857
2026-08-28 14:40:56.640,captures/20260828_143757,mm_per_px,1785,178.5391,0.416892
2026-08-28 14:40:56.716,captures/20260828_143757,mm_per_px,1786,178.6158,0.385123
2026-08-28 14:40:56.819,captures/20260828_143757,mm_per_px,1787,178.7185,0.405003
2026-08-28 14:40:56.935,captures/20260828_143757,mm_per_px,1788,178.8349,0.420339
2026-08-28 14:40:57.014,captures/20260828_143757,mm_per_px,1789,178.9137,0.389304
2026-08-28 14:40:57.126,captures/20260828_143757,mm_per_px,1790,179.0254,0.441090
2026-08-28 14:40:57.218,captures/20260828_143757,mm_per_px,1791,179.1171,0.513347
2026-08-28 14:40:57.331,captures/20260828_143757,mm_per_px,1792,179.2301,0.527182
2026-08-28 14:40:57.417,captures/20260828_143757,mm_per_px,1793,179.3169,0.526614
2026-08-28 14:40:57.519,captures/20260828_143757,mm_per_px,1794,179.4181,0.472945
2026-08-28 14:40:57.620,captures/20260828_143757,mm_per_px,1795,179.5198,0.583099
2026-08-28 14:40:57.732,captures/20260828_143757,mm_per_px,1796,179.6310,0.585090
2026-08-28 14:40:57.820,captures/20260828_143757,mm_per_px,1797,179.7194,0.540587
2026-08-28 14:40:57.929,captures/20260828_143757,mm_per_px,1798,179.8287,0.551410
2026-08-28 14:40:58.032,captures/20260828_143757,mm_per_px,1799,179.9318,0.541836
2026-08-28 14:40:58.113,captures/20260828_143757,mm_per_px,1800,180.0126,0.478304
2026-08-28 14:40:58.215,captures/20260828_143757,mm_per_px,1801,180.1140,0.467407
2026-08-28 14:40:58.327,captures/20260828_143757,mm_per_px,1802,180.2269,0.412533
2026-08-28 14:40:58.420,captures/20260828_143757,mm_per_px,1803,180.3197,0.465609
2026-08-28 14:40:58.523,captures/20260828_143757,mm_per_px,1804,180.4223,0.509262
2026-08-28 14:40:58.617,captures/20260828_143757,mm_per_px,1805,180.5165,0.514553
2026-08-28 14:40:58.714,captures/20260828_143757,mm_per_px,1806,180.6136,0.511486
2026-08-28 14:40:58.813,captures/20260828_143757,mm_per_px,1807,180.7129,0.411163
2026-08-28 14:40:58.935,captures/20260828_143757,mm_per_px,1808,180.8345,0.282338
2026-08-28 14:40:59.048,captures/20260828_143757,mm_per_px,1809,180.9479,0.268960
2026-08-28 14:40:59.157,captures/20260828_143757,mm_per_px,1810,181.0562,0.229672
2026-08-28 14:40:59.217,captures/20260828_143757,mm_per_px,1811,181.1160,0.240567
2026-08-28 14:40:59.319,captures/20260828_143757,mm_per_px,1812,181.2188,0.259469
2026-08-28 14:40:59.418,captures/20260828_143757,mm_per_px,1813,181.3178,0.301262
2026-08-28 14:40:59.518,captures/20260828_143757,mm_per_px,1814,181.4179,0.276997
2026-08-28 14:40:59.616,captures/20260828_143757,mm_per_px,1815,181.5153,0.230593
2026-08-28 14:40:59.729,captures/20260828_143757,mm_per_px,1816,181.6283,0.212378
2026-08-28 14:40:59.815,captures/20260828_143757,mm_per_px,1817,181.7143,0.277415
2026-08-28 14:40:59.914,captures/20260828_143757,mm_per_px,1818,181.8132,0.313819
2026-08-28 14:41:00.012,captures/20260828_143757,mm_per_px,1819,181.9118,0.320959
2026-08-28 14:41:00.114,captures/20260828_143757,mm_per_px,1820,182.0130,0.287307
2026-08-28 14:41:00.213,captures/20260828_143757,mm_per_px,1821,182.1122,0.273039
2026-08-28 14:41:00.314,captures/20260828_143757,mm_per_px,1822,182.2131,0.248082
2026-08-28 14:41:00.454,captures/20260828_143757,mm_per_px,1823,182.3537,0.239867
2026-08-28 14:41:00.540,captures/20260828_143757,mm_per_px,1824,182.4391,0.276628
2026-08-28 14:41:00.617,captures/20260828_143757,mm_per_px,1825,182.5167,0.316520
2026-08-28 14:41:00.714,captures/20260828_143757,mm_per_px,1826,182.6130,0.378849
2026-08-28 14:41:00.815,captures/20260828_143757,mm_per_px,1827,182.7146,0.317789
2026-08-28 14:41:00.915,captures/20260828_143757,mm_per_px,1828,182.8140,0.265059
2026-08-28 14:41:01.025,captures/20260828_143757,mm_per_px,1829,182.9240,0.316410
2026-08-28 14:41:01.118,captures/20260828_143757,mm_per_px,1830,183.0172,0.242488
2026-08-28 14:41:01.215,captures/20260828_143757,mm_per_px,1831,183.1145,0.221216
2026-08-28 14:41:01.369,captures/20260828_143757,mm_per_px,1832,183.2684,0.194692
2026-08-28 14:41:01.467,captures/20260828_143757,mm_per_px,1833,183.3663,0.180965
2026-08-28 14:41:01.561,captures/20260828_143757,mm_per_px,1834,183.4601,0.200186
2026-08-28 14:41:01.658,captures/20260828_143757,mm_per_px,1835,183.5573,0.181664
2026-08-28 14:41:01.716,captures/20260828_143757,mm_per_px,1836,183.6154,0.216318
2026-08-28 14:41:01.815,captures/20260828_143757,mm_per_px,1837,183.7141,0.261184
2026-08-28 14:41:01.914,captures/20260828_143757,mm_per_px,1838,183.8136,0.255884
2026-08-28 14:41:02.011,captures/20260828_143757,mm_per_px,1839,183.9102,0.262181
2026-08-28 14:41:02.112,captures/20260828_143757,mm_per_px,1840,184.0112,0.260049
2026-08-28 14:41:02.264,captures/20260828_143757,mm_per_px,1841,184.1636,0.334959
2026-08-28 14:41:02.374,captures/20260828_143757,mm_per_px,1842,184.2736,0.314397
2026-08-28 14:41:02.418,captures/20260828_143757,mm_per_px,1843,184.3171,0.311737
2026-08-28 14:41:02.518,captures/20260828_143757,mm_per_px,1844,184.4176,0.351781
2026-08-28 14:41:02.632,captures/20260828_143757,mm_per_px,1845,184.5312,0.397762
2026-08-28 14:41:02.716,captures/20260828_143757,mm_per_px,1846,184.6153,0.402504
2026-08-28 14:41:02.812,captures/20260828_143757,mm_per_px,1847,184.7117,0.365357
2026-08-28 14:41:02.916,captures/20260828_143757,mm_per_px,1848,184.8153,0.375885
2026-08-28 14:41:03.012,captures/20260828_143757,mm_per_px,1849,184.9117,0.364534
2026-08-28 14:41:03.125,captures/20260828_143757,mm_per_px,1850,185.0245,0.380890
2026-08-28 14:41:03.215,captures/20260828_143757,mm_per_px,1851,185.1148,0.404262
2026-08-28 14:41:03.317,captures/20260828_143757,mm_per_px,1852,185.2160,0.421882
2026-08-28 14:41:03.457,captures/20260828_143757,mm_per_px,1853,185.3568,0.361777
2026-08-28 14:41:03.533,captures/20260828_143757,mm_per_px,1854,185.4324,0.302478
2026-08-28 14:41:03.618,captures/20260828_143757,mm_per_px,1855,185.5173,0.306582
2026-08-28 14:41:03.719,captures/20260828_143757,mm_per_px,1856,185.6183,0.319700
2026-08-28 14:41:03.812,captures/20260828_143757,mm_per_px,1857,185.7115,0.377711
2026-08-28 14:41:03.920,captures/20260828_143757,mm_per_px,1858,185.8196,0.361259
2026-08-28 14:41:04.015,captures/20260828_143757,mm_per_px,1859,185.9146,0.354094
2026-08-28 14:41:04.118,captures/20260828_143757,mm_per_px,1860,186.0179,0.356195
2026-08-28 14:41:04.216,captures/20260828_143757,mm_per_px,1861,186.1151,0.322412
2026-08-28 14:41:04.318,captures/20260828_143757,mm_per_px,1862,186.2176,0.333619
2026-08-28 14:41:04.416,captures/20260828_143757,mm_per_px,1863,186.3155,0.337298
2026-08-28 14:41:04.526,captures/20260828_143757,mm_per_px,1864,186.4257,0.308468
2026-08-28 14:41:04.672,captures/20260828_143757,mm_per_px,1865,186.5718,0.298953
2026-08-28 14:41:04.777,captures/20260828_143757,mm_per_px,1866,186.6765,0.329089
2026-08-28 14:41:04.813,captures/20260828_143757,mm_per_px,1867,186.7121,0.349011
2026-08-28 14:41:04.915,captures/20260828_143757,mm_per_px,1868,186.8147,0.376774
2026-08-28 14:41:05.025,captures/20260828_143757,mm_per_px,1869,186.9243,0.384036
2026-08-28 14:41:05.112,captures/20260828_143757,mm_per_px,1870,187.0116,0.353177
2026-08-28 14:41:05.214,captures/20260828_143757,mm_per_px,1871,187.1137,0.332277
2026-08-28 14:41:05.315,captures/20260828_143757,mm_per_px,1872,187.2146,0.324250
2026-08-28 14:41:05.417,captures/20260828_143757,mm_per_px,1873,187.3160,0.329045
2026-08-28 14:41:05.518,captures/20260828_143757,mm_per_px,1874,187.4170,0.312616
2026-08-28 14:41:05.623,captures/20260828_143757,mm_per_px,1875,187.5225,0.337998
2026-08-28 14:41:05.720,captures/20260828_143757,mm_per_px,1876,187.6191,0.312089
2026-08-28 14:41:05.838,captures/20260828_143757,mm_per_px,1877,187.7376,0.309497
2026-08-28 14:41:05.957,captures/20260828_143757,mm_per_px,1878,187.8569,0.338043
2026-08-28 14:41:06.039,captures/20260828_143757,mm_per_px,1879,187.9385,0.273116
2026-08-28 14:41:06.112,captures/20260828_143757,mm_per_px,1880,188.0116,0.275443
2026-08-28 14:41:06.225,captures/20260828_143757,mm_per_px,1881,188.1249,0.342535
2026-08-28 14:41:06.362,captures/20260828_143757,mm_per_px,1882,188.2610,0.389692
2026-08-28 14:41:06.465,captures/20260828_143757,mm_per_px,1883,188.3648,0.328869
2026-08-28 14:41:06.516,captures/20260828_143757,mm_per_px,1884,188.4155,0.315735
2026-08-28 14:41:06.616,captures/20260828_143757,mm_per_px,1885,188.5157,0.290295
2026-08-28 14:41:06.725,captures/20260828_143757,mm_per_px,1886,188.6245,0.190886
2026-08-28 14:41:06.814,captures/20260828_143757,mm_per_px,1887,188.7132,0.192345
2026-08-28 14:41:06.922,captures/20260828_143757,mm_per_px,1888,188.8210,0.210598
2026-08-28 14:41:07.069,captures/20260828_143757,mm_per_px,1889,188.9687,0.252741
2026-08-28 14:41:07.176,captures/20260828_143757,mm_per_px,1890,189.0751,0.283103
2026-08-28 14:41:07.263,captures/20260828_143757,mm_per_px,1891,189.1620,0.327029
2026-08-28 14:41:07.366,captures/20260828_143757,mm_per_px,1892,189.2658,0.337671
2026-08-28 14:41:07.464,captures/20260828_143757,mm_per_px,1893,189.3636,0.396559
2026-08-28 14:41:07.577,captures/20260828_143757,mm_per_px,1894,189.4762,0.393605
2026-08-28 14:41:07.620,captures/20260828_143757,mm_per_px,1895,189.5199,0.425357
2026-08-28 14:41:07.762,captures/20260828_143757,mm_per_px,1896,189.6619,0.411057
2026-08-28 14:41:07.851,captures/20260828_143757,mm_per_px,1897,189.7507,0.377281
2026-08-28 14:41:07.914,captures/20260828_143757,mm_per_px,1898,189.8136,0.313879
2026-08-28 14:41:08.016,captures/20260828_143757,mm_per_px,1899,189.9159,0.297665
2026-08-28 14:41:08.114,captures/20260828_143757,mm_per_px,1900,190.0136,0.234741
2026-08-28 14:41:08.219,captures/20260828_143757,mm_per_px,1901,190.1184,0.256890
2026-08-28 14:41:08.359,captures/20260828_143757,mm_per_px,1902,190.2586,0.283817
2026-08-28 14:41:08.457,captures/20260828_143757,mm_per_px,1903,190.3560,0.313561
2026-08-28 14:41:08.514,captures/20260828_143757,mm_per_px,1904,190.4138,0.300491
2026-08-28 14:41:08.658,captures/20260828_143757,mm_per_px,1905,190.5578,0.302198
2026-08-28 14:41:08.762,captures/20260828_143757,mm_per_px,1906,190.6617,0.330208
2026-08-28 14:41:08.866,captures/20260828_143757,mm_per_px,1907,190.7651,0.305911
2026-08-28 14:41:08.949,captures/20260828_143757,mm_per_px,1908,190.8481,0.311140
2026-08-28 14:41:09.014,captures/20260828_143757,mm_per_px,1909,190.9134,0.320675
2026-08-28 14:41:09.114,captures/20260828_143757,mm_per_px,1910,191.0132,0.341483
2026-08-28 14:41:09.213,captures/20260828_143757,mm_per_px,1911,191.1129,0.306805
2026-08-28 14:41:09.315,captures/20260828_143757,mm_per_px,1912,191.2143,0.324934
2026-08-28 14:41:09.426,captures/20260828_143757,mm_per_px,1913,191.3258,0.313814
2026-08-28 14:41:09.515,captures/20260828_143757,mm_per_px,1914,191.4141,0.374354
2026-08-28 14:41:09.618,captures/20260828_143757,mm_per_px,1915,191.5177,0.422676
2026-08-28 14:41:09.717,captures/20260828_143757,mm_per_px,1916,191.6161,0.305738
2026-08-28 14:41:09.833,captures/20260828_143757,mm_per_px,1917,191.7321,0.291155
2026-08-28 14:41:09.943,captures/20260828_143757,mm_per_px,1918,191.8420,0.237691
2026-08-28 14:41:10.047,captures/20260828_143757,mm_per_px,1919,191.9466,0.209149
2026-08-28 14:41:10.114,captures/20260828_143757,mm_per_px,1920,192.0137,0.240898
2026-08-28 14:41:10.215,captures/20260828_143757,mm_per_px,1921,192.1141,0.358606
2026-08-28 14:41:10.313,captures/20260828_143757,mm_per_px,1922,192.2125,0.388433
2026-08-28 14:41:10.422,captures/20260828_143757,mm_per_px,1923,192.3210,0.345490
2026-08-28 14:41:10.513,captures/20260828_143757,mm_per_px,1924,192.4129,0.329154
2026-08-28 14:41:10.614,captures/20260828_143757,mm_per_px,1925,192.5133,0.314214
2026-08-28 14:41:10.717,captures/20260828_143757,mm_per_px,1926,192.6164,0.270785
2026-08-28 14:41:10.815,captures/20260828_143757,mm_per_px,1927,192.7148,0.212801
2026-08-28 14:41:10.926,captures/20260828_143757,mm_per_px,1928,192.8253,0.147084
2026-08-28 14:41:11.015,captures/20260828_143757,mm_per_px,1929,192.9145,0.140091
2026-08-28 14:41:11.128,captures/20260828_143757,mm_per_px,1930,193.0277,0.125825
2026-08-28 14:41:11.215,captures/20260828_143757,mm_per_px,1931,193.1148,0.110443
2026-08-28 14:41:11.313,captures/20260828_143757,mm_per_px,1932,193.2120,0.141348
2026-08-28 14:41:11.420,captures/20260828_143757,mm_per_px,1933,193.3199,0.167962
2026-08-28 14:41:11.567,captures/20260828_143757,mm_per_px,1934,193.4668,0.176251
2026-08-28 14:41:11.682,captures/20260828_143757,mm_per_px,1935,193.5815,0.197081
2026-08-28 14:41:11.718,captures/20260828_143757,mm_per_px,1936,193.6174,0.214035
2026-08-28 14:41:11.816,captures/20260828_143757,mm_per_px,1937,193.7151,0.136062
2026-08-28 14:41:11.930,captures/20260828_143757,mm_per_px,1938,193.8298,0.111474
2026-08-28 14:41:12.065,captures/20260828_143757,mm_per_px,1939,193.9645,0.086388
2026-08-28 14:41:12.128,captures/20260828_143757,mm_per_px,1940,194.0275,0.128521
2026-08-28 14:41:12.258,captures/20260828_143757,mm_per_px,1941,194.1572,0.140333
2026-08-28 14:41:12.320,captures/20260828_143757,mm_per_px,1942,194.2199,0.146225
2026-08-28 14:41:12.468,captures/20260828_143757,mm_per_px,1943,194.3679,0.173655
2026-08-28 14:41:12.572,captures/20260828_143757,mm_per_px,1944,194.4718,0.186440
2026-08-28 14:41:12.614,captures/20260828_143757,mm_per_px,1945,194.5138,0.169275
2026-08-28 14:41:12.718,captures/20260828_143757,mm_per_px,1946,194.6174,0.203837
2026-08-28 14:41:12.814,captures/20260828_143757,mm_per_px,1947,194.7135,0.227942
2026-08-28 14:41:12.915,captures/20260828_143757,mm_per_px,1948,194.8147,0.248383
2026-08-28 14:41:13.018,captures/20260828_143757,mm_per_px,1949,194.9178,0.239881
2026-08-28 14:41:13.160,captures/20260828_143757,mm_per_px,1950,195.0591,0.240905
2026-08-28 14:41:13.264,captures/20260828_143757,mm_per_px,1951,195.1638,0.180112
2026-08-28 14:41:13.311,captures/20260828_143757,mm_per_px,1952,195.2109,0.155947
2026-08-28 14:41:13.469,captures/20260828_143757,mm_per_px,1953,195.3682,0.140674
2026-08-28 14:41:13.554,captures/20260828_143757,mm_per_px,1954,195.4531,0.179404
2026-08-28 14:41:13.613,captures/20260828_143757,mm_per_px,1955,195.5121,0.182136
2026-08-28 14:41:13.716,captures/20260828_143757,mm_per_px,1956,195.6150,0.173738
2026-08-28 14:41:13.815,captures/20260828_143757,mm_per_px,1957,195.7146,0.172495
2026-08-28 14:41:13.959,captures/20260828_143757,mm_per_px,1958,195.8588,0.174259
2026-08-28 14:41:14.044,captures/20260828_143757,mm_per_px,1959,195.9438,0.159617
2026-08-28 14:41:14.165,captures/20260828_143757,mm_per_px,1960,196.0643,0.155871
2026-08-28 14:41:14.287,captures/20260828_143757,mm_per_px,1961,196.1868,0.168381
2026-08-28 14:41:14.323,captures/20260828_143757,mm_per_px,1962,196.2227,0.176098
2026-08-28 14:41:14.466,captures/20260828_143757,mm_per_px,1963,196.3655,0.162649
2026-08-28 14:41:14.539,captures/20260828_143757,mm_per_px,1964,196.4382,0.161770
2026-08-28 14:41:14.657,captures/20260828_143757,mm_per_px,1965,196.5566,0.190018
2026-08-28 14:41:14.751,captures/20260828_143757,mm_per_px,1966,196.6500,0.231784
2026-08-28 14:41:14.814,captures/20260828_143757,mm_per_px,1967,196.7131,0.259132
2026-08-28 14:41:14.919,captures/20260828_143757,mm_per_px,1968,196.8185,0.245707
2026-08-28 14:41:15.018,captures/20260828_143757,mm_per_px,1969,196.9170,0.198889
2026-08-28 14:41:15.117,captures/20260828_143757,mm_per_px,1970,197.0164,0.239561
2026-08-28 14:41:15.214,captures/20260828_143757,mm_per_px,1971,197.1130,0.294869
2026-08-28 14:41:15.328,captures/20260828_143757,mm_per_px,1972,197.2272,0.289704
2026-08-28 14:41:15.466,captures/20260828_143757,mm_per_px,1973,197.3659,0.283370
2026-08-28 14:41:15.582,captures/20260828_143757,mm_per_px,1974,197.4810,0.282338
2026-08-28 14:41:15.628,captures/20260828_143757,mm_per_px,1975,197.5277,0.302628
2026-08-28 14:41:15.716,captures/20260828_143757,mm_per_px,1976,197.6156,0.298881
2026-08-28 14:41:15.828,captures/20260828_143757,mm_per_px,1977,197.7277,0.251827
2026-08-28 14:41:15.915,captures/20260828_143757,mm_per_px,1978,197.8140,0.274019
2026-08-28 14:41:16.027,captures/20260828_143757,mm_per_px,1979,197.9263,0.267351
2026-08-28 14:41:16.117,captures/20260828_143757,mm_per_px,1980,198.0165,0.309269
2026-08-28 14:41:16.219,captures/20260828_143757,mm_per_px,1981,198.1188,0.320407
2026-08-28 14:41:16.355,captures/20260828_143757,mm_per_px,1982,198.2543,0.299044
2026-08-28 14:41:16.459,captures/20260828_143757,mm_per_px,1983,198.3582,0.269146
2026-08-28 14:41:16.515,captures/20260828_143757,mm_per_px,1984,198.4146,0.261281
2026-08-28 14:41:16.624,captures/20260828_143757,mm_per_px,1985,198.5239,0.270628
2026-08-28 14:41:16.713,captures/20260828_143757,mm_per_px,1986,198.6129,0.272358
2026-08-28 14:41:16.817,captures/20260828_143757,mm_per_px,1987,198.7167,0.246848
2026-08-28 14:41:16.915,captures/20260828_143757,mm_per_px,1988,198.8145,0.258333
2026-08-28 14:41:17.026,captures/20260828_143757,mm_per_px,1989,198.9251,0.269824
2026-08-28 14:41:17.171,captures/20260828_143757,mm_per_px,1990,199.0701,0.264983
2026-08-28 14:41:17.267,captures/20260828_143757,mm_per_px,1991,199.1668,0.297375
2026-08-28 14:41:17.314,captures/20260828_143757,mm_per_px,1992,199.2133,0.305490
2026-08-28 14:41:17.456,captures/20260828_143757,mm_per_px,1993,199.3554,0.236969
2026-08-28 14:41:17.526,captures/20260828_143757,mm_per_px,1994,199.4257,0.235624
2026-08-28 14:41:17.617,captures/20260828_143757,mm_per_px,1995,199.5162,0.259699
2026-08-28 14:41:17.728,captures/20260828_143757,mm_per_px,1996,199.6273,0.259048
2026-08-28 14:41:17.817,captures/20260828_143757,mm_per_px,1997,199.7162,0.245799
2026-08-28 14:41:17.922,captures/20260828_143757,mm_per_px,1998,199.8214,0.253622
2026-08-28 14:41:18.016,captures/20260828_143757,mm_per_px,1999,199.9158,0.222286
2026-08-28 14:41:18.120,captures/20260828_143757,mm_per_px,2000,200.0192,0.206095
2026-08-28 14:41:18.217,captures/20260828_143757,mm_per_px,2001,200.1162,0.213593
2026-08-28 14:41:18.332,captures/20260828_143757,mm_per_px,2002,200.2318,0.243006
2026-08-28 14:41:18.469,captures/20260828_143757,mm_per_px,2003,200.3685,0.306159
2026-08-28 14:41:18.585,captures/20260828_143757,mm_per_px,2004,200.4840,0.246251
2026-08-28 14:41:18.623,captures/20260828_143757,mm_per_px,2005,200.5220,0.261738
2026-08-28 14:41:18.763,captures/20260828_143757,mm_per_px,2006,200.6627,0.353213
2026-08-28 14:41:18.855,captures/20260828_143757,mm_per_px,2007,200.7540,0.284274
2026-08-28 14:41:18.914,captures/20260828_143757,mm_per_px,2008,200.8130,0.277150
2026-08-28 14:41:19.014,captures/20260828_143757,mm_per_px,2009,200.9137,0.325127
2026-08-28 14:41:19.168,captures/20260828_143757,mm_per_px,2010,201.0675,0.401076
2026-08-28 14:41:19.252,captures/20260828_143757,mm_per_px,2011,201.1514,0.379537
2026-08-28 14:41:19.363,captures/20260828_143757,mm_per_px,2012,201.2626,0.402322
2026-08-28 14:41:19.463,captures/20260828_143757,mm_per_px,2013,201.3625,0.373854
2026-08-28 14:41:19.514,captures/20260828_143757,mm_per_px,2014,201.4134,0.358545
2026-08-28 14:41:19.619,captures/20260828_143757,mm_per_px,2015,201.5181,0.365495
2026-08-28 14:41:19.740,captures/20260828_143757,mm_per_px,2016,201.6397,0.352248
2026-08-28 14:41:19.831,captures/20260828_143757,mm_per_px,2017,201.7308,0.379607
2026-08-28 14:41:19.968,captures/20260828_143757,mm_per_px,2018,201.8676,0.422196
2026-08-28 14:41:20.068,captures/20260828_143757,mm_per_px,2019,201.9673,0.383505
2026-08-28 14:41:20.161,captures/20260828_143757,mm_per_px,2020,202.0603,0.265765
2026-08-28 14:41:20.273,captures/20260828_143757,mm_per_px,2021,202.1724,0.259020
2026-08-28 14:41:20.353,captures/20260828_143757,mm_per_px,2022,202.2527,0.253262
2026-08-28 14:41:20.455,captures/20260828_143757,mm_per_px,2023,202.3540,0.266247
2026-08-28 14:41:20.556,captures/20260828_143757,mm_per_px,2024,202.4558,0.232534
2026-08-28 14:41:20.660,captures/20260828_143757,mm_per_px,2025,202.5596,0.191157
2026-08-28 14:41:20.719,captures/20260828_143757,mm_per_px,2026,202.6188,0.159167
2026-08-28 14:41:20.862,captures/20260828_143757,mm_per_px,2027,202.7618,0.189942
2026-08-28 14:41:20.970,captures/20260828_143757,mm_per_px,2028,202.8692,0.207127
2026-08-28 14:41:21.072,captures/20260828_143757,mm_per_px,2029,202.9713,0.160342
2026-08-28 14:41:21.176,captures/20260828_143757,mm_per_px,2030,203.0755,0.157287
2026-08-28 14:41:21.265,captures/20260828_143757,mm_per_px,2031,203.1642,0.174111
2026-08-28 14:41:21.353,captures/20260828_143757,mm_per_px,2032,203.2529,0.180791
2026-08-28 14:41:21.458,captures/20260828_143757,mm_per_px,2033,203.3575,0.174977
2026-08-28 14:41:21.546,captures/20260828_143757,mm_per_px,2034,203.4458,0.209489
2026-08-28 14:41:21.656,captures/20260828_143757,mm_per_px,2035,203.5553,0.195014
2026-08-28 14:41:21.759,captures/20260828_143757,mm_per_px,2036,203.6588,0.216217
2026-08-28 14:41:21.864,captures/20260828_143757,mm_per_px,2037,203.7636,0.263751
2026-08-28 14:41:21.966,captures/20260828_143757,mm_per_px,2038,203.8651,0.287348
2026-08-28 14:41:22.056,captures/20260828_143757,mm_per_px,2039,203.9555,0.289130
2026-08-28 14:41:22.167,captures/20260828_143757,mm_per_px,2040,204.0669,0.246594
2026-08-28 14:41:22.265,captures/20260828_143757,mm_per_px,2041,204.1640,0.208270
2026-08-28 14:41:22.362,captures/20260828_143757,mm_per_px,2042,204.2618,0.231972
2026-08-28 14:41:22.416,captures/20260828_143757,mm_per_px,2043,204.3159,0.259763
2026-08-28 14:41:22.528,captures/20260828_143757,mm_per_px,2044,204.4275,0.262194
2026-08-28 14:41:22.623,captures/20260828_143757,mm_per_px,2045,204.5225,0.259906
2026-08-28 14:41:22.765,captures/20260828_143757,mm_per_px,2046,204.6641,0.340685
2026-08-28 14:41:22.880,captures/20260828_143757,mm_per_px,2047,204.7792,0.370879
2026-08-28 14:41:22.961,captures/20260828_143757,mm_per_px,2048,204.8600,0.352727
2026-08-28 14:41:23.017,captures/20260828_143757,mm_per_px,2049,204.9165,0.339160
2026-08-28 14:41:23.115,captures/20260828_143757,mm_per_px,2050,205.0147,0.286463
2026-08-28 14:41:23.218,captures/20260828_143757,mm_per_px,2051,205.1170,0.256142
2026-08-28 14:41:23.316,captures/20260828_143757,mm_per_px,2052,205.2156,0.202546
2026-08-28 14:41:23.457,captures/20260828_143757,mm_per_px,2053,205.3567,0.177048
2026-08-28 14:41:23.519,captures/20260828_143757,mm_per_px,2054,205.4180,0.201769
2026-08-28 14:41:23.617,captures/20260828_143757,mm_per_px,2055,205.5163,0.169537
2026-08-28 14:41:23.723,captures/20260828_143757,mm_per_px,2056,205.6223,0.154446
2026-08-28 14:41:23.861,captures/20260828_143757,mm_per_px,2057,205.7609,0.162934
2026-08-28 14:41:23.980,captures/20260828_143757,mm_per_px,2058,205.8795,0.152691
2026-08-28 14:41:24.021,captures/20260828_143757,mm_per_px,2059,205.9207,0.141667
2026-08-28 14:41:24.116,captures/20260828_143757,mm_per_px,2060,206.0155,0.190665
2026-08-28 14:41:24.231,captures/20260828_143757,mm_per_px,2061,206.1305,0.157813
2026-08-28 14:41:24.314,captures/20260828_143757,mm_per_px,2062,206.2135,0.156216
2026-08-28 14:41:24.470,captures/20260828_143757,mm_per_px,2063,206.3691,0.159141
2026-08-28 14:41:24.586,captures/20260828_143757,mm_per_px,2064,206.4855,0.173432
2026-08-28 14:41:24.698,captures/20260828_143757,mm_per_px,2065,206.5977,0.185731
2026-08-28 14:41:24.795,captures/20260828_143757,mm_per_px,2066,206.6944,0.193162
2026-08-28 14:41:24.831,captures/20260828_143757,mm_per_px,2067,206.7305,0.220787
2026-08-28 14:41:24.916,captures/20260828_143757,mm_per_px,2068,206.8155,0.211830
2026-08-28 14:41:25.016,captures/20260828_143757,mm_per_px,2069,206.9158,0.169446
2026-08-28 14:41:25.162,captures/20260828_143757,mm_per_px,2070,207.0612,0.183827
2026-08-28 14:41:25.267,captures/20260828_143757,mm_per_px,2071,207.1666,0.197711
2026-08-28 14:41:25.371,captures/20260828_143757,mm_per_px,2072,207.2706,0.173004
2026-08-28 14:41:25.488,captures/20260828_143757,mm_per_px,2073,207.3874,0.131301
2026-08-28 14:41:25.570,captures/20260828_143757,mm_per_px,2074,207.4697,0.150659
2026-08-28 14:41:25.615,captures/20260828_143757,mm_per_px,2075,207.5143,0.182416
2026-08-28 14:41:25.757,captures/20260828_143757,mm_per_px,2076,207.6567,0.212961
2026-08-28 14:41:25.872,captures/20260828_143757,mm_per_px,2077,207.7710,0.233376
2026-08-28 14:41:25.966,captures/20260828_143757,mm_per_px,2078,207.8653,0.194266
2026-08-28 14:41:26.079,captures/20260828_143757,mm_per_px,2079,207.9780,0.198605
2026-08-28 14:41:26.118,captures/20260828_143757,mm_per_px,2080,208.0170,0.180860
2026-08-28 14:41:26.270,captures/20260828_143757,mm_per_px,2081,208.1699,0.166773
2026-08-28 14:41:26.395,captures/20260828_143757,mm_per_px,2082,208.2940,0.165279
2026-08-28 14:41:26.431,captures/20260828_143757,mm_per_px,2083,208.3303,0.157980
2026-08-28 14:41:26.559,captures/20260828_143757,mm_per_px,2084,208.4588,0.147302
2026-08-28 14:41:26.650,captures/20260828_143757,mm_per_px,2085,208.5493,0.170762
2026-08-28 14:41:26.761,captures/20260828_143757,mm_per_px,2086,208.6605,0.112495
2026-08-28 14:41:26.877,captures/20260828_143757,mm_per_px,2087,208.7766,0.101443
2026-08-28 14:41:26.923,captures/20260828_143757,mm_per_px,2088,208.8221,0.106557
2026-08-28 14:41:27.071,captures/20260828_143757,mm_per_px,2089,208.9707,0.122951
2026-08-28 14:41:27.153,captures/20260828_143757,mm_per_px,2090,209.0529,0.150190
2026-08-28 14:41:27.271,captures/20260828_143757,mm_per_px,2091,209.1703,0.136291
2026-08-28 14:41:27.388,captures/20260828_143757,mm_per_px,2092,209.2876,0.113952
2026-08-28 14:41:27.425,captures/20260828_143757,mm_per_px,2093,209.3241,0.101449
2026-08-28 14:41:27.560,captures/20260828_143757,mm_per_px,2094,209.4599,0.094596
2026-08-28 14:41:27.675,captures/20260828_143757,mm_per_px,2095,209.5740,0.084793
2026-08-28 14:41:27.715,captures/20260828_143757,mm_per_px,2096,209.6143,0.045430
2026-08-28 14:41:27.870,captures/20260828_143757,mm_per_px,2097,209.7694,0.051067
2026-08-28 14:41:27.917,captures/20260828_143757,mm_per_px,2098,209.8164,0.070398
2026-08-28 14:41:28.063,captures/20260828_143757,mm_per_px,2099,209.9621,0.091981
2026-08-28 14:41:28.179,captures/20260828_143757,mm_per_px,2100,210.0785,0.133338
2026-08-28 14:41:28.267,captures/20260828_143757,mm_per_px,2101,210.1663,0.116424
2026-08-28 14:41:28.330,captures/20260828_143757,mm_per_px,2102,210.2296,0.079963
2026-08-28 14:41:28.473,captures/20260828_143757,mm_per_px,2103,210.3726,0.077300
2026-08-28 14:41:28.588,captures/20260828_143757,mm_per_px,2104,210.4875,0.079734
2026-08-28 14:41:28.631,captures/20260828_143757,mm_per_px,2105,210.5305,0.070305
2026-08-28 14:41:28.760,captures/20260828_143757,mm_per_px,2106,210.6597,0.085556
2026-08-28 14:41:28.864,captures/20260828_143757,mm_per_px,2107,210.7635,0.118458
2026-08-28 14:41:28.965,captures/20260828_143757,mm_per_px,2108,210.8649,0.093013
2026-08-28 14:41:29.017,captures/20260828_143757,mm_per_px,2109,210.9168,0.073314
2026-08-28 14:41:29.162,captures/20260828_143757,mm_per_px,2110,211.0614,0.109926
2026-08-28 14:41:29.266,captures/20260828_143757,mm_per_px,2111,211.1651,0.088287
2026-08-28 14:41:29.358,captures/20260828_143757,mm_per_px,2112,211.2579,0.082064
2026-08-28 14:41:29.465,captures/20260828_143757,mm_per_px,2113,211.3648,0.107731
2026-08-28 14:41:29.578,captures/20260828_143757,mm_per_px,2114,211.4778,0.126319
2026-08-28 14:41:29.632,captures/20260828_143757,mm_per_px,2115,211.5315,0.105670
2026-08-28 14:41:29.718,captures/20260828_143757,mm_per_px,2116,211.6172,0.128488
2026-08-28 14:41:29.819,captures/20260828_143757,mm_per_px,2117,211.7183,0.197031
2026-08-28 14:41:29.965,captures/20260828_143757,mm_per_px,2118,211.8641,0.203208
2026-08-28 14:41:30.067,captures/20260828_143757,mm_per_px,2119,211.9665,0.212399
2026-08-28 14:41:30.157,captures/20260828_143757,mm_per_px,2120,212.0562,0.215548
2026-08-28 14:41:30.269,captures/20260828_143757,mm_per_px,2121,212.1682,0.193163
2026-08-28 14:41:30.351,captures/20260828_143757,mm_per_px,2122,212.2504,0.170161
2026-08-28 14:41:30.415,captures/20260828_143757,mm_per_px,2123,212.3149,0.149794
2026-08-28 14:41:30.527,captures/20260828_143757,mm_per_px,2124,212.4265,0.182803
2026-08-28 14:41:30.622,captures/20260828_143757,mm_per_px,2125,212.5211,0.152898
2026-08-28 14:41:30.732,captures/20260828_143757,mm_per_px,2126,212.6311,0.146705
2026-08-28 14:41:30.819,captures/20260828_143757,mm_per_px,2127,212.7180,0.162139
2026-08-28 14:41:30.917,captures/20260828_143757,mm_per_px,2128,212.8165,0.133926
2026-08-28 14:41:31.064,captures/20260828_143757,mm_per_px,2129,212.9636,0.117771
2026-08-28 14:41:31.130,captures/20260828_143757,mm_per_px,2130,213.0294,0.088082
2026-08-28 14:41:31.217,captures/20260828_143757,mm_per_px,2131,213.1164,0.062638
2026-08-28 14:41:31.333,captures/20260828_143757,mm_per_px,2132,213.2325,0.030087
2026-08-28 14:41:31.415,captures/20260828_143757,mm_per_px,2133,213.3146,0.038186
2026-08-28 14:41:31.569,captures/20260828_143757,mm_per_px,2134,213.4688,0.024123
2026-08-28 14:41:31.683,captures/20260828_143757,mm_per_px,2135,213.5828,0.024318
2026-08-28 14:41:31.727,captures/20260828_143757,mm_per_px,2136,213.6262,0.029074
2026-08-28 14:41:31.859,captures/20260828_143757,mm_per_px,2137,213.7580,0.040363
2026-08-28 14:41:31.974,captures/20260828_143757,mm_per_px,2138,213.8738,0.061939
2026-08-28 14:41:32.027,captures/20260828_143757,mm_per_px,2139,213.9265,0.079416
2026-08-28 14:41:32.161,captures/20260828_143757,mm_per_px,2140,214.0604,0.103259
2026-08-28 14:41:32.275,captures/20260828_143757,mm_per_px,2141,214.1747,0.095108
2026-08-28 14:41:32.368,captures/20260828_143757,mm_per_px,2142,214.2672,0.105574
2026-08-28 14:41:32.460,captures/20260828_143757,mm_per_px,2143,214.3593,0.152208
2026-08-28 14:41:32.521,captures/20260828_143757,mm_per_px,2144,214.4208,0.166205
2026-08-28 14:41:32.667,captures/20260828_143757,mm_per_px,2145,214.5667,0.177937
2026-08-28 14:41:32.784,captures/20260828_143757,mm_per_px,2146,214.6839,0.233815
2026-08-28 14:41:32.830,captures/20260828_143757,mm_per_px,2147,214.7295,0.213992
2026-08-28 14:41:32.914,captures/20260828_143757,mm_per_px,2148,214.8135,0.182624
2026-08-28 14:41:33.033,captures/20260828_143757,mm_per_px,2149,214.9324,0.205212
2026-08-28 14:41:33.131,captures/20260828_143757,mm_per_px,2150,215.0306,0.172626
2026-08-28 14:41:33.214,captures/20260828_143757,mm_per_px,2151,215.1133,0.196833
2026-08-28 14:41:33.318,captures/20260828_143757,mm_per_px,2152,215.2171,0.153823
2026-08-28 14:41:33.463,captures/20260828_143757,mm_per_px,2153,215.3626,0.147689
2026-08-28 14:41:33.580,captures/20260828_143757,mm_per_px,2154,215.4791,0.185193
2026-08-28 14:41:33.620,captures/20260828_143757,mm_per_px,2155,215.5192,0.243525
2026-08-28 14:41:33.715,captures/20260828_143757,mm_per_px,2156,215.6148,0.228823
2026-08-28 14:41:33.814,captures/20260828_143757,mm_per_px,2157,215.7130,0.229495
2026-08-28 14:41:33.961,captures/20260828_143757,mm_per_px,2158,215.8600,0.184525
2026-08-28 14:41:34.028,captures/20260828_143757,mm_per_px,2159,215.9278,0.184233
2026-08-28 14:41:34.171,captures/20260828_143757,mm_per_px,2160,216.0703,0.182133
2026-08-28 14:41:34.286,captures/20260828_143757,mm_per_px,2161,216.1851,0.207983
2026-08-28 14:41:34.322,captures/20260828_143757,mm_per_px,2162,216.2218,0.205141
2026-08-28 14:41:34.456,captures/20260828_143757,mm_per_px,2163,216.3558,0.193500
2026-08-28 14:41:34.537,captures/20260828_143757,mm_per_px,2164,216.4369,0.214695
2026-08-28 14:41:34.661,captures/20260828_143757,mm_per_px,2165,216.5604,0.180989
2026-08-28 14:41:34.781,captures/20260828_143757,mm_per_px,2166,216.6807,0.200907
2026-08-28 14:41:34.820,captures/20260828_143757,mm_per_px,2167,216.7196,0.159382
2026-08-28 14:41:34.967,captures/20260828_143757,mm_per_px,2168,216.8664,0.189442
2026-08-28 14:41:35.057,captures/20260828_143757,mm_per_px,2169,216.9569,0.189450
2026-08-28 14:41:35.161,captures/20260828_143757,mm_per_px,2170,217.0602,0.270083
2026-08-28 14:41:35.280,captures/20260828_143757,mm_per_px,2171,217.1793,0.239968
2026-08-28 14:41:35.387,captures/20260828_143757,mm_per_px,2172,217.2867,0.289978
2026-08-28 14:41:35.420,captures/20260828_143757,mm_per_px,2173,217.3197,0.318746
2026-08-28 14:41:35.562,captures/20260828_143757,mm_per_px,2174,217.4617,0.316883
2026-08-28 14:41:35.654,captures/20260828_143757,mm_per_px,2175,217.5535,0.305217
2026-08-28 14:41:35.753,captures/20260828_143757,mm_per_px,2176,217.6523,0.287086
2026-08-28 14:41:35.865,captures/20260828_143757,mm_per_px,2177,217.7647,0.283102
2026-08-28 14:41:35.961,captures/20260828_143757,mm_per_px,2178,217.8603,0.287346
2026-08-28 14:41:36.078,captures/20260828_143757,mm_per_px,2179,217.9773,0.267140
2026-08-28 14:41:36.114,captures/20260828_143757,mm_per_px,2180,218.0139,0.275854
2026-08-28 14:41:36.260,captures/20260828_143757,mm_per_px,2181,218.1599,0.272831
2026-08-28 14:41:36.376,captures/20260828_143757,mm_per_px,2182,218.2751,0.230592
2026-08-28 14:41:36.426,captures/20260828_143757,mm_per_px,2183,218.3254,0.228260
2026-08-28 14:41:36.563,captures/20260828_143757,mm_per_px,2184,218.4629,0.228616
2026-08-28 14:41:36.679,captures/20260828_143757,mm_per_px,2185,218.5783,0.186918
2026-08-28 14:41:36.724,captures/20260828_143757,mm_per_px,2186,218.6233,0.243329
2026-08-28 14:41:36.854,captures/20260828_143757,mm_per_px,2187,218.7537,0.278527
2026-08-28 14:41:36.961,captures/20260828_143757,mm_per_px,2188,218.8606,0.287798
2026-08-28 14:41:37.072,captures/20260828_143757,mm_per_px,2189,218.9710,0.291151
2026-08-28 14:41:37.187,captures/20260828_143757,mm_per_px,2190,219.0864,0.232862
2026-08-28 14:41:37.235,captures/20260828_143757,mm_per_px,2191,219.1343,0.219548
2026-08-28 14:41:37.360,captures/20260828_143757,mm_per_px,2192,219.2598,0.201402
2026-08-28 14:41:37.442,captures/20260828_143757,mm_per_px,2193,219.3419,0.190582
2026-08-28 14:41:37.567,captures/20260828_143757,mm_per_px,2194,219.4668,0.201771
2026-08-28 14:41:37.685,captures/20260828_143757,mm_per_px,2195,219.5842,0.221293
2026-08-28 14:41:37.719,captures/20260828_143757,mm_per_px,2196,219.6187,0.199941
2026-08-28 14:41:37.866,captures/20260828_143757,mm_per_px,2197,219.7655,0.183775
2026-08-28 14:41:37.927,captures/20260828_143757,mm_per_px,2198,219.8266,0.225413
2026-08-28 14:41:38.068,captures/20260828_143757,mm_per_px,2199,219.9678,0.222750
2026-08-28 14:41:38.174,captures/20260828_143757,mm_per_px,2200,220.0734,0.213445
2026-08-28 14:41:38.213,captures/20260828_143757,mm_per_px,2201,220.1129,0.231484
2026-08-28 14:41:38.373,captures/20260828_143757,mm_per_px,2202,220.2727,0.257219
2026-08-28 14:41:38.491,captures/20260828_143757,mm_per_px,2203,220.3901,0.268809
2026-08-28 14:41:38.527,captures/20260828_143757,mm_per_px,2204,220.4261,0.250693
2026-08-28 14:41:38.617,captures/20260828_143757,mm_per_px,2205,220.5165,0.198202
2026-08-28 14:41:38.761,captures/20260828_143757,mm_per_px,2206,220.6602,0.184062
2026-08-28 14:41:38.871,captures/20260828_143757,mm_per_px,2207,220.7700,0.177037
2026-08-28 14:41:38.960,captures/20260828_143757,mm_per_px,2208,220.8595,0.217952
2026-08-28 14:41:39.069,captures/20260828_143757,mm_per_px,2209,220.9684,0.301619
2026-08-28 14:41:39.113,captures/20260828_143757,mm_per_px,2210,221.0128,0.349412
2026-08-28 14:41:39.213,captures/20260828_143757,mm_per_px,2211,221.1125,0.441121
2026-08-28 14:41:39.319,captures/20260828_143757,mm_per_px,2212,221.2185,0.341110
2026-08-28 14:41:39.463,captures/20260828_143757,mm_per_px,2213,221.3621,0.202356
2026-08-28 14:41:39.519,captures/20260828_143757,mm_per_px,2214,221.4182,0.143353
2026-08-28 14:41:39.655,captures/20260828_143757,mm_per_px,2215,221.5545,0.105392
2026-08-28 14:41:39.774,captures/20260828_143757,mm_per_px,2216,221.6738,0.051226
2026-08-28 14:41:39.860,captures/20260828_143757,mm_per_px,2217,221.7592,0.038578
2026-08-28 14:41:39.965,captures/20260828_143757,mm_per_px,2218,221.8649,0.038756
2026-08-28 14:41:40.071,captures/20260828_143757,mm_per_px,2219,221.9704,0.036279
2026-08-28 14:41:40.157,captures/20260828_143757,mm_per_px,2220,222.0565,0.030905
2026-08-28 14:41:40.255,captures/20260828_143757,mm_per_px,2221,222.1545,0.043494
2026-08-28 14:41:40.362,captures/20260828_143757,mm_per_px,2222,222.2617,0.064210
2026-08-28 14:41:40.469,captures/20260828_143757,mm_per_px,2223,222.3687,0.068126
2026-08-28 14:41:40.570,captures/20260828_143757,mm_per_px,2224,222.4695,0.054930
2026-08-28 14:41:40.680,captures/20260828_143757,mm_per_px,2225,222.5795,0.061026
2026-08-28 14:41:40.727,captures/20260828_143757,mm_per_px,2226,222.6269,0.063693
2026-08-28 14:41:40.860,captures/20260828_143757,mm_per_px,2227,222.7590,0.047855
2026-08-28 14:41:40.964,captures/20260828_143757,mm_per_px,2228,222.8630,0.049752
2026-08-28 14:41:41.013,captures/20260828_143757,mm_per_px,2229,222.9124,0.049472
2026-08-28 14:41:41.165,captures/20260828_143757,mm_per_px,2230,223.0645,0.051174
2026-08-28 14:41:41.271,captures/20260828_143757,mm_per_px,2231,223.1709,0.056827
2026-08-28 14:41:41.358,captures/20260828_143757,mm_per_px,2232,223.2574,0.041008
2026-08-28 14:41:41.462,captures/20260828_143757,mm_per_px,2233,223.3617,0.025543
2026-08-28 14:41:41.560,captures/20260828_143757,mm_per_px,2234,223.4594,0.017683
2026-08-28 14:41:41.661,captures/20260828_143757,mm_per_px,2235,223.5608,0.020575
2026-08-28 14:41:41.763,captures/20260828_143757,mm_per_px,2236,223.6624,0.031883
2026-08-28 14:41:41.878,captures/20260828_143757,mm_per_px,2237,223.7774,0.060593
2026-08-28 14:41:41.960,captures/20260828_143757,mm_per_px,2238,223.8598,0.054101
2026-08-28 14:41:42.073,captures/20260828_143757,mm_per_px,2239,223.9725,0.064487
2026-08-28 14:41:42.116,captures/20260828_143757,mm_per_px,2240,224.0150,0.044429
2026-08-28 14:41:42.263,captures/20260828_143757,mm_per_px,2241,224.1627,0.057501
2026-08-28 14:41:42.372,captures/20260828_143757,mm_per_px,2242,224.2711,0.068647
2026-08-28 14:41:42.419,captures/20260828_143757,mm_per_px,2243,224.3180,0.061515
2026-08-28 14:41:42.567,captures/20260828_143757,mm_per_px,2244,224.4665,0.089826
2026-08-28 14:41:42.684,captures/20260828_143757,mm_per_px,2245,224.5838,0.133758
2026-08-28 14:41:42.774,captures/20260828_143757,mm_per_px,2246,224.6732,0.145145
2026-08-28 14:41:42.819,captures/20260828_143757,mm_per_px,2247,224.7184,0.153366
2026-08-28 14:41:42.920,captures/20260828_143757,mm_per_px,2248,224.8194,0.194037
2026-08-28 14:41:43.042,captures/20260828_143757,mm_per_px,2249,224.9419,0.156779
2026-08-28 14:41:43.145,captures/20260828_143757,mm_per_px,2250,225.0446,0.145408
2026-08-28 14:41:43.216,captures/20260828_143757,mm_per_px,2251,225.1156,0.144676
2026-08-28 14:41:43.329,captures/20260828_143757,mm_per_px,2252,225.2282,0.161438
2026-08-28 14:41:43.463,captures/20260828_143757,mm_per_px,2253,225.3626,0.170017
2026-08-28 14:41:43.553,captures/20260828_143757,mm_per_px,2254,225.4523,0.172575
2026-08-28 14:41:43.655,captures/20260828_143757,mm_per_px,2255,225.5545,0.176260
2026-08-28 14:41:43.770,captures/20260828_143757,mm_per_px,2256,225.6693,0.104072
2026-08-28 14:41:43.874,captures/20260828_143757,mm_per_px,2257,225.7730,0.106349
2026-08-28 14:41:43.969,captures/20260828_143757,mm_per_px,2258,225.8682,0.099905
2026-08-28 14:41:44.017,captures/20260828_143757,mm_per_px,2259,225.9166,0.127223
2026-08-28 14:41:44.171,captures/20260828_143757,mm_per_px,2260,226.0706,0.161533
2026-08-28 14:41:44.280,captures/20260828_143757,mm_per_px,2261,226.1795,0.155050
2026-08-28 14:41:44.321,captures/20260828_143757,mm_per_px,2262,226.2207,0.136219
2026-08-28 14:41:44.469,captures/20260828_143757,mm_per_px,2263,226.3681,0.138267
2026-08-28 14:41:44.528,captures/20260828_143757,mm_per_px,2264,226.4274,0.117216
2026-08-28 14:41:44.616,captures/20260828_143757,mm_per_px,2265,226.5153,0.104290
2026-08-28 14:41:44.761,captures/20260828_143757,mm_per_px,2266,226.6602,0.120590
2026-08-28 14:41:44.852,captures/20260828_143757,mm_per_px,2267,226.7514,0.138472
2026-08-28 14:41:44.968,captures/20260828_143757,mm_per_px,2268,226.8679,0.148285
2026-08-28 14:41:45.060,captures/20260828_143757,mm_per_px,2269,226.9599,0.134406
2026-08-28 14:41:45.168,captures/20260828_143757,mm_per_px,2270,227.0676,0.131556
2026-08-28 14:41:45.277,captures/20260828_143757,mm_per_px,2271,227.1763,0.121066
2026-08-28 14:41:45.319,captures/20260828_143757,mm_per_px,2272,227.2184,0.049460
2026-08-28 14:41:45.457,captures/20260828_143757,mm_per_px,2273,227.3564,0.029676
2026-08-28 14:41:45.556,captures/20260828_143757,mm_per_px,2274,227.4556,0.024663
2026-08-28 14:41:45.615,captures/20260828_143757,mm_per_px,2275,227.5146,0.038509
2026-08-28 14:41:45.726,captures/20260828_143757,mm_per_px,2276,227.6252,0.054471
2026-08-28 14:41:45.827,captures/20260828_143757,mm_per_px,2277,227.7266,0.033200
2026-08-28 14:41:45.913,captures/20260828_143757,mm_per_px,2278,227.8129,0.034097
2026-08-28 14:41:46.117,captures/20260828_143757,mm_per_px,2279,228.0166,0.023088
2026-08-28 14:41:46.159,captures/20260828_143757,mm_per_px,2280,228.0585,0.032585
2026-08-28 14:41:46.269,captures/20260828_143757,mm_per_px,2281,228.1681,0.021705
2026-08-28 14:41:46.315,captures/20260828_143757,mm_per_px,2282,228.2146,0.037226
2026-08-28 14:41:46.473,captures/20260828_143757,mm_per_px,2283,228.3723,0.054363
2026-08-28 14:41:46.541,captures/20260828_143757,mm_per_px,2284,228.4405,0.072226
2026-08-28 14:41:46.665,captures/20260828_143757,mm_per_px,2285,228.5644,0.109047
2026-08-28 14:41:46.737,captures/20260828_143757,mm_per_px,2286,228.6362,0.075889
2026-08-28 14:41:46.859,captures/20260828_143757,mm_per_px,2287,228.7585,0.060249
2026-08-28 14:41:46.915,captures/20260828_143757,mm_per_px,2288,228.8146,0.072213
2026-08-28 14:41:47.060,captures/20260828_143757,mm_per_px,2289,228.9593,0.080006
2026-08-28 14:41:47.132,captures/20260828_143757,mm_per_px,2290,229.0318,0.064212
2026-08-28 14:41:47.260,captures/20260828_143757,mm_per_px,2291,229.1596,0.072051
2026-08-28 14:41:47.321,captures/20260828_143757,mm_per_px,2292,229.2205,0.065977
2026-08-28 14:41:47.475,captures/20260828_143757,mm_per_px,2293,229.3742,0.064816
2026-08-28 14:41:47.519,captures/20260828_143757,mm_per_px,2294,229.4185,0.044855
2026-08-28 14:41:47.662,captures/20260828_143757,mm_per_px,2295,229.5619,0.066514
2026-08-28 14:41:47.729,captures/20260828_143757,mm_per_px,2296,229.6284,0.084180
2026-08-28 14:41:47.872,captures/20260828_143757,mm_per_px,2297,229.7711,0.096975
2026-08-28 14:41:47.943,captures/20260828_143757,mm_per_px,2298,229.8429,0.089424
2026-08-28 14:41:48.068,captures/20260828_143757,mm_per_px,2299,229.9670,0.118559
2026-08-28 14:41:48.165,captures/20260828_143757,mm_per_px,2300,230.0645,0.119458
2026-08-28 14:41:48.263,captures/20260828_143757,mm_per_px,2301,230.1622,0.138028
2026-08-28 14:41:48.317,captures/20260828_143757,mm_per_px,2302,230.2165,0.174419
2026-08-28 14:41:48.413,captures/20260828_143757,mm_per_px,2303,230.3127,0.118810
2026-08-28 14:41:48.519,captures/20260828_143757,mm_per_px,2304,230.4182,0.086436
2026-08-28 14:41:48.654,captures/20260828_143757,mm_per_px,2305,230.5534,0.094195
2026-08-28 14:41:48.715,captures/20260828_143757,mm_per_px,2306,230.6143,0.121042
2026-08-28 14:41:48.868,captures/20260828_143757,mm_per_px,2307,230.7676,0.080716
2026-08-28 14:41:48.925,captures/20260828_143757,mm_per_px,2308,230.8247,0.093681
2026-08-28 14:41:49.061,captures/20260828_143757,mm_per_px,2309,230.9600,0.106402
2026-08-28 14:41:49.117,captures/20260828_143757,mm_per_px,2310,231.0165,0.123643
2026-08-28 14:41:49.258,captures/20260828_143757,mm_per_px,2311,231.1574,0.175555
2026-08-28 14:41:49.314,captures/20260828_143757,mm_per_px,2312,231.2132,0.186377
2026-08-28 14:41:49.473,captures/20260828_143757,mm_per_px,2313,231.3724,0.194068
2026-08-28 14:41:49.539,captures/20260828_143757,mm_per_px,2314,231.4388,0.198184
2026-08-28 14:41:49.666,captures/20260828_143757,mm_per_px,2315,231.5652,0.247677
2026-08-28 14:41:49.725,captures/20260828_143757,mm_per_px,2316,231.6241,0.249282
2026-08-28 14:41:49.858,captures/20260828_143757,mm_per_px,2317,231.7573,0.192486
2026-08-28 14:41:49.934,captures/20260828_143757,mm_per_px,2318,231.8336,0.173526
2026-08-28 14:41:50.068,captures/20260828_143757,mm_per_px,2319,231.9674,0.131174
2026-08-28 14:41:50.150,captures/20260828_143757,mm_per_px,2320,232.0493,0.082534
2026-08-28 14:41:50.261,captures/20260828_143757,mm_per_px,2321,232.1600,0.084149
2026-08-28 14:41:50.327,captures/20260828_143757,mm_per_px,2322,232.2265,0.091961
2026-08-28 14:41:50.459,captures/20260828_143757,mm_per_px,2323,232.3581,0.098816
2026-08-28 14:41:50.514,captures/20260828_143757,mm_per_px,2324,232.4134,0.107637
2026-08-28 14:41:50.614,captures/20260828_143757,mm_per_px,2325,232.5134,0.104851
2026-08-28 14:41:50.718,captures/20260828_143757,mm_per_px,2326,232.6177,0.143417
2026-08-28 14:41:50.814,captures/20260828_143757,mm_per_px,2327,232.7135,0.156183
2026-08-28 14:41:50.956,captures/20260828_143757,mm_per_px,2328,232.8554,0.143060
2026-08-28 14:41:51.017,captures/20260828_143757,mm_per_px,2329,232.9167,0.118594
2026-08-28 14:41:51.158,captures/20260828_143757,mm_per_px,2330,233.0575,0.111229
2026-08-28 14:41:51.269,captures/20260828_143757,mm_per_px,2331,233.1689,0.104184
2026-08-28 14:41:51.328,captures/20260828_143757,mm_per_px,2332,233.2273,0.096936
2026-08-28 14:41:51.462,captures/20260828_143757,mm_per_px,2333,233.3610,0.105118
2026-08-28 14:41:51.515,captures/20260828_143757,mm_per_px,2334,233.4144,0.146956
2026-08-28 14:41:51.668,captures/20260828_143757,mm_per_px,2335,233.5674,0.151168
2026-08-28 14:41:51.717,captures/20260828_143757,mm_per_px,2336,233.6163,0.147303
2026-08-28 14:41:51.861,captures/20260828_143757,mm_per_px,2337,233.7604,0.143636
2026-08-28 14:41:51.916,captures/20260828_143757,mm_per_px,2338,233.8157,0.106445
2026-08-28 14:41:52.067,captures/20260828_143757,mm_per_px,2339,233.9667,0.107540
2026-08-28 14:41:52.116,captures/20260828_143757,mm_per_px,2340,234.0150,0.094132
2026-08-28 14:41:52.274,captures/20260828_143757,mm_per_px,2341,234.1734,0.088685
2026-08-28 14:41:52.320,captures/20260828_143757,mm_per_px,2342,234.2190,0.096352
2026-08-28 14:41:52.418,captures/20260828_143757,mm_per_px,2343,234.3170,0.110022
2026-08-28 14:41:52.558,captures/20260828_143757,mm_per_px,2344,234.4579,0.091600
2026-08-28 14:41:52.621,captures/20260828_143757,mm_per_px,2345,234.5203,0.105923
2026-08-28 14:41:52.764,captures/20260828_143757,mm_per_px,2346,234.6637,0.136163
2026-08-28 14:41:52.818,captures/20260828_143757,mm_per_px,2347,234.7176,0.182744
2026-08-28 14:41:52.970,captures/20260828_143757,mm_per_px,2348,234.8697,0.114884
2026-08-28 14:41:53.020,captures/20260828_143757,mm_per_px,2349,234.9192,0.068856
2026-08-28 14:41:53.159,captures/20260828_143757,mm_per_px,2350,235.0589,0.049707
2026-08-28 14:41:53.255,captures/20260828_143757,mm_per_px,2351,235.1542,0.041522
2026-08-28 14:41:53.316,captures/20260828_143757,mm_per_px,2352,235.2151,0.038647
2026-08-28 14:41:53.462,captures/20260828_143757,mm_per_px,2353,235.3617,0.038621
2026-08-28 14:41:53.514,captures/20260828_143757,mm_per_px,2354,235.4137,0.041162
2026-08-28 14:41:53.669,captures/20260828_143757,mm_per_px,2355,235.5684,0.032815
2026-08-28 14:41:53.718,captures/20260828_143757,mm_per_px,2356,235.6178,0.023780
2026-08-28 14:41:53.868,captures/20260828_143757,mm_per_px,2357,235.7676,0.026147
2026-08-28 14:41:53.916,captures/20260828_143757,mm_per_px,2358,235.8150,0.029590
2026-08-28 14:41:54.058,captures/20260828_143757,mm_per_px,2359,235.9578,0.021072
2026-08-28 14:41:54.117,captures/20260828_143757,mm_per_px,2360,236.0165,0.032133
2026-08-28 14:41:54.216,captures/20260828_143757,mm_per_px,2361,236.1152,0.041406
2026-08-28 14:41:54.315,captures/20260828_143757,mm_per_px,2362,236.2144,0.091166
2026-08-28 14:41:54.413,captures/20260828_143757,mm_per_px,2363,236.3129,0.128447
2026-08-28 14:41:54.561,captures/20260828_143757,mm_per_px,2364,236.4604,0.131516
2026-08-28 14:41:54.620,captures/20260828_143757,mm_per_px,2365,236.5196,0.119475
2026-08-28 14:41:54.771,captures/20260828_143757,mm_per_px,2366,236.6706,0.106298
2026-08-28 14:41:54.829,captures/20260828_143757,mm_per_px,2367,236.7287,0.114177
2026-08-28 14:41:54.917,captures/20260828_143757,mm_per_px,2368,236.8166,0.111044
2026-08-28 14:41:55.063,captures/20260828_143757,mm_per_px,2369,236.9625,0.158162
2026-08-28 14:41:55.125,captures/20260828_143757,mm_per_px,2370,237.0241,0.186387
2026-08-28 14:41:55.255,captures/20260828_143757,mm_per_px,2371,237.1543,0.192636
2026-08-28 14:41:55.314,captures/20260828_143757,mm_per_px,2372,237.2134,0.163973
2026-08-28 14:41:55.466,captures/20260828_143757,mm_per_px,2373,237.3653,0.139159
2026-08-28 14:41:55.530,captures/20260828_143757,mm_per_px,2374,237.4290,0.154084
2026-08-28 14:41:55.671,captures/20260828_143757,mm_per_px,2375,237.5700,0.108685
2026-08-28 14:41:55.719,captures/20260828_143757,mm_per_px,2376,237.6184,0.099565
2026-08-28 14:41:55.861,captures/20260828_143757,mm_per_px,2377,237.7604,0.095355
2026-08-28 14:41:55.919,captures/20260828_143757,mm_per_px,2378,237.8182,0.143444
2026-08-28 14:41:56.067,captures/20260828_143757,mm_per_px,2379,237.9665,0.162181
2026-08-28 14:41:56.113,captures/20260828_143757,mm_per_px,2380,238.0127,0.200174
2026-08-28 14:41:56.214,captures/20260828_143757,mm_per_px,2381,238.1131,0.200987
2026-08-28 14:41:56.361,captures/20260828_143757,mm_per_px,2382,238.2603,0.171843
2026-08-28 14:41:56.456,captures/20260828_143757,mm_per_px,2383,238.3559,0.175944
2026-08-28 14:41:56.568,captures/20260828_143757,mm_per_px,2384,238.4670,0.148533
2026-08-28 14:41:56.614,captures/20260828_143757,mm_per_px,2385,238.5136,0.113388
2026-08-28 14:41:56.766,captures/20260828_143757,mm_per_px,2386,238.6655,0.077777
2026-08-28 14:41:56.814,captures/20260828_143757,mm_per_px,2387,238.7137,0.078313
2026-08-28 14:41:56.959,captures/20260828_143757,mm_per_px,2388,238.8583,0.053834
2026-08-28 14:41:57.055,captures/20260828_143757,mm_per_px,2389,238.9548,0.052205
2026-08-28 14:41:57.122,captures/20260828_143757,mm_per_px,2390,239.0219,0.040187
2026-08-28 14:41:57.278,captures/20260828_143757,mm_per_px,2391,239.1777,0.019973
2026-08-28 14:41:57.338,captures/20260828_143757,mm_per_px,2392,239.2377,0.022311
2026-08-28 14:41:57.418,captures/20260828_143757,mm_per_px,2393,239.3173,0.006872
2026-08-28 14:41:57.558,captures/20260828_143757,mm_per_px,2394,239.4576,0.011297
2026-08-28 14:41:57.615,captures/20260828_143757,mm_per_px,2395,239.5147,0.018065
2026-08-28 14:41:57.773,captures/20260828_143757,mm_per_px,2396,239.6720,0.009923
2026-08-28 14:41:57.838,captures/20260828_143757,mm_per_px,2397,239.7379,0.013495
2026-08-28 14:41:57.972,captures/20260828_143757,mm_per_px,2398,239.8712,0.017030
2026-08-28 14:41:58.039,captures/20260828_143757,mm_per_px,2399,239.9385,0.020654
2026-08-28 14:41:58.165,captures/20260828_143757,mm_per_px,2400,240.0643,0.024963
2026-08-28 14:41:58.234,captures/20260828_143757,mm_per_px,2401,240.1332,0.013425
2026-08-28 14:41:58.358,captures/20260828_143757,mm_per_px,2402,240.2575,0.039164
2026-08-28 14:41:58.428,captures/20260828_143757,mm_per_px,2403,240.3270,0.036378
2026-08-28 14:41:58.567,captures/20260828_143757,mm_per_px,2404,240.4660,0.070132
2026-08-28 14:41:58.615,captures/20260828_143757,mm_per_px,2405,240.5143,0.062729
2026-08-28 14:41:58.770,captures/20260828_143757,mm_per_px,2406,240.6698,0.123922
2026-08-28 14:41:58.841,captures/20260828_143757,mm_per_px,2407,240.7409,0.136770
2026-08-28 14:41:58.972,captures/20260828_143757,mm_per_px,2408,240.8711,0.170475
2026-08-28 14:41:59.043,captures/20260828_143757,mm_per_px,2409,240.9426,0.190074
2026-08-28 14:41:59.157,captures/20260828_143757,mm_per_px,2410,241.0563,0.216491
2026-08-28 14:41:59.271,captures/20260828_143757,mm_per_px,2411,241.1706,0.219120
2026-08-28 14:41:59.343,captures/20260828_143757,mm_per_px,2412,241.2425,0.244734
2026-08-28 14:41:59.464,captures/20260828_143757,mm_per_px,2413,241.3636,0.244448
2026-08-28 14:41:59.540,captures/20260828_143757,mm_per_px,2414,241.4398,0.259071
2026-08-28 14:41:59.615,captures/20260828_143757,mm_per_px,2415,241.5145,0.295813
2026-08-28 14:41:59.718,captures/20260828_143757,mm_per_px,2416,241.6171,0.321196
2026-08-28 14:41:59.860,captures/20260828_143757,mm_per_px,2417,241.7595,0.250248
2026-08-28 14:41:59.918,captures/20260828_143757,mm_per_px,2418,241.8177,0.219229
2026-08-28 14:42:00.060,captures/20260828_143757,mm_per_px,2419,241.9591,0.235611
2026-08-28 14:42:00.115,captures/20260828_143757,mm_per_px,2420,242.0148,0.172342
2026-08-28 14:42:00.266,captures/20260828_143757,mm_per_px,2421,242.1651,0.164998
2026-08-28 14:42:00.315,captures/20260828_143757,mm_per_px,2422,242.2142,0.168594
2026-08-28 14:42:00.455,captures/20260828_143757,mm_per_px,2423,242.3540,0.145216
2026-08-28 14:42:00.514,captures/20260828_143757,mm_per_px,2424,242.4135,0.135269
2026-08-28 14:42:00.655,captures/20260828_143757,mm_per_px,2425,242.5542,0.132703
2026-08-28 14:42:00.714,captures/20260828_143757,mm_per_px,2426,242.6138,0.133970
2026-08-28 14:42:00.861,captures/20260828_143757,mm_per_px,2427,242.7604,0.137448
2026-08-28 14:42:00.915,captures/20260828_143757,mm_per_px,2428,242.8144,0.120457
2026-08-28 14:42:01.055,captures/20260828_143757,mm_per_px,2429,242.9546,0.132971
2026-08-28 14:42:01.115,captures/20260828_143757,mm_per_px,2430,243.0142,0.157068
2026-08-28 14:42:01.258,captures/20260828_143757,mm_per_px,2431,243.1575,0.144339
2026-08-28 14:42:01.322,captures/20260828_143757,mm_per_px,2432,243.2214,0.129193
2026-08-28 14:42:01.468,captures/20260828_143757,mm_per_px,2433,243.3671,0.130227
2026-08-28 14:42:01.542,captures/20260828_143757,mm_per_px,2434,243.4419,0.140953
2026-08-28 14:42:01.614,captures/20260828_143757,mm_per_px,2435,243.5137,0.127936
2026-08-28 14:42:01.761,captures/20260828_143757,mm_per_px,2436,243.6604,0.123240
2026-08-28 14:42:01.817,captures/20260828_143757,mm_per_px,2437,243.7160,0.110595
2026-08-28 14:42:01.969,captures/20260828_143757,mm_per_px,2438,243.8687,0.123664
2026-08-28 14:42:02.025,captures/20260828_143757,mm_per_px,2439,243.9248,0.165254
2026-08-28 14:42:02.163,captures/20260828_143757,mm_per_px,2440,244.0621,0.183979
2026-08-28 14:42:02.227,captures/20260828_143757,mm_per_px,2441,244.1267,0.224094
2026-08-28 14:42:02.356,captures/20260828_143757,mm_per_px,2442,244.2551,0.293107
2026-08-28 14:42:02.427,captures/20260828_143757,mm_per_px,2443,244.3263,0.283175
2026-08-28 14:42:02.555,captures/20260828_143757,mm_per_px,2444,244.4547,0.290558
2026-08-28 14:42:02.613,captures/20260828_143757,mm_per_px,2445,244.5129,0.275313
2026-08-28 14:42:02.766,captures/20260828_143757,mm_per_px,2446,244.6653,0.213986
2026-08-28 14:42:02.831,captures/20260828_143757,mm_per_px,2447,244.7303,0.240220
2026-08-28 14:42:02.963,captures/20260828_143757,mm_per_px,2448,244.8623,0.164683
2026-08-28 14:42:03.020,captures/20260828_143757,mm_per_px,2449,244.9190,0.150969
2026-08-28 14:42:03.159,captures/20260828_143757,mm_per_px,2450,245.0586,0.124343
2026-08-28 14:42:03.233,captures/20260828_143757,mm_per_px,2451,245.1328,0.138618
2026-08-28 14:42:03.367,captures/20260828_143757,mm_per_px,2452,245.2663,0.148218
2026-08-28 14:42:03.417,captures/20260828_143757,mm_per_px,2453,245.3169,0.138942
2026-08-28 14:42:03.555,captures/20260828_143757,mm_per_px,2454,245.4540,0.110533
2026-08-28 14:42:03.615,captures/20260828_143757,mm_per_px,2455,245.5141,0.082366
2026-08-28 14:42:03.754,captures/20260828_143757,mm_per_px,2456,245.6538,0.099055
2026-08-28 14:42:03.818,captures/20260828_143757,mm_per_px,2457,245.7179,0.096569
2026-08-28 14:42:03.962,captures/20260828_143757,mm_per_px,2458,245.8618,0.078300
2026-08-28 14:42:04.047,captures/20260828_143757,mm_per_px,2459,245.9460,0.085551
2026-08-28 14:42:04.164,captures/20260828_143757,mm_per_px,2460,246.0639,0.099902
2026-08-28 14:42:04.216,captures/20260828_143757,mm_per_px,2461,246.1158,0.098069
2026-08-28 14:42:04.355,captures/20260828_143757,mm_per_px,2462,246.2542,0.096714
2026-08-28 14:42:04.424,captures/20260828_143757,mm_per_px,2463,246.3230,0.079056
2026-08-28 14:42:04.563,captures/20260828_143757,mm_per_px,2464,246.4629,0.072642
2026-08-28 14:42:04.629,captures/20260828_143757,mm_per_px,2465,246.5289,0.074517
2026-08-28 14:42:04.764,captures/20260828_143757,mm_per_px,2466,246.6639,0.058696
2026-08-28 14:42:04.815,captures/20260828_143757,mm_per_px,2467,246.7146,0.055984
2026-08-28 14:42:04.961,captures/20260828_143757,mm_per_px,2468,246.8600,0.074508
2026-08-28 14:42:05.039,captures/20260828_143757,mm_per_px,2469,246.9381,0.069805
2026-08-28 14:42:05.172,captures/20260828_143757,mm_per_px,2470,247.0711,0.090028
2026-08-28 14:42:05.261,captures/20260828_143757,mm_per_px,2471,247.1604,0.102972
2026-08-28 14:42:05.315,captures/20260828_143757,mm_per_px,2472,247.2144,0.120304
2026-08-28 14:42:05.468,captures/20260828_143757,mm_per_px,2473,247.3678,0.100357
2026-08-28 14:42:05.527,captures/20260828_143757,mm_per_px,2474,247.4262,0.130827
2026-08-28 14:42:05.658,captures/20260828_143757,mm_per_px,2475,247.5579,0.141763
2026-08-28 14:42:05.715,captures/20260828_143757,mm_per_px,2476,247.6142,0.184587
2026-08-28 14:42:05.867,captures/20260828_143757,mm_per_px,2477,247.7669,0.167717
2026-08-28 14:42:05.935,captures/20260828_143757,mm_per_px,2478,247.8343,0.150536
2026-08-28 14:42:06.065,captures/20260828_143757,mm_per_px,2479,247.9646,0.132280
2026-08-28 14:42:06.123,captures/20260828_143757,mm_per_px,2480,248.0220,0.142747
2026-08-28 14:42:06.256,captures/20260828_143757,mm_per_px,2481,248.1550,0.140640
2026-08-28 14:42:06.316,captures/20260828_143757,mm_per_px,2482,248.2155,0.092619
2026-08-28 14:42:06.469,captures/20260828_143757,mm_per_px,2483,248.3685,0.089661
2026-08-28 14:42:06.524,captures/20260828_143757,mm_per_px,2484,248.4236,0.103074
2026-08-28 14:42:06.655,captures/20260828_143757,mm_per_px,2485,248.5541,0.091201
2026-08-28 14:42:06.716,captures/20260828_143757,mm_per_px,2486,248.6152,0.095649
2026-08-28 14:42:06.869,captures/20260828_143757,mm_per_px,2487,248.7680,0.115211
2026-08-28 14:42:06.936,captures/20260828_143757,mm_per_px,2488,248.8353,0.158779
2026-08-28 14:42:07.015,captures/20260828_143757,mm_per_px,2489,248.9146,0.165906
2026-08-28 14:42:07.120,captures/20260828_143757,mm_per_px,2490,249.0192,0.135834
2026-08-28 14:42:07.269,captures/20260828_143757,mm_per_px,2491,249.1686,0.120250
2026-08-28 14:42:07.318,captures/20260828_143757,mm_per_px,2492,249.2170,0.110036
2026-08-28 14:42:07.461,captures/20260828_143757,mm_per_px,2493,249.3607,0.067630
2026-08-28 14:42:07.536,captures/20260828_143757,mm_per_px,2494,249.4358,0.041058
2026-08-28 14:42:07.669,captures/20260828_143757,mm_per_px,2495,249.5684,0.053467
2026-08-28 14:42:07.719,captures/20260828_143757,mm_per_px,2496,249.6188,0.048386
2026-08-28 14:42:07.870,captures/20260828_143757,mm_per_px,2497,249.7690,0.051082
2026-08-28 14:42:07.918,captures/20260828_143757,mm_per_px,2498,249.8178,0.029567
2026-08-28 14:42:08.073,captures/20260828_143757,mm_per_px,2499,249.9727,0.019859
2026-08-28 14:42:08.144,captures/20260828_143757,mm_per_px,2500,250.0437,0.028309
2026-08-28 14:42:08.265,captures/20260828_143757,mm_per_px,2501,250.1646,0.021808
2026-08-28 14:42:08.342,captures/20260828_143757,mm_per_px,2502,250.2411,0.030197
2026-08-28 14:42:08.462,captures/20260828_143757,mm_per_px,2503,250.3618,0.034299
2026-08-28 14:42:08.519,captures/20260828_143757,mm_per_px,2504,250.4183,0.049411
2026-08-28 14:42:08.662,captures/20260828_143757,mm_per_px,2505,250.5614,0.033078
2026-08-28 14:42:08.718,captures/20260828_143757,mm_per_px,2506,250.6174,0.024130
2026-08-28 14:42:08.870,captures/20260828_143757,mm_per_px,2507,250.7697,0.036341
2026-08-28 14:42:08.926,captures/20260828_143757,mm_per_px,2508,250.8251,0.026582
2026-08-28 14:42:09.018,captures/20260828_143757,mm_per_px,2509,250.9179,0.006431
2026-08-28 14:42:09.120,captures/20260828_143757,mm_per_px,2510,251.0198,0.013177
2026-08-28 14:42:09.268,captures/20260828_143757,mm_per_px,2511,251.1679,0.009229
2026-08-28 14:42:09.339,captures/20260828_143757,mm_per_px,2512,251.2384,0.005296
2026-08-28 14:42:09.417,captures/20260828_143757,mm_per_px,2513,251.3161,0.007228
2026-08-28 14:42:09.520,captures/20260828_143757,mm_per_px,2514,251.4198,0.005965
2026-08-28 14:42:09.665,captures/20260828_143757,mm_per_px,2515,251.5648,0.021078
2026-08-28 14:42:09.760,captures/20260828_143757,mm_per_px,2516,251.6592,0.045446
2026-08-28 14:42:09.817,captures/20260828_143757,mm_per_px,2517,251.7168,0.035243
2026-08-28 14:42:09.969,captures/20260828_143757,mm_per_px,2518,251.8682,0.047173
2026-08-28 14:42:10.045,captures/20260828_143757,mm_per_px,2519,251.9449,0.063442
2026-08-28 14:42:10.118,captures/20260828_143757,mm_per_px,2520,252.0171,0.116411
2026-08-28 14:42:10.269,captures/20260828_143757,mm_per_px,2521,252.1688,0.116692
2026-08-28 14:42:10.330,captures/20260828_143757,mm_per_px,2522,252.2296,0.129413
2026-08-28 14:42:10.463,captures/20260828_143757,mm_per_px,2523,252.3626,0.067701
2026-08-28 14:42:10.524,captures/20260828_143757,mm_per_px,2524,252.4238,0.051527
2026-08-28 14:42:10.660,captures/20260828_143757,mm_per_px,2525,252.5599,0.060478
2026-08-28 14:42:10.728,captures/20260828_143757,mm_per_px,2526,252.6270,0.054377
2026-08-28 14:42:10.853,captures/20260828_143757,mm_per_px,2527,252.7524,0.067506
2026-08-28 14:42:10.928,captures/20260828_143757,mm_per_px,2528,252.8272,0.064754
2026-08-28 14:42:11.062,captures/20260828_143757,mm_per_px,2529,252.9619,0.088557
2026-08-28 14:42:11.133,captures/20260828_143757,mm_per_px,2530,253.0323,0.071978
2026-08-28 14:42:11.272,captures/20260828_143757,mm_per_px,2531,253.1715,0.077148
2026-08-28 14:42:11.348,captures/20260828_143757,mm_per_px,2532,253.2479,0.046695
2026-08-28 14:42:11.419,captures/20260828_143757,mm_per_px,2533,253.3181,0.050629
2026-08-28 14:42:11.560,captures/20260828_143757,mm_per_px,2534,253.4595,0.036324
2026-08-28 14:42:11.620,captures/20260828_143757,mm_per_px,2535,253.5192,0.032057
2026-08-28 14:42:11.768,captures/20260828_143757,mm_per_px,2536,253.6678,0.035416
2026-08-28 14:42:11.837,captures/20260828_143757,mm_per_px,2537,253.7367,0.056744
2026-08-28 14:42:11.977,captures/20260828_143757,mm_per_px,2538,253.8765,0.055111
2026-08-28 14:42:12.048,captures/20260828_143757,mm_per_px,2539,253.9471,0.049531
2026-08-28 14:42:12.161,captures/20260828_143757,mm_per_px,2540,254.0606,0.042143
2026-08-28 14:42:12.218,captures/20260828_143757,mm_per_px,2541,254.1178,0.060814
2026-08-28 14:42:12.372,captures/20260828_143757,mm_per_px,2542,254.2716,0.043630
2026-08-28 14:42:12.433,captures/20260828_143757,mm_per_px,2543,254.3323,0.045492
2026-08-28 14:42:12.563,captures/20260828_143757,mm_per_px,2544,254.4625,0.050999
2026-08-28 14:42:12.620,captures/20260828_143757,mm_per_px,2545,254.5196,0.075348
2026-08-28 14:42:12.767,captures/20260828_143757,mm_per_px,2546,254.6661,0.082385
2026-08-28 14:42:12.820,captures/20260828_143757,mm_per_px,2547,254.7195,0.085992
2026-08-28 14:42:12.968,captures/20260828_143757,mm_per_px,2548,254.8673,0.080839
2026-08-28 14:42:13.018,captures/20260828_143757,mm_per_px,2549,254.9171,0.078062
2026-08-28 14:42:13.160,captures/20260828_143757,mm_per_px,2550,255.0597,0.084415
2026-08-28 14:42:13.219,captures/20260828_143757,mm_per_px,2551,255.1186,0.086756
2026-08-28 14:42:13.364,captures/20260828_143757,mm_per_px,2552,255.2638,0.093511
2026-08-28 14:42:13.419,captures/20260828_143757,mm_per_px,2553,255.3187,0.080802
2026-08-28 14:42:13.556,captures/20260828_143757,mm_per_px,2554,255.4551,0.085524
2026-08-28 14:42:13.619,captures/20260828_143757,mm_per_px,2555,255.5185,0.106239
2026-08-28 14:42:13.758,captures/20260828_143757,mm_per_px,2556,255.6578,0.128177
2026-08-28 14:42:13.833,captures/20260828_143757,mm_per_px,2557,255.7324,0.068732
2026-08-28 14:42:13.961,captures/20260828_143757,mm_per_px,2558,255.8602,0.071340
2026-08-28 14:42:14.075,captures/20260828_143757,mm_per_px,2559,255.9741,0.079003
2026-08-28 14:42:14.143,captures/20260828_143757,mm_per_px,2560,256.0424,0.062356
2026-08-28 14:42:14.220,captures/20260828_143757,mm_per_px,2561,256.1193,0.050414
2026-08-28 14:42:14.363,captures/20260828_143757,mm_per_px,2562,256.2624,0.047387
2026-08-28 14:42:14.421,captures/20260828_143757,mm_per_px,2563,256.3208,0.050308
2026-08-28 14:42:14.563,captures/20260828_143757,mm_per_px,2564,256.4620,0.039439
2026-08-28 14:42:14.632,captures/20260828_143757,mm_per_px,2565,256.5313,0.045058
2026-08-28 14:42:14.768,captures/20260828_143757,mm_per_px,2566,256.6679,0.045306
2026-08-28 14:42:14.845,captures/20260828_143757,mm_per_px,2567,256.7441,0.031377
2026-08-28 14:42:14.961,captures/20260828_143757,mm_per_px,2568,256.8600,0.023021
2026-08-28 14:42:15.021,captures/20260828_143757,mm_per_px,2569,256.9206,0.021902
2026-08-28 14:42:15.161,captures/20260828_143757,mm_per_px,2570,257.0605,0.024402
2026-08-28 14:42:15.216,captures/20260828_143757,mm_per_px,2571,257.1157,0.045066
2026-08-28 14:42:15.362,captures/20260828_143757,mm_per_px,2572,257.2616,0.060544
2026-08-28 14:42:15.420,captures/20260828_143757,mm_per_px,2573,257.3194,0.070131
2026-08-28 14:42:15.569,captures/20260828_143757,mm_per_px,2574,257.4680,0.083249
2026-08-28 14:42:15.631,captures/20260828_143757,mm_per_px,2575,257.5306,0.082110
2026-08-28 14:42:15.716,captures/20260828_143757,mm_per_px,2576,257.6150,0.093490
2026-08-28 14:42:15.861,captures/20260828_143757,mm_per_px,2577,257.7603,0.075384
2026-08-28 14:42:15.932,captures/20260828_143757,mm_per_px,2578,257.8318,0.082690
2026-08-28 14:42:16.070,captures/20260828_143757,mm_per_px,2579,257.9692,0.065427
2026-08-28 14:42:16.146,captures/20260828_143757,mm_per_px,2580,258.0453,0.102527
2026-08-28 14:42:16.262,captures/20260828_143757,mm_per_px,2581,258.1619,0.106392
2026-08-28 14:42:16.330,captures/20260828_143757,mm_per_px,2582,258.2291,0.075405
2026-08-28 14:42:16.467,captures/20260828_143757,mm_per_px,2583,258.3661,0.068800
2026-08-28 14:42:16.540,captures/20260828_143757,mm_per_px,2584,258.4390,0.044580
2026-08-28 14:42:16.659,captures/20260828_143757,mm_per_px,2585,258.5583,0.036647
2026-08-28 14:42:16.721,captures/20260828_143757,mm_per_px,2586,258.6209,0.065599
2026-08-28 14:42:16.863,captures/20260828_143757,mm_per_px,2587,258.7621,0.074828
2026-08-28 14:42:16.917,captures/20260828_143757,mm_per_px,2588,258.8167,0.094417
2026-08-28 14:42:17.062,captures/20260828_143757,mm_per_px,2589,258.9612,0.086294
2026-08-28 14:42:17.134,captures/20260828_143757,mm_per_px,2590,259.0332,0.083778
2026-08-28 14:42:17.271,captures/20260828_143757,mm_per_px,2591,259.1703,0.067263
2026-08-28 14:42:17.341,captures/20260828_143757,mm_per_px,2592,259.2408,0.059231
2026-08-28 14:42:17.460,captures/20260828_143757,mm_per_px,2593,259.3591,0.042985
2026-08-28 14:42:17.521,captures/20260828_143757,mm_per_px,2594,259.4200,0.045596
2026-08-28 14:42:17.661,captures/20260828_143757,mm_per_px,2595,259.5608,0.033060
2026-08-28 14:42:17.742,captures/20260828_143757,mm_per_px,2596,259.6411,0.029702
2026-08-28 14:42:17.817,captures/20260828_143757,mm_per_px,2597,259.7166,0.029484
2026-08-28 14:42:17.957,captures/20260828_143757,mm_per_px,2598,259.8566,0.033999
2026-08-28 14:42:18.038,captures/20260828_143757,mm_per_px,2599,259.9375,0.032916
2026-08-28 14:42:18.168,captures/20260828_143757,mm_per_px,2600,260.0678,0.041429
2026-08-28 14:42:18.230,captures/20260828_143757,mm_per_px,2601,260.1291,0.042681
2026-08-28 14:42:18.360,captures/20260828_143757,mm_per_px,2602,260.2594,0.046583
2026-08-28 14:42:18.433,captures/20260828_143757,mm_per_px,2603,260.3324,0.027870
2026-08-28 14:42:18.515,captures/20260828_143757,mm_per_px,2604,260.4140,0.013797
2026-08-28 14:42:18.621,captures/20260828_143757,mm_per_px,2605,260.5202,0.012290
2026-08-28 14:42:18.762,captures/20260828_143757,mm_per_px,2606,260.6614,0.007953
2026-08-28 14:42:18.831,captures/20260828_143757,mm_per_px,2607,260.7304,0.012869
2026-08-28 14:42:18.919,captures/20260828_143757,mm_per_px,2608,260.8185,0.014523
2026-08-28 14:42:19.064,captures/20260828_143757,mm_per_px,2609,260.9637,0.012645
2026-08-28 14:42:19.147,captures/20260828_143757,mm_per_px,2610,261.0468,0.022110
2026-08-28 14:42:19.273,captures/20260828_143757,mm_per_px,2611,261.1725,0.019305
2026-08-28 14:42:19.346,captures/20260828_143757,mm_per_px,2612,261.2454,0.015130
2026-08-28 14:42:19.468,captures/20260828_143757,mm_per_px,2613,261.3671,0.010131
2026-08-28 14:42:19.545,captures/20260828_143757,mm_per_px,2614,261.4440,0.009851
2026-08-28 14:42:19.659,captures/20260828_143757,mm_per_px,2615,261.5584,0.010185
2026-08-28 14:42:19.717,captures/20260828_143757,mm_per_px,2616,261.6161,0.011828
2026-08-28 14:42:19.860,captures/20260828_143757,mm_per_px,2617,261.7598,0.008437
2026-08-28 14:42:19.915,captures/20260828_143757,mm_per_px,2618,261.8149,0.008556
2026-08-28 14:42:20.055,captures/20260828_143757,mm_per_px,2619,261.9543,0.016915
2026-08-28 14:42:20.147,captures/20260828_143757,mm_per_px,2620,262.0464,0.032642
2026-08-28 14:42:20.263,captures/20260828_143757,mm_per_px,2621,262.1621,0.020199
2026-08-28 14:42:20.351,captures/20260828_143757,mm_per_px,2622,262.2505,0.011042
2026-08-28 14:42:20.419,captures/20260828_143757,mm_per_px,2623,262.3187,0.006539
2026-08-28 14:42:20.572,captures/20260828_143757,mm_per_px,2624,262.4716,0.014400
2026-08-28 14:42:20.640,captures/20260828_143757,mm_per_px,2625,262.5398,0.018326
2026-08-28 14:42:20.765,captures/20260828_143757,mm_per_px,2626,262.6642,0.017466
2026-08-28 14:42:20.820,captures/20260828_143757,mm_per_px,2627,262.7192,0.024089
2026-08-28 14:42:20.958,captures/20260828_143757,mm_per_px,2628,262.8577,0.041333
2026-08-28 14:42:21.033,captures/20260828_143757,mm_per_px,2629,262.9324,0.052763
2026-08-28 14:42:21.158,captures/20260828_143757,mm_per_px,2630,263.0575,0.077475
2026-08-28 14:42:21.230,captures/20260828_143757,mm_per_px,2631,263.1293,0.100445
2026-08-28 14:42:21.367,captures/20260828_143757,mm_per_px,2632,263.2663,0.097265
2026-08-28 14:42:21.448,captures/20260828_143757,mm_per_px,2633,263.3477,0.064581
2026-08-28 14:42:21.558,captures/20260828_143757,mm_per_px,2634,263.4574,0.036450
2026-08-28 14:42:21.617,captures/20260828_143757,mm_per_px,2635,263.5165,0.028218
2026-08-28 14:42:21.715,captures/20260828_143757,mm_per_px,2636,263.6140,0.027025
2026-08-28 14:42:21.865,captures/20260828_143757,mm_per_px,2637,263.7644,0.018584
2026-08-28 14:42:21.921,captures/20260828_143757,mm_per_px,2638,263.8204,0.010770
2026-08-28 14:42:22.057,captures/20260828_143757,mm_per_px,2639,263.9563,0.011361
2026-08-28 14:42:22.124,captures/20260828_143757,mm_per_px,2640,264.0237,0.010664
2026-08-28 14:42:22.265,captures/20260828_143757,mm_per_px,2641,264.1647,0.006822
2026-08-28 14:42:22.329,captures/20260828_143757,mm_per_px,2642,264.2289,0.011155
2026-08-28 14:42:22.415,captures/20260828_143757,mm_per_px,2643,264.3145,0.010244
2026-08-28 14:42:22.517,captures/20260828_143757,mm_per_px,2644,264.4167,0.007717
2026-08-28 14:42:22.663,captures/20260828_143757,mm_per_px,2645,264.5627,0.005410
2026-08-28 14:42:22.724,captures/20260828_143757,mm_per_px,2646,264.6235,0.008409
2026-08-28 14:42:22.865,captures/20260828_143757,mm_per_px,2647,264.7642,0.009359
2026-08-28 14:42:22.916,captures/20260828_143757,mm_per_px,2648,264.8152,0.009110
2026-08-28 14:42:23.069,captures/20260828_143757,mm_per_px,2649,264.9687,0.010644
2026-08-28 14:42:23.145,captures/20260828_143757,mm_per_px,2650,265.0447,0.001843
2026-08-28 14:42:23.268,captures/20260828_143757,mm_per_px,2651,265.1674,0.006985
2026-08-28 14:42:23.343,captures/20260828_143757,mm_per_px,2652,265.2421,0.004115
2026-08-28 14:42:23.459,captures/20260828_143757,mm_per_px,2653,265.3586,0.006126
2026-08-28 14:42:23.517,captures/20260828_143757,mm_per_px,2654,265.4161,0.000476
2026-08-28 14:42:23.618,captures/20260828_143757,mm_per_px,2655,265.5172,0.000347
2026-08-28 14:42:23.756,captures/20260828_143757,mm_per_px,2656,265.6551,0.000354
2026-08-28 14:42:23.816,captures/20260828_143757,mm_per_px,2657,265.7156,0.001943
2026-08-28 14:42:23.966,captures/20260828_143757,mm_per_px,2658,265.8652,0.002222
2026-08-28 14:42:24.027,captures/20260828_143757,mm_per_px,2659,265.9269,0.005631
2026-08-28 14:42:24.167,captures/20260828_143757,mm_per_px,2660,266.0663,0.002049
2026-08-28 14:42:24.223,captures/20260828_143757,mm_per_px,2661,266.1227,0.014187
2026-08-28 14:42:24.358,captures/20260828_143757,mm_per_px,2662,266.2574,0.003086
2026-08-28 14:42:24.424,captures/20260828_143757,mm_per_px,2663,266.3231,0.004642
2026-08-28 14:42:24.567,captures/20260828_143757,mm_per_px,2664,266.4665,0.010268
2026-08-28 14:42:24.627,captures/20260828_143757,mm_per_px,2665,266.5267,0.009128
2026-08-28 14:42:24.758,captures/20260828_143757,mm_per_px,2666,266.6570,0.016365
2026-08-28 14:42:24.863,captures/20260828_143757,mm_per_px,2667,266.7629,0.019250
2026-08-28 14:42:24.943,captures/20260828_143757,mm_per_px,2668,266.8429,0.026354
2026-08-28 14:42:25.014,captures/20260828_143757,mm_per_px,2669,266.9138,0.084371
2026-08-28 14:42:25.168,captures/20260828_143757,mm_per_px,2670,267.0674,0.085971
2026-08-28 14:42:25.232,captures/20260828_143757,mm_per_px,2671,267.1313,0.081038
2026-08-28 14:42:25.321,captures/20260828_143757,mm_per_px,2672,267.2203,0.087404
2026-08-28 14:42:25.468,captures/20260828_143757,mm_per_px,2673,267.3676,0.101397
2026-08-28 14:42:25.555,captures/20260828_143757,mm_per_px,2674,267.4543,0.095511
2026-08-28 14:42:25.659,captures/20260828_143757,mm_per_px,2675,267.5584,0.113640
2026-08-28 14:42:25.719,captures/20260828_143757,mm_per_px,2676,267.6182,0.119240
2026-08-28 14:42:25.869,captures/20260828_143757,mm_per_px,2677,267.7687,0.085001
2026-08-28 14:42:25.941,captures/20260828_143757,mm_per_px,2678,267.8406,0.088520
2026-08-28 14:42:26.072,captures/20260828_143757,mm_per_px,2679,267.9711,0.082935
2026-08-28 14:42:26.139,captures/20260828_143757,mm_per_px,2680,268.0384,0.063127
2026-08-28 14:42:26.219,captures/20260828_143757,mm_per_px,2681,268.1188,0.051460
2026-08-28 14:42:26.316,captures/20260828_143757,mm_per_px,2682,268.2151,0.056812
2026-08-28 14:42:26.466,captures/20260828_143757,mm_per_px,2683,268.3655,0.040658
2026-08-28 14:42:26.537,captures/20260828_143757,mm_per_px,2684,268.4362,0.043242
2026-08-28 14:42:26.615,captures/20260828_143757,mm_per_px,2685,268.5142,0.040608
2026-08-28 14:42:26.716,captures/20260828_143757,mm_per_px,2686,268.6150,0.036148
2026-08-28 14:42:26.813,captures/20260828_143757,mm_per_px,2687,268.7125,0.031117
2026-08-28 14:42:26.916,captures/20260828_143757,mm_per_px,2688,268.8158,0.053435
2026-08-28 14:42:27.014,captures/20260828_143757,mm_per_px,2689,268.9130,0.072091
2026-08-28 14:42:27.118,captures/20260828_143757,mm_per_px,2690,269.0178,0.058260
2026-08-28 14:42:27.265,captures/20260828_143757,mm_per_px,2691,269.1647,0.068364
2026-08-28 14:42:27.364,captures/20260828_143757,mm_per_px,2692,269.2637,0.065954
2026-08-28 14:42:27.428,captures/20260828_143757,mm_per_px,2693,269.3278,0.055989
2026-08-28 14:42:27.568,captures/20260828_143757,mm_per_px,2694,269.4678,0.058603
2026-08-28 14:42:27.643,captures/20260828_143757,mm_per_px,2695,269.5424,0.060606
2026-08-28 14:42:27.761,captures/20260828_143757,mm_per_px,2696,269.6609,0.039051
2026-08-28 14:42:27.840,captures/20260828_143757,mm_per_px,2697,269.7394,0.023480
2026-08-28 14:42:27.965,captures/20260828_143757,mm_per_px,2698,269.8641,0.010500
2026-08-28 14:42:28.017,captures/20260828_143757,mm_per_px,2699,269.9163,0.011352
2026-08-28 14:42:28.157,captures/20260828_143757,mm_per_px,2700,270.0562,0.010071
2026-08-28 14:42:28.231,captures/20260828_143757,mm_per_px,2701,270.1305,0.011600
2026-08-28 14:42:28.365,captures/20260828_143757,mm_per_px,2702,270.2649,0.015917
2026-08-28 14:42:28.445,captures/20260828_143757,mm_per_px,2703,270.3445,0.032330
2026-08-28 14:42:28.564,captures/20260828_143757,mm_per_px,2704,270.4636,0.035817
2026-08-28 14:42:28.623,captures/20260828_143757,mm_per_px,2705,270.5223,0.047159
2026-08-28 14:42:28.767,captures/20260828_143757,mm_per_px,2706,270.6665,0.038753
2026-08-28 14:42:28.847,captures/20260828_143757,mm_per_px,2707,270.7465,0.036607
2026-08-28 14:42:28.959,captures/20260828_143757,mm_per_px,2708,270.8584,0.053198
2026-08-28 14:42:29.032,captures/20260828_143757,mm_per_px,2709,270.9314,0.023597
2026-08-28 14:42:29.158,captures/20260828_143757,mm_per_px,2710,271.0571,0.026124
2026-08-28 14:42:29.217,captures/20260828_143757,mm_per_px,2711,271.1165,0.020519
2026-08-28 14:42:29.358,captures/20260828_143757,mm_per_px,2712,271.2578,0.026409
2026-08-28 14:42:29.437,captures/20260828_143757,mm_per_px,2713,271.3363,0.038891
2026-08-28 14:42:29.558,captures/20260828_143757,mm_per_px,2714,271.4579,0.045478
2026-08-28 14:42:29.646,captures/20260828_143757,mm_per_px,2715,271.5457,0.042069
2026-08-28 14:42:29.757,captures/20260828_143757,mm_per_px,2716,271.6563,0.039969
2026-08-28 14:42:29.816,captures/20260828_143757,mm_per_px,2717,271.7152,0.034209
2026-08-28 14:42:29.969,captures/20260828_143757,mm_per_px,2718,271.8681,0.057271
2026-08-28 14:42:30.034,captures/20260828_143757,mm_per_px,2719,271.9337,0.084505
2026-08-28 14:42:30.161,captures/20260828_143757,mm_per_px,2720,272.0600,0.053053
2026-08-28 14:42:30.219,captures/20260828_143757,mm_per_px,2721,272.1182,0.055793
2026-08-28 14:42:30.360,captures/20260828_143757,mm_per_px,2722,272.2590,0.054776
2026-08-28 14:42:30.420,captures/20260828_143757,mm_per_px,2723,272.3193,0.038700
2026-08-28 14:42:30.567,captures/20260828_143757,mm_per_px,2724,272.4669,0.039534
2026-08-28 14:42:30.642,captures/20260828_143757,mm_per_px,2725,272.5412,0.031868
2026-08-28 14:42:30.755,captures/20260828_143757,mm_per_px,2726,272.6545,0.038603
2026-08-28 14:42:30.829,captures/20260828_143757,mm_per_px,2727,272.7280,0.070934
2026-08-28 14:42:30.965,captures/20260828_143757,mm_per_px,2728,272.8645,0.069192
2026-08-28 14:42:31.042,captures/20260828_143757,mm_per_px,2729,272.9411,0.063337
2026-08-28 14:42:31.154,captures/20260828_143757,mm_per_px,2730,273.0539,0.077149
2026-08-28 14:42:31.232,captures/20260828_143757,mm_per_px,2731,273.1318,0.091848
2026-08-28 14:42:31.363,captures/20260828_143757,mm_per_px,2732,273.2623,0.048907
2026-08-28 14:42:31.436,captures/20260828_143757,mm_per_px,2733,273.3354,0.022339
2026-08-28 14:42:31.564,captures/20260828_143757,mm_per_px,2734,273.4636,0.025985
2026-08-28 14:42:31.621,captures/20260828_143757,mm_per_px,2735,273.5205,0.019053
2026-08-28 14:42:31.767,captures/20260828_143757,mm_per_px,2736,273.6660,0.021154
2026-08-28 14:42:31.842,captures/20260828_143757,mm_per_px,2737,273.7418,0.028080
2026-08-28 14:42:31.959,captures/20260828_143757,mm_per_px,2738,273.8584,0.049064
2026-08-28 14:42:32.025,captures/20260828_143757,mm_per_px,2739,273.9240,0.085443
2026-08-28 14:42:32.164,captures/20260828_143757,mm_per_px,2740,274.0633,0.089120
2026-08-28 14:42:32.217,captures/20260828_143757,mm_per_px,2741,274.1160,0.092843
2026-08-28 14:42:32.365,captures/20260828_143757,mm_per_px,2742,274.2649,0.075596
2026-08-28 14:42:32.429,captures/20260828_143757,mm_per_px,2743,274.3288,0.074615
2026-08-28 14:42:32.559,captures/20260828_143757,mm_per_px,2744,274.4581,0.065259
2026-08-28 14:42:32.625,captures/20260828_143757,mm_per_px,2745,274.5245,0.074343
2026-08-28 14:42:32.764,captures/20260828_143757,mm_per_px,2746,274.6634,0.065729
2026-08-28 14:42:32.833,captures/20260828_143757,mm_per_px,2747,274.7327,0.079099
2026-08-28 14:42:32.967,captures/20260828_143757,mm_per_px,2748,274.8661,0.079212
2026-08-28 14:42:33.056,captures/20260828_143757,mm_per_px,2749,274.9554,0.085677
2026-08-28 14:42:33.118,captures/20260828_143757,mm_per_px,2750,275.0176,0.065577
2026-08-28 14:42:33.255,captures/20260828_143757,mm_per_px,2751,275.1549,0.051727
2026-08-28 14:42:33.357,captures/20260828_143757,mm_per_px,2752,275.2563,0.033830
2026-08-28 14:42:33.462,captures/20260828_143757,mm_per_px,2753,275.3610,0.034936
2026-08-28 14:42:33.523,captures/20260828_143757,mm_per_px,2754,275.4221,0.030598
2026-08-28 14:42:33.672,captures/20260828_143757,mm_per_px,2755,275.5719,0.031318
2026-08-28 14:42:33.745,captures/20260828_143757,mm_per_px,2756,275.6444,0.021183
2026-08-28 14:42:33.818,captures/20260828_143757,mm_per_px,2757,275.7171,0.020607
2026-08-28 14:42:33.964,captures/20260828_143757,mm_per_px,2758,275.8639,0.028452
2026-08-28 14:42:34.018,captures/20260828_143757,mm_per_px,2759,275.9179,0.012228
2026-08-28 14:42:34.162,captures/20260828_143757,mm_per_px,2760,276.0615,0.020736
2026-08-28 14:42:34.243,captures/20260828_143757,mm_per_px,2761,276.1427,0.046173
2026-08-28 14:42:34.371,captures/20260828_143757,mm_per_px,2762,276.2701,0.045224
2026-08-28 14:42:34.452,captures/20260828_143757,mm_per_px,2763,276.3517,0.040851
2026-08-28 14:42:34.515,captures/20260828_143757,mm_per_px,2764,276.4145,0.036703
2026-08-28 14:42:34.622,captures/20260828_143757,mm_per_px,2765,276.5213,0.048530
2026-08-28 14:42:34.764,captures/20260828_143757,mm_per_px,2766,276.6633,0.029716
2026-08-28 14:42:34.821,captures/20260828_143757,mm_per_px,2767,276.7207,0.055447
2026-08-28 14:42:34.971,captures/20260828_143757,mm_per_px,2768,276.8704,0.047474
2026-08-28 14:42:35.045,captures/20260828_143757,mm_per_px,2769,276.9443,0.032342
2026-08-28 14:42:35.164,captures/20260828_143757,mm_per_px,2770,277.0631,0.022256
2026-08-28 14:42:35.225,captures/20260828_143757,mm_per_px,2771,277.1244,0.015695
2026-08-28 14:42:35.362,captures/20260828_143757,mm_per_px,2772,277.2617,0.020917
2026-08-28 14:42:35.459,captures/20260828_143757,mm_per_px,2773,277.3581,0.012841
2026-08-28 14:42:35.535,captures/20260828_143757,mm_per_px,2774,277.4349,0.015361
2026-08-28 14:42:35.617,captures/20260828_143757,mm_per_px,2775,277.5165,0.016760
2026-08-28 14:42:35.765,captures/20260828_143757,mm_per_px,2776,277.6641,0.006343
2026-08-28 14:42:35.818,captures/20260828_143757,mm_per_px,2777,277.7175,0.007349
2026-08-28 14:42:35.956,captures/20260828_143757,mm_per_px,2778,277.8551,0.012357
2026-08-28 14:42:36.024,captures/20260828_143757,mm_per_px,2779,277.9235,0.019951
2026-08-28 14:42:36.174,captures/20260828_143757,mm_per_px,2780,278.0736,0.011132
2026-08-28 14:42:36.255,captures/20260828_143757,mm_per_px,2781,278.1541,0.011892
2026-08-28 14:42:36.366,captures/20260828_143757,mm_per_px,2782,278.2655,0.008412
2026-08-28 14:42:36.458,captures/20260828_143757,mm_per_px,2783,278.3570,0.009096
2026-08-28 14:42:36.563,captures/20260828_143757,mm_per_px,2784,278.4620,0.009796
2026-08-28 14:42:36.637,captures/20260828_143757,mm_per_px,2785,278.5364,0.012468
2026-08-28 14:42:36.772,captures/20260828_143757,mm_per_px,2786,278.6710,0.031063
2026-08-28 14:42:36.847,captures/20260828_143757,mm_per_px,2787,278.7466,0.026460
2026-08-28 14:42:36.968,captures/20260828_143757,mm_per_px,2788,278.8679,0.023451
2026-08-28 14:42:37.051,captures/20260828_143757,mm_per_px,2789,278.9509,0.011390
2026-08-28 14:42:37.163,captures/20260828_143757,mm_per_px,2790,279.0625,0.018732
2026-08-28 14:42:37.218,captures/20260828_143757,mm_per_px,2791,279.1170,0.007129
2026-08-28 14:42:37.364,captures/20260828_143757,mm_per_px,2792,279.2633,0.026207
2026-08-28 14:42:37.419,captures/20260828_143757,mm_per_px,2793,279.3180,0.024668
2026-08-28 14:42:37.557,captures/20260828_143757,mm_per_px,2794,279.4564,0.016587
2026-08-28 14:42:37.625,captures/20260828_143757,mm_per_px,2795,279.5241,0.005016
2026-08-28 14:42:37.770,captures/20260828_143757,mm_per_px,2796,279.6695,0.007868
2026-08-28 14:42:37.841,captures/20260828_143757,mm_per_px,2797,279.7403,0.009310
2026-08-28 14:42:37.966,captures/20260828_143757,mm_per_px,2798,279.8658,0.008843
2026-08-28 14:42:38.045,captures/20260828_143757,mm_per_px,2799,279.9449,0.007836
2026-08-28 14:42:38.158,captures/20260828_143757,mm_per_px,2800,280.0573,0.014683
2026-08-28 14:42:38.231,captures/20260828_143757,mm_per_px,2801,280.1300,0.022266
2026-08-28 14:42:38.358,captures/20260828_143757,mm_per_px,2802,280.2572,0.013566
2026-08-28 14:42:38.464,captures/20260828_143757,mm_per_px,2803,280.3633,0.013294
2026-08-28 14:42:38.546,captures/20260828_143757,mm_per_px,2804,280.4451,0.011432
2026-08-28 14:42:38.657,captures/20260828_143757,mm_per_px,2805,280.5562,0.011458
2026-08-28 14:42:38.722,captures/20260828_143757,mm_per_px,2806,280.6214,0.013762
2026-08-28 14:42:38.865,captures/20260828_143757,mm_per_px,2807,280.7648,0.006179
2026-08-28 14:42:38.917,captures/20260828_143757,mm_per_px,2808,280.8162,0.004805
2026-08-28 14:42:39.062,captures/20260828_143757,mm_per_px,2809,280.9617,0.012304
2026-08-28 14:42:39.134,captures/20260828_143757,mm_per_px,2810,281.0334,0.013014
2026-08-28 14:42:39.271,captures/20260828_143757,mm_per_px,2811,281.1700,0.006152
2026-08-28 14:42:39.351,captures/20260828_143757,mm_per_px,2812,281.2505,0.005459
2026-08-28 14:42:39.462,captures/20260828_143757,mm_per_px,2813,281.3617,0.005506
2026-08-28 14:42:39.538,captures/20260828_143757,mm_per_px,2814,281.4377,0.003442
2026-08-28 14:42:39.619,captures/20260828_143757,mm_per_px,2815,281.5184,0.002457
2026-08-28 14:42:39.762,captures/20260828_143757,mm_per_px,2816,281.6616,0.003864
2026-08-28 14:42:39.842,captures/20260828_143757,mm_per_px,2817,281.7419,0.011508
2026-08-28 14:42:39.916,captures/20260828_143757,mm_per_px,2818,281.8157,0.005295
2026-08-28 14:42:40.015,captures/20260828_143757,mm_per_px,2819,281.9142,0.003669
2026-08-28 14:42:40.166,captures/20260828_143757,mm_per_px,2820,282.0655,0.007781
2026-08-28 14:42:40.228,captures/20260828_143757,mm_per_px,2821,282.1277,0.003243
2026-08-28 14:42:40.368,captures/20260828_143757,mm_per_px,2822,282.2677,0.001963
2026-08-28 14:42:40.416,captures/20260828_143757,mm_per_px,2823,282.3153,0.001864
2026-08-28 14:42:40.567,captures/20260828_143757,mm_per_px,2824,282.4660,0.003018
2026-08-28 14:42:40.629,captures/20260828_143757,mm_per_px,2825,282.5284,0.006530
2026-08-28 14:42:40.759,captures/20260828_143757,mm_per_px,2826,282.6588,0.005427
2026-08-28 14:42:40.831,captures/20260828_143757,mm_per_px,2827,282.7306,0.011116
2026-08-28 14:42:40.962,captures/20260828_143757,mm_per_px,2828,282.8611,0.007581
2026-08-28 14:42:41.020,captures/20260828_143757,mm_per_px,2829,282.9199,0.015980
2026-08-28 14:42:41.170,captures/20260828_143757,mm_per_px,2830,283.0692,0.011068
2026-08-28 14:42:41.238,captures/20260828_143757,mm_per_px,2831,283.1374,0.005905
2026-08-28 14:42:41.362,captures/20260828_143757,mm_per_px,2832,283.2614,0.000536
2026-08-28 14:42:41.420,captures/20260828_143757,mm_per_px,2833,283.3197,0.000818
2026-08-28 14:42:41.562,captures/20260828_143757,mm_per_px,2834,283.4617,0.001685
2026-08-28 14:42:41.619,captures/20260828_143757,mm_per_px,2835,283.5181,0.000599
2026-08-28 14:42:41.765,captures/20260828_143757,mm_per_px,2836,283.6640,0.001172
2026-08-28 14:42:41.844,captures/20260828_143757,mm_per_px,2837,283.7433,0.003292
2026-08-28 14:42:41.918,captures/20260828_143757,mm_per_px,2838,283.8179,0.007280
2026-08-28 14:42:42.022,captures/20260828_143757,mm_per_px,2839,283.9210,0.001635
2026-08-28 14:42:42.156,captures/20260828_143757,mm_per_px,2840,284.0550,0.004289
2026-08-28 14:42:42.218,captures/20260828_143757,mm_per_px,2841,284.1177,0.000440
2026-08-28 14:42:42.316,captures/20260828_143757,mm_per_px,2842,284.2157,0.001490
2026-08-28 14:42:42.468,captures/20260828_143757,mm_per_px,2843,284.3673,0.003605
2026-08-28 14:42:42.533,captures/20260828_143757,mm_per_px,2844,284.4322,0.002228
2026-08-28 14:42:42.661,captures/20260828_143757,mm_per_px,2845,284.5609,0.000612
2026-08-28 14:42:42.716,captures/20260828_143757,mm_per_px,2846,284.6152,0.000000
2026-08-28 14:42:42.865,captures/20260828_143757,mm_per_px,2847,284.7642,0.001088
2026-08-28 14:42:42.936,captures/20260828_143757,mm_per_px,2848,284.8350,0.001831
2026-08-28 14:42:43.058,captures/20260828_143757,mm_per_px,2849,284.9574,0.001255
2026-08-28 14:42:43.127,captures/20260828_143757,mm_per_px,2850,285.0268,0.001711
2026-08-28 14:42:43.215,captures/20260828_143757,mm_per_px,2851,285.1143,0.000000
2026-08-28 14:42:43.368,captures/20260828_143757,mm_per_px,2852,285.2675,0.000819
2026-08-28 14:42:43.430,captures/20260828_143757,mm_per_px,2853,285.3295,0.000467
2026-08-28 14:42:43.561,captures/20260828_143757,mm_per_px,2854,285.4602,0.000448
2026-08-28 14:42:43.621,captures/20260828_143757,mm_per_px,2855,285.5208,0.000243
2026-08-28 14:42:43.771,captures/20260828_143757,mm_per_px,2856,285.6704,0.000000
2026-08-28 14:42:43.840,captures/20260828_143757,mm_per_px,2857,285.7397,0.001771
2026-08-28 14:42:43.967,captures/20260828_143757,mm_per_px,2858,285.8668,0.004229
2026-08-28 14:42:44.025,captures/20260828_143757,mm_per_px,2859,285.9247,0.000735
2026-08-28 14:42:44.158,captures/20260828_143757,mm_per_px,2860,286.0578,0.001410
2026-08-28 14:42:44.218,captures/20260828_143757,mm_per_px,2861,286.1174,0.000181
2026-08-28 14:42:44.364,captures/20260828_143757,mm_per_px,2862,286.2639,0.000000
2026-08-28 14:42:44.430,captures/20260828_143757,mm_per_px,2863,286.3290,0.003191
2026-08-28 14:42:44.561,captures/20260828_143757,mm_per_px,2864,286.4609,0.000581
2026-08-28 14:42:44.615,captures/20260828_143757,mm_per_px,2865,286.5140,0.000465
2026-08-28 14:42:44.766,captures/20260828_143757,mm_per_px,2866,286.6653,0.000183
2026-08-28 14:42:44.846,captures/20260828_143757,mm_per_px,2867,286.7458,0.000607
2026-08-28 14:42:44.958,captures/20260828_143757,mm_per_px,2868,286.8575,0.000000
2026-08-28 14:42:45.035,captures/20260828_143757,mm_per_px,2869,286.9341,0.000730
2026-08-28 14:42:45.155,captures/20260828_143757,mm_per_px,2870,287.0545,0.001627
2026-08-28 14:42:45.260,captures/20260828_143757,mm_per_px,2871,287.1599,0.000000
2026-08-28 14:42:45.338,captures/20260828_143757,mm_per_px,2872,287.2375,0.001127
2026-08-28 14:42:45.413,captures/20260828_143757,mm_per_px,2873,287.3129,0.002144
2026-08-28 14:42:45.517,captures/20260828_143757,mm_per_px,2874,287.4161,0.005279
2026-08-28 14:42:45.662,captures/20260828_143757,mm_per_px,2875,287.5615,0.002257
2026-08-28 14:42:45.742,captures/20260828_143757,mm_per_px,2876,287.6416,0.007085
2026-08-28 14:42:45.860,captures/20260828_143757,mm_per_px,2877,287.7594,0.006661
2026-08-28 14:42:45.937,captures/20260828_143757,mm_per_px,2878,287.8367,0.001198
2026-08-28 14:42:46.069,captures/20260828_143757,mm_per_px,2879,287.9687,0.001449
2026-08-28 14:42:46.142,captures/20260828_143757,mm_per_px,2880,288.0419,0.000000
2026-08-28 14:42:46.260,captures/20260828_143757,mm_per_px,2881,288.1599,0.000000
2026-08-28 14:42:46.316,captures/20260828_143757,mm_per_px,2882,288.2151,0.000000
2026-08-28 14:42:46.456,captures/20260828_143757,mm_per_px,2883,288.3557,0.000204
2026-08-28 14:42:46.524,captures/20260828_143757,mm_per_px,2884,288.4231,0.003104
2026-08-28 14:42:46.666,captures/20260828_143757,mm_per_px,2885,288.5657,0.004944
2026-08-28 14:42:46.729,captures/20260828_143757,mm_per_px,2886,288.6281,0.011289
2026-08-28 14:42:46.857,captures/20260828_143757,mm_per_px,2887,288.7565,0.024536
2026-08-28 14:42:46.962,captures/20260828_143757,mm_per_px,2888,288.8613,0.039907
2026-08-28 14:42:47.057,captures/20260828_143757,mm_per_px,2889,288.9567,0.055803
2026-08-28 14:42:47.116,captures/20260828_143757,mm_per_px,2890,289.0152,0.069527
2026-08-28 14:42:47.216,captures/20260828_143757,mm_per_px,2891,289.1152,0.074405
2026-08-28 14:42:47.360,captures/20260828_143757,mm_per_px,2892,289.2593,0.075158
2026-08-28 14:42:47.415,captures/20260828_143757,mm_per_px,2893,289.3147,0.045367
2026-08-28 14:42:47.561,captures/20260828_143757,mm_per_px,2894,289.4603,0.039489
2026-08-28 14:42:47.624,captures/20260828_143757,mm_per_px,2895,289.5231,0.033136
2026-08-28 14:42:47.714,captures/20260828_143757,mm_per_px,2896,289.6137,0.029613
2026-08-28 14:42:47.815,captures/20260828_143757,mm_per_px,2897,289.7142,0.030580
2026-08-28 14:42:47.962,captures/20260828_143757,mm_per_px,2898,289.8610,0.040174
2026-08-28 14:42:48.022,captures/20260828_143757,mm_per_px,2899,289.9217,0.031816
2026-08-28 14:42:48.115,captures/20260828_143757,mm_per_px,2900,290.0147,0.029015
2026-08-28 14:42:48.215,captures/20260828_143757,mm_per_px,2901,290.1149,0.034982
2026-08-28 14:42:48.356,captures/20260828_143757,mm_per_px,2902,290.2551,0.038436
2026-08-28 14:42:48.460,captures/20260828_143757,mm_per_px,2903,290.3597,0.056514
2026-08-28 14:42:48.558,captures/20260828_143757,mm_per_px,2904,290.4572,0.042222
2026-08-28 14:42:48.662,captures/20260828_143757,mm_per_px,2905,290.5615,0.024461
2026-08-28 14:42:48.715,captures/20260828_143757,mm_per_px,2906,290.6140,0.004702
2026-08-28 14:45:57.624,capturas/1/20260828_144528/flow,original,0,34.2660,0.000503
2026-08-28 14:45:57.811,capturas/1/20260828_144528/flow,original,1,34.4530,0.000503
2026-08-28 14:45:57.999,capturas/1/20260828_144528/flow,original,2,34.6410,0.000000
2026-08-28 14:45:58.186,capturas/1/20260828_144528/flow,original,3,34.8280,0.000000
2026-08-28 14:45:58.327,capturas/1/20260828_144528/flow,original,4,34.9690,0.001043
2026-08-28 14:45:58.514,capturas/1/20260828_144528/flow,original,5,35.1560,0.000000
2026-08-28 14:45:58.733,capturas/1/20260828_144528/flow,original,6,35.3750,0.000000
2026-08-28 14:45:58.921,capturas/1/20260828_144528/flow,original,7,35.5630,0.000000
2026-08-28 14:45:59.108,capturas/1/20260828_144528/flow,original,8,35.7500,0.000000
2026-08-28 14:45:59.296,capturas/1/20260828_144528/flow,original,9,35.9380,0.000000
2026-08-28 14:45:59.483,capturas/1/20260828_144528/flow,original,10,36.1250,0.000000
2026-08-28 14:45:59.686,capturas/1/20260828_144528/flow,original,11,36.3280,0.000220
2026-08-28 14:45:59.858,capturas/1/20260828_144528/flow,original,12,36.5000,0.000000
2026-08-28 14:46:00.108,capturas/1/20260828_144528/flow,original,13,36.7500,0.000000
2026-08-28 14:46:00.436,capturas/1/20260828_144528/flow,original,14,37.0780,0.000000
2026-08-28 14:46:00.702,capturas/1/20260828_144528/flow,original,15,37.3440,0.000000
2026-08-28 14:46:01.233,capturas/1/20260828_144528/flow,original,16,37.8750,0.001226
2026-08-28 14:46:01.624,capturas/1/20260828_144528/flow,original,17,38.2660,0.000000
2026-08-28 14:46:02.046,capturas/1/20260828_144528/flow,original,18,38.6880,0.000000
2026-08-28 14:46:02.421,capturas/1/20260828_144528/flow,original,19,39.0630,0.000000
2026-08-28 14:46:02.749,capturas/1/20260828_144528/flow,original,20,39.3910,0.000000
2026-08-28 14:46:03.092,capturas/1/20260828_144528/flow,original,21,39.7340,0.000000
2026-08-28 14:46:03.483,capturas/1/20260828_144528/flow,original,22,40.1250,0.000000
2026-08-28 14:46:03.905,capturas/1/20260828_144528/flow,original,23,40.5470,0.000271
2026-08-28 14:46:04.249,capturas/1/20260828_144528/flow,original,24,40.8910,0.000623
2026-08-28 14:46:04.624,capturas/1/20260828_144528/flow,original,25,41.2660,0.001656
2026-08-28 14:46:04.936,capturas/1/20260828_144528/flow,original,26,41.5780,0.012186
2026-08-28 14:46:05.311,capturas/1/20260828_144528/flow,original,27,41.9530,0.012411
2026-08-28 14:46:05.671,capturas/1/20260828_144528/flow,original,28,42.3130,0.000000
2026-08-28 14:46:06.046,capturas/1/20260828_144528/flow,original,29,42.6880,0.000000
2026-08-28 14:46:06.405,capturas/1/20260828_144528/flow,original,30,43.0470,0.000000
2026-08-28 14:46:06.717,capturas/1/20260828_144528/flow,original,31,43.3590,0.000000
2026-08-28 14:46:07.077,capturas/1/20260828_144528/flow,original,32,43.7190,0.000000
2026-08-28 14:46:07.436,capturas/1/20260828_144528/flow,original,33,44.0780,0.000739
2026-08-28 14:46:07.749,capturas/1/20260828_144528/flow,original,34,44.3910,0.000000
2026-08-28 14:46:08.092,capturas/1/20260828_144528/flow,original,35,44.7340,0.000000
2026-08-28 14:46:08.483,capturas/1/20260828_144528/flow,original,36,45.1250,0.000000
2026-08-28 14:46:08.764,capturas/1/20260828_144528/flow,original,37,45.4060,0.000000
2026-08-28 14:46:09.077,capturas/1/20260828_144528/flow,original,38,45.7190,0.001451
2026-08-28 14:46:09.436,capturas/1/20260828_144528/flow,original,39,46.0780,0.000271
2026-08-28 14:46:09.764,capturas/1/20260828_144528/flow,original,40,46.4060,0.000000
2026-08-28 14:46:10.124,capturas/1/20260828_144528/flow,original,41,46.7660,0.000000
2026-08-28 14:46:10.452,capturas/1/20260828_144528/flow,original,42,47.0940,0.000000
2026-08-28 14:46:10.796,capturas/1/20260828_144528/flow,original,43,47.4380,0.000000
2026-08-28 14:46:11.155,capturas/1/20260828_144528/flow,original,44,47.7970,0.000641
2026-08-28 14:46:11.514,capturas/1/20260828_144528/flow,original,45,48.1560,0.000000
2026-08-28 14:46:11.827,capturas/1/20260828_144528/flow,original,46,48.4690,0.000000
2026-08-28 14:46:12.171,capturas/1/20260828_144528/flow,original,47,48.8130,0.000000
2026-08-28 14:46:12.374,capturas/1/20260828_144528/flow,original,48,49.0160,0.000351
2026-08-28 14:46:12.592,capturas/1/20260828_144528/flow,original,49,49.2340,0.000000
2026-08-28 14:46:12.780,capturas/1/20260828_144528/flow,original,50,49.4220,0.000716
2026-08-28 14:46:13.014,capturas/1/20260828_144528/flow,original,51,49.6560,0.000000
2026-08-28 14:46:13.233,capturas/1/20260828_144528/flow,original,52,49.8750,0.000000
2026-08-28 14:46:13.421,capturas/1/20260828_144528/flow,original,53,50.0630,0.000000
2026-08-28 14:46:13.624,capturas/1/20260828_144528/flow,original,54,50.2660,0.000000
2026-08-28 14:46:13.827,capturas/1/20260828_144528/flow,original,55,50.4690,0.008399
2026-08-28 14:46:14.030,capturas/1/20260828_144528/flow,original,56,50.6720,0.000263
2026-08-28 14:46:14.217,capturas/1/20260828_144528/flow,original,57,50.8590,0.000693
2026-08-28 14:46:14.421,capturas/1/20260828_144528/flow,original,58,51.0630,0.000000
2026-08-28 14:46:14.624,capturas/1/20260828_144528/flow,original,59,51.2660,0.000000
2026-08-28 14:46:14.796,capturas/1/20260828_144528/flow,original,60,51.4380,0.000000
2026-08-28 14:46:14.999,capturas/1/20260828_144528/flow,original,61,51.6410,0.000000
2026-08-28 14:46:15.217,capturas/1/20260828_144528/flow,original,62,51.8590,0.000000
2026-08-28 14:46:15.405,capturas/1/20260828_144528/flow,original,63,52.0470,0.000000
2026-08-28 14:46:15.624,capturas/1/20260828_144528/flow,original,64,52.2660,0.000000
2026-08-28 14:46:15.827,capturas/1/20260828_144528/flow,original,65,52.4690,0.000000
2026-08-28 14:46:16.046,capturas/1/20260828_144528/flow,original,66,52.6880,0.000140
2026-08-28 14:46:16.186,capturas/1/20260828_144528/flow,original,67,52.8280,0.000000
2026-08-28 14:46:16.389,capturas/1/20260828_144528/flow,original,68,53.0310,0.000000
2026-08-28 14:46:16.608,capturas/1/20260828_144528/flow,original,69,53.2500,0.000000
2026-08-28 14:46:16.811,capturas/1/20260828_144528/flow,original,70,53.4530,0.000000
2026-08-28 14:46:16.983,capturas/1/20260828_144528/flow,original,71,53.6250,0.000000
2026-08-28 14:46:17.202,capturas/1/20260828_144528/flow,original,72,53.8440,0.000000
2026-08-28 14:46:17.389,capturas/1/20260828_144528/flow,original,73,54.0310,0.000000
2026-08-28 14:46:17.530,capturas/1/20260828_144528/flow,original,74,54.1720,0.000000
2026-08-28 14:46:17.686,capturas/1/20260828_144528/flow,original,75,54.3280,0.000000
2026-08-28 14:46:17.889,capturas/1/20260828_144528/flow,original,76,54.5310,0.000000
2026-08-28 14:46:18.030,capturas/1/20260828_144528/flow,original,77,54.6720,0.000000
2026-08-28 14:46:18.202,capturas/1/20260828_144528/flow,original,78,54.8440,0.000000
2026-08-28 14:46:18.421,capturas/1/20260828_144528/flow,original,79,55.0630,0.000000
2026-08-28 14:46:18.624,capturas/1/20260828_144528/flow,original,80,55.2660,0.000000
2026-08-28 14:46:18.858,capturas/1/20260828_144528/flow,original,81,55.5000,0.000000
2026-08-28 14:46:19.061,capturas/1/20260828_144528/flow,original,82,55.7030,0.000169
2026-08-28 14:46:19.264,capturas/1/20260828_144528/flow,original,83,55.9060,0.000000
2026-08-28 14:46:19.405,capturas/1/20260828_144528/flow,original,84,56.0470,0.000000
2026-08-28 14:46:19.608,capturas/1/20260828_144528/flow,original,85,56.2500,0.000000
2026-08-28 14:46:19.827,capturas/1/20260828_144528/flow,original,86,56.4690,0.000000
2026-08-28 14:46:20.046,capturas/1/20260828_144528/flow,original,87,56.6880,0.000000
2026-08-28 14:46:20.249,capturas/1/20260828_144528/flow,original,88,56.8910,0.000000
2026-08-28 14:46:20.421,capturas/1/20260828_144528/flow,original,89,57.0630,0.000000
2026-08-28 14:46:20.592,capturas/1/20260828_144528/flow,original,90,57.2340,0.000000
2026-08-28 14:46:20.796,capturas/1/20260828_144528/flow,original,91,57.4380,0.000000
2026-08-28 14:46:20.999,capturas/1/20260828_144528/flow,original,92,57.6410,0.000000
2026-08-28 14:46:21.217,capturas/1/20260828_144528/flow,original,93,57.8590,0.000000
2026-08-28 14:46:21.421,capturas/1/20260828_144528/flow,original,94,58.0630,0.000000
2026-08-28 14:46:21.624,capturas/1/20260828_144528/flow,original,95,58.2660,0.000000
2026-08-28 14:46:21.733,capturas/1/20260828_144528/flow,original,96,58.3750,0.000000
2026-08-28 14:46:21.952,capturas/1/20260828_144528/flow,original,97,58.5940,0.000000
2026-08-28 14:46:22.124,capturas/1/20260828_144528/flow,original,98,58.7660,0.000000
2026-08-28 14:46:22.311,capturas/1/20260828_144528/flow,original,99,58.9530,0.000383
2026-08-28 14:46:22.499,capturas/1/20260828_144528/flow,original,100,59.1410,0.000189
2026-08-28 14:46:22.686,capturas/1/20260828_144528/flow,original,101,59.3280,0.002035
2026-08-28 14:46:22.921,capturas/1/20260828_144528/flow,original,102,59.5630,0.000000
2026-08-28 14:46:23.061,capturas/1/20260828_144528/flow,original,103,59.7030,0.000000
2026-08-28 14:46:23.233,capturas/1/20260828_144528/flow,original,104,59.8750,0.000000
2026-08-28 14:46:23.405,capturas/1/20260828_144528/flow,original,105,60.0470,0.000000
2026-08-28 14:46:23.592,capturas/1/20260828_144528/flow,original,106,60.2340,0.000000
2026-08-28 14:46:23.733,capturas/1/20260828_144528/flow,original,107,60.3750,0.000000
2026-08-28 14:46:23.967,capturas/1/20260828_144528/flow,original,108,60.6090,0.000000
2026-08-28 14:46:24.124,capturas/1/20260828_144528/flow,original,109,60.7660,0.000000
2026-08-28 14:46:24.327,capturas/1/20260828_144528/flow,original,110,60.9690,0.000194
2026-08-28 14:46:24.561,capturas/1/20260828_144528/flow,original,111,61.2030,0.000271
2026-08-28 14:46:24.717,capturas/1/20260828_144528/flow,original,112,61.3590,0.000742
2026-08-28 14:46:24.921,capturas/1/20260828_144528/flow,original,113,61.5630,0.000000
2026-08-28 14:46:25.124,capturas/1/20260828_144528/flow,original,114,61.7660,0.000000
2026-08-28 14:46:25.311,capturas/1/20260828_144528/flow,original,115,61.9530,0.000210
2026-08-28 14:46:25.530,capturas/1/20260828_144528/flow,original,116,62.1720,0.001314
2026-08-28 14:46:25.686,capturas/1/20260828_144528/flow,original,117,62.3280,0.000000
2026-08-28 14:46:25.905,capturas/1/20260828_144528/flow,original,118,62.5470,0.000000
2026-08-28 14:46:26.124,capturas/1/20260828_144528/flow,original,119,62.7660,0.000000
2026-08-28 14:46:26.327,capturas/1/20260828_144528/flow,original,120,62.9690,0.000000
2026-08-28 14:46:26.514,capturas/1/20260828_144528/flow,original,121,63.1560,0.000000
2026-08-28 14:46:26.702,capturas/1/20260828_144528/flow,original,122,63.3440,0.000000
2026-08-28 14:46:26.905,capturas/1/20260828_144528/flow,original,123,63.5470,0.007998
2026-08-28 14:46:27.046,capturas/1/20260828_144528/flow,original,124,63.6880,0.003396
2026-08-28 14:46:27.233,capturas/1/20260828_144528/flow,original,125,63.8750,0.000501
2026-08-28 14:46:27.467,capturas/1/20260828_144528/flow,original,126,64.1090,0.000212
2026-08-28 14:46:27.686,capturas/1/20260828_144528/flow,original,127,64.3280,0.000212
2026-08-28 14:46:27.889,capturas/1/20260828_144528/flow,original,128,64.5310,0.000000
2026-08-28 14:46:28.077,capturas/1/20260828_144528/flow,original,129,64.7190,0.000000
2026-08-28 14:46:28.311,capturas/1/20260828_144528/flow,original,130,64.9530,0.000000
2026-08-28 14:46:28.436,capturas/1/20260828_144528/flow,original,131,65.0780,0.000000
2026-08-28 14:46:28.624,capturas/1/20260828_144528/flow,original,132,65.2660,0.000000
2026-08-28 14:46:28.811,capturas/1/20260828_144528/flow,original,133,65.4530,0.000000
2026-08-28 14:46:29.014,capturas/1/20260828_144528/flow,original,134,65.6560,0.000158
2026-08-28 14:46:29.186,capturas/1/20260828_144528/flow,original,135,65.8280,0.000000
2026-08-28 14:46:29.327,capturas/1/20260828_144528/flow,original,136,65.9690,0.000000
2026-08-28 14:46:29.530,capturas/1/20260828_144528/flow,original,137,66.1720,0.000000
2026-08-28 14:46:29.733,capturas/1/20260828_144528/flow,original,138,66.3750,0.000000
2026-08-28 14:46:29.936,capturas/1/20260828_144528/flow,original,139,66.5780,0.000000
2026-08-28 14:46:30.139,capturas/1/20260828_144528/flow,original,140,66.7810,0.000000
2026-08-28 14:46:30.342,capturas/1/20260828_144528/flow,original,141,66.9840,0.000391
2026-08-28 14:46:30.530,capturas/1/20260828_144528/flow,original,142,67.1720,0.000492
2026-08-28 14:46:30.749,capturas/1/20260828_144528/flow,original,143,67.3910,0.000142
2026-08-28 14:46:30.952,capturas/1/20260828_144528/flow,original,144,67.5940,0.000186
2026-08-28 14:46:31.171,capturas/1/20260828_144528/flow,original,145,67.8130,0.000142
2026-08-28 14:46:31.389,capturas/1/20260828_144528/flow,original,146,68.0310,0.000952
2026-08-28 14:46:31.561,capturas/1/20260828_144528/flow,original,147,68.2030,0.001627
2026-08-28 14:46:31.764,capturas/1/20260828_144528/flow,original,148,68.4060,0.004640
2026-08-28 14:46:31.983,capturas/1/20260828_144528/flow,original,149,68.6250,0.010454
2026-08-28 14:46:32.171,capturas/1/20260828_144528/flow,original,150,68.8130,0.000000
2026-08-28 14:46:32.405,capturas/1/20260828_144528/flow,original,151,69.0470,0.000000
2026-08-28 14:46:32.546,capturas/1/20260828_144528/flow,original,152,69.1880,0.000519
2026-08-28 14:46:32.733,capturas/1/20260828_144528/flow,original,153,69.3750,0.000000
2026-08-28 14:46:32.952,capturas/1/20260828_144528/flow,original,154,69.5940,0.000237
2026-08-28 14:46:33.139,capturas/1/20260828_144528/flow,original,155,69.7810,0.000299
2026-08-28 14:46:33.342,capturas/1/20260828_144528/flow,original,156,69.9840,0.000618
2026-08-28 14:46:33.546,capturas/1/20260828_144528/flow,original,157,70.1880,0.001998
2026-08-28 14:46:33.733,capturas/1/20260828_144528/flow,original,158,70.3750,0.000422
2026-08-28 14:46:33.874,capturas/1/20260828_144528/flow,original,159,70.5160,0.000383
2026-08-28 14:46:34.092,capturas/1/20260828_144528/flow,original,160,70.7340,0.000000
2026-08-28 14:46:34.264,capturas/1/20260828_144528/flow,original,161,70.9060,0.000000
2026-08-28 14:46:34.436,capturas/1/20260828_144528/flow,original,162,71.0780,0.000000
2026-08-28 14:46:34.655,capturas/1/20260828_144528/flow,original,163,71.2970,0.000000
2026-08-28 14:46:34.842,capturas/1/20260828_144528/flow,original,164,71.4840,0.000000
2026-08-28 14:46:35.030,capturas/1/20260828_144528/flow,original,165,71.6720,0.000203
2026-08-28 14:46:35.233,capturas/1/20260828_144528/flow,original,166,71.8750,0.000000
2026-08-28 14:46:35.436,capturas/1/20260828_144528/flow,original,167,72.0780,0.000756
2026-08-28 14:46:35.655,capturas/1/20260828_144528/flow,original,168,72.2970,0.000000
2026-08-28 14:46:35.811,capturas/1/20260828_144528/flow,original,169,72.4530,0.002312
2026-08-28 14:46:35.999,capturas/1/20260828_144528/flow,original,170,72.6410,0.000000
2026-08-28 14:46:36.186,capturas/1/20260828_144528/flow,original,171,72.8280,0.000000
2026-08-28 14:46:36.421,capturas/1/20260828_144528/flow,original,172,73.0630,0.000000
2026-08-28 14:46:36.624,capturas/1/20260828_144528/flow,original,173,73.2660,0.000000
2026-08-28 14:46:36.827,capturas/1/20260828_144528/flow,original,174,73.4690,0.000000
2026-08-28 14:46:36.999,capturas/1/20260828_144528/flow,original,175,73.6410,0.000000
2026-08-28 14:46:37.202,capturas/1/20260828_144528/flow,original,176,73.8440,0.000000
2026-08-28 14:46:37.405,capturas/1/20260828_144528/flow,original,177,74.0470,0.000000
2026-08-28 14:46:37.608,capturas/1/20260828_144528/flow,original,178,74.2500,0.000000
2026-08-28 14:46:37.780,capturas/1/20260828_144528/flow,original,179,74.4220,0.000000
2026-08-28 14:46:37.999,capturas/1/20260828_144528/flow,original,180,74.6410,0.002059
2026-08-28 14:46:38.217,capturas/1/20260828_144528/flow,original,181,74.8590,0.000000
2026-08-28 14:46:38.421,capturas/1/20260828_144528/flow,original,182,75.0630,0.000000
2026-08-28 14:46:38.639,capturas/1/20260828_144528/flow,original,183,75.2810,0.000000
2026-08-28 14:46:38.842,capturas/1/20260828_144528/flow,original,184,75.4840,0.000000
2026-08-28 14:46:39.046,capturas/1/20260828_144528/flow,original,185,75.6880,0.000407
2026-08-28 14:46:39.264,capturas/1/20260828_144528/flow,original,186,75.9060,0.000000
2026-08-28 14:46:39.467,capturas/1/20260828_144528/flow,original,187,76.1090,0.000000
2026-08-28 14:46:39.686,capturas/1/20260828_144528/flow,original,188,76.3280,0.000160
2026-08-28 14:46:39.858,capturas/1/20260828_144528/flow,original,189,76.5000,0.000000
2026-08-28 14:46:40.061,capturas/1/20260828_144528/flow,original,190,76.7030,0.000192
2026-08-28 14:46:40.296,capturas/1/20260828_144528/flow,original,191,76.9380,0.000000
2026-08-28 14:46:40.483,capturas/1/20260828_144528/flow,original,192,77.1250,0.000218
2026-08-28 14:46:40.733,capturas/1/20260828_144528/flow,original,193,77.3750,0.013534
2026-08-28 14:46:40.874,capturas/1/20260828_144528/flow,original,194,77.5160,0.021887
2026-08-28 14:46:41.046,capturas/1/20260828_144528/flow,original,195,77.6880,0.004595
2026-08-28 14:46:41.249,capturas/1/20260828_144528/flow,original,196,77.8910,0.000972
2026-08-28 14:46:41.452,capturas/1/20260828_144528/flow,original,197,78.0940,0.002923
2026-08-28 14:46:41.671,capturas/1/20260828_144528/flow,original,198,78.3130,0.000384
2026-08-28 14:46:41.905,capturas/1/20260828_144528/flow,original,199,78.5470,0.000000
2026-08-28 14:46:42.046,capturas/1/20260828_144528/flow,original,200,78.6880,0.000000
2026-08-28 14:46:42.249,capturas/1/20260828_144528/flow,original,201,78.8910,0.003747
2026-08-28 14:46:42.452,capturas/1/20260828_144528/flow,original,202,79.0940,0.000453
2026-08-28 14:46:42.671,capturas/1/20260828_144528/flow,original,203,79.3130,0.000000
2026-08-28 14:46:42.858,capturas/1/20260828_144528/flow,original,204,79.5000,0.000000
2026-08-28 14:46:43.061,capturas/1/20260828_144528/flow,original,205,79.7030,0.000926
2026-08-28 14:46:43.264,capturas/1/20260828_144528/flow,original,206,79.9060,0.001295
2026-08-28 14:46:43.389,capturas/1/20260828_144528/flow,original,207,80.0310,0.003165
2026-08-28 14:46:43.592,capturas/1/20260828_144528/flow,original,208,80.2340,0.001173
2026-08-28 14:46:43.780,capturas/1/20260828_144528/flow,original,209,80.4220,0.000000
2026-08-28 14:46:43.983,capturas/1/20260828_144528/flow,original,210,80.6250,0.000710
2026-08-28 14:46:44.202,capturas/1/20260828_144528/flow,original,211,80.8440,0.000554
2026-08-28 14:46:44.405,capturas/1/20260828_144528/flow,original,212,81.0470,0.000000
2026-08-28 14:46:44.608,capturas/1/20260828_144528/flow,original,213,81.2500,0.000000
2026-08-28 14:46:44.780,capturas/1/20260828_144528/flow,original,214,81.4220,0.000000
2026-08-28 14:46:44.967,capturas/1/20260828_144528/flow,original,215,81.6090,0.000847
2026-08-28 14:46:45.155,capturas/1/20260828_144528/flow,original,216,81.7970,0.000978
2026-08-28 14:46:45.358,capturas/1/20260828_144528/flow,original,217,82.0000,0.001389
2026-08-28 14:46:45.561,capturas/1/20260828_144528/flow,original,218,82.2030,0.001341
2026-08-28 14:46:45.749,capturas/1/20260828_144528/flow,original,219,82.3910,0.000477
2026-08-28 14:46:45.889,capturas/1/20260828_144528/flow,original,220,82.5310,0.000000
2026-08-28 14:46:46.061,capturas/1/20260828_144528/flow,original,221,82.7030,0.001072
2026-08-28 14:46:46.233,capturas/1/20260828_144528/flow,original,222,82.8750,0.001430
2026-08-28 14:46:46.452,capturas/1/20260828_144528/flow,original,223,83.0940,0.000616
2026-08-28 14:46:46.624,capturas/1/20260828_144528/flow,original,224,83.2660,0.001688
2026-08-28 14:46:46.827,capturas/1/20260828_144528/flow,original,225,83.4690,0.000000
2026-08-28 14:46:47.077,capturas/1/20260828_144528/flow,original,226,83.7190,0.000000
2026-08-28 14:46:47.264,capturas/1/20260828_144528/flow,original,227,83.9060,0.000000
2026-08-28 14:46:47.452,capturas/1/20260828_144528/flow,original,228,84.0940,0.000194
2026-08-28 14:46:47.671,capturas/1/20260828_144528/flow,original,229,84.3130,0.000000
2026-08-28 14:46:47.858,capturas/1/20260828_144528/flow,original,230,84.5000,0.003962
2026-08-28 14:46:48.046,capturas/1/20260828_144528/flow,original,231,84.6880,0.001815
2026-08-28 14:46:48.249,capturas/1/20260828_144528/flow,original,232,84.8910,0.002853
2026-08-28 14:46:48.452,capturas/1/20260828_144528/flow,original,233,85.0940,0.000430
2026-08-28 14:46:48.671,capturas/1/20260828_144528/flow,original,234,85.3130,0.001043
2026-08-28 14:46:48.874,capturas/1/20260828_144528/flow,original,235,85.5160,0.000000
2026-08-28 14:46:49.077,capturas/1/20260828_144528/flow,original,236,85.7190,0.001692
2026-08-28 14:46:49.311,capturas/1/20260828_144528/flow,original,237,85.9530,0.000292
2026-08-28 14:46:49.514,capturas/1/20260828_144528/flow,original,238,86.1560,0.000000
2026-08-28 14:46:49.733,capturas/1/20260828_144528/flow,original,239,86.3750,0.000000
2026-08-28 14:46:49.874,capturas/1/20260828_144528/flow,original,240,86.5160,0.000000
2026-08-28 14:46:50.108,capturas/1/20260828_144528/flow,original,241,86.7500,0.000000
2026-08-28 14:46:50.264,capturas/1/20260828_144528/flow,original,242,86.9060,0.000000
2026-08-28 14:46:50.467,capturas/1/20260828_144528/flow,original,243,87.1090,0.000612
2026-08-28 14:46:50.686,capturas/1/20260828_144528/flow,original,244,87.3280,0.000309
2026-08-28 14:46:50.889,capturas/1/20260828_144528/flow,original,245,87.5310,0.000186
2026-08-28 14:46:51.077,capturas/1/20260828_144528/flow,original,246,87.7190,0.001614
2026-08-28 14:46:51.296,capturas/1/20260828_144528/flow,original,247,87.9380,0.002517
2026-08-28 14:46:51.514,capturas/1/20260828_144528/flow,original,248,88.1560,0.000190
2026-08-28 14:46:51.702,capturas/1/20260828_144528/flow,original,249,88.3440,0.000000
2026-08-28 14:46:51.905,capturas/1/20260828_144528/flow,original,250,88.5470,0.000388
2026-08-28 14:46:52.108,capturas/1/20260828_144528/flow,original,251,88.7500,0.000000
2026-08-28 14:46:52.327,capturas/1/20260828_144528/flow,original,252,88.9690,0.000000
2026-08-28 14:46:52.530,capturas/1/20260828_144528/flow,original,253,89.1720,0.000000
2026-08-28 14:46:52.749,capturas/1/20260828_144528/flow,original,254,89.3910,0.000000
2026-08-28 14:46:52.952,capturas/1/20260828_144528/flow,original,255,89.5940,0.000000
2026-08-28 14:46:53.155,capturas/1/20260828_144528/flow,original,256,89.7970,0.000000
2026-08-28 14:46:53.389,capturas/1/20260828_144528/flow,original,257,90.0310,0.000000
2026-08-28 14:46:53.577,capturas/1/20260828_144528/flow,original,258,90.2190,0.000000
2026-08-28 14:46:53.780,capturas/1/20260828_144528/flow,original,259,90.4220,0.000183
2026-08-28 14:46:53.967,capturas/1/20260828_144528/flow,original,260,90.6090,0.000000
2026-08-28 14:46:54.155,capturas/1/20260828_144528/flow,original,261,90.7970,0.000000
2026-08-28 14:46:54.327,capturas/1/20260828_144528/flow,original,262,90.9690,0.000000
2026-08-28 14:46:54.530,capturas/1/20260828_144528/flow,original,263,91.1720,0.000000
2026-08-28 14:46:54.749,capturas/1/20260828_144528/flow,original,264,91.3910,0.000000
2026-08-28 14:46:54.967,capturas/1/20260828_144528/flow,original,265,91.6090,0.000000
2026-08-28 14:46:55.171,capturas/1/20260828_144528/flow,original,266,91.8130,0.000000
2026-08-28 14:46:55.358,capturas/1/20260828_144528/flow,original,267,92.0000,0.000000
2026-08-28 14:46:55.577,capturas/1/20260828_144528/flow,original,268,92.2190,0.000000
2026-08-28 14:46:55.796,capturas/1/20260828_144528/flow,original,269,92.4380,0.000000
2026-08-28 14:46:55.983,capturas/1/20260828_144528/flow,original,270,92.6250,0.000000
2026-08-28 14:46:56.155,capturas/1/20260828_144528/flow,original,271,92.7970,0.000000
2026-08-28 14:46:56.342,capturas/1/20260828_144528/flow,original,272,92.9840,0.000000
2026-08-28 14:46:56.561,capturas/1/20260828_144528/flow,original,273,93.2030,0.001829
2026-08-28 14:46:56.717,capturas/1/20260828_144528/flow,original,274,93.3590,0.000000
2026-08-28 14:46:56.921,capturas/1/20260828_144528/flow,original,275,93.5630,0.000000
2026-08-28 14:46:57.124,capturas/1/20260828_144528/flow,original,276,93.7660,0.000000
2026-08-28 14:46:57.327,capturas/1/20260828_144528/flow,original,277,93.9690,0.000000
2026-08-28 14:46:57.530,capturas/1/20260828_144528/flow,original,278,94.1720,0.000000
2026-08-28 14:46:57.733,capturas/1/20260828_144528/flow,original,279,94.3750,0.000000
2026-08-28 14:46:57.936,capturas/1/20260828_144528/flow,original,280,94.5780,0.000000
2026-08-28 14:46:58.171,capturas/1/20260828_144528/flow,original,281,94.8130,0.000000
2026-08-28 14:46:58.327,capturas/1/20260828_144528/flow,original,282,94.9690,0.000000
2026-08-28 14:46:58.546,capturas/1/20260828_144528/flow,original,283,95.1880,0.000000
2026-08-28 14:46:58.764,capturas/1/20260828_144528/flow,original,284,95.4060,0.000000
2026-08-28 14:46:58.967,capturas/1/20260828_144528/flow,original,285,95.6090,0.000000
2026-08-28 14:46:59.171,capturas/1/20260828_144528/flow,original,286,95.8130,0.000568
2026-08-28 14:46:59.389,capturas/1/20260828_144528/flow,original,287,96.0310,0.000000
2026-08-28 14:46:59.608,capturas/1/20260828_144528/flow,original,288,96.2500,0.000000
2026-08-28 14:46:59.780,capturas/1/20260828_144528/flow,original,289,96.4220,0.000000
2026-08-28 14:46:59.983,capturas/1/20260828_144528/flow,original,290,96.6250,0.008073
2026-08-28 14:47:00.124,capturas/1/20260828_144528/flow,original,291,96.7660,0.028079
2026-08-28 14:47:00.327,capturas/1/20260828_144528/flow,original,292,96.9690,0.044098
2026-08-28 14:47:00.530,capturas/1/20260828_144528/flow,original,293,97.1720,0.014337
2026-08-28 14:47:00.764,capturas/1/20260828_144528/flow,original,294,97.4060,0.009076
2026-08-28 14:47:00.983,capturas/1/20260828_144528/flow,original,295,97.6250,0.003268
2026-08-28 14:47:01.139,capturas/1/20260828_144528/flow,original,296,97.7810,0.008299
2026-08-28 14:47:01.327,capturas/1/20260828_144528/flow,original,297,97.9690,0.006395
2026-08-28 14:47:01.546,capturas/1/20260828_144528/flow,original,298,98.1880,0.000780
2026-08-28 14:47:01.764,capturas/1/20260828_144528/flow,original,299,98.4060,0.000189
2026-08-28 14:47:01.936,capturas/1/20260828_144528/flow,original,300,98.5780,0.000000
2026-08-28 14:47:02.124,capturas/1/20260828_144528/flow,original,301,98.7660,0.000318
2026-08-28 14:47:02.264,capturas/1/20260828_144528/flow,original,302,98.9060,0.000000
2026-08-28 14:47:02.999,capturas/1/20260828_144528/flow,original,303,99.6410,0.000000
2026-08-28 14:47:03.217,capturas/1/20260828_144528/flow,original,304,99.8590,0.000000
2026-08-28 14:47:03.421,capturas/1/20260828_144528/flow,original,305,100.0630,0.000000
2026-08-28 14:47:03.592,capturas/1/20260828_144528/flow,original,306,100.2340,0.000000
2026-08-28 14:47:03.733,capturas/1/20260828_144528/flow,original,307,100.3750,0.000888
2026-08-28 14:47:03.842,capturas/1/20260828_144528/flow,original,308,100.4840,0.000217
2026-08-28 14:47:04.030,capturas/1/20260828_144528/flow,original,309,100.6720,0.000000
2026-08-28 14:47:04.217,capturas/1/20260828_144528/flow,original,310,100.8590,0.000200
2026-08-28 14:47:04.421,capturas/1/20260828_144528/flow,original,311,101.0630,0.000000
2026-08-28 14:47:04.608,capturas/1/20260828_144528/flow,original,312,101.2500,0.000000
2026-08-28 14:47:04.811,capturas/1/20260828_144528/flow,original,313,101.4530,0.000000
2026-08-28 14:47:05.014,capturas/1/20260828_144528/flow,original,314,101.6560,0.000000
2026-08-28 14:47:05.217,capturas/1/20260828_144528/flow,original,315,101.8590,0.000000
2026-08-28 14:47:05.421,capturas/1/20260828_144528/flow,original,316,102.0630,0.000000
2026-08-28 14:47:05.561,capturas/1/20260828_144528/flow,original,317,102.2030,0.000000
2026-08-28 14:47:05.764,capturas/1/20260828_144528/flow,original,318,102.4060,0.000000
2026-08-28 14:47:05.967,capturas/1/20260828_144528/flow,original,319,102.6090,0.000202
2026-08-28 14:47:06.171,capturas/1/20260828_144528/flow,original,320,102.8130,0.000000
2026-08-28 14:47:06.358,capturas/1/20260828_144528/flow,original,321,103.0000,0.000000
2026-08-28 14:47:06.592,capturas/1/20260828_144528/flow,original,322,103.2340,0.000000
2026-08-28 14:47:06.811,capturas/1/20260828_144528/flow,original,323,103.4530,0.000698
2026-08-28 14:47:06.999,capturas/1/20260828_144528/flow,original,324,103.6410,0.000000
2026-08-28 14:47:07.202,capturas/1/20260828_144528/flow,original,325,103.8440,0.001488
2026-08-28 14:47:07.421,capturas/1/20260828_144528/flow,original,326,104.0630,0.000000
2026-08-28 14:47:07.639,capturas/1/20260828_144528/flow,original,327,104.2810,0.000000
2026-08-28 14:47:07.842,capturas/1/20260828_144528/flow,original,328,104.4840,0.000634
2026-08-28 14:47:07.967,capturas/1/20260828_144528/flow,original,329,104.6090,0.000000
2026-08-28 14:47:08.171,capturas/1/20260828_144528/flow,original,330,104.8130,0.000175
2026-08-28 14:47:08.389,capturas/1/20260828_144528/flow,original,331,105.0310,0.001066
2026-08-28 14:47:08.608,capturas/1/20260828_144528/flow,original,332,105.2500,0.000000
2026-08-28 14:47:08.811,capturas/1/20260828_144528/flow,original,333,105.4530,0.000202
2026-08-28 14:47:09.030,capturas/1/20260828_144528/flow,original,334,105.6720,0.000000
2026-08-28 14:47:09.217,capturas/1/20260828_144528/flow,original,335,105.8590,0.000236
2026-08-28 14:47:09.421,capturas/1/20260828_144528/flow,original,336,106.0630,0.000468
2026-08-28 14:47:09.561,capturas/1/20260828_144528/flow,original,337,106.2030,0.001605
2026-08-28 14:47:09.749,capturas/1/20260828_144528/flow,original,338,106.3910,0.000000
2026-08-28 14:47:09.952,capturas/1/20260828_144528/flow,original,339,106.5940,0.000000
2026-08-28 14:47:10.108,capturas/1/20260828_144528/flow,original,340,106.7500,0.000000
2026-08-28 14:47:10.280,capturas/1/20260828_144528/flow,original,341,106.9220,0.000000
2026-08-28 14:47:10.514,capturas/1/20260828_144528/flow,original,342,107.1560,0.000000
2026-08-28 14:47:10.780,capturas/1/20260828_144528/flow,original,343,107.4220,0.000000
2026-08-28 14:47:10.983,capturas/1/20260828_144528/flow,original,344,107.6250,0.000000
2026-08-28 14:47:11.202,capturas/1/20260828_144528/flow,original,345,107.8440,0.000000
2026-08-28 14:47:11.405,capturas/1/20260828_144528/flow,original,346,108.0470,0.000000
2026-08-28 14:47:11.608,capturas/1/20260828_144528/flow,original,347,108.2500,0.000000
2026-08-28 14:47:11.811,capturas/1/20260828_144528/flow,original,348,108.4530,0.000000
2026-08-28 14:47:11.999,capturas/1/20260828_144528/flow,original,349,108.6410,0.000000
2026-08-28 14:47:12.233,capturas/1/20260828_144528/flow,original,350,108.8750,0.000000
2026-08-28 14:47:12.421,capturas/1/20260828_144528/flow,original,351,109.0630,0.000000
2026-08-28 14:47:12.639,capturas/1/20260828_144528/flow,original,352,109.2810,0.000000
2026-08-28 14:47:12.842,capturas/1/20260828_144528/flow,original,353,109.4840,0.000000
2026-08-28 14:47:13.046,capturas/1/20260828_144528/flow,original,354,109.6880,0.000000
2026-08-28 14:47:13.233,capturas/1/20260828_144528/flow,original,355,109.8750,0.000000
2026-08-28 14:47:13.452,capturas/1/20260828_144528/flow,original,356,110.0940,0.000000
2026-08-28 14:47:13.671,capturas/1/20260828_144528/flow,original,357,110.3130,0.000000
2026-08-28 14:47:13.889,capturas/1/20260828_144528/flow,original,358,110.5310,0.000000
2026-08-28 14:47:14.139,capturas/1/20260828_144528/flow,original,359,110.7810,0.000000
2026-08-28 14:47:14.374,capturas/1/20260828_144528/flow,original,360,111.0160,0.000000
2026-08-28 14:47:14.577,capturas/1/20260828_144528/flow,original,361,111.2190,0.000000
2026-08-28 14:47:14.811,capturas/1/20260828_144528/flow,original,362,111.4530,0.000000
2026-08-28 14:47:15.030,capturas/1/20260828_144528/flow,original,363,111.6720,0.000000
2026-08-28 14:47:15.280,capturas/1/20260828_144528/flow,original,364,111.9220,0.000000
2026-08-28 14:47:15.499,capturas/1/20260828_144528/flow,original,365,112.1410,0.000000
2026-08-28 14:47:15.655,capturas/1/20260828_144528/flow,original,366,112.2970,0.000000
2026-08-28 14:47:15.858,capturas/1/20260828_144528/flow,original,367,112.5000,0.000000
2026-08-28 14:47:16.030,capturas/1/20260828_144528/flow,original,368,112.6720,0.000465
2026-08-28 14:47:16.217,capturas/1/20260828_144528/flow,original,369,112.8590,0.000000
2026-08-28 14:47:16.405,capturas/1/20260828_144528/flow,original,370,113.0470,0.000939
2026-08-28 14:47:16.592,capturas/1/20260828_144528/flow,original,371,113.2340,0.000000
2026-08-28 14:47:16.874,capturas/1/20260828_144528/flow,original,372,113.5160,0.000223
2026-08-28 14:47:17.092,capturas/1/20260828_144528/flow,original,373,113.7340,0.000000
2026-08-28 14:47:17.296,capturas/1/20260828_144528/flow,original,374,113.9380,0.000000
2026-08-28 14:47:17.514,capturas/1/20260828_144528/flow,original,375,114.1560,0.000000
2026-08-28 14:47:17.733,capturas/1/20260828_144528/flow,original,376,114.3750,0.000000
2026-08-28 14:47:17.936,capturas/1/20260828_144528/flow,original,377,114.5780,0.000000
2026-08-28 14:47:18.139,capturas/1/20260828_144528/flow,original,378,114.7810,0.000000
2026-08-28 14:47:18.342,capturas/1/20260828_144528/flow,original,379,114.9840,0.000000
2026-08-28 14:47:18.530,capturas/1/20260828_144528/flow,original,380,115.1720,0.000000
2026-08-28 14:47:18.717,capturas/1/20260828_144528/flow,original,381,115.3590,0.000482
2026-08-28 14:47:18.889,capturas/1/20260828_144528/flow,original,382,115.5310,0.000000
2026-08-28 14:47:19.108,capturas/1/20260828_144528/flow,original,383,115.7500,0.000268
2026-08-28 14:47:19.311,capturas/1/20260828_144528/flow,original,384,115.9530,0.000507
2026-08-28 14:47:19.530,capturas/1/20260828_144528/flow,original,385,116.1720,0.005095
2026-08-28 14:47:19.733,capturas/1/20260828_144528/flow,original,386,116.3750,0.002257
2026-08-28 14:47:19.921,capturas/1/20260828_144528/flow,original,387,116.5630,0.002459
2026-08-28 14:47:20.139,capturas/1/20260828_144528/flow,original,388,116.7810,0.002087
2026-08-28 14:47:20.327,capturas/1/20260828_144528/flow,original,389,116.9690,0.000762
2026-08-28 14:47:20.530,capturas/1/20260828_144528/flow,original,390,117.1720,0.000000
2026-08-28 14:47:20.749,capturas/1/20260828_144528/flow,original,391,117.3910,0.000000
2026-08-28 14:47:20.952,capturas/1/20260828_144528/flow,original,392,117.5940,0.000000
2026-08-28 14:47:21.171,capturas/1/20260828_144528/flow,original,393,117.8130,0.000000
2026-08-28 14:47:21.389,capturas/1/20260828_144528/flow,original,394,118.0310,0.000000
2026-08-28 14:47:21.624,capturas/1/20260828_144528/flow,original,395,118.2660,0.000000
2026-08-28 14:47:21.827,capturas/1/20260828_144528/flow,original,396,118.4690,0.000000
2026-08-28 14:47:22.030,capturas/1/20260828_144528/flow,original,397,118.6720,0.000000
2026-08-28 14:47:22.249,capturas/1/20260828_144528/flow,original,398,118.8910,0.000000
2026-08-28 14:47:22.436,capturas/1/20260828_144528/flow,original,399,119.0780,0.000000
2026-08-28 14:47:22.608,capturas/1/20260828_144528/flow,original,400,119.2500,0.000000
2026-08-28 14:47:22.796,capturas/1/20260828_144528/flow,original,401,119.4380,0.000000
2026-08-28 14:47:22.952,capturas/1/20260828_144528/flow,original,402,119.5940,0.000000
2026-08-28 14:47:23.171,capturas/1/20260828_144528/flow,original,403,119.8130,0.000000
2026-08-28 14:47:23.374,capturas/1/20260828_144528/flow,original,404,120.0160,0.000000
2026-08-28 14:47:23.546,capturas/1/20260828_144528/flow,original,405,120.1880,0.000000
2026-08-28 14:47:23.780,capturas/1/20260828_144528/flow,original,406,120.4220,0.000000
2026-08-28 14:47:23.967,capturas/1/20260828_144528/flow,original,407,120.6090,0.000000
2026-08-28 14:47:24.186,capturas/1/20260828_144528/flow,original,408,120.8280,0.000000
2026-08-28 14:47:24.311,capturas/1/20260828_144528/flow,original,409,120.9530,0.000000
2026-08-28 14:47:24.530,capturas/1/20260828_144528/flow,original,410,121.1720,0.000000
2026-08-28 14:47:24.717,capturas/1/20260828_144528/flow,original,411,121.3590,0.000000
2026-08-28 14:47:24.921,capturas/1/20260828_144528/flow,original,412,121.5630,0.000863
2026-08-28 14:47:25.155,capturas/1/20260828_144528/flow,original,413,121.7970,0.000000
2026-08-28 14:47:25.342,capturas/1/20260828_144528/flow,original,414,121.9840,0.000184
2026-08-28 14:47:25.608,capturas/1/20260828_144528/flow,original,415,122.2500,0.000000
2026-08-28 14:47:25.780,capturas/1/20260828_144528/flow,original,416,122.4220,0.000000
2026-08-28 14:47:25.952,capturas/1/20260828_144528/flow,original,417,122.5940,0.000164
2026-08-28 14:47:26.155,capturas/1/20260828_144528/flow,original,418,122.7970,0.000208
2026-08-28 14:47:26.374,capturas/1/20260828_144528/flow,original,419,123.0160,0.002274
2026-08-28 14:47:26.561,capturas/1/20260828_144528/flow,original,420,123.2030,0.000000
2026-08-28 14:47:26.749,capturas/1/20260828_144528/flow,original,421,123.3910,0.000000
2026-08-28 14:47:26.967,capturas/1/20260828_144528/flow,original,422,123.6090,0.000000
2026-08-28 14:47:27.186,capturas/1/20260828_144528/flow,original,423,123.8280,0.000226
2026-08-28 14:47:27.421,capturas/1/20260828_144528/flow,original,424,124.0630,0.000000
2026-08-28 14:47:27.655,capturas/1/20260828_144528/flow,original,425,124.2970,0.000000
2026-08-28 14:47:27.842,capturas/1/20260828_144528/flow,original,426,124.4840,0.000000
2026-08-28 14:47:27.999,capturas/1/20260828_144528/flow,original,427,124.6410,0.000000
2026-08-28 14:47:28.217,capturas/1/20260828_144528/flow,original,428,124.8590,0.000000
2026-08-28 14:47:28.405,capturas/1/20260828_144528/flow,original,429,125.0470,0.000000
2026-08-28 14:47:28.624,capturas/1/20260828_144528/flow,original,430,125.2660,0.000000
2026-08-28 14:47:28.827,capturas/1/20260828_144528/flow,original,431,125.4690,0.004809
2026-08-28 14:47:28.952,capturas/1/20260828_144528/flow,original,432,125.5940,0.006452
2026-08-28 14:47:29.124,capturas/1/20260828_144528/flow,original,433,125.7660,0.000000
2026-08-28 14:47:29.327,capturas/1/20260828_144528/flow,original,434,125.9690,0.000000
2026-08-28 14:47:29.546,capturas/1/20260828_144528/flow,original,435,126.1880,0.001123
2026-08-28 14:47:29.764,capturas/1/20260828_144528/flow,original,436,126.4060,0.000000
2026-08-28 14:47:29.967,capturas/1/20260828_144528/flow,original,437,126.6090,0.000000
2026-08-28 14:47:30.186,capturas/1/20260828_144528/flow,original,438,126.8280,0.000000
2026-08-28 14:47:30.389,capturas/1/20260828_144528/flow,original,439,127.0310,0.000000
2026-08-28 14:47:30.639,capturas/1/20260828_144528/flow,original,440,127.2810,0.000000
2026-08-28 14:47:30.842,capturas/1/20260828_144528/flow,original,441,127.4840,0.000000
2026-08-28 14:47:30.999,capturas/1/20260828_144528/flow,original,442,127.6410,0.000279
2026-08-28 14:47:31.171,capturas/1/20260828_144528/flow,original,443,127.8130,0.003332
2026-08-28 14:47:31.374,capturas/1/20260828_144528/flow,original,444,128.0160,0.001292
2026-08-28 14:47:31.577,capturas/1/20260828_144528/flow,original,445,128.2190,0.001431
2026-08-28 14:47:31.796,capturas/1/20260828_144528/flow,original,446,128.4380,0.000482
2026-08-28 14:47:31.999,capturas/1/20260828_144528/flow,original,447,128.6410,0.000715
2026-08-28 14:47:32.202,capturas/1/20260828_144528/flow,original,448,128.8440,0.000000
2026-08-28 14:47:32.436,capturas/1/20260828_144528/flow,original,449,129.0780,0.000000
2026-08-28 14:47:32.655,capturas/1/20260828_144528/flow,original,450,129.2970,0.001305
2026-08-28 14:47:32.858,capturas/1/20260828_144528/flow,original,451,129.5000,0.000717
2026-08-28 14:47:32.983,capturas/1/20260828_144528/flow,original,452,129.6250,0.000000
2026-08-28 14:47:33.186,capturas/1/20260828_144528/flow,original,453,129.8280,0.000354
2026-08-28 14:47:33.389,capturas/1/20260828_144528/flow,original,454,130.0310,0.005146
2026-08-28 14:47:33.530,capturas/1/20260828_144528/flow,original,455,130.1720,0.000852
2026-08-28 14:47:33.749,capturas/1/20260828_144528/flow,original,456,130.3910,0.001252
2026-08-28 14:47:33.889,capturas/1/20260828_144528/flow,original,457,130.5310,0.000208
2026-08-28 14:47:34.014,capturas/1/20260828_144528/flow,original,458,130.6560,0.000473
2026-08-28 14:47:34.233,capturas/1/20260828_144528/flow,original,459,130.8750,0.001613
2026-08-28 14:47:34.467,capturas/1/20260828_144528/flow,original,460,131.1090,0.000000
2026-08-28 14:47:34.671,capturas/1/20260828_144528/flow,original,461,131.3130,0.000000
2026-08-28 14:47:34.874,capturas/1/20260828_144528/flow,original,462,131.5160,0.000000
2026-08-28 14:47:34.999,capturas/1/20260828_144528/flow,original,463,131.6410,0.001853
2026-08-28 14:47:35.186,capturas/1/20260828_144528/flow,original,464,131.8280,0.003504
2026-08-28 14:47:35.374,capturas/1/20260828_144528/flow,original,465,132.0160,0.001508
2026-08-28 14:47:35.546,capturas/1/20260828_144528/flow,original,466,132.1880,0.000392
2026-08-28 14:47:35.764,capturas/1/20260828_144528/flow,original,467,132.4060,0.004673
2026-08-28 14:47:35.967,capturas/1/20260828_144528/flow,original,468,132.6090,0.005396
2026-08-28 14:47:36.155,capturas/1/20260828_144528/flow,original,469,132.7970,0.002760
2026-08-28 14:47:36.358,capturas/1/20260828_144528/flow,original,470,133.0000,0.000577
2026-08-28 14:47:36.592,capturas/1/20260828_144528/flow,original,471,133.2340,0.000345
2026-08-28 14:47:36.780,capturas/1/20260828_144528/flow,original,472,133.4220,0.000594
2026-08-28 14:47:36.967,capturas/1/20260828_144528/flow,original,473,133.6090,0.000190
2026-08-28 14:47:37.186,capturas/1/20260828_144528/flow,original,474,133.8280,0.000211
2026-08-28 14:47:37.389,capturas/1/20260828_144528/flow,original,475,134.0310,0.002153
2026-08-28 14:47:37.608,capturas/1/20260828_144528/flow,original,476,134.2500,0.001197
2026-08-28 14:47:37.827,capturas/1/20260828_144528/flow,original,477,134.4690,0.001440
2026-08-28 14:47:37.952,capturas/1/20260828_144528/flow,original,478,134.5940,0.000196
2026-08-28 14:47:38.155,capturas/1/20260828_144528/flow,original,479,134.7970,0.001448
2026-08-28 14:47:38.374,capturas/1/20260828_144528/flow,original,480,135.0160,0.005623
2026-08-28 14:47:38.530,capturas/1/20260828_144528/flow,original,481,135.1720,0.001442
2026-08-28 14:47:38.717,capturas/1/20260828_144528/flow,original,482,135.3590,0.000829
2026-08-28 14:47:38.936,capturas/1/20260828_144528/flow,original,483,135.5780,0.001030
2026-08-28 14:47:39.061,capturas/1/20260828_144528/flow,original,484,135.7030,0.003555
2026-08-28 14:47:39.280,capturas/1/20260828_144528/flow,original,485,135.9220,0.000000
2026-08-28 14:47:39.499,capturas/1/20260828_144528/flow,original,486,136.1410,0.001973
2026-08-28 14:47:39.686,capturas/1/20260828_144528/flow,original,487,136.3280,0.003385
2026-08-28 14:47:39.921,capturas/1/20260828_144528/flow,original,488,136.5630,0.001549
2026-08-28 14:47:40.077,capturas/1/20260828_144528/flow,original,489,136.7190,0.003072
2026-08-28 14:47:40.280,capturas/1/20260828_144528/flow,original,490,136.9220,0.004487
2026-08-28 14:47:40.483,capturas/1/20260828_144528/flow,original,491,137.1250,0.000466
2026-08-28 14:47:40.624,capturas/1/20260828_144528/flow,original,492,137.2660,0.005615
2026-08-28 14:47:40.827,capturas/1/20260828_144528/flow,original,493,137.4690,0.000883
2026-08-28 14:47:40.967,capturas/1/20260828_144528/flow,original,494,137.6090,0.001599
2026-08-28 14:47:41.155,capturas/1/20260828_144528/flow,original,495,137.7970,0.011229
2026-08-28 14:47:41.358,capturas/1/20260828_144528/flow,original,496,138.0000,0.010108
2026-08-28 14:47:41.561,capturas/1/20260828_144528/flow,original,497,138.2030,0.003053
2026-08-28 14:47:41.764,capturas/1/20260828_144528/flow,original,498,138.4060,0.000000
2026-08-28 14:47:41.983,capturas/1/20260828_144528/flow,original,499,138.6250,0.000000
2026-08-28 14:47:42.186,capturas/1/20260828_144528/flow,original,500,138.8280,0.000000
2026-08-28 14:47:42.436,capturas/1/20260828_144528/flow,original,501,139.0780,0.000000
2026-08-28 14:47:42.639,capturas/1/20260828_144528/flow,original,502,139.2810,0.000000
2026-08-28 14:47:42.827,capturas/1/20260828_144528/flow,original,503,139.4690,0.000459
2026-08-28 14:47:43.014,capturas/1/20260828_144528/flow,original,504,139.6560,0.000717
2026-08-28 14:47:43.249,capturas/1/20260828_144528/flow,original,505,139.8910,0.030520
2026-08-28 14:47:43.389,capturas/1/20260828_144528/flow,original,506,140.0310,0.014813
2026-08-28 14:47:43.577,capturas/1/20260828_144528/flow,original,507,140.2190,0.006893
2026-08-28 14:47:43.780,capturas/1/20260828_144528/flow,original,508,140.4220,0.291812
2026-08-28 14:47:44.014,capturas/1/20260828_144528/flow,original,509,140.6560,0.820137
2026-08-28 14:47:44.155,capturas/1/20260828_144528/flow,original,510,140.7970,3.135542
2026-08-28 14:47:44.358,capturas/1/20260828_144528/flow,original,511,141.0000,3.543570
2026-08-28 14:47:44.530,capturas/1/20260828_144528/flow,original,512,141.1720,3.841656
2026-08-28 14:47:44.749,capturas/1/20260828_144528/flow,original,513,141.3910,5.988443
2026-08-28 14:47:44.952,capturas/1/20260828_144528/flow,original,514,141.5940,6.762507
2026-08-28 14:47:45.139,capturas/1/20260828_144528/flow,original,515,141.7810,7.500226
2026-08-28 14:47:45.358,capturas/1/20260828_144528/flow,original,516,142.0000,12.419980
2026-08-28 14:47:45.561,capturas/1/20260828_144528/flow,original,517,142.2030,13.107576
2026-08-28 14:47:45.796,capturas/1/20260828_144528/flow,original,518,142.4380,13.756793
2026-08-28 14:47:46.014,capturas/1/20260828_144528/flow,original,519,142.6560,14.451821
2026-08-28 14:47:46.155,capturas/1/20260828_144528/flow,original,520,142.7970,15.193710
2026-08-28 14:47:46.389,capturas/1/20260828_144528/flow,original,521,143.0310,16.723916
2026-08-28 14:47:46.592,capturas/1/20260828_144528/flow,original,522,143.2340,16.518912
2026-08-28 14:47:46.811,capturas/1/20260828_144528/flow,original,523,143.4530,16.295725
2026-08-28 14:47:46.999,capturas/1/20260828_144528/flow,original,524,143.6410,16.017443
2026-08-28 14:47:47.139,capturas/1/20260828_144528/flow,original,525,143.7810,15.360219
2026-08-28 14:47:47.311,capturas/1/20260828_144528/flow,original,526,143.9530,15.477197
2026-08-28 14:47:47.499,capturas/1/20260828_144528/flow,original,527,144.1410,15.788710
2026-08-28 14:47:47.702,capturas/1/20260828_144528/flow,original,528,144.3440,16.142356
2026-08-28 14:47:47.921,capturas/1/20260828_144528/flow,original,529,144.5630,15.788857
2026-08-28 14:47:48.108,capturas/1/20260828_144528/flow,original,530,144.7500,14.975879
2026-08-28 14:47:48.327,capturas/1/20260828_144528/flow,original,531,144.9690,14.759454
2026-08-28 14:47:48.561,capturas/1/20260828_144528/flow,original,532,145.2030,14.641435
2026-08-28 14:47:48.827,capturas/1/20260828_144528/flow,original,533,145.4690,13.927805
2026-08-28 14:47:49.030,capturas/1/20260828_144528/flow,original,534,145.6720,13.746059
2026-08-28 14:47:49.155,capturas/1/20260828_144528/flow,original,535,145.7970,13.427820
2026-08-28 14:47:49.374,capturas/1/20260828_144528/flow,original,536,146.0160,13.399618
2026-08-28 14:47:49.592,capturas/1/20260828_144528/flow,original,537,146.2340,13.386757
2026-08-28 14:47:49.827,capturas/1/20260828_144528/flow,original,538,146.4690,14.806122
2026-08-28 14:47:50.046,capturas/1/20260828_144528/flow,original,539,146.6880,15.535321
2026-08-28 14:47:50.186,capturas/1/20260828_144528/flow,original,540,146.8280,17.420332
2026-08-28 14:47:50.405,capturas/1/20260828_144528/flow,original,541,147.0470,17.948708
2026-08-28 14:47:50.624,capturas/1/20260828_144528/flow,original,542,147.2660,18.508747
2026-08-28 14:47:50.858,capturas/1/20260828_144528/flow,original,543,147.5000,20.728962
2026-08-28 14:47:51.077,capturas/1/20260828_144528/flow,original,544,147.7190,21.227123
2026-08-28 14:47:51.311,capturas/1/20260828_144528/flow,original,545,147.9530,22.028493
2026-08-28 14:47:51.499,capturas/1/20260828_144528/flow,original,546,148.1410,22.078406
2026-08-28 14:47:51.655,capturas/1/20260828_144528/flow,original,547,148.2970,22.098060
2026-08-28 14:47:51.842,capturas/1/20260828_144528/flow,original,548,148.4840,22.294565
2026-08-28 14:47:52.046,capturas/1/20260828_144528/flow,original,549,148.6880,22.260239
2026-08-28 14:47:52.171,capturas/1/20260828_144528/flow,original,550,148.8130,22.265515
2026-08-28 14:47:52.405,capturas/1/20260828_144528/flow,original,551,149.0470,22.413645
2026-08-28 14:47:52.624,capturas/1/20260828_144528/flow,original,552,149.2660,22.086725
2026-08-28 14:47:52.874,capturas/1/20260828_144528/flow,original,553,149.5160,21.739622
2026-08-28 14:47:53.077,capturas/1/20260828_144528/flow,original,554,149.7190,21.448130
2026-08-28 14:47:53.280,capturas/1/20260828_144528/flow,original,555,149.9220,20.953794
2026-08-28 14:47:53.499,capturas/1/20260828_144528/flow,original,556,150.1410,20.906561
2026-08-28 14:47:53.702,capturas/1/20260828_144528/flow,original,557,150.3440,20.988271
2026-08-28 14:47:53.952,capturas/1/20260828_144528/flow,original,558,150.5940,21.376366
2026-08-28 14:47:54.171,capturas/1/20260828_144528/flow,original,559,150.8130,21.456868
2026-08-28 14:47:54.311,capturas/1/20260828_144528/flow,original,560,150.9530,21.302987
2026-08-28 14:47:54.530,capturas/1/20260828_144528/flow,original,561,151.1720,21.202511
2026-08-28 14:47:54.733,capturas/1/20260828_144528/flow,original,562,151.3750,21.204536
2026-08-28 14:47:54.936,capturas/1/20260828_144528/flow,original,563,151.5780,21.725420
2026-08-28 14:47:55.108,capturas/1/20260828_144528/flow,original,564,151.7500,21.635375
2026-08-28 14:47:55.296,capturas/1/20260828_144528/flow,original,565,151.9380,21.145276
2026-08-28 14:47:55.499,capturas/1/20260828_144528/flow,original,566,152.1410,21.072086
2026-08-28 14:47:55.717,capturas/1/20260828_144528/flow,original,567,152.3590,21.119199
2026-08-28 14:47:55.905,capturas/1/20260828_144528/flow,original,568,152.5470,20.852117
2026-08-28 14:47:56.124,capturas/1/20260828_144528/flow,original,569,152.7660,20.686238
2026-08-28 14:47:56.327,capturas/1/20260828_144528/flow,original,570,152.9690,20.625654
2026-08-28 14:47:56.546,capturas/1/20260828_144528/flow,original,571,153.1880,20.704627
2026-08-28 14:47:56.749,capturas/1/20260828_144528/flow,original,572,153.3910,20.714573
2026-08-28 14:47:56.967,capturas/1/20260828_144528/flow,original,573,153.6090,21.156525
2026-08-28 14:47:57.171,capturas/1/20260828_144528/flow,original,574,153.8130,21.282720
2026-08-28 14:47:57.374,capturas/1/20260828_144528/flow,original,575,154.0160,21.274606
2026-08-28 14:47:57.561,capturas/1/20260828_144528/flow,original,576,154.2030,20.695722
2026-08-28 14:47:57.780,capturas/1/20260828_144528/flow,original,577,154.4220,20.582522
2026-08-28 14:47:58.014,capturas/1/20260828_144528/flow,original,578,154.6560,20.553316
2026-08-28 14:47:58.233,capturas/1/20260828_144528/flow,original,579,154.8750,20.559300
2026-08-28 14:47:58.405,capturas/1/20260828_144528/flow,original,580,155.0470,20.469409
2026-08-28 14:47:58.608,capturas/1/20260828_144528/flow,original,581,155.2500,20.311422
2026-08-28 14:47:58.827,capturas/1/20260828_144528/flow,original,582,155.4690,20.134495
2026-08-28 14:47:59.046,capturas/1/20260828_144528/flow,original,583,155.6880,20.007115
2026-08-28 14:47:59.233,capturas/1/20260828_144528/flow,original,584,155.8750,19.901850
2026-08-28 14:47:59.436,capturas/1/20260828_144528/flow,original,585,156.0780,19.307820
2026-08-28 14:47:59.671,capturas/1/20260828_144528/flow,original,586,156.3130,19.198726
2026-08-28 14:47:59.874,capturas/1/20260828_144528/flow,original,587,156.5160,19.174889
2026-08-28 14:48:00.030,capturas/1/20260828_144528/flow,original,588,156.6720,19.259196
2026-08-28 14:48:00.217,capturas/1/20260828_144528/flow,original,589,156.8590,19.312943
2026-08-28 14:48:00.436,capturas/1/20260828_144528/flow,original,590,157.0780,19.461875
2026-08-28 14:48:00.624,capturas/1/20260828_144528/flow,original,591,157.2660,19.472256
2026-08-28 14:48:00.858,capturas/1/20260828_144528/flow,original,592,157.5000,19.545486
2026-08-28 14:48:01.077,capturas/1/20260828_144528/flow,original,593,157.7190,19.412655
2026-08-28 14:48:01.233,capturas/1/20260828_144528/flow,original,594,157.8750,19.290445
2026-08-28 14:48:01.421,capturas/1/20260828_144528/flow,original,595,158.0630,18.948525
2026-08-28 14:48:01.671,capturas/1/20260828_144528/flow,original,596,158.3130,18.737862
2026-08-28 14:48:01.842,capturas/1/20260828_144528/flow,original,597,158.4840,18.516117
2026-08-28 14:48:02.077,capturas/1/20260828_144528/flow,original,598,158.7190,18.464596
2026-08-28 14:48:02.296,capturas/1/20260828_144528/flow,original,599,158.9380,18.560699
2026-08-28 14:48:02.514,capturas/1/20260828_144528/flow,original,600,159.1560,18.799753
2026-08-28 14:48:02.733,capturas/1/20260828_144528/flow,original,601,159.3750,18.981698
2026-08-28 14:48:02.967,capturas/1/20260828_144528/flow,original,602,159.6090,19.148407
2026-08-28 14:48:03.139,capturas/1/20260828_144528/flow,original,603,159.7810,19.750801
2026-08-28 14:48:03.264,capturas/1/20260828_144528/flow,original,604,159.9060,19.712123
2026-08-28 14:48:03.483,capturas/1/20260828_144528/flow,original,605,160.1250,19.597186
2026-08-28 14:48:03.702,capturas/1/20260828_144528/flow,original,606,160.3440,19.545647
2026-08-28 14:48:03.874,capturas/1/20260828_144528/flow,original,607,160.5160,19.537087
2026-08-28 14:48:04.077,capturas/1/20260828_144528/flow,original,608,160.7190,19.038057
2026-08-28 14:48:04.249,capturas/1/20260828_144528/flow,original,609,160.8910,18.922983
2026-08-28 14:48:04.452,capturas/1/20260828_144528/flow,original,610,161.0940,19.162528
2026-08-28 14:48:04.686,capturas/1/20260828_144528/flow,original,611,161.3280,19.252682
2026-08-28 14:48:04.889,capturas/1/20260828_144528/flow,original,612,161.5310,19.315464
2026-08-28 14:48:05.124,capturas/1/20260828_144528/flow,original,613,161.7660,19.473804
2026-08-28 14:48:05.280,capturas/1/20260828_144528/flow,original,614,161.9220,19.608531
2026-08-28 14:48:05.514,capturas/1/20260828_144528/flow,original,615,162.1560,19.872734
2026-08-28 14:48:05.639,capturas/1/20260828_144528/flow,original,616,162.2810,19.953108
2026-08-28 14:48:05.874,capturas/1/20260828_144528/flow,original,617,162.5160,19.933645
2026-08-28 14:48:06.108,capturas/1/20260828_144528/flow,original,618,162.7500,19.740394
2026-08-28 14:48:06.296,capturas/1/20260828_144528/flow,original,619,162.9380,19.759979
2026-08-28 14:48:06.530,capturas/1/20260828_144528/flow,original,620,163.1720,19.927072
2026-08-28 14:48:06.717,capturas/1/20260828_144528/flow,original,621,163.3590,19.769878
2026-08-28 14:48:06.952,capturas/1/20260828_144528/flow,original,622,163.5940,19.742980
2026-08-28 14:48:07.155,capturas/1/20260828_144528/flow,original,623,163.7970,20.038275
2026-08-28 14:48:07.296,capturas/1/20260828_144528/flow,original,624,163.9380,19.917317
2026-08-28 14:48:07.499,capturas/1/20260828_144528/flow,original,625,164.1410,19.796580
2026-08-28 14:48:07.717,capturas/1/20260828_144528/flow,original,626,164.3590,20.188772
2026-08-28 14:48:07.936,capturas/1/20260828_144528/flow,original,627,164.5780,20.456191
2026-08-28 14:48:08.155,capturas/1/20260828_144528/flow,original,628,164.7970,20.672896
2026-08-28 14:48:08.342,capturas/1/20260828_144528/flow,original,629,164.9840,20.709538
2026-08-28 14:48:08.546,capturas/1/20260828_144528/flow,original,630,165.1880,20.630191
2026-08-28 14:48:08.749,capturas/1/20260828_144528/flow,original,631,165.3910,20.703422
2026-08-28 14:48:08.983,capturas/1/20260828_144528/flow,original,632,165.6250,20.612905
2026-08-28 14:48:09.202,capturas/1/20260828_144528/flow,original,633,165.8440,20.455724
2026-08-28 14:48:09.342,capturas/1/20260828_144528/flow,original,634,165.9840,20.222281
2026-08-28 14:48:09.530,capturas/1/20260828_144528/flow,original,635,166.1720,19.210263
2026-08-28 14:48:09.749,capturas/1/20260828_144528/flow,original,636,166.3910,18.900169
2026-08-28 14:48:09.936,capturas/1/20260828_144528/flow,original,637,166.5780,18.690728
2026-08-28 14:48:10.155,capturas/1/20260828_144528/flow,original,638,166.7970,19.213514
2026-08-28 14:48:10.327,capturas/1/20260828_144528/flow,original,639,166.9690,19.098315
2026-08-28 14:48:10.546,capturas/1/20260828_144528/flow,original,640,167.1880,17.506977
2026-08-28 14:48:10.671,capturas/1/20260828_144528/flow,original,641,167.3130,16.984980
2026-08-28 14:48:10.889,capturas/1/20260828_144528/flow,original,642,167.5310,16.402240
2026-08-28 14:48:11.108,capturas/1/20260828_144528/flow,original,643,167.7500,15.586576
2026-08-28 14:48:11.311,capturas/1/20260828_144528/flow,original,644,167.9530,15.825955
2026-08-28 14:48:11.546,capturas/1/20260828_144528/flow,original,645,168.1880,17.281109
2026-08-28 14:48:11.764,capturas/1/20260828_144528/flow,original,646,168.4060,17.636164
2026-08-28 14:48:11.983,capturas/1/20260828_144528/flow,original,647,168.6250,17.968169
2026-08-28 14:48:12.186,capturas/1/20260828_144528/flow,original,648,168.8280,19.196400
2026-08-28 14:48:12.327,capturas/1/20260828_144528/flow,original,649,168.9690,19.479607
2026-08-28 14:48:12.546,capturas/1/20260828_144528/flow,original,650,169.1880,19.777305
2026-08-28 14:48:12.764,capturas/1/20260828_144528/flow,original,651,169.4060,20.345974
2026-08-28 14:48:12.967,capturas/1/20260828_144528/flow,original,652,169.6090,20.058080
2026-08-28 14:48:13.155,capturas/1/20260828_144528/flow,original,653,169.7970,19.685986
2026-08-28 14:48:13.327,capturas/1/20260828_144528/flow,original,654,169.9690,19.304740
2026-08-28 14:48:13.546,capturas/1/20260828_144528/flow,original,655,170.1880,18.122813
2026-08-28 14:48:13.780,capturas/1/20260828_144528/flow,original,656,170.4220,17.900116
2026-08-28 14:48:13.983,capturas/1/20260828_144528/flow,original,657,170.6250,17.913665
2026-08-28 14:48:14.202,capturas/1/20260828_144528/flow,original,658,170.8440,18.264170
2026-08-28 14:48:14.327,capturas/1/20260828_144528/flow,original,659,170.9690,18.000522
2026-08-28 14:48:14.561,capturas/1/20260828_144528/flow,original,660,171.2030,17.086708
2026-08-28 14:48:14.764,capturas/1/20260828_144528/flow,original,661,171.4060,16.741460
2026-08-28 14:48:14.999,capturas/1/20260828_144528/flow,original,662,171.6410,16.341240
2026-08-28 14:48:15.186,capturas/1/20260828_144528/flow,original,663,171.8280,15.431962
2026-08-28 14:48:15.327,capturas/1/20260828_144528/flow,original,664,171.9690,15.321599
2026-08-28 14:48:15.561,capturas/1/20260828_144528/flow,original,665,172.2030,14.934805
2026-08-28 14:48:15.796,capturas/1/20260828_144528/flow,original,666,172.4380,14.855577
2026-08-28 14:48:16.014,capturas/1/20260828_144528/flow,original,667,172.6560,14.882953
2026-08-28 14:48:16.186,capturas/1/20260828_144528/flow,original,668,172.8280,15.701499
2026-08-28 14:48:16.342,capturas/1/20260828_144528/flow,original,669,172.9840,16.444970
2026-08-28 14:48:16.592,capturas/1/20260828_144528/flow,original,670,173.2340,19.148135
2026-08-28 14:48:16.764,capturas/1/20260828_144528/flow,original,671,173.4060,19.669311
2026-08-28 14:48:16.967,capturas/1/20260828_144528/flow,original,672,173.6090,20.149180
2026-08-28 14:48:17.171,capturas/1/20260828_144528/flow,original,673,173.8130,21.794247
2026-08-28 14:48:17.374,capturas/1/20260828_144528/flow,original,674,174.0160,22.218875
2026-08-28 14:48:17.514,capturas/1/20260828_144528/flow,original,675,174.1560,23.553798
2026-08-28 14:48:17.733,capturas/1/20260828_144528/flow,original,676,174.3750,23.613799
2026-08-28 14:48:17.952,capturas/1/20260828_144528/flow,original,677,174.5940,23.585996
2026-08-28 14:48:18.186,capturas/1/20260828_144528/flow,original,678,174.8280,23.887498
2026-08-28 14:48:18.374,capturas/1/20260828_144528/flow,original,679,175.0160,23.998681
2026-08-28 14:48:18.608,capturas/1/20260828_144528/flow,original,680,175.2500,23.838636
2026-08-28 14:48:18.811,capturas/1/20260828_144528/flow,original,681,175.4530,23.655824
2026-08-28 14:48:18.999,capturas/1/20260828_144528/flow,original,682,175.6410,23.538020
2026-08-28 14:48:19.233,capturas/1/20260828_144528/flow,original,683,175.8750,23.108084
2026-08-28 14:48:19.374,capturas/1/20260828_144528/flow,original,684,176.0160,22.763469
2026-08-28 14:48:19.592,capturas/1/20260828_144528/flow,original,685,176.2340,21.403519
2026-08-28 14:48:19.780,capturas/1/20260828_144528/flow,original,686,176.4220,20.982971
2026-08-28 14:48:19.999,capturas/1/20260828_144528/flow,original,687,176.6410,20.672911
2026-08-28 14:48:20.217,capturas/1/20260828_144528/flow,original,688,176.8590,20.087164
2026-08-28 14:48:20.405,capturas/1/20260828_144528/flow,original,689,177.0470,20.144903
2026-08-28 14:48:20.639,capturas/1/20260828_144528/flow,original,690,177.2810,20.261820
2026-08-28 14:48:20.842,capturas/1/20260828_144528/flow,original,691,177.4840,20.141560
2026-08-28 14:48:21.046,capturas/1/20260828_144528/flow,original,692,177.6880,20.188895
2026-08-28 14:48:21.233,capturas/1/20260828_144528/flow,original,693,177.8750,20.259931
2026-08-28 14:48:21.436,capturas/1/20260828_144528/flow,original,694,178.0780,20.362342
2026-08-28 14:48:21.592,capturas/1/20260828_144528/flow,original,695,178.2340,20.401359
2026-08-28 14:48:21.796,capturas/1/20260828_144528/flow,original,696,178.4380,20.380355
2026-08-28 14:48:22.030,capturas/1/20260828_144528/flow,original,697,178.6720,20.421721
2026-08-28 14:48:22.280,capturas/1/20260828_144528/flow,original,698,178.9220,20.667057
2026-08-28 14:48:22.405,capturas/1/20260828_144528/flow,original,699,179.0470,20.677494
2026-08-28 14:48:22.639,capturas/1/20260828_144528/flow,original,700,179.2810,20.516479
2026-08-28 14:48:22.842,capturas/1/20260828_144528/flow,original,701,179.4840,20.575231
2026-08-28 14:48:23.046,capturas/1/20260828_144528/flow,original,702,179.6880,20.643049
2026-08-28 14:48:23.264,capturas/1/20260828_144528/flow,original,703,179.9060,20.740533
2026-08-28 14:48:23.421,capturas/1/20260828_144528/flow,original,704,180.0630,21.357597
2026-08-28 14:48:23.655,capturas/1/20260828_144528/flow,original,705,180.2970,21.355027
2026-08-28 14:48:23.827,capturas/1/20260828_144528/flow,original,706,180.4690,21.316320
2026-08-28 14:48:24.061,capturas/1/20260828_144528/flow,original,707,180.7030,21.347047
2026-08-28 14:48:24.311,capturas/1/20260828_144528/flow,original,708,180.9530,21.322334
2026-08-28 14:48:24.467,capturas/1/20260828_144528/flow,original,709,181.1090,21.101611
2026-08-28 14:48:24.686,capturas/1/20260828_144528/flow,original,710,181.3280,21.161784
2026-08-28 14:48:24.905,capturas/1/20260828_144528/flow,original,711,181.5470,21.101261
2026-08-28 14:48:25.124,capturas/1/20260828_144528/flow,original,712,181.7660,20.946708
2026-08-28 14:48:25.358,capturas/1/20260828_144528/flow,original,713,182.0000,20.773940
2026-08-28 14:48:25.577,capturas/1/20260828_144528/flow,original,714,182.2190,20.514370
2026-08-28 14:48:25.780,capturas/1/20260828_144528/flow,original,715,182.4220,20.413909
2026-08-28 14:48:26.014,capturas/1/20260828_144528/flow,original,716,182.6560,19.944257
2026-08-28 14:48:26.217,capturas/1/20260828_144528/flow,original,717,182.8590,19.986049
2026-08-28 14:48:26.421,capturas/1/20260828_144528/flow,original,718,183.0630,20.040220
2026-08-28 14:48:26.671,capturas/1/20260828_144528/flow,original,719,183.3130,20.277333
2026-08-28 14:48:26.842,capturas/1/20260828_144528/flow,original,720,183.4840,20.313822
2026-08-28 14:48:27.014,capturas/1/20260828_144528/flow,original,721,183.6560,20.349745
2026-08-28 14:48:27.217,capturas/1/20260828_144528/flow,original,722,183.8590,20.403989
2026-08-28 14:48:27.436,capturas/1/20260828_144528/flow,original,723,184.0780,20.334101
2026-08-28 14:48:27.639,capturas/1/20260828_144528/flow,original,724,184.2810,19.820341
2026-08-28 14:48:27.858,capturas/1/20260828_144528/flow,original,725,184.5000,19.733851
2026-08-28 14:48:28.077,capturas/1/20260828_144528/flow,original,726,184.7190,19.366363
2026-08-28 14:48:28.264,capturas/1/20260828_144528/flow,original,727,184.9060,19.191000
2026-08-28 14:48:28.405,capturas/1/20260828_144528/flow,original,728,185.0470,18.974167
2026-08-28 14:48:28.624,capturas/1/20260828_144528/flow,original,729,185.2660,19.275145
2026-08-28 14:48:28.796,capturas/1/20260828_144528/flow,original,730,185.4380,19.476359
2026-08-28 14:48:28.983,capturas/1/20260828_144528/flow,original,731,185.6250,19.851557
2026-08-28 14:48:29.202,capturas/1/20260828_144528/flow,original,732,185.8440,20.044230
2026-08-28 14:48:29.405,capturas/1/20260828_144528/flow,original,733,186.0470,20.210982
2026-08-28 14:48:29.655,capturas/1/20260828_144528/flow,original,734,186.2970,20.870984
2026-08-28 14:48:29.796,capturas/1/20260828_144528/flow,original,735,186.4380,20.927650
2026-08-28 14:48:30.014,capturas/1/20260828_144528/flow,original,736,186.6560,20.719187
2026-08-28 14:48:30.217,capturas/1/20260828_144528/flow,original,737,186.8590,20.628070
2026-08-28 14:48:30.421,capturas/1/20260828_144528/flow,original,738,187.0630,20.557266
2026-08-28 14:48:30.608,capturas/1/20260828_144528/flow,original,739,187.2500,20.348603
2026-08-28 14:48:30.780,capturas/1/20260828_144528/flow,original,740,187.4220,20.281090
2026-08-28 14:48:31.030,capturas/1/20260828_144528/flow,original,741,187.6720,20.120282
2026-08-28 14:48:31.233,capturas/1/20260828_144528/flow,original,742,187.8750,19.953681
2026-08-28 14:48:31.483,capturas/1/20260828_144528/flow,original,743,188.1250,19.743847
2026-08-28 14:48:31.702,capturas/1/20260828_144528/flow,original,744,188.3440,17.694834
2026-08-28 14:48:31.921,capturas/1/20260828_144528/flow,original,745,188.5630,17.072941
2026-08-28 14:48:32.124,capturas/1/20260828_144528/flow,original,746,188.7660,15.360946
2026-08-28 14:48:32.358,capturas/1/20260828_144528/flow,original,747,189.0000,14.785910
2026-08-28 14:48:32.483,capturas/1/20260828_144528/flow,original,748,189.1250,14.125400
2026-08-28 14:48:32.733,capturas/1/20260828_144528/flow,original,749,189.3750,11.625268
2026-08-28 14:48:32.936,capturas/1/20260828_144528/flow,original,750,189.5780,11.011801
2026-08-28 14:48:33.139,capturas/1/20260828_144528/flow,original,751,189.7810,9.188762
2026-08-28 14:48:33.342,capturas/1/20260828_144528/flow,original,752,189.9840,8.637493
2026-08-28 14:48:33.514,capturas/1/20260828_144528/flow,original,753,190.1560,8.031692
2026-08-28 14:48:33.733,capturas/1/20260828_144528/flow,original,754,190.3750,4.990819
2026-08-28 14:48:33.858,capturas/1/20260828_144528/flow,original,755,190.5000,4.346195
2026-08-28 14:48:34.061,capturas/1/20260828_144528/flow,original,756,190.7030,2.602847
2026-08-28 14:48:34.280,capturas/1/20260828_144528/flow,original,757,190.9220,2.248571
2026-08-28 14:48:34.483,capturas/1/20260828_144528/flow,original,758,191.1250,1.912008
2026-08-28 14:48:34.702,capturas/1/20260828_144528/flow,original,759,191.3440,0.860032
2026-08-28 14:48:34.921,capturas/1/20260828_144528/flow,original,760,191.5630,0.714372
2026-08-28 14:48:35.139,capturas/1/20260828_144528/flow,original,761,191.7810,0.368129
2026-08-28 14:48:35.342,capturas/1/20260828_144528/flow,original,762,191.9840,0.335585
2026-08-28 14:48:35.530,capturas/1/20260828_144528/flow,original,763,192.1720,0.223361
2026-08-28 14:48:35.717,capturas/1/20260828_144528/flow,original,764,192.3590,0.074612
2026-08-28 14:48:35.936,capturas/1/20260828_144528/flow,original,765,192.5780,0.036081
2026-08-28 14:48:36.155,capturas/1/20260828_144528/flow,original,766,192.7970,0.007938
2026-08-28 14:48:36.358,capturas/1/20260828_144528/flow,original,767,193.0000,0.006316
2026-08-28 14:48:36.546,capturas/1/20260828_144528/flow,original,768,193.1880,0.000995
2026-08-28 14:48:36.749,capturas/1/20260828_144528/flow,original,769,193.3910,0.000000
2026-08-28 14:48:36.952,capturas/1/20260828_144528/flow,original,770,193.5940,0.000000
2026-08-28 14:48:37.186,capturas/1/20260828_144528/flow,original,771,193.8280,0.000000
2026-08-28 14:48:37.374,capturas/1/20260828_144528/flow,original,772,194.0160,0.000000
2026-08-28 14:48:37.514,capturas/1/20260828_144528/flow,original,773,194.1560,0.000000
2026-08-28 14:48:37.702,capturas/1/20260828_144528/flow,original,774,194.3440,0.000000
2026-08-28 14:48:37.936,capturas/1/20260828_144528/flow,original,775,194.5780,0.000000
2026-08-28 14:48:38.155,capturas/1/20260828_144528/flow,original,776,194.7970,0.000712
2026-08-28 14:48:38.342,capturas/1/20260828_144528/flow,original,777,194.9840,0.000000
2026-08-28 14:48:38.530,capturas/1/20260828_144528/flow,original,778,195.1720,0.000000
2026-08-28 14:48:38.749,capturas/1/20260828_144528/flow,original,779,195.3910,0.000000
2026-08-28 14:48:38.952,capturas/1/20260828_144528/flow,original,780,195.5940,0.000000
2026-08-28 14:48:39.186,capturas/1/20260828_144528/flow,original,781,195.8280,0.000000
2026-08-28 14:48:39.374,capturas/1/20260828_144528/flow,original,782,196.0160,0.000000
2026-08-28 14:48:39.514,capturas/1/20260828_144528/flow,original,783,196.1560,0.000000
2026-08-28 14:48:39.717,capturas/1/20260828_144528/flow,original,784,196.3590,0.000000
2026-08-28 14:48:39.952,capturas/1/20260828_144528/flow,original,785,196.5940,0.000000
2026-08-28 14:48:40.171,capturas/1/20260828_144528/flow,original,786,196.8130,0.003534
2026-08-28 14:48:40.389,capturas/1/20260828_144528/flow,original,787,197.0310,0.001347
2026-08-28 14:48:40.608,capturas/1/20260828_144528/flow,original,788,197.2500,0.000000
2026-08-28 14:48:40.733,capturas/1/20260828_144528/flow,original,789,197.3750,0.000000
2026-08-28 14:48:40.936,capturas/1/20260828_144528/flow,original,790,197.5780,0.000417
2026-08-28 14:48:41.139,capturas/1/20260828_144528/flow,original,791,197.7810,0.005178
2026-08-28 14:48:41.342,capturas/1/20260828_144528/flow,original,792,197.9840,0.005351
2026-08-28 14:48:41.561,capturas/1/20260828_144528/flow,original,793,198.2030,0.003650
2026-08-28 14:48:41.780,capturas/1/20260828_144528/flow,original,794,198.4220,0.000326
2026-08-28 14:48:41.921,capturas/1/20260828_144528/flow,original,795,198.5630,0.015085
2026-08-28 14:48:42.108,capturas/1/20260828_144528/flow,original,796,198.7500,0.017691
2026-08-28 14:48:42.342,capturas/1/20260828_144528/flow,original,797,198.9840,0.026077
2026-08-28 14:48:42.546,capturas/1/20260828_144528/flow,original,798,199.1880,0.021242
2026-08-28 14:48:42.764,capturas/1/20260828_144528/flow,original,799,199.4060,0.066012
2026-08-28 14:48:42.952,capturas/1/20260828_144528/flow,original,800,199.5940,0.071073
2026-08-28 14:48:43.186,capturas/1/20260828_144528/flow,original,801,199.8280,0.059080
2026-08-28 14:48:43.405,capturas/1/20260828_144528/flow,original,802,200.0470,0.044514
2026-08-28 14:48:43.561,capturas/1/20260828_144528/flow,original,803,200.2030,0.035845
2026-08-28 14:48:43.811,capturas/1/20260828_144528/flow,original,804,200.4530,0.035252
2026-08-28 14:48:44.014,capturas/1/20260828_144528/flow,original,805,200.6560,0.038899
2026-08-28 14:48:44.249,capturas/1/20260828_144528/flow,original,806,200.8910,0.051643
2026-08-28 14:48:44.467,capturas/1/20260828_144528/flow,original,807,201.1090,0.054295
2026-08-28 14:48:44.592,capturas/1/20260828_144528/flow,original,808,201.2340,0.033311
2026-08-28 14:48:44.717,capturas/1/20260828_144528/flow,original,809,201.3590,0.030955
2026-08-28 14:48:44.936,capturas/1/20260828_144528/flow,original,810,201.5780,0.020327
2026-08-28 14:48:45.139,capturas/1/20260828_144528/flow,original,811,201.7810,0.026331
2026-08-28 14:48:45.342,capturas/1/20260828_144528/flow,original,812,201.9840,0.034801
2026-08-28 14:48:45.561,capturas/1/20260828_144528/flow,original,813,202.2030,0.033037
2026-08-28 14:48:45.686,capturas/1/20260828_144528/flow,original,814,202.3280,0.041933
2026-08-28 14:48:45.936,capturas/1/20260828_144528/flow,original,815,202.5780,0.033091
2026-08-28 14:48:46.139,capturas/1/20260828_144528/flow,original,816,202.7810,0.041088
2026-08-28 14:48:46.342,capturas/1/20260828_144528/flow,original,817,202.9840,0.038372
2026-08-28 14:48:46.499,capturas/1/20260828_144528/flow,original,818,203.1410,0.030774
2026-08-28 14:48:46.733,capturas/1/20260828_144528/flow,original,819,203.3750,0.027713
2026-08-28 14:48:46.952,capturas/1/20260828_144528/flow,original,820,203.5940,0.045925
2026-08-28 14:48:47.171,capturas/1/20260828_144528/flow,original,821,203.8130,0.107800
2026-08-28 14:48:47.389,capturas/1/20260828_144528/flow,original,822,204.0310,0.092643
2026-08-28 14:48:47.608,capturas/1/20260828_144528/flow,original,823,204.2500,0.106131
2026-08-28 14:48:47.827,capturas/1/20260828_144528/flow,original,824,204.4690,0.051271
2026-08-28 14:48:48.077,capturas/1/20260828_144528/flow,original,825,204.7190,0.071623
2026-08-28 14:48:48.280,capturas/1/20260828_144528/flow,original,826,204.9220,0.100817
2026-08-28 14:48:48.499,capturas/1/20260828_144528/flow,original,827,205.1410,0.107152
2026-08-28 14:48:48.624,capturas/1/20260828_144528/flow,original,828,205.2660,0.091648
2026-08-28 14:48:48.858,capturas/1/20260828_144528/flow,original,829,205.5000,0.080926
2026-08-28 14:48:49.092,capturas/1/20260828_144528/flow,original,830,205.7340,0.087047
2026-08-28 14:48:49.311,capturas/1/20260828_144528/flow,original,831,205.9530,0.066634
2026-08-28 14:48:49.530,capturas/1/20260828_144528/flow,original,832,206.1720,0.046273
2026-08-28 14:48:49.671,capturas/1/20260828_144528/flow,original,833,206.3130,0.074792
2026-08-28 14:48:49.889,capturas/1/20260828_144528/flow,original,834,206.5310,0.117843
2026-08-28 14:48:50.108,capturas/1/20260828_144528/flow,original,835,206.7500,0.114808
2026-08-28 14:48:50.311,capturas/1/20260828_144528/flow,original,836,206.9530,0.183471
2026-08-28 14:48:50.530,capturas/1/20260828_144528/flow,original,837,207.1720,0.199457
2026-08-28 14:48:50.671,capturas/1/20260828_144528/flow,original,838,207.3130,0.251676
2026-08-28 14:48:50.889,capturas/1/20260828_144528/flow,original,839,207.5310,0.372939
2026-08-28 14:48:51.124,capturas/1/20260828_144528/flow,original,840,207.7660,0.434721
2026-08-28 14:48:51.327,capturas/1/20260828_144528/flow,original,841,207.9690,0.512660
2026-08-28 14:48:51.577,capturas/1/20260828_144528/flow,original,842,208.2190,0.453550
2026-08-28 14:48:51.811,capturas/1/20260828_144528/flow,original,843,208.4530,0.467603
2026-08-28 14:48:51.983,capturas/1/20260828_144528/flow,original,844,208.6250,0.362757
2026-08-28 14:48:52.233,capturas/1/20260828_144528/flow,original,845,208.8750,0.367495
2026-08-28 14:48:52.436,capturas/1/20260828_144528/flow,original,846,209.0780,0.435768
2026-08-28 14:48:52.639,capturas/1/20260828_144528/flow,original,847,209.2810,0.404022
2026-08-28 14:48:52.858,capturas/1/20260828_144528/flow,original,848,209.5000,0.415573
2026-08-28 14:48:53.077,capturas/1/20260828_144528/flow,original,849,209.7190,0.416191
2026-08-28 14:48:53.327,capturas/1/20260828_144528/flow,original,850,209.9690,0.416066
2026-08-28 14:48:53.546,capturas/1/20260828_144528/flow,original,851,210.1880,0.656625
2026-08-28 14:48:53.671,capturas/1/20260828_144528/flow,original,852,210.3130,0.654442
2026-08-28 14:48:53.905,capturas/1/20260828_144528/flow,original,853,210.5470,0.557474
2026-08-28 14:48:54.139,capturas/1/20260828_144528/flow,original,854,210.7810,0.527267
2026-08-28 14:48:54.311,capturas/1/20260828_144528/flow,original,855,210.9530,0.527153
2026-08-28 14:48:54.514,capturas/1/20260828_144528/flow,original,856,211.1560,0.522200
2026-08-28 14:48:54.671,capturas/1/20260828_144528/flow,original,857,211.3130,0.563858
2026-08-28 14:48:54.858,capturas/1/20260828_144528/flow,original,858,211.5000,0.571090
2026-08-28 14:48:55.046,capturas/1/20260828_144528/flow,original,859,211.6880,0.491693
2026-08-28 14:48:55.296,capturas/1/20260828_144528/flow,original,860,211.9380,0.383935
2026-08-28 14:48:55.514,capturas/1/20260828_144528/flow,original,861,212.1560,0.352349
2026-08-28 14:48:55.639,capturas/1/20260828_144528/flow,original,862,212.2810,0.406267
2026-08-28 14:48:55.764,capturas/1/20260828_144528/flow,original,863,212.4060,0.500806
2026-08-28 14:48:55.967,capturas/1/20260828_144528/flow,original,864,212.6090,0.514338
2026-08-28 14:48:56.202,capturas/1/20260828_144528/flow,original,865,212.8440,0.436355
2026-08-28 14:48:56.436,capturas/1/20260828_144528/flow,original,866,213.0780,0.482769
2026-08-28 14:48:56.639,capturas/1/20260828_144528/flow,original,867,213.2810,0.517710
2026-08-28 14:48:56.889,capturas/1/20260828_144528/flow,original,868,213.5310,0.474558
2026-08-28 14:48:57.030,capturas/1/20260828_144528/flow,original,869,213.6720,0.538721
2026-08-28 14:48:57.264,capturas/1/20260828_144528/flow,original,870,213.9060,0.501693
2026-08-28 14:48:57.483,capturas/1/20260828_144528/flow,original,871,214.1250,0.502936
2026-08-28 14:48:57.717,capturas/1/20260828_144528/flow,original,872,214.3590,0.479543
2026-08-28 14:48:57.936,capturas/1/20260828_144528/flow,original,873,214.5780,0.435618
2026-08-28 14:48:58.155,capturas/1/20260828_144528/flow,original,874,214.7970,0.457754
2026-08-28 14:48:58.389,capturas/1/20260828_144528/flow,original,875,215.0310,0.481601
2026-08-28 14:48:58.530,capturas/1/20260828_144528/flow,original,876,215.1720,0.638807
2026-08-28 14:48:58.655,capturas/1/20260828_144528/flow,original,877,215.2970,0.627783
2026-08-28 14:48:58.874,capturas/1/20260828_144528/flow,original,878,215.5160,0.769870
2026-08-28 14:48:59.108,capturas/1/20260828_144528/flow,original,879,215.7500,0.685514
2026-08-28 14:48:59.327,capturas/1/20260828_144528/flow,original,880,215.9690,0.669149
2026-08-28 14:48:59.483,capturas/1/20260828_144528/flow,original,881,216.1250,0.511585
2026-08-28 14:48:59.686,capturas/1/20260828_144528/flow,original,882,216.3280,0.482781
2026-08-28 14:48:59.952,capturas/1/20260828_144528/flow,original,883,216.5940,0.513749
2026-08-28 14:49:00.139,capturas/1/20260828_144528/flow,original,884,216.7810,0.466448
2026-08-28 14:49:00.358,capturas/1/20260828_144528/flow,original,885,217.0000,0.422538
2026-08-28 14:49:00.577,capturas/1/20260828_144528/flow,original,886,217.2190,0.370408
2026-08-28 14:49:00.717,capturas/1/20260828_144528/flow,original,887,217.3590,0.292918
2026-08-28 14:49:00.967,capturas/1/20260828_144528/flow,original,888,217.6090,0.282248
2026-08-28 14:49:01.092,capturas/1/20260828_144528/flow,original,889,217.7340,0.388843
2026-08-28 14:49:01.311,capturas/1/20260828_144528/flow,original,890,217.9530,0.325013
2026-08-28 14:49:01.530,capturas/1/20260828_144528/flow,original,891,218.1720,0.453828
2026-08-28 14:49:01.749,capturas/1/20260828_144528/flow,original,892,218.3910,0.476151
2026-08-28 14:49:01.936,capturas/1/20260828_144528/flow,original,893,218.5780,0.516384
2026-08-28 14:49:02.155,capturas/1/20260828_144528/flow,original,894,218.7970,0.619209
2026-08-28 14:49:02.327,capturas/1/20260828_144528/flow,original,895,218.9690,0.482135
2026-08-28 14:49:02.561,capturas/1/20260828_144528/flow,original,896,219.2030,0.393311
2026-08-28 14:49:02.733,capturas/1/20260828_144528/flow,original,897,219.3750,0.543355
2026-08-28 14:49:02.983,capturas/1/20260828_144528/flow,original,898,219.6250,0.613007
2026-08-28 14:49:03.186,capturas/1/20260828_144528/flow,original,899,219.8280,0.548171
2026-08-28 14:49:03.389,capturas/1/20260828_144528/flow,original,900,220.0310,0.558357
2026-08-28 14:49:03.639,capturas/1/20260828_144528/flow,original,901,220.2810,0.403502
2026-08-28 14:49:03.796,capturas/1/20260828_144528/flow,original,902,220.4380,0.412161
2026-08-28 14:49:03.999,capturas/1/20260828_144528/flow,original,903,220.6410,0.439624
2026-08-28 14:49:04.264,capturas/1/20260828_144528/flow,original,904,220.9060,0.431945
2026-08-28 14:49:04.405,capturas/1/20260828_144528/flow,original,905,221.0470,0.360206
2026-08-28 14:49:04.624,capturas/1/20260828_144528/flow,original,906,221.2660,0.324090
2026-08-28 14:49:04.749,capturas/1/20260828_144528/flow,original,907,221.3910,0.271805
2026-08-28 14:49:04.983,capturas/1/20260828_144528/flow,original,908,221.6250,0.211059
2026-08-28 14:49:05.202,capturas/1/20260828_144528/flow,original,909,221.8440,0.214885
2026-08-28 14:49:05.436,capturas/1/20260828_144528/flow,original,910,222.0780,0.227830
2026-08-28 14:49:05.624,capturas/1/20260828_144528/flow,original,911,222.2660,0.299065
2026-08-28 14:49:05.858,capturas/1/20260828_144528/flow,original,912,222.5000,0.311604
2026-08-28 14:49:06.061,capturas/1/20260828_144528/flow,original,913,222.7030,0.177973
2026-08-28 14:49:06.311,capturas/1/20260828_144528/flow,original,914,222.9530,0.213881
2026-08-28 14:49:06.530,capturas/1/20260828_144528/flow,original,915,223.1720,0.209036
2026-08-28 14:49:06.749,capturas/1/20260828_144528/flow,original,916,223.3910,0.187814
2026-08-28 14:49:06.999,capturas/1/20260828_144528/flow,original,917,223.6410,0.218408
2026-08-28 14:49:07.217,capturas/1/20260828_144528/flow,original,918,223.8590,0.235932
2026-08-28 14:49:07.436,capturas/1/20260828_144528/flow,original,919,224.0780,0.387295
2026-08-28 14:49:07.655,capturas/1/20260828_144528/flow,original,920,224.2970,0.396951
2026-08-28 14:49:07.796,capturas/1/20260828_144528/flow,original,921,224.4380,0.354150
2026-08-28 14:49:08.046,capturas/1/20260828_144528/flow,original,922,224.6880,0.351077
2026-08-28 14:49:08.296,capturas/1/20260828_144528/flow,original,923,224.9380,0.301448
2026-08-28 14:49:08.514,capturas/1/20260828_144528/flow,original,924,225.1560,0.278926
2026-08-28 14:49:08.733,capturas/1/20260828_144528/flow,original,925,225.3750,0.275611
2026-08-28 14:49:08.936,capturas/1/20260828_144528/flow,original,926,225.5780,0.159192
2026-08-28 14:49:09.155,capturas/1/20260828_144528/flow,original,927,225.7970,0.147743
2026-08-28 14:49:09.296,capturas/1/20260828_144528/flow,original,928,225.9380,0.158500
2026-08-28 14:49:09.514,capturas/1/20260828_144528/flow,original,929,226.1560,0.247700
2026-08-28 14:49:09.733,capturas/1/20260828_144528/flow,original,930,226.3750,0.291980
2026-08-28 14:49:09.967,capturas/1/20260828_144528/flow,original,931,226.6090,0.291907
2026-08-28 14:49:10.155,capturas/1/20260828_144528/flow,original,932,226.7970,0.355503
2026-08-28 14:49:10.452,capturas/1/20260828_144528/flow,original,933,227.0940,0.438083
2026-08-28 14:49:10.780,capturas/1/20260828_144528/flow,original,934,227.4220,0.443210
2026-08-28 14:49:11.030,capturas/1/20260828_144528/flow,original,935,227.6720,0.435352
2026-08-28 14:49:11.249,capturas/1/20260828_144528/flow,original,936,227.8910,0.475552
2026-08-28 14:49:11.467,capturas/1/20260828_144528/flow,original,937,228.1090,0.446155
2026-08-28 14:49:11.686,capturas/1/20260828_144528/flow,original,938,228.3280,0.401287
2026-08-28 14:49:11.858,capturas/1/20260828_144528/flow,original,939,228.5000,0.358234
2026-08-28 14:49:12.155,capturas/1/20260828_144528/flow,original,940,228.7970,0.363690
2026-08-28 14:49:12.342,capturas/1/20260828_144528/flow,original,941,228.9840,0.500591
2026-08-28 14:49:12.546,capturas/1/20260828_144528/flow,original,942,229.1880,0.456476
2026-08-28 14:49:12.780,capturas/1/20260828_144528/flow,original,943,229.4220,0.436994
2026-08-28 14:49:12.983,capturas/1/20260828_144528/flow,original,944,229.6250,0.331579
2026-08-28 14:49:13.217,capturas/1/20260828_144528/flow,original,945,229.8590,0.391703
2026-08-28 14:49:13.389,capturas/1/20260828_144528/flow,original,946,230.0310,0.411113
2026-08-28 14:49:13.639,capturas/1/20260828_144528/flow,original,947,230.2810,0.419929
2026-08-28 14:49:13.796,capturas/1/20260828_144528/flow,original,948,230.4380,0.366076
2026-08-28 14:49:14.046,capturas/1/20260828_144528/flow,original,949,230.6880,0.388795
2026-08-28 14:49:14.296,capturas/1/20260828_144528/flow,original,950,230.9380,0.347870
2026-08-28 14:49:14.514,capturas/1/20260828_144528/flow,original,951,231.1560,0.398410
2026-08-28 14:49:14.733,capturas/1/20260828_144528/flow,original,952,231.3750,0.383125
2026-08-28 14:49:14.936,capturas/1/20260828_144528/flow,original,953,231.5780,0.393599
2026-08-28 14:49:15.155,capturas/1/20260828_144528/flow,original,954,231.7970,0.462049
2026-08-28 14:49:15.358,capturas/1/20260828_144528/flow,original,955,232.0000,0.454110
2026-08-28 14:49:15.561,capturas/1/20260828_144528/flow,original,956,232.2030,0.394389
2026-08-28 14:49:15.764,capturas/1/20260828_144528/flow,original,957,232.4060,0.398392
2026-08-28 14:49:15.936,capturas/1/20260828_144528/flow,original,958,232.5780,0.385146
2026-08-28 14:49:16.155,capturas/1/20260828_144528/flow,original,959,232.7970,0.398732
2026-08-28 14:49:16.374,capturas/1/20260828_144528/flow,original,960,233.0160,0.340167
2026-08-28 14:49:16.639,capturas/1/20260828_144528/flow,original,961,233.2810,0.210307
2026-08-28 14:49:16.811,capturas/1/20260828_144528/flow,original,962,233.4530,0.208814
2026-08-28 14:49:17.061,capturas/1/20260828_144528/flow,original,963,233.7030,0.246951
2026-08-28 14:49:17.249,capturas/1/20260828_144528/flow,original,964,233.8910,0.365718
2026-08-28 14:49:17.514,capturas/1/20260828_144528/flow,original,965,234.1560,0.342856
2026-08-28 14:49:17.749,capturas/1/20260828_144528/flow,original,966,234.3910,0.253478
2026-08-28 14:49:17.999,capturas/1/20260828_144528/flow,original,967,234.6410,0.256940
2026-08-28 14:49:18.202,capturas/1/20260828_144528/flow,original,968,234.8440,0.287074
2026-08-28 14:49:18.436,capturas/1/20260828_144528/flow,original,969,235.0780,0.327140
2026-08-28 14:49:18.639,capturas/1/20260828_144528/flow,original,970,235.2810,0.259622
2026-08-28 14:49:18.889,capturas/1/20260828_144528/flow,original,971,235.5310,0.250571
2026-08-28 14:49:19.108,capturas/1/20260828_144528/flow,original,972,235.7500,0.254178
2026-08-28 14:49:19.327,capturas/1/20260828_144528/flow,original,973,235.9690,0.239018
2026-08-28 14:49:19.561,capturas/1/20260828_144528/flow,original,974,236.2030,0.245109
2026-08-28 14:50:15.056,capturas/2/20260828_144959/flow,original,0,19.7970,0.000000
2026-08-28 14:50:15.197,capturas/2/20260828_144959/flow,original,1,19.9380,0.000000
2026-08-28 14:50:15.384,capturas/2/20260828_144959/flow,original,2,20.1250,0.000000
2026-08-28 14:50:15.541,capturas/2/20260828_144959/flow,original,3,20.2820,0.000000
2026-08-28 14:50:15.712,capturas/2/20260828_144959/flow,original,4,20.4530,0.000000
2026-08-28 14:50:15.884,capturas/2/20260828_144959/flow,original,5,20.6250,0.000000
2026-08-28 14:50:16.025,capturas/2/20260828_144959/flow,original,6,20.7660,0.000000
2026-08-28 14:50:16.150,capturas/2/20260828_144959/flow,original,7,20.8910,0.000000
2026-08-28 14:50:16.306,capturas/2/20260828_144959/flow,original,8,21.0470,0.000000
2026-08-28 14:50:16.478,capturas/2/20260828_144959/flow,original,9,21.2190,0.000000
2026-08-28 14:50:16.666,capturas/2/20260828_144959/flow,original,10,21.4070,0.000000
2026-08-28 14:50:16.806,capturas/2/20260828_144959/flow,original,11,21.5470,0.000000
2026-08-28 14:50:16.994,capturas/2/20260828_144959/flow,original,12,21.7350,0.000000
2026-08-28 14:50:17.150,capturas/2/20260828_144959/flow,original,13,21.8910,0.000000
2026-08-28 14:50:17.306,capturas/2/20260828_144959/flow,original,14,22.0470,0.000000
2026-08-28 14:50:17.478,capturas/2/20260828_144959/flow,original,15,22.2190,0.000000
2026-08-28 14:50:17.619,capturas/2/20260828_144959/flow,original,16,22.3600,0.000000
2026-08-28 14:50:17.791,capturas/2/20260828_144959/flow,original,17,22.5320,0.000000
2026-08-28 14:50:17.962,capturas/2/20260828_144959/flow,original,18,22.7030,0.000000
2026-08-28 14:50:18.103,capturas/2/20260828_144959/flow,original,19,22.8440,0.000000
2026-08-28 14:50:18.275,capturas/2/20260828_144959/flow,original,20,23.0160,0.000308
2026-08-28 14:50:18.416,capturas/2/20260828_144959/flow,original,21,23.1570,0.001387
2026-08-28 14:50:18.541,capturas/2/20260828_144959/flow,original,22,23.2820,0.000000
2026-08-28 14:50:18.712,capturas/2/20260828_144959/flow,original,23,23.4530,0.000000
2026-08-28 14:50:18.884,capturas/2/20260828_144959/flow,original,24,23.6250,0.000000
2026-08-28 14:50:19.041,capturas/2/20260828_144959/flow,original,25,23.7820,0.000000
2026-08-28 14:50:19.166,capturas/2/20260828_144959/flow,original,26,23.9070,0.000000
2026-08-28 14:50:19.353,capturas/2/20260828_144959/flow,original,27,24.0940,0.000000
2026-08-28 14:50:19.525,capturas/2/20260828_144959/flow,original,28,24.2660,0.000000
2026-08-28 14:50:19.697,capturas/2/20260828_144959/flow,original,29,24.4380,0.000000
2026-08-28 14:50:19.884,capturas/2/20260828_144959/flow,original,30,24.6250,0.000000
2026-08-28 14:50:20.025,capturas/2/20260828_144959/flow,original,31,24.7660,0.000000
2026-08-28 14:50:20.212,capturas/2/20260828_144959/flow,original,32,24.9530,0.000000
2026-08-28 14:50:20.384,capturas/2/20260828_144959/flow,original,33,25.1250,0.000000
2026-08-28 14:50:20.525,capturas/2/20260828_144959/flow,original,34,25.2660,0.000000
2026-08-28 14:50:20.744,capturas/2/20260828_144959/flow,original,35,25.4850,0.000000
2026-08-28 14:50:20.884,capturas/2/20260828_144959/flow,original,36,25.6250,0.000000
2026-08-28 14:50:21.025,capturas/2/20260828_144959/flow,original,37,25.7660,0.000000
2026-08-28 14:50:21.197,capturas/2/20260828_144959/flow,original,38,25.9380,0.000000
2026-08-28 14:50:21.369,capturas/2/20260828_144959/flow,original,39,26.1100,0.000000
2026-08-28 14:50:21.525,capturas/2/20260828_144959/flow,original,40,26.2660,0.006027
2026-08-28 14:50:21.681,capturas/2/20260828_144959/flow,original,41,26.4220,0.000000
2026-08-28 14:50:21.853,capturas/2/20260828_144959/flow,original,42,26.5940,0.000000
2026-08-28 14:50:22.041,capturas/2/20260828_144959/flow,original,43,26.7820,0.000000
2026-08-28 14:50:22.244,capturas/2/20260828_144959/flow,original,44,26.9850,0.000000
2026-08-28 14:50:22.384,capturas/2/20260828_144959/flow,original,45,27.1250,0.000000
2026-08-28 14:50:22.572,capturas/2/20260828_144959/flow,original,46,27.3130,0.000000
2026-08-28 14:50:22.728,capturas/2/20260828_144959/flow,original,47,27.4690,0.000000
2026-08-28 14:50:22.869,capturas/2/20260828_144959/flow,original,48,27.6100,0.002747
2026-08-28 14:50:23.025,capturas/2/20260828_144959/flow,original,49,27.7660,0.000000
2026-08-28 14:50:23.181,capturas/2/20260828_144959/flow,original,50,27.9220,0.000000
2026-08-28 14:50:23.337,capturas/2/20260828_144959/flow,original,51,28.0780,0.000000
2026-08-28 14:50:23.478,capturas/2/20260828_144959/flow,original,52,28.2190,0.003494
2026-08-28 14:50:23.634,capturas/2/20260828_144959/flow,original,53,28.3750,0.000000
2026-08-28 14:50:23.791,capturas/2/20260828_144959/flow,original,54,28.5320,0.002165
2026-08-28 14:50:23.931,capturas/2/20260828_144959/flow,original,55,28.6720,0.000000
2026-08-28 14:50:24.087,capturas/2/20260828_144959/flow,original,56,28.8280,0.000000
2026-08-28 14:50:24.212,capturas/2/20260828_144959/flow,original,57,28.9530,0.000000
2026-08-28 14:50:24.337,capturas/2/20260828_144959/flow,original,58,29.0780,0.000302
2026-08-28 14:50:24.509,capturas/2/20260828_144959/flow,original,59,29.2500,0.000000
2026-08-28 14:50:24.697,capturas/2/20260828_144959/flow,original,60,29.4380,0.000000
2026-08-28 14:50:24.822,capturas/2/20260828_144959/flow,original,61,29.5630,0.000000
2026-08-28 14:50:24.978,capturas/2/20260828_144959/flow,original,62,29.7190,0.000000
2026-08-28 14:50:25.166,capturas/2/20260828_144959/flow,original,63,29.9070,0.000000
2026-08-28 14:50:25.291,capturas/2/20260828_144959/flow,original,64,30.0320,0.000000
2026-08-28 14:50:25.462,capturas/2/20260828_144959/flow,original,65,30.2030,0.000736
2026-08-28 14:50:25.587,capturas/2/20260828_144959/flow,original,66,30.3280,0.004888
2026-08-28 14:50:25.744,capturas/2/20260828_144959/flow,original,67,30.4850,0.003164
2026-08-28 14:50:25.900,capturas/2/20260828_144959/flow,original,68,30.6410,0.034889
2026-08-28 14:50:26.025,capturas/2/20260828_144959/flow,original,69,30.7660,0.015249
2026-08-28 14:50:26.197,capturas/2/20260828_144959/flow,original,70,30.9380,0.003096
2026-08-28 14:50:26.369,capturas/2/20260828_144959/flow,original,71,31.1100,0.000328
2026-08-28 14:50:26.525,capturas/2/20260828_144959/flow,original,72,31.2660,0.000000
2026-08-28 14:50:26.681,capturas/2/20260828_144959/flow,original,73,31.4220,0.000000
2026-08-28 14:50:26.853,capturas/2/20260828_144959/flow,original,74,31.5940,0.000000
2026-08-28 14:50:27.009,capturas/2/20260828_144959/flow,original,75,31.7500,0.000000
2026-08-28 14:50:27.197,capturas/2/20260828_144959/flow,original,76,31.9380,0.000000
2026-08-28 14:50:27.353,capturas/2/20260828_144959/flow,original,77,32.0940,0.000000
2026-08-28 14:50:27.525,capturas/2/20260828_144959/flow,original,78,32.2660,0.000000
2026-08-28 14:50:27.681,capturas/2/20260828_144959/flow,original,79,32.4220,0.000000
2026-08-28 14:50:27.822,capturas/2/20260828_144959/flow,original,80,32.5630,0.000000
2026-08-28 14:50:27.962,capturas/2/20260828_144959/flow,original,81,32.7030,0.000203
2026-08-28 14:50:28.134,capturas/2/20260828_144959/flow,original,82,32.8750,0.000000
2026-08-28 14:50:28.259,capturas/2/20260828_144959/flow,original,83,33.0000,0.000000
2026-08-28 14:50:28.447,capturas/2/20260828_144959/flow,original,84,33.1880,0.000982
2026-08-28 14:50:28.587,capturas/2/20260828_144959/flow,original,85,33.3280,0.000420
2026-08-28 14:50:28.775,capturas/2/20260828_144959/flow,original,86,33.5160,0.000000
2026-08-28 14:50:28.947,capturas/2/20260828_144959/flow,original,87,33.6880,0.000468
2026-08-28 14:50:29.119,capturas/2/20260828_144959/flow,original,88,33.8600,0.008265
2026-08-28 14:50:29.291,capturas/2/20260828_144959/flow,original,89,34.0320,0.024204
2026-08-28 14:50:29.478,capturas/2/20260828_144959/flow,original,90,34.2190,0.003842
2026-08-28 14:50:29.681,capturas/2/20260828_144959/flow,original,91,34.4220,0.000529
2026-08-28 14:50:29.869,capturas/2/20260828_144959/flow,original,92,34.6100,0.000000
2026-08-28 14:50:30.041,capturas/2/20260828_144959/flow,original,93,34.7820,0.000000
2026-08-28 14:50:30.212,capturas/2/20260828_144959/flow,original,94,34.9530,0.000000
2026-08-28 14:50:30.384,capturas/2/20260828_144959/flow,original,95,35.1250,0.000353
2026-08-28 14:50:30.541,capturas/2/20260828_144959/flow,original,96,35.2820,0.000000
2026-08-28 14:50:30.744,capturas/2/20260828_144959/flow,original,97,35.4850,0.002480
2026-08-28 14:50:30.900,capturas/2/20260828_144959/flow,original,98,35.6410,0.000473
2026-08-28 14:50:31.025,capturas/2/20260828_144959/flow,original,99,35.7660,0.000000
2026-08-28 14:50:31.212,capturas/2/20260828_144959/flow,original,100,35.9530,0.001747
2026-08-28 14:50:31.384,capturas/2/20260828_144959/flow,original,101,36.1250,0.002325
2026-08-28 14:50:31.541,capturas/2/20260828_144959/flow,original,102,36.2820,0.000392
2026-08-28 14:50:31.728,capturas/2/20260828_144959/flow,original,103,36.4690,0.000000
2026-08-28 14:50:31.884,capturas/2/20260828_144959/flow,original,104,36.6250,0.000000
2026-08-28 14:50:32.056,capturas/2/20260828_144959/flow,original,105,36.7970,0.000000
2026-08-28 14:50:32.244,capturas/2/20260828_144959/flow,original,106,36.9850,0.000000
2026-08-28 14:50:32.416,capturas/2/20260828_144959/flow,original,107,37.1570,0.000926
2026-08-28 14:50:32.572,capturas/2/20260828_144959/flow,original,108,37.3130,0.000000
2026-08-28 14:50:32.775,capturas/2/20260828_144959/flow,original,109,37.5160,0.000000
2026-08-28 14:50:32.931,capturas/2/20260828_144959/flow,original,110,37.6720,0.000000
2026-08-28 14:50:33.150,capturas/2/20260828_144959/flow,original,111,37.8910,0.000000
2026-08-28 14:50:33.275,capturas/2/20260828_144959/flow,original,112,38.0160,0.000000
2026-08-28 14:50:33.478,capturas/2/20260828_144959/flow,original,113,38.2190,0.000287
2026-08-28 14:50:33.634,capturas/2/20260828_144959/flow,original,114,38.3750,0.000287
2026-08-28 14:50:33.775,capturas/2/20260828_144959/flow,original,115,38.5160,0.000000
2026-08-28 14:50:33.947,capturas/2/20260828_144959/flow,original,116,38.6880,0.000000
2026-08-28 14:50:34.150,capturas/2/20260828_144959/flow,original,117,38.8910,0.000000
2026-08-28 14:50:34.291,capturas/2/20260828_144959/flow,original,118,39.0320,0.021087
2026-08-28 14:50:34.447,capturas/2/20260828_144959/flow,original,119,39.1880,0.005464
2026-08-28 14:50:34.619,capturas/2/20260828_144959/flow,original,120,39.3600,0.001770
2026-08-28 14:50:34.759,capturas/2/20260828_144959/flow,original,121,39.5000,0.000822
2026-08-28 14:50:34.931,capturas/2/20260828_144959/flow,original,122,39.6720,0.000000
2026-08-28 14:50:35.134,capturas/2/20260828_144959/flow,original,123,39.8750,0.003662
2026-08-28 14:50:35.306,capturas/2/20260828_144959/flow,original,124,40.0470,0.008230
2026-08-28 14:50:35.462,capturas/2/20260828_144959/flow,original,125,40.2030,0.002100
2026-08-28 14:50:35.634,capturas/2/20260828_144959/flow,original,126,40.3750,0.003616
2026-08-28 14:50:35.837,capturas/2/20260828_144959/flow,original,127,40.5780,0.000329
2026-08-28 14:50:35.994,capturas/2/20260828_144959/flow,original,128,40.7350,0.000000
2026-08-28 14:50:36.166,capturas/2/20260828_144959/flow,original,129,40.9070,0.000000
2026-08-28 14:50:36.353,capturas/2/20260828_144959/flow,original,130,41.0940,0.000000
2026-08-28 14:50:36.478,capturas/2/20260828_144959/flow,original,131,41.2190,0.000000
2026-08-28 14:50:36.650,capturas/2/20260828_144959/flow,original,132,41.3910,0.000000
2026-08-28 14:50:36.806,capturas/2/20260828_144959/flow,original,133,41.5470,0.000000
2026-08-28 14:50:36.978,capturas/2/20260828_144959/flow,original,134,41.7190,0.000000
2026-08-28 14:50:37.134,capturas/2/20260828_144959/flow,original,135,41.8750,0.000930
2026-08-28 14:50:37.306,capturas/2/20260828_144959/flow,original,136,42.0470,0.000365
2026-08-28 14:50:37.478,capturas/2/20260828_144959/flow,original,137,42.2190,0.000000
2026-08-28 14:50:37.666,capturas/2/20260828_144959/flow,original,138,42.4070,0.000000
2026-08-28 14:50:37.837,capturas/2/20260828_144959/flow,original,139,42.5780,0.000000
2026-08-28 14:50:38.009,capturas/2/20260828_144959/flow,original,140,42.7500,0.000000
2026-08-28 14:50:38.181,capturas/2/20260828_144959/flow,original,141,42.9220,0.000000
2026-08-28 14:50:38.337,capturas/2/20260828_144959/flow,original,142,43.0780,0.007640
2026-08-28 14:50:38.494,capturas/2/20260828_144959/flow,original,143,43.2350,0.006612
2026-08-28 14:50:38.666,capturas/2/20260828_144959/flow,original,144,43.4070,0.010146
2026-08-28 14:50:38.837,capturas/2/20260828_144959/flow,original,145,43.5780,0.000000
2026-08-28 14:50:38.994,capturas/2/20260828_144959/flow,original,146,43.7350,0.000000
2026-08-28 14:50:39.150,capturas/2/20260828_144959/flow,original,147,43.8910,0.000000
2026-08-28 14:50:39.306,capturas/2/20260828_144959/flow,original,148,44.0470,0.000000
2026-08-28 14:50:39.478,capturas/2/20260828_144959/flow,original,149,44.2190,0.000492
2026-08-28 14:50:39.650,capturas/2/20260828_144959/flow,original,150,44.3910,0.000000
2026-08-28 14:50:39.791,capturas/2/20260828_144959/flow,original,151,44.5320,0.000000
2026-08-28 14:50:39.947,capturas/2/20260828_144959/flow,original,152,44.6880,0.000000
2026-08-28 14:50:40.087,capturas/2/20260828_144959/flow,original,153,44.8280,0.010457
2026-08-28 14:50:40.275,capturas/2/20260828_144959/flow,original,154,45.0160,0.000572
2026-08-28 14:50:40.400,capturas/2/20260828_144959/flow,original,155,45.1410,0.000000
2026-08-28 14:50:40.587,capturas/2/20260828_144959/flow,original,156,45.3280,0.000000
2026-08-28 14:50:40.744,capturas/2/20260828_144959/flow,original,157,45.4850,0.000000
2026-08-28 14:50:40.916,capturas/2/20260828_144959/flow,original,158,45.6570,0.000000
2026-08-28 14:50:41.087,capturas/2/20260828_144959/flow,original,159,45.8280,0.000000
2026-08-28 14:50:41.244,capturas/2/20260828_144959/flow,original,160,45.9850,0.000000
2026-08-28 14:50:41.400,capturas/2/20260828_144959/flow,original,161,46.1410,0.000313
2026-08-28 14:50:41.541,capturas/2/20260828_144959/flow,original,162,46.2820,0.000000
2026-08-28 14:50:41.681,capturas/2/20260828_144959/flow,original,163,46.4220,0.000000
2026-08-28 14:50:41.869,capturas/2/20260828_144959/flow,original,164,46.6100,0.000000
2026-08-28 14:50:42.025,capturas/2/20260828_144959/flow,original,165,46.7660,0.000000
2026-08-28 14:50:42.166,capturas/2/20260828_144959/flow,original,166,46.9070,0.000241
2026-08-28 14:50:42.322,capturas/2/20260828_144959/flow,original,167,47.0630,0.000000
2026-08-28 14:50:42.494,capturas/2/20260828_144959/flow,original,168,47.2350,0.000000
2026-08-28 14:50:42.681,capturas/2/20260828_144959/flow,original,169,47.4220,0.000000
2026-08-28 14:50:42.837,capturas/2/20260828_144959/flow,original,170,47.5780,0.000000
2026-08-28 14:50:43.025,capturas/2/20260828_144959/flow,original,171,47.7660,0.000000
2026-08-28 14:50:43.197,capturas/2/20260828_144959/flow,original,172,47.9380,0.000513
2026-08-28 14:50:43.322,capturas/2/20260828_144959/flow,original,173,48.0630,0.000000
2026-08-28 14:50:43.509,capturas/2/20260828_144959/flow,original,174,48.2500,0.000000
2026-08-28 14:50:43.666,capturas/2/20260828_144959/flow,original,175,48.4070,0.000000
2026-08-28 14:50:43.822,capturas/2/20260828_144959/flow,original,176,48.5630,0.000000
2026-08-28 14:50:43.994,capturas/2/20260828_144959/flow,original,177,48.7350,0.000000
2026-08-28 14:50:44.119,capturas/2/20260828_144959/flow,original,178,48.8600,0.000000
2026-08-28 14:50:44.244,capturas/2/20260828_144959/flow,original,179,48.9850,0.000000
2026-08-28 14:50:44.416,capturas/2/20260828_144959/flow,original,180,49.1570,0.000000
2026-08-28 14:50:44.572,capturas/2/20260828_144959/flow,original,181,49.3130,0.000000
2026-08-28 14:50:44.759,capturas/2/20260828_144959/flow,original,182,49.5000,0.000000
2026-08-28 14:50:44.916,capturas/2/20260828_144959/flow,original,183,49.6570,0.000000
2026-08-28 14:50:45.103,capturas/2/20260828_144959/flow,original,184,49.8440,0.000000
2026-08-28 14:50:45.275,capturas/2/20260828_144959/flow,original,185,50.0160,0.000000
2026-08-28 14:50:45.416,capturas/2/20260828_144959/flow,original,186,50.1570,0.000000
2026-08-28 14:50:45.619,capturas/2/20260828_144959/flow,original,187,50.3600,0.000000
2026-08-28 14:50:45.775,capturas/2/20260828_144959/flow,original,188,50.5160,0.000000
2026-08-28 14:50:45.931,capturas/2/20260828_144959/flow,original,189,50.6720,0.000000
2026-08-28 14:50:46.119,capturas/2/20260828_144959/flow,original,190,50.8600,0.000000
2026-08-28 14:50:46.275,capturas/2/20260828_144959/flow,original,191,51.0160,0.000000
2026-08-28 14:50:46.416,capturas/2/20260828_144959/flow,original,192,51.1570,0.000000
2026-08-28 14:50:46.572,capturas/2/20260828_144959/flow,original,193,51.3130,0.000000
2026-08-28 14:50:46.744,capturas/2/20260828_144959/flow,original,194,51.4850,0.000000
2026-08-28 14:50:46.900,capturas/2/20260828_144959/flow,original,195,51.6410,0.000000
2026-08-28 14:50:47.087,capturas/2/20260828_144959/flow,original,196,51.8280,0.000000
2026-08-28 14:50:47.228,capturas/2/20260828_144959/flow,original,197,51.9690,0.000000
2026-08-28 14:50:47.369,capturas/2/20260828_144959/flow,original,198,52.1100,0.000000
2026-08-28 14:50:47.541,capturas/2/20260828_144959/flow,original,199,52.2820,0.000000
2026-08-28 14:50:47.728,capturas/2/20260828_144959/flow,original,200,52.4690,0.000000
2026-08-28 14:50:47.869,capturas/2/20260828_144959/flow,original,201,52.6100,0.000000
2026-08-28 14:50:48.056,capturas/2/20260828_144959/flow,original,202,52.7970,0.000000
2026-08-28 14:50:48.212,capturas/2/20260828_144959/flow,original,203,52.9530,0.000000
2026-08-28 14:50:48.400,capturas/2/20260828_144959/flow,original,204,53.1410,0.000837
2026-08-28 14:50:48.556,capturas/2/20260828_144959/flow,original,205,53.2970,0.000000
2026-08-28 14:50:48.728,capturas/2/20260828_144959/flow,original,206,53.4690,0.000000
2026-08-28 14:50:48.900,capturas/2/20260828_144959/flow,original,207,53.6410,0.000338
2026-08-28 14:50:49.041,capturas/2/20260828_144959/flow,original,208,53.7820,0.000000
2026-08-28 14:50:49.166,capturas/2/20260828_144959/flow,original,209,53.9070,0.000000
2026-08-28 14:50:49.369,capturas/2/20260828_144959/flow,original,210,54.1100,0.009668
2026-08-28 14:50:49.494,capturas/2/20260828_144959/flow,original,211,54.2350,0.006574
2026-08-28 14:50:49.650,capturas/2/20260828_144959/flow,original,212,54.3910,0.007297
2026-08-28 14:50:49.775,capturas/2/20260828_144959/flow,original,213,54.5160,0.000000
2026-08-28 14:50:49.947,capturas/2/20260828_144959/flow,original,214,54.6880,0.000000
2026-08-28 14:50:50.087,capturas/2/20260828_144959/flow,original,215,54.8280,0.000000
2026-08-28 14:50:50.275,capturas/2/20260828_144959/flow,original,216,55.0160,0.000000
2026-08-28 14:50:50.447,capturas/2/20260828_144959/flow,original,217,55.1880,0.000000
2026-08-28 14:50:50.619,capturas/2/20260828_144959/flow,original,218,55.3600,0.000000
2026-08-28 14:50:50.791,capturas/2/20260828_144959/flow,original,219,55.5320,0.000000
2026-08-28 14:50:50.962,capturas/2/20260828_144959/flow,original,220,55.7030,0.000000
2026-08-28 14:50:51.119,capturas/2/20260828_144959/flow,original,221,55.8600,0.000000
2026-08-28 14:50:51.259,capturas/2/20260828_144959/flow,original,222,56.0000,0.000000
2026-08-28 14:50:51.416,capturas/2/20260828_144959/flow,original,223,56.1570,0.000000
2026-08-28 14:50:51.603,capturas/2/20260828_144959/flow,original,224,56.3440,0.000000
2026-08-28 14:50:51.775,capturas/2/20260828_144959/flow,original,225,56.5160,0.000000
2026-08-28 14:50:51.931,capturas/2/20260828_144959/flow,original,226,56.6720,0.000000
2026-08-28 14:50:52.103,capturas/2/20260828_144959/flow,original,227,56.8440,0.000000
2026-08-28 14:50:52.291,capturas/2/20260828_144959/flow,original,228,57.0320,0.000282
2026-08-28 14:50:52.431,capturas/2/20260828_144959/flow,original,229,57.1720,0.000000
2026-08-28 14:50:52.587,capturas/2/20260828_144959/flow,original,230,57.3280,0.000000
2026-08-28 14:50:52.791,capturas/2/20260828_144959/flow,original,231,57.5320,0.000000
2026-08-28 14:50:52.962,capturas/2/20260828_144959/flow,original,232,57.7030,0.000000
2026-08-28 14:50:53.134,capturas/2/20260828_144959/flow,original,233,57.8750,0.000000
2026-08-28 14:50:53.306,capturas/2/20260828_144959/flow,original,234,58.0470,0.000000
2026-08-28 14:50:53.462,capturas/2/20260828_144959/flow,original,235,58.2030,0.000235
2026-08-28 14:50:53.650,capturas/2/20260828_144959/flow,original,236,58.3910,0.000000
2026-08-28 14:50:53.806,capturas/2/20260828_144959/flow,original,237,58.5470,0.000000
2026-08-28 14:50:53.978,capturas/2/20260828_144959/flow,original,238,58.7190,0.000000
2026-08-28 14:50:54.119,capturas/2/20260828_144959/flow,original,239,58.8600,0.001089
2026-08-28 14:50:54.306,capturas/2/20260828_144959/flow,original,240,59.0470,0.000000
2026-08-28 14:50:54.494,capturas/2/20260828_144959/flow,original,241,59.2350,0.001759
2026-08-28 14:50:54.634,capturas/2/20260828_144959/flow,original,242,59.3750,0.005874
2026-08-28 14:50:54.806,capturas/2/20260828_144959/flow,original,243,59.5470,0.002999
2026-08-28 14:50:54.994,capturas/2/20260828_144959/flow,original,244,59.7350,0.003569
2026-08-28 14:50:55.166,capturas/2/20260828_144959/flow,original,245,59.9070,0.014547
2026-08-28 14:50:55.337,capturas/2/20260828_144959/flow,original,246,60.0780,0.002404
2026-08-28 14:50:55.525,capturas/2/20260828_144959/flow,original,247,60.2660,0.001837
2026-08-28 14:50:55.681,capturas/2/20260828_144959/flow,original,248,60.4220,0.000308
2026-08-28 14:50:55.837,capturas/2/20260828_144959/flow,original,249,60.5780,0.000000
2026-08-28 14:50:55.962,capturas/2/20260828_144959/flow,original,250,60.7030,0.002900
2026-08-28 14:50:56.119,capturas/2/20260828_144959/flow,original,251,60.8600,0.000348
2026-08-28 14:50:56.259,capturas/2/20260828_144959/flow,original,252,61.0000,0.000000
2026-08-28 14:50:56.447,capturas/2/20260828_144959/flow,original,253,61.1880,0.000000
2026-08-28 14:50:56.572,capturas/2/20260828_144959/flow,original,254,61.3130,0.000000
2026-08-28 14:50:56.697,capturas/2/20260828_144959/flow,original,255,61.4380,0.000000
2026-08-28 14:50:56.853,capturas/2/20260828_144959/flow,original,256,61.5940,0.000262
2026-08-28 14:50:57.041,capturas/2/20260828_144959/flow,original,257,61.7820,0.001177
2026-08-28 14:50:57.212,capturas/2/20260828_144959/flow,original,258,61.9530,0.000000
2026-08-28 14:50:57.369,capturas/2/20260828_144959/flow,original,259,62.1100,0.000000
2026-08-28 14:50:57.541,capturas/2/20260828_144959/flow,original,260,62.2820,0.000000
2026-08-28 14:50:57.728,capturas/2/20260828_144959/flow,original,261,62.4690,0.000000
2026-08-28 14:50:57.900,capturas/2/20260828_144959/flow,original,262,62.6410,0.000365
2026-08-28 14:50:58.041,capturas/2/20260828_144959/flow,original,263,62.7820,0.001862
2026-08-28 14:50:58.244,capturas/2/20260828_144959/flow,original,264,62.9850,0.000729
2026-08-28 14:50:58.431,capturas/2/20260828_144959/flow,original,265,63.1720,0.000000
2026-08-28 14:50:58.556,capturas/2/20260828_144959/flow,original,266,63.2970,0.000000
2026-08-28 14:50:58.728,capturas/2/20260828_144959/flow,original,267,63.4690,0.000000
2026-08-28 14:50:58.931,capturas/2/20260828_144959/flow,original,268,63.6720,0.000000
2026-08-28 14:50:59.103,capturas/2/20260828_144959/flow,original,269,63.8440,0.000000
2026-08-28 14:50:59.291,capturas/2/20260828_144959/flow,original,270,64.0320,0.000000
2026-08-28 14:50:59.447,capturas/2/20260828_144959/flow,original,271,64.1880,0.000000
2026-08-28 14:50:59.572,capturas/2/20260828_144959/flow,original,272,64.3130,0.000000
2026-08-28 14:50:59.728,capturas/2/20260828_144959/flow,original,273,64.4690,0.000000
2026-08-28 14:50:59.916,capturas/2/20260828_144959/flow,original,274,64.6570,0.000000
2026-08-28 14:51:00.103,capturas/2/20260828_144959/flow,original,275,64.8440,0.000000
2026-08-28 14:51:00.275,capturas/2/20260828_144959/flow,original,276,65.0160,0.000306
2026-08-28 14:51:00.462,capturas/2/20260828_144959/flow,original,277,65.2030,0.000000
2026-08-28 14:51:00.587,capturas/2/20260828_144959/flow,original,278,65.3280,0.000000
2026-08-28 14:51:00.775,capturas/2/20260828_144959/flow,original,279,65.5160,0.001046
2026-08-28 14:51:00.916,capturas/2/20260828_144959/flow,original,280,65.6570,0.009911
2026-08-28 14:51:01.072,capturas/2/20260828_144959/flow,original,281,65.8130,0.005229
2026-08-28 14:51:01.244,capturas/2/20260828_144959/flow,original,282,65.9850,0.000371
2026-08-28 14:51:01.416,capturas/2/20260828_144959/flow,original,283,66.1570,0.000000
2026-08-28 14:51:01.572,capturas/2/20260828_144959/flow,original,284,66.3130,0.002135
2026-08-28 14:51:01.759,capturas/2/20260828_144959/flow,original,285,66.5000,0.000000
2026-08-28 14:51:01.916,capturas/2/20260828_144959/flow,original,286,66.6570,0.000000
2026-08-28 14:51:02.087,capturas/2/20260828_144959/flow,original,287,66.8280,0.000000
2026-08-28 14:51:02.244,capturas/2/20260828_144959/flow,original,288,66.9850,0.000000
2026-08-28 14:51:02.384,capturas/2/20260828_144959/flow,original,289,67.1250,0.000000
2026-08-28 14:51:02.525,capturas/2/20260828_144959/flow,original,290,67.2660,0.001129
2026-08-28 14:51:02.728,capturas/2/20260828_144959/flow,original,291,67.4690,0.002799
2026-08-28 14:51:02.900,capturas/2/20260828_144959/flow,original,292,67.6410,0.000000
2026-08-28 14:51:03.056,capturas/2/20260828_144959/flow,original,293,67.7970,0.000262
2026-08-28 14:51:03.244,capturas/2/20260828_144959/flow,original,294,67.9850,0.000000
2026-08-28 14:51:03.416,capturas/2/20260828_144959/flow,original,295,68.1570,0.000953
2026-08-28 14:51:03.572,capturas/2/20260828_144959/flow,original,296,68.3130,0.001473
2026-08-28 14:51:03.697,capturas/2/20260828_144959/flow,original,297,68.4380,0.001491
2026-08-28 14:51:03.900,capturas/2/20260828_144959/flow,original,298,68.6410,0.014679
2026-08-28 14:51:04.041,capturas/2/20260828_144959/flow,original,299,68.7820,0.008500
2026-08-28 14:51:04.228,capturas/2/20260828_144959/flow,original,300,68.9690,0.062544
2026-08-28 14:51:04.416,capturas/2/20260828_144959/flow,original,301,69.1570,0.050056
2026-08-28 14:51:04.587,capturas/2/20260828_144959/flow,original,302,69.3280,0.025450
2026-08-28 14:51:04.791,capturas/2/20260828_144959/flow,original,303,69.5320,0.000000
2026-08-28 14:51:04.931,capturas/2/20260828_144959/flow,original,304,69.6720,0.000594
2026-08-28 14:51:05.119,capturas/2/20260828_144959/flow,original,305,69.8600,0.000000
2026-08-28 14:51:05.291,capturas/2/20260828_144959/flow,original,306,70.0320,0.003762
2026-08-28 14:51:05.447,capturas/2/20260828_144959/flow,original,307,70.1880,0.001113
2026-08-28 14:51:05.572,capturas/2/20260828_144959/flow,original,308,70.3130,0.005322
2026-08-28 14:51:05.775,capturas/2/20260828_144959/flow,original,309,70.5160,0.001610
2026-08-28 14:51:05.916,capturas/2/20260828_144959/flow,original,310,70.6570,0.003457
2026-08-28 14:51:06.056,capturas/2/20260828_144959/flow,original,311,70.7970,0.003238
2026-08-28 14:51:06.212,capturas/2/20260828_144959/flow,original,312,70.9530,0.000797
2026-08-28 14:51:06.400,capturas/2/20260828_144959/flow,original,313,71.1410,0.000000
2026-08-28 14:51:06.556,capturas/2/20260828_144959/flow,original,314,71.2970,0.000000
2026-08-28 14:51:06.728,capturas/2/20260828_144959/flow,original,315,71.4690,0.000000
2026-08-28 14:51:06.884,capturas/2/20260828_144959/flow,original,316,71.6250,0.000000
2026-08-28 14:51:07.041,capturas/2/20260828_144959/flow,original,317,71.7820,0.000000
2026-08-28 14:51:07.197,capturas/2/20260828_144959/flow,original,318,71.9380,0.000000
2026-08-28 14:51:07.337,capturas/2/20260828_144959/flow,original,319,72.0780,0.000000
2026-08-28 14:51:07.541,capturas/2/20260828_144959/flow,original,320,72.2820,0.000000
2026-08-28 14:51:07.712,capturas/2/20260828_144959/flow,original,321,72.4530,0.000000
2026-08-28 14:51:07.884,capturas/2/20260828_144959/flow,original,322,72.6250,0.000000
2026-08-28 14:51:08.056,capturas/2/20260828_144959/flow,original,323,72.7970,0.000000
2026-08-28 14:51:08.197,capturas/2/20260828_144959/flow,original,324,72.9380,0.000000
2026-08-28 14:51:08.353,capturas/2/20260828_144959/flow,original,325,73.0940,0.000352
2026-08-28 14:51:08.509,capturas/2/20260828_144959/flow,original,326,73.2500,0.000000
2026-08-28 14:51:08.650,capturas/2/20260828_144959/flow,original,327,73.3910,0.000000
2026-08-28 14:51:08.791,capturas/2/20260828_144959/flow,original,328,73.5320,0.000000
2026-08-28 14:51:08.947,capturas/2/20260828_144959/flow,original,329,73.6880,0.000000
2026-08-28 14:51:09.119,capturas/2/20260828_144959/flow,original,330,73.8600,0.000000
2026-08-28 14:51:09.291,capturas/2/20260828_144959/flow,original,331,74.0320,0.001515
2026-08-28 14:51:09.447,capturas/2/20260828_144959/flow,original,332,74.1880,0.002842
2026-08-28 14:51:09.619,capturas/2/20260828_144959/flow,original,333,74.3600,0.003672
2026-08-28 14:51:09.775,capturas/2/20260828_144959/flow,original,334,74.5160,0.001100
2026-08-28 14:51:09.931,capturas/2/20260828_144959/flow,original,335,74.6720,0.000929
2026-08-28 14:51:10.134,capturas/2/20260828_144959/flow,original,336,74.8750,0.002177
2026-08-28 14:51:10.306,capturas/2/20260828_144959/flow,original,337,75.0470,0.000881
2026-08-28 14:51:10.478,capturas/2/20260828_144959/flow,original,338,75.2190,0.001239
2026-08-28 14:51:10.650,capturas/2/20260828_144959/flow,original,339,75.3910,0.000292
2026-08-28 14:51:10.791,capturas/2/20260828_144959/flow,original,340,75.5320,0.000000
2026-08-28 14:51:10.994,capturas/2/20260828_144959/flow,original,341,75.7350,0.001524
2026-08-28 14:51:11.134,capturas/2/20260828_144959/flow,original,342,75.8750,0.003310
2026-08-28 14:51:11.322,capturas/2/20260828_144959/flow,original,343,76.0630,0.000000
2026-08-28 14:51:11.525,capturas/2/20260828_144959/flow,original,344,76.2660,0.000000
2026-08-28 14:51:11.697,capturas/2/20260828_144959/flow,original,345,76.4380,0.000000
2026-08-28 14:51:11.884,capturas/2/20260828_144959/flow,original,346,76.6250,0.001085
2026-08-28 14:51:12.041,capturas/2/20260828_144959/flow,original,347,76.7820,0.000427
2026-08-28 14:51:12.212,capturas/2/20260828_144959/flow,original,348,76.9530,0.011120
2026-08-28 14:51:12.369,capturas/2/20260828_144959/flow,original,349,77.1100,0.010123
2026-08-28 14:51:12.556,capturas/2/20260828_144959/flow,original,350,77.2970,0.007306
2026-08-28 14:51:12.697,capturas/2/20260828_144959/flow,original,351,77.4380,0.000276
2026-08-28 14:51:12.884,capturas/2/20260828_144959/flow,original,352,77.6250,0.000241
2026-08-28 14:51:13.041,capturas/2/20260828_144959/flow,original,353,77.7820,0.005058
2026-08-28 14:51:13.228,capturas/2/20260828_144959/flow,original,354,77.9690,0.003961
2026-08-28 14:51:13.384,capturas/2/20260828_144959/flow,original,355,78.1250,0.001681
2026-08-28 14:51:13.556,capturas/2/20260828_144959/flow,original,356,78.2970,0.003519
2026-08-28 14:51:13.712,capturas/2/20260828_144959/flow,original,357,78.4530,0.001764
2026-08-28 14:51:13.869,capturas/2/20260828_144959/flow,original,358,78.6100,0.000000
2026-08-28 14:51:14.009,capturas/2/20260828_144959/flow,original,359,78.7500,0.000000
2026-08-28 14:51:14.197,capturas/2/20260828_144959/flow,original,360,78.9380,0.000000
2026-08-28 14:51:14.369,capturas/2/20260828_144959/flow,original,361,79.1100,0.000000
2026-08-28 14:51:14.525,capturas/2/20260828_144959/flow,original,362,79.2660,0.000000
2026-08-28 14:51:14.744,capturas/2/20260828_144959/flow,original,363,79.4850,0.000000
2026-08-28 14:51:14.978,capturas/2/20260828_144959/flow,original,364,79.7190,0.000574
2026-08-28 14:51:15.119,capturas/2/20260828_144959/flow,original,365,79.8600,0.000372
2026-08-28 14:51:15.353,capturas/2/20260828_144959/flow,original,366,80.0940,0.000177
2026-08-28 14:51:15.556,capturas/2/20260828_144959/flow,original,367,80.2970,0.000000
2026-08-28 14:51:15.759,capturas/2/20260828_144959/flow,original,368,80.5000,0.000195
2026-08-28 14:51:15.994,capturas/2/20260828_144959/flow,original,369,80.7350,0.000000
2026-08-28 14:51:16.197,capturas/2/20260828_144959/flow,original,370,80.9380,0.000000
2026-08-28 14:51:16.416,capturas/2/20260828_144959/flow,original,371,81.1570,0.001591
2026-08-28 14:51:16.572,capturas/2/20260828_144959/flow,original,372,81.3130,0.004046
2026-08-28 14:51:16.759,capturas/2/20260828_144959/flow,original,373,81.5000,0.000000
2026-08-28 14:51:16.947,capturas/2/20260828_144959/flow,original,374,81.6880,0.000346
2026-08-28 14:51:17.134,capturas/2/20260828_144959/flow,original,375,81.8750,0.000000
2026-08-28 14:51:17.322,capturas/2/20260828_144959/flow,original,376,82.0630,0.000000
2026-08-28 14:51:17.509,capturas/2/20260828_144959/flow,original,377,82.2500,0.000000
2026-08-28 14:51:17.666,capturas/2/20260828_144959/flow,original,378,82.4070,0.000000
2026-08-28 14:51:17.822,capturas/2/20260828_144959/flow,original,379,82.5630,0.000000
2026-08-28 14:51:18.025,capturas/2/20260828_144959/flow,original,380,82.7660,0.000000
2026-08-28 14:51:18.181,capturas/2/20260828_144959/flow,original,381,82.9220,0.000000
2026-08-28 14:51:18.322,capturas/2/20260828_144959/flow,original,382,83.0630,0.000000
2026-08-28 14:51:18.509,capturas/2/20260828_144959/flow,original,383,83.2500,0.000000
2026-08-28 14:51:18.744,capturas/2/20260828_144959/flow,original,384,83.4850,0.000000
2026-08-28 14:51:18.931,capturas/2/20260828_144959/flow,original,385,83.6720,0.000000
2026-08-28 14:51:19.087,capturas/2/20260828_144959/flow,original,386,83.8280,0.000000
2026-08-28 14:51:19.275,capturas/2/20260828_144959/flow,original,387,84.0160,0.000000
2026-08-28 14:51:19.447,capturas/2/20260828_144959/flow,original,388,84.1880,0.000000
2026-08-28 14:51:19.587,capturas/2/20260828_144959/flow,original,389,84.3280,0.000000
2026-08-28 14:51:19.744,capturas/2/20260828_144959/flow,original,390,84.4850,0.000831
2026-08-28 14:51:19.916,capturas/2/20260828_144959/flow,original,391,84.6570,0.001690
2026-08-28 14:51:20.072,capturas/2/20260828_144959/flow,original,392,84.8130,0.003030
2026-08-28 14:51:20.197,capturas/2/20260828_144959/flow,original,393,84.9380,0.004636
2026-08-28 14:51:20.400,capturas/2/20260828_144959/flow,original,394,85.1410,0.002106
2026-08-28 14:51:20.556,capturas/2/20260828_144959/flow,original,395,85.2970,0.005948
2026-08-28 14:51:20.744,capturas/2/20260828_144959/flow,original,396,85.4850,0.008177
2026-08-28 14:51:20.900,capturas/2/20260828_144959/flow,original,397,85.6410,0.003270
2026-08-28 14:51:21.087,capturas/2/20260828_144959/flow,original,398,85.8280,0.000255
2026-08-28 14:51:21.259,capturas/2/20260828_144959/flow,original,399,86.0000,0.000000
2026-08-28 14:51:21.447,capturas/2/20260828_144959/flow,original,400,86.1880,0.000000
2026-08-28 14:51:21.634,capturas/2/20260828_144959/flow,original,401,86.3750,0.005799
2026-08-28 14:51:21.775,capturas/2/20260828_144959/flow,original,402,86.5160,0.004104
2026-08-28 14:51:21.931,capturas/2/20260828_144959/flow,original,403,86.6720,0.000604
2026-08-28 14:51:22.103,capturas/2/20260828_144959/flow,original,404,86.8440,0.003045
2026-08-28 14:51:22.259,capturas/2/20260828_144959/flow,original,405,87.0000,0.000985
2026-08-28 14:51:22.431,capturas/2/20260828_144959/flow,original,406,87.1720,0.025667
2026-08-28 14:51:22.619,capturas/2/20260828_144959/flow,original,407,87.3600,0.028958
2026-08-28 14:51:22.759,capturas/2/20260828_144959/flow,original,408,87.5000,0.021528
2026-08-28 14:51:22.947,capturas/2/20260828_144959/flow,original,409,87.6880,0.021746
2026-08-28 14:51:23.103,capturas/2/20260828_144959/flow,original,410,87.8440,0.008711
2026-08-28 14:51:23.275,capturas/2/20260828_144959/flow,original,411,88.0160,0.000000
2026-08-28 14:51:23.431,capturas/2/20260828_144959/flow,original,412,88.1720,0.000000
2026-08-28 14:51:23.587,capturas/2/20260828_144959/flow,original,413,88.3280,0.000686
2026-08-28 14:51:23.775,capturas/2/20260828_144959/flow,original,414,88.5160,0.003123
2026-08-28 14:51:23.962,capturas/2/20260828_144959/flow,original,415,88.7030,0.015752
2026-08-28 14:51:24.119,capturas/2/20260828_144959/flow,original,416,88.8600,0.000000
2026-08-28 14:51:24.259,capturas/2/20260828_144959/flow,original,417,89.0000,0.000000
2026-08-28 14:51:24.447,capturas/2/20260828_144959/flow,original,418,89.1880,0.012582
2026-08-28 14:51:24.572,capturas/2/20260828_144959/flow,original,419,89.3130,0.035293
2026-08-28 14:51:24.712,capturas/2/20260828_144959/flow,original,420,89.4530,0.031267
2026-08-28 14:51:24.900,capturas/2/20260828_144959/flow,original,421,89.6410,0.079871
2026-08-28 14:51:25.087,capturas/2/20260828_144959/flow,original,422,89.8280,0.157467
2026-08-28 14:51:25.244,capturas/2/20260828_144959/flow,original,423,89.9850,0.361134
2026-08-28 14:51:25.431,capturas/2/20260828_144959/flow,original,424,90.1720,0.311253
2026-08-28 14:51:25.556,capturas/2/20260828_144959/flow,original,425,90.2970,0.089722
2026-08-28 14:51:25.759,capturas/2/20260828_144959/flow,original,426,90.5000,0.002024
2026-08-28 14:51:25.916,capturas/2/20260828_144959/flow,original,427,90.6570,0.000844
2026-08-28 14:51:26.072,capturas/2/20260828_144959/flow,original,428,90.8130,0.000540
2026-08-28 14:51:26.197,capturas/2/20260828_144959/flow,original,429,90.9380,0.000351
2026-08-28 14:51:26.369,capturas/2/20260828_144959/flow,original,430,91.1100,0.003186
2026-08-28 14:51:26.587,capturas/2/20260828_144959/flow,original,431,91.3280,0.000162
2026-08-28 14:51:26.744,capturas/2/20260828_144959/flow,original,432,91.4850,0.000000
2026-08-28 14:51:26.916,capturas/2/20260828_144959/flow,original,433,91.6570,0.000000
2026-08-28 14:51:27.072,capturas/2/20260828_144959/flow,original,434,91.8130,0.000319
2026-08-28 14:51:27.244,capturas/2/20260828_144959/flow,original,435,91.9850,0.001757
2026-08-28 14:51:27.400,capturas/2/20260828_144959/flow,original,436,92.1410,0.005085
2026-08-28 14:51:27.572,capturas/2/20260828_144959/flow,original,437,92.3130,0.009260
2026-08-28 14:51:27.759,capturas/2/20260828_144959/flow,original,438,92.5000,0.004694
2026-08-28 14:51:27.947,capturas/2/20260828_144959/flow,original,439,92.6880,0.005482
2026-08-28 14:51:28.134,capturas/2/20260828_144959/flow,original,440,92.8750,0.003420
2026-08-28 14:51:28.275,capturas/2/20260828_144959/flow,original,441,93.0160,0.033929
2026-08-28 14:51:28.447,capturas/2/20260828_144959/flow,original,442,93.1880,0.020473
2026-08-28 14:51:28.619,capturas/2/20260828_144959/flow,original,443,93.3600,0.012856
2026-08-28 14:51:28.791,capturas/2/20260828_144959/flow,original,444,93.5320,0.005644
2026-08-28 14:51:28.962,capturas/2/20260828_144959/flow,original,445,93.7030,0.003633
2026-08-28 14:51:29.119,capturas/2/20260828_144959/flow,original,446,93.8600,0.004572
2026-08-28 14:51:29.322,capturas/2/20260828_144959/flow,original,447,94.0630,0.004349
2026-08-28 14:51:29.509,capturas/2/20260828_144959/flow,original,448,94.2500,0.001630
2026-08-28 14:51:29.634,capturas/2/20260828_144959/flow,original,449,94.3750,0.003617
2026-08-28 14:51:29.822,capturas/2/20260828_144959/flow,original,450,94.5630,0.002138
2026-08-28 14:51:29.994,capturas/2/20260828_144959/flow,original,451,94.7350,0.002115
2026-08-28 14:51:30.166,capturas/2/20260828_144959/flow,original,452,94.9070,0.002845
2026-08-28 14:51:30.275,capturas/2/20260828_144959/flow,original,453,95.0160,0.001513
2026-08-28 14:51:30.447,capturas/2/20260828_144959/flow,original,454,95.1880,0.009933
2026-08-28 14:51:30.603,capturas/2/20260828_144959/flow,original,455,95.3440,0.008408
2026-08-28 14:51:30.775,capturas/2/20260828_144959/flow,original,456,95.5160,0.001494
2026-08-28 14:51:30.962,capturas/2/20260828_144959/flow,original,457,95.7030,0.001238
2026-08-28 14:51:31.134,capturas/2/20260828_144959/flow,original,458,95.8750,0.008321
2026-08-28 14:51:31.275,capturas/2/20260828_144959/flow,original,459,96.0160,0.034465
2026-08-28 14:51:31.447,capturas/2/20260828_144959/flow,original,460,96.1880,0.026963
2026-08-28 14:51:31.650,capturas/2/20260828_144959/flow,original,461,96.3910,0.000167
2026-08-28 14:51:31.822,capturas/2/20260828_144959/flow,original,462,96.5630,0.000000
2026-08-28 14:51:31.978,capturas/2/20260828_144959/flow,original,463,96.7190,0.000192
2026-08-28 14:51:32.119,capturas/2/20260828_144959/flow,original,464,96.8600,0.000241
2026-08-28 14:51:32.337,capturas/2/20260828_144959/flow,original,465,97.0780,0.000243
2026-08-28 14:51:32.509,capturas/2/20260828_144959/flow,original,466,97.2500,0.003284
2026-08-28 14:51:32.712,capturas/2/20260828_144959/flow,original,467,97.4530,0.009061
2026-08-28 14:51:32.869,capturas/2/20260828_144959/flow,original,468,97.6100,0.011997
2026-08-28 14:51:33.056,capturas/2/20260828_144959/flow,original,469,97.7970,0.035736
2026-08-28 14:51:33.212,capturas/2/20260828_144959/flow,original,470,97.9530,0.072412
2026-08-28 14:51:33.416,capturas/2/20260828_144959/flow,original,471,98.1570,0.002942
2026-08-28 14:51:33.572,capturas/2/20260828_144959/flow,original,472,98.3130,0.000000
2026-08-28 14:51:33.759,capturas/2/20260828_144959/flow,original,473,98.5000,0.000669
2026-08-28 14:51:33.884,capturas/2/20260828_144959/flow,original,474,98.6250,0.002953
2026-08-28 14:51:34.072,capturas/2/20260828_144959/flow,original,475,98.8130,0.003550
2026-08-28 14:51:34.244,capturas/2/20260828_144959/flow,original,476,98.9850,0.001659
2026-08-28 14:51:34.447,capturas/2/20260828_144959/flow,original,477,99.1880,0.000000
2026-08-28 14:51:34.603,capturas/2/20260828_144959/flow,original,478,99.3440,0.000000
2026-08-28 14:51:34.791,capturas/2/20260828_144959/flow,original,479,99.5320,0.000000
2026-08-28 14:51:34.962,capturas/2/20260828_144959/flow,original,480,99.7030,0.000000
2026-08-28 14:51:35.103,capturas/2/20260828_144959/flow,original,481,99.8440,0.000271
2026-08-28 14:51:35.322,capturas/2/20260828_144959/flow,original,482,100.0630,0.000000
2026-08-28 14:51:35.509,capturas/2/20260828_144959/flow,original,483,100.2500,0.000219
2026-08-28 14:51:35.681,capturas/2/20260828_144959/flow,original,484,100.4220,0.000219
2026-08-28 14:51:35.837,capturas/2/20260828_144959/flow,original,485,100.5780,0.000000
2026-08-28 14:51:35.994,capturas/2/20260828_144959/flow,original,486,100.7350,0.000000
2026-08-28 14:51:36.181,capturas/2/20260828_144959/flow,original,487,100.9220,0.000000
2026-08-28 14:51:36.306,capturas/2/20260828_144959/flow,original,488,101.0470,0.000000
2026-08-28 14:51:36.478,capturas/2/20260828_144959/flow,original,489,101.2190,0.000000
2026-08-28 14:51:36.666,capturas/2/20260828_144959/flow,original,490,101.4070,0.000656
2026-08-28 14:51:36.822,capturas/2/20260828_144959/flow,original,491,101.5630,0.000660
2026-08-28 14:51:36.994,capturas/2/20260828_144959/flow,original,492,101.7350,0.001565
2026-08-28 14:51:37.197,capturas/2/20260828_144959/flow,original,493,101.9380,0.000580
2026-08-28 14:51:37.369,capturas/2/20260828_144959/flow,original,494,102.1100,0.000000
2026-08-28 14:51:37.541,capturas/2/20260828_144959/flow,original,495,102.2820,0.000000
2026-08-28 14:51:37.697,capturas/2/20260828_144959/flow,original,496,102.4380,0.000000
2026-08-28 14:51:37.853,capturas/2/20260828_144959/flow,original,497,102.5940,0.000000
2026-08-28 14:51:38.056,capturas/2/20260828_144959/flow,original,498,102.7970,0.000000
2026-08-28 14:51:38.212,capturas/2/20260828_144959/flow,original,499,102.9530,0.000000
2026-08-28 14:51:38.369,capturas/2/20260828_144959/flow,original,500,103.1100,0.000000
2026-08-28 14:51:38.556,capturas/2/20260828_144959/flow,original,501,103.2970,0.000000
2026-08-28 14:51:38.712,capturas/2/20260828_144959/flow,original,502,103.4530,0.000000
2026-08-28 14:51:38.884,capturas/2/20260828_144959/flow,original,503,103.6250,0.000000
2026-08-28 14:51:39.056,capturas/2/20260828_144959/flow,original,504,103.7970,0.000000
2026-08-28 14:51:39.244,capturas/2/20260828_144959/flow,original,505,103.9850,0.000000
2026-08-28 14:51:39.416,capturas/2/20260828_144959/flow,original,506,104.1570,0.000000
2026-08-28 14:51:39.572,capturas/2/20260828_144959/flow,original,507,104.3130,0.000000
2026-08-28 14:51:39.759,capturas/2/20260828_144959/flow,original,508,104.5000,0.000000
2026-08-28 14:51:39.900,capturas/2/20260828_144959/flow,original,509,104.6410,0.000000
2026-08-28 14:51:40.072,capturas/2/20260828_144959/flow,original,510,104.8130,0.001825
2026-08-28 14:51:40.244,capturas/2/20260828_144959/flow,original,511,104.9850,0.005436
2026-08-28 14:51:40.431,capturas/2/20260828_144959/flow,original,512,105.1720,0.000932
2026-08-28 14:51:40.572,capturas/2/20260828_144959/flow,original,513,105.3130,0.003942
2026-08-28 14:51:40.759,capturas/2/20260828_144959/flow,original,514,105.5000,0.000243
2026-08-28 14:51:40.916,capturas/2/20260828_144959/flow,original,515,105.6570,0.000000
2026-08-28 14:51:41.103,capturas/2/20260828_144959/flow,original,516,105.8440,0.000000
2026-08-28 14:51:41.291,capturas/2/20260828_144959/flow,original,517,106.0320,0.000314
2026-08-28 14:51:41.494,capturas/2/20260828_144959/flow,original,518,106.2350,0.000000
2026-08-28 14:51:41.681,capturas/2/20260828_144959/flow,original,519,106.4220,0.000000
2026-08-28 14:51:41.869,capturas/2/20260828_144959/flow,original,520,106.6100,0.000000
2026-08-28 14:51:42.056,capturas/2/20260828_144959/flow,original,521,106.7970,0.001956
2026-08-28 14:51:42.275,capturas/2/20260828_144959/flow,original,522,107.0160,0.000722
2026-08-28 14:51:42.431,capturas/2/20260828_144959/flow,original,523,107.1720,0.000000
2026-08-28 14:51:42.587,capturas/2/20260828_144959/flow,original,524,107.3280,0.006290
2026-08-28 14:51:42.775,capturas/2/20260828_144959/flow,original,525,107.5160,0.002786
2026-08-28 14:51:42.947,capturas/2/20260828_144959/flow,original,526,107.6880,0.000000
2026-08-28 14:51:43.119,capturas/2/20260828_144959/flow,original,527,107.8600,0.000000
2026-08-28 14:51:43.306,capturas/2/20260828_144959/flow,original,528,108.0470,0.000000
2026-08-28 14:51:43.494,capturas/2/20260828_144959/flow,original,529,108.2350,0.000000
2026-08-28 14:51:43.681,capturas/2/20260828_144959/flow,original,530,108.4220,0.000733
2026-08-28 14:51:43.837,capturas/2/20260828_144959/flow,original,531,108.5780,0.000000
2026-08-28 14:51:44.025,capturas/2/20260828_144959/flow,original,532,108.7660,0.000000
2026-08-28 14:51:44.181,capturas/2/20260828_144959/flow,original,533,108.9220,0.000000
2026-08-28 14:51:44.369,capturas/2/20260828_144959/flow,original,534,109.1100,0.000610
2026-08-28 14:51:44.572,capturas/2/20260828_144959/flow,original,535,109.3130,0.003161
2026-08-28 14:51:44.759,capturas/2/20260828_144959/flow,original,536,109.5000,0.023075
2026-08-28 14:51:44.900,capturas/2/20260828_144959/flow,original,537,109.6410,0.008424
2026-08-28 14:51:45.072,capturas/2/20260828_144959/flow,original,538,109.8130,0.015296
2026-08-28 14:51:45.244,capturas/2/20260828_144959/flow,original,539,109.9850,0.011311
2026-08-28 14:51:45.431,capturas/2/20260828_144959/flow,original,540,110.1720,0.005080
2026-08-28 14:51:45.603,capturas/2/20260828_144959/flow,original,541,110.3440,0.000419
2026-08-28 14:51:45.759,capturas/2/20260828_144959/flow,original,542,110.5000,0.001269
2026-08-28 14:51:45.962,capturas/2/20260828_144959/flow,original,543,110.7030,0.000484
2026-08-28 14:51:46.119,capturas/2/20260828_144959/flow,original,544,110.8600,0.003549
2026-08-28 14:51:46.291,capturas/2/20260828_144959/flow,original,545,111.0320,0.005208
2026-08-28 14:51:46.478,capturas/2/20260828_144959/flow,original,546,111.2190,0.004447
2026-08-28 14:51:46.650,capturas/2/20260828_144959/flow,original,547,111.3910,0.004434
2026-08-28 14:51:46.791,capturas/2/20260828_144959/flow,original,548,111.5320,0.003143
2026-08-28 14:51:46.931,capturas/2/20260828_144959/flow,original,549,111.6720,0.009628
2026-08-28 14:51:47.134,capturas/2/20260828_144959/flow,original,550,111.8750,0.002054
2026-08-28 14:51:47.337,capturas/2/20260828_144959/flow,original,551,112.0780,0.000244
2026-08-28 14:51:47.525,capturas/2/20260828_144959/flow,original,552,112.2660,0.000000
2026-08-28 14:51:47.697,capturas/2/20260828_144959/flow,original,553,112.4380,0.000295
2026-08-28 14:51:47.869,capturas/2/20260828_144959/flow,original,554,112.6100,0.000244
2026-08-28 14:51:47.978,capturas/2/20260828_144959/flow,original,555,112.7190,0.000243
2026-08-28 14:51:48.150,capturas/2/20260828_144959/flow,original,556,112.8910,0.000680
2026-08-28 14:51:48.353,capturas/2/20260828_144959/flow,original,557,113.0940,0.000000
2026-08-28 14:51:48.509,capturas/2/20260828_144959/flow,original,558,113.2500,0.000000
2026-08-28 14:51:48.697,capturas/2/20260828_144959/flow,original,559,113.4380,0.000617
2026-08-28 14:51:48.884,capturas/2/20260828_144959/flow,original,560,113.6250,0.000000
2026-08-28 14:51:49.072,capturas/2/20260828_144959/flow,original,561,113.8130,0.000536
2026-08-28 14:51:49.275,capturas/2/20260828_144959/flow,original,562,114.0160,0.000230
2026-08-28 14:51:49.416,capturas/2/20260828_144959/flow,original,563,114.1570,0.000467
2026-08-28 14:51:49.603,capturas/2/20260828_144959/flow,original,564,114.3440,0.000000
2026-08-28 14:51:49.759,capturas/2/20260828_144959/flow,original,565,114.5000,0.000000
2026-08-28 14:51:49.978,capturas/2/20260828_144959/flow,original,566,114.7190,0.001448
2026-08-28 14:51:50.103,capturas/2/20260828_144959/flow,original,567,114.8440,0.000963
2026-08-28 14:51:50.275,capturas/2/20260828_144959/flow,original,568,115.0160,0.001241
2026-08-28 14:51:50.431,capturas/2/20260828_144959/flow,original,569,115.1720,0.000596
2026-08-28 14:51:50.603,capturas/2/20260828_144959/flow,original,570,115.3440,0.000731
2026-08-28 14:51:50.791,capturas/2/20260828_144959/flow,original,571,115.5320,0.000000
2026-08-28 14:51:50.978,capturas/2/20260828_144959/flow,original,572,115.7190,0.000207
2026-08-28 14:51:51.166,capturas/2/20260828_144959/flow,original,573,115.9070,0.001021
2026-08-28 14:51:51.337,capturas/2/20260828_144959/flow,original,574,116.0780,0.001666
2026-08-28 14:51:51.462,capturas/2/20260828_144959/flow,original,575,116.2030,0.004087
2026-08-28 14:51:51.619,capturas/2/20260828_144959/flow,original,576,116.3600,0.000000
2026-08-28 14:51:51.806,capturas/2/20260828_144959/flow,original,577,116.5470,0.000000
2026-08-28 14:51:51.978,capturas/2/20260828_144959/flow,original,578,116.7190,0.000615
2026-08-28 14:51:52.166,capturas/2/20260828_144959/flow,original,579,116.9070,0.000269
2026-08-28 14:51:52.337,capturas/2/20260828_144959/flow,original,580,117.0780,0.000000
2026-08-28 14:51:52.478,capturas/2/20260828_144959/flow,original,581,117.2190,0.002006
2026-08-28 14:51:52.681,capturas/2/20260828_144959/flow,original,582,117.4220,0.000000
2026-08-28 14:51:52.806,capturas/2/20260828_144959/flow,original,583,117.5470,0.000237
2026-08-28 14:51:52.994,capturas/2/20260828_144959/flow,original,584,117.7350,0.000000
2026-08-28 14:51:53.150,capturas/2/20260828_144959/flow,original,585,117.8910,0.002119
2026-08-28 14:51:53.353,capturas/2/20260828_144959/flow,original,586,118.0940,0.000000
2026-08-28 14:51:53.541,capturas/2/20260828_144959/flow,original,587,118.2820,0.000000
2026-08-28 14:51:53.681,capturas/2/20260828_144959/flow,original,588,118.4220,0.000268
2026-08-28 14:51:53.837,capturas/2/20260828_144959/flow,original,589,118.5780,0.000227
2026-08-28 14:51:54.009,capturas/2/20260828_144959/flow,original,590,118.7500,0.000311
2026-08-28 14:51:54.212,capturas/2/20260828_144959/flow,original,591,118.9530,0.000000
2026-08-28 14:51:54.384,capturas/2/20260828_144959/flow,original,592,119.1250,0.000000
2026-08-28 14:51:54.541,capturas/2/20260828_144959/flow,original,593,119.2820,0.000000
2026-08-28 14:51:54.681,capturas/2/20260828_144959/flow,original,594,119.4220,0.000000
2026-08-28 14:51:54.853,capturas/2/20260828_144959/flow,original,595,119.5940,0.000000
2026-08-28 14:51:55.009,capturas/2/20260828_144959/flow,original,596,119.7500,0.000000
2026-08-28 14:51:55.181,capturas/2/20260828_144959/flow,original,597,119.9220,0.000000
2026-08-28 14:51:55.337,capturas/2/20260828_144959/flow,original,598,120.0780,0.000000
2026-08-28 14:51:55.494,capturas/2/20260828_144959/flow,original,599,120.2350,0.000000
2026-08-28 14:51:55.681,capturas/2/20260828_144959/flow,original,600,120.4220,0.000000
2026-08-28 14:51:55.869,capturas/2/20260828_144959/flow,original,601,120.6100,0.000000
2026-08-28 14:51:56.041,capturas/2/20260828_144959/flow,original,602,120.7820,0.000000
2026-08-28 14:51:56.212,capturas/2/20260828_144959/flow,original,603,120.9530,0.000000
2026-08-28 14:51:56.384,capturas/2/20260828_144959/flow,original,604,121.1250,0.000000
2026-08-28 14:51:56.587,capturas/2/20260828_144959/flow,original,605,121.3280,0.000000
2026-08-28 14:51:56.759,capturas/2/20260828_144959/flow,original,606,121.5000,0.000000
2026-08-28 14:51:56.884,capturas/2/20260828_144959/flow,original,607,121.6250,0.008120
2026-08-28 14:51:57.041,capturas/2/20260828_144959/flow,original,608,121.7820,0.006166
2026-08-28 14:51:57.212,capturas/2/20260828_144959/flow,original,609,121.9530,0.003029
2026-08-28 14:51:57.400,capturas/2/20260828_144959/flow,original,610,122.1410,0.000297
2026-08-28 14:51:57.572,capturas/2/20260828_144959/flow,original,611,122.3130,0.000000
2026-08-28 14:51:57.697,capturas/2/20260828_144959/flow,original,612,122.4380,0.000000
2026-08-28 14:51:57.884,capturas/2/20260828_144959/flow,original,613,122.6250,0.000000
2026-08-28 14:51:58.056,capturas/2/20260828_144959/flow,original,614,122.7970,0.000000
2026-08-28 14:51:58.228,capturas/2/20260828_144959/flow,original,615,122.9690,0.000000
2026-08-28 14:51:58.416,capturas/2/20260828_144959/flow,original,616,123.1570,0.000000
2026-08-28 14:51:58.603,capturas/2/20260828_144959/flow,original,617,123.3440,0.000000
2026-08-28 14:51:58.791,capturas/2/20260828_144959/flow,original,618,123.5320,0.000000
2026-08-28 14:51:58.947,capturas/2/20260828_144959/flow,original,619,123.6880,0.000000
2026-08-28 14:51:59.087,capturas/2/20260828_144959/flow,original,620,123.8280,0.000000
2026-08-28 14:51:59.259,capturas/2/20260828_144959/flow,original,621,124.0000,0.000000
2026-08-28 14:51:59.416,capturas/2/20260828_144959/flow,original,622,124.1570,0.000000
2026-08-28 14:51:59.587,capturas/2/20260828_144959/flow,original,623,124.3280,0.000000
2026-08-28 14:51:59.728,capturas/2/20260828_144959/flow,original,624,124.4690,0.000000
2026-08-28 14:51:59.931,capturas/2/20260828_144959/flow,original,625,124.6720,0.000000
2026-08-28 14:52:00.134,capturas/2/20260828_144959/flow,original,626,124.8750,0.000451
2026-08-28 14:52:00.322,capturas/2/20260828_144959/flow,original,627,125.0630,0.000000
2026-08-28 14:52:00.494,capturas/2/20260828_144959/flow,original,628,125.2350,0.001154
2026-08-28 14:52:00.681,capturas/2/20260828_144959/flow,original,629,125.4220,0.000000
2026-08-28 14:52:00.837,capturas/2/20260828_144959/flow,original,630,125.5780,0.000000
2026-08-28 14:52:01.009,capturas/2/20260828_144959/flow,original,631,125.7500,0.001178
2026-08-28 14:52:01.212,capturas/2/20260828_144959/flow,original,632,125.9530,0.000491
2026-08-28 14:52:01.369,capturas/2/20260828_144959/flow,original,633,126.1100,0.002154
2026-08-28 14:52:01.556,capturas/2/20260828_144959/flow,original,634,126.2970,0.000000
2026-08-28 14:52:01.712,capturas/2/20260828_144959/flow,original,635,126.4530,0.001784
2026-08-28 14:52:01.931,capturas/2/20260828_144959/flow,original,636,126.6720,0.000000
2026-08-28 14:52:02.087,capturas/2/20260828_144959/flow,original,637,126.8280,0.000314
2026-08-28 14:52:02.259,capturas/2/20260828_144959/flow,original,638,127.0000,0.000456
2026-08-28 14:52:02.384,capturas/2/20260828_144959/flow,original,639,127.1250,0.000224
2026-08-28 14:52:02.556,capturas/2/20260828_144959/flow,original,640,127.2970,0.000204
2026-08-28 14:52:02.744,capturas/2/20260828_144959/flow,original,641,127.4850,0.001647
2026-08-28 14:52:02.916,capturas/2/20260828_144959/flow,original,642,127.6570,0.000946
2026-08-28 14:52:03.056,capturas/2/20260828_144959/flow,original,643,127.7970,0.003479
2026-08-28 14:52:03.212,capturas/2/20260828_144959/flow,original,644,127.9530,0.002829
2026-08-28 14:52:03.369,capturas/2/20260828_144959/flow,original,645,128.1100,0.002403
2026-08-28 14:52:03.541,capturas/2/20260828_144959/flow,original,646,128.2820,0.000000
2026-08-28 14:52:03.759,capturas/2/20260828_144959/flow,original,647,128.5000,0.000000
2026-08-28 14:52:03.931,capturas/2/20260828_144959/flow,original,648,128.6720,0.000000
2026-08-28 14:52:04.087,capturas/2/20260828_144959/flow,original,649,128.8280,0.000972
2026-08-28 14:52:04.259,capturas/2/20260828_144959/flow,original,650,129.0000,0.008046
2026-08-28 14:52:04.447,capturas/2/20260828_144959/flow,original,651,129.1880,0.013240
2026-08-28 14:52:04.619,capturas/2/20260828_144959/flow,original,652,129.3600,0.009253
2026-08-28 14:52:04.822,capturas/2/20260828_144959/flow,original,653,129.5630,0.012137
2026-08-28 14:52:04.994,capturas/2/20260828_144959/flow,original,654,129.7350,0.000239
2026-08-28 14:52:05.119,capturas/2/20260828_144959/flow,original,655,129.8600,0.000593
2026-08-28 14:52:05.291,capturas/2/20260828_144959/flow,original,656,130.0320,0.000000
2026-08-28 14:52:05.494,capturas/2/20260828_144959/flow,original,657,130.2350,0.000000
2026-08-28 14:52:05.666,capturas/2/20260828_144959/flow,original,658,130.4070,0.000000
2026-08-28 14:52:05.853,capturas/2/20260828_144959/flow,original,659,130.5940,0.000000
2026-08-28 14:52:06.041,capturas/2/20260828_144959/flow,original,660,130.7820,0.000000
2026-08-28 14:52:06.228,capturas/2/20260828_144959/flow,original,661,130.9690,0.000000
2026-08-28 14:52:06.384,capturas/2/20260828_144959/flow,original,662,131.1250,0.001416
2026-08-28 14:52:06.587,capturas/2/20260828_144959/flow,original,663,131.3280,0.012428
2026-08-28 14:52:06.775,capturas/2/20260828_144959/flow,original,664,131.5160,0.027280
2026-08-28 14:52:06.962,capturas/2/20260828_144959/flow,original,665,131.7030,0.112425
2026-08-28 14:52:07.119,capturas/2/20260828_144959/flow,original,666,131.8600,0.000000
2026-08-28 14:52:07.322,capturas/2/20260828_144959/flow,original,667,132.0630,0.001188
2026-08-28 14:52:07.478,capturas/2/20260828_144959/flow,original,668,132.2190,1.433146
2026-08-28 14:52:07.650,capturas/2/20260828_144959/flow,original,669,132.3910,2.906481
2026-08-28 14:52:07.806,capturas/2/20260828_144959/flow,original,670,132.5470,4.244604
2026-08-28 14:52:07.978,capturas/2/20260828_144959/flow,original,671,132.7190,7.468773
2026-08-28 14:52:08.166,capturas/2/20260828_144959/flow,original,672,132.9070,8.207455
2026-08-28 14:52:08.322,capturas/2/20260828_144959/flow,original,673,133.0630,9.765847
2026-08-28 14:52:08.525,capturas/2/20260828_144959/flow,original,674,133.2660,10.260600
2026-08-28 14:52:08.681,capturas/2/20260828_144959/flow,original,675,133.4220,10.937437
2026-08-28 14:52:08.853,capturas/2/20260828_144959/flow,original,676,133.5940,14.531819
2026-08-28 14:52:09.009,capturas/2/20260828_144959/flow,original,677,133.7500,15.907760
2026-08-28 14:52:09.228,capturas/2/20260828_144959/flow,original,678,133.9690,19.507248
2026-08-28 14:52:09.384,capturas/2/20260828_144959/flow,original,679,134.1250,20.548189
2026-08-28 14:52:09.556,capturas/2/20260828_144959/flow,original,680,134.2970,21.558956
2026-08-28 14:52:09.728,capturas/2/20260828_144959/flow,original,681,134.4690,24.467819
2026-08-28 14:52:09.931,capturas/2/20260828_144959/flow,original,682,134.6720,25.342731
2026-08-28 14:52:10.103,capturas/2/20260828_144959/flow,original,683,134.8440,26.849311
2026-08-28 14:52:10.259,capturas/2/20260828_144959/flow,original,684,135.0000,27.355160
2026-08-28 14:52:10.462,capturas/2/20260828_144959/flow,original,685,135.2030,27.739956
2026-08-28 14:52:10.666,capturas/2/20260828_144959/flow,original,686,135.4070,29.354729
2026-08-28 14:52:10.869,capturas/2/20260828_144959/flow,original,687,135.6100,29.834165
2026-08-28 14:52:11.056,capturas/2/20260828_144959/flow,original,688,135.7970,30.332063
2026-08-28 14:52:11.244,capturas/2/20260828_144959/flow,original,689,135.9850,31.950893
2026-08-28 14:52:11.431,capturas/2/20260828_144959/flow,original,690,136.1720,32.220925
2026-08-28 14:52:11.619,capturas/2/20260828_144959/flow,original,691,136.3600,32.360691
2026-08-28 14:52:11.791,capturas/2/20260828_144959/flow,original,692,136.5320,32.432163
2026-08-28 14:52:11.931,capturas/2/20260828_144959/flow,original,693,136.6720,32.416149
2026-08-28 14:52:12.056,capturas/2/20260828_144959/flow,original,694,136.7970,32.116960
2026-08-28 14:52:12.244,capturas/2/20260828_144959/flow,original,695,136.9850,32.140362
2026-08-28 14:52:12.447,capturas/2/20260828_144959/flow,original,696,137.1880,32.247900
2026-08-28 14:52:12.603,capturas/2/20260828_144959/flow,original,697,137.3440,32.486452
2026-08-28 14:52:12.775,capturas/2/20260828_144959/flow,original,698,137.5160,34.015259
2026-08-28 14:52:12.947,capturas/2/20260828_144959/flow,original,699,137.6880,34.846130
2026-08-28 14:52:13.072,capturas/2/20260828_144959/flow,original,700,137.8130,35.677143
2026-08-28 14:52:13.228,capturas/2/20260828_144959/flow,original,701,137.9690,37.940983
2026-08-28 14:52:13.400,capturas/2/20260828_144959/flow,original,702,138.1410,38.615840
2026-08-28 14:52:13.572,capturas/2/20260828_144959/flow,original,703,138.3130,39.218198
2026-08-28 14:52:13.759,capturas/2/20260828_144959/flow,original,704,138.5000,41.837479
2026-08-28 14:52:13.931,capturas/2/20260828_144959/flow,original,705,138.6720,42.287543
2026-08-28 14:52:14.103,capturas/2/20260828_144959/flow,original,706,138.8440,42.616877
2026-08-28 14:52:14.306,capturas/2/20260828_144959/flow,original,707,139.0470,43.038584
2026-08-28 14:52:14.462,capturas/2/20260828_144959/flow,original,708,139.2030,43.329637
2026-08-28 14:52:14.650,capturas/2/20260828_144959/flow,original,709,139.3910,43.596833
2026-08-28 14:52:14.822,capturas/2/20260828_144959/flow,original,710,139.5630,43.732223
2026-08-28 14:52:15.025,capturas/2/20260828_144959/flow,original,711,139.7660,44.072184
2026-08-28 14:52:15.150,capturas/2/20260828_144959/flow,original,712,139.8910,44.033895
2026-08-28 14:52:15.337,capturas/2/20260828_144959/flow,original,713,140.0780,43.904618
2026-08-28 14:52:15.494,capturas/2/20260828_144959/flow,original,714,140.2350,43.958801
2026-08-28 14:52:15.634,capturas/2/20260828_144959/flow,original,715,140.3750,44.014053
2026-08-28 14:52:15.822,capturas/2/20260828_144959/flow,original,716,140.5630,43.925938
2026-08-28 14:52:15.994,capturas/2/20260828_144959/flow,original,717,140.7350,43.691826
2026-08-28 14:52:16.134,capturas/2/20260828_144959/flow,original,718,140.8750,42.738895
2026-08-28 14:52:16.322,capturas/2/20260828_144959/flow,original,719,141.0630,42.388868
2026-08-28 14:52:16.494,capturas/2/20260828_144959/flow,original,720,141.2350,42.203722
2026-08-28 14:52:16.650,capturas/2/20260828_144959/flow,original,721,141.3910,41.981988
2026-08-28 14:52:16.822,capturas/2/20260828_144959/flow,original,722,141.5630,42.035593
2026-08-28 14:52:17.009,capturas/2/20260828_144959/flow,original,723,141.7500,42.211366
2026-08-28 14:52:17.134,capturas/2/20260828_144959/flow,original,724,141.8750,42.977075
2026-08-28 14:52:17.275,capturas/2/20260828_144959/flow,original,725,142.0160,43.064964
2026-08-28 14:52:17.447,capturas/2/20260828_144959/flow,original,726,142.1880,43.145968
2026-08-28 14:52:17.650,capturas/2/20260828_144959/flow,original,727,142.3910,43.222335
2026-08-28 14:52:17.822,capturas/2/20260828_144959/flow,original,728,142.5630,43.290663
2026-08-28 14:52:18.009,capturas/2/20260828_144959/flow,original,729,142.7500,43.441122
2026-08-28 14:52:18.134,capturas/2/20260828_144959/flow,original,730,142.8750,43.538190
2026-08-28 14:52:18.322,capturas/2/20260828_144959/flow,original,731,143.0630,43.660647
2026-08-28 14:52:18.525,capturas/2/20260828_144959/flow,original,732,143.2660,43.637332
2026-08-28 14:52:18.681,capturas/2/20260828_144959/flow,original,733,143.4220,43.620914
2026-08-28 14:52:18.837,capturas/2/20260828_144959/flow,original,734,143.5780,43.596866
2026-08-28 14:52:18.994,capturas/2/20260828_144959/flow,original,735,143.7350,43.568437
2026-08-28 14:52:19.134,capturas/2/20260828_144959/flow,original,736,143.8750,43.154541
2026-08-28 14:52:19.306,capturas/2/20260828_144959/flow,original,737,144.0470,43.036987
2026-08-28 14:52:19.462,capturas/2/20260828_144959/flow,original,738,144.2030,43.292368
2026-08-28 14:52:19.619,capturas/2/20260828_144959/flow,original,739,144.3600,43.516745
2026-08-28 14:52:19.775,capturas/2/20260828_144959/flow,original,740,144.5160,43.719639
2026-08-28 14:52:19.947,capturas/2/20260828_144959/flow,original,741,144.6880,44.322452
2026-08-28 14:52:20.072,capturas/2/20260828_144959/flow,original,742,144.8130,44.413470
2026-08-28 14:52:20.259,capturas/2/20260828_144959/flow,original,743,145.0000,44.614923
2026-08-28 14:52:20.478,capturas/2/20260828_144959/flow,original,744,145.2190,44.619077
2026-08-28 14:52:20.681,capturas/2/20260828_144959/flow,original,745,145.4220,44.566439
2026-08-28 14:52:20.853,capturas/2/20260828_144959/flow,original,746,145.5940,44.548103
2026-08-28 14:52:21.041,capturas/2/20260828_144959/flow,original,747,145.7820,44.217192
2026-08-28 14:52:21.197,capturas/2/20260828_144959/flow,original,748,145.9380,44.149892
2026-08-28 14:52:21.384,capturas/2/20260828_144959/flow,original,749,146.1250,44.036678
2026-08-28 14:52:21.603,capturas/2/20260828_144959/flow,original,750,146.3440,43.889960
2026-08-28 14:52:21.759,capturas/2/20260828_144959/flow,original,751,146.5000,43.373041
2026-08-28 14:52:21.931,capturas/2/20260828_144959/flow,original,752,146.6720,43.315601
2026-08-28 14:52:22.103,capturas/2/20260828_144959/flow,original,753,146.8440,43.659732
2026-08-28 14:52:22.275,capturas/2/20260828_144959/flow,original,754,147.0160,43.697175
2026-08-28 14:52:22.478,capturas/2/20260828_144959/flow,original,755,147.2190,43.679719
2026-08-28 14:52:22.603,capturas/2/20260828_144959/flow,original,756,147.3440,43.270820
2026-08-28 14:52:22.806,capturas/2/20260828_144959/flow,original,757,147.5470,43.171946
2026-08-28 14:52:22.962,capturas/2/20260828_144959/flow,original,758,147.7030,43.216631
2026-08-28 14:52:23.119,capturas/2/20260828_144959/flow,original,759,147.8600,43.183477
2026-08-28 14:52:23.291,capturas/2/20260828_144959/flow,original,760,148.0320,43.075726
2026-08-28 14:52:23.462,capturas/2/20260828_144959/flow,original,761,148.2030,42.508942
2026-08-28 14:52:23.650,capturas/2/20260828_144959/flow,original,762,148.3910,42.489129
2026-08-28 14:52:23.806,capturas/2/20260828_144959/flow,original,763,148.5470,42.502725
2026-08-28 14:52:23.994,capturas/2/20260828_144959/flow,original,764,148.7350,40.620837
2026-08-28 14:52:24.181,capturas/2/20260828_144959/flow,original,765,148.9220,39.930171
2026-08-28 14:52:24.337,capturas/2/20260828_144959/flow,original,766,149.0780,39.188820
2026-08-28 14:52:24.541,capturas/2/20260828_144959/flow,original,767,149.2820,38.492410
2026-08-28 14:52:24.681,capturas/2/20260828_144959/flow,original,768,149.4220,37.822609
2026-08-28 14:52:24.853,capturas/2/20260828_144959/flow,original,769,149.5940,37.279718
2026-08-28 14:52:25.009,capturas/2/20260828_144959/flow,original,770,149.7500,36.870519
2026-08-28 14:52:25.181,capturas/2/20260828_144959/flow,original,771,149.9220,37.284873
2026-08-28 14:52:25.369,capturas/2/20260828_144959/flow,original,772,150.1100,37.752721
2026-08-28 14:52:25.541,capturas/2/20260828_144959/flow,original,773,150.2820,38.197619
2026-08-28 14:52:25.728,capturas/2/20260828_144959/flow,original,774,150.4690,40.095752
2026-08-28 14:52:25.900,capturas/2/20260828_144959/flow,original,775,150.6410,40.407521
2026-08-28 14:52:26.056,capturas/2/20260828_144959/flow,original,776,150.7970,40.540617
2026-08-28 14:52:26.181,capturas/2/20260828_144959/flow,original,777,150.9220,40.545336
2026-08-28 14:52:26.384,capturas/2/20260828_144959/flow,original,778,151.1250,40.297518
2026-08-28 14:52:26.525,capturas/2/20260828_144959/flow,original,779,151.2660,39.880635
2026-08-28 14:52:26.712,capturas/2/20260828_144959/flow,original,780,151.4530,39.430953
2026-08-28 14:52:26.884,capturas/2/20260828_144959/flow,original,781,151.6250,37.992326
2026-08-28 14:52:27.087,capturas/2/20260828_144959/flow,original,782,151.8280,37.947564
2026-08-28 14:52:27.228,capturas/2/20260828_144959/flow,original,783,151.9690,38.739157
2026-08-28 14:52:27.384,capturas/2/20260828_144959/flow,original,784,152.1250,39.134600
2026-08-28 14:52:27.587,capturas/2/20260828_144959/flow,original,785,152.3280,39.617856
2026-08-28 14:52:27.759,capturas/2/20260828_144959/flow,original,786,152.5000,40.081578
2026-08-28 14:52:27.962,capturas/2/20260828_144959/flow,original,787,152.7030,41.514594
2026-08-28 14:52:28.119,capturas/2/20260828_144959/flow,original,788,152.8600,41.746882
2026-08-28 14:52:28.244,capturas/2/20260828_144959/flow,original,789,152.9850,42.026630
2026-08-28 14:52:28.400,capturas/2/20260828_144959/flow,original,790,153.1410,42.154133
2026-08-28 14:52:28.556,capturas/2/20260828_144959/flow,original,791,153.2970,42.162375
2026-08-28 14:52:28.712,capturas/2/20260828_144959/flow,original,792,153.4530,42.018491
2026-08-28 14:52:28.916,capturas/2/20260828_144959/flow,original,793,153.6570,41.823471
2026-08-28 14:52:29.103,capturas/2/20260828_144959/flow,original,794,153.8440,39.432996
2026-08-28 14:52:29.228,capturas/2/20260828_144959/flow,original,795,153.9690,38.569381
2026-08-28 14:52:29.384,capturas/2/20260828_144959/flow,original,796,154.1250,37.682957
2026-08-28 14:52:29.556,capturas/2/20260828_144959/flow,original,797,154.2970,36.847147
2026-08-28 14:52:29.775,capturas/2/20260828_144959/flow,original,798,154.5160,35.868916
2026-08-28 14:52:29.931,capturas/2/20260828_144959/flow,original,799,154.6720,34.974655
2026-08-28 14:52:30.087,capturas/2/20260828_144959/flow,original,800,154.8280,34.271150
2026-08-28 14:52:30.212,capturas/2/20260828_144959/flow,original,801,154.9530,32.718412
2026-08-28 14:52:30.400,capturas/2/20260828_144959/flow,original,802,155.1410,32.496632
2026-08-28 14:52:30.541,capturas/2/20260828_144959/flow,original,803,155.2820,32.322265
2026-08-28 14:52:30.712,capturas/2/20260828_144959/flow,original,804,155.4530,32.766779
2026-08-28 14:52:30.900,capturas/2/20260828_144959/flow,original,805,155.6410,33.268125
2026-08-28 14:52:31.025,capturas/2/20260828_144959/flow,original,806,155.7660,33.885384
2026-08-28 14:52:31.197,capturas/2/20260828_144959/flow,original,807,155.9380,34.605138
2026-08-28 14:52:31.384,capturas/2/20260828_144959/flow,original,808,156.1250,35.965887
2026-08-28 14:52:31.587,capturas/2/20260828_144959/flow,original,809,156.3280,36.574627
2026-08-28 14:52:31.744,capturas/2/20260828_144959/flow,original,810,156.4850,37.021636
2026-08-28 14:52:31.931,capturas/2/20260828_144959/flow,original,811,156.6720,38.704235
2026-08-28 14:52:32.103,capturas/2/20260828_144959/flow,original,812,156.8440,39.639635
2026-08-28 14:52:32.244,capturas/2/20260828_144959/flow,original,813,156.9850,40.742700
2026-08-28 14:52:32.384,capturas/2/20260828_144959/flow,original,814,157.1250,44.940754
2026-08-28 14:52:32.587,capturas/2/20260828_144959/flow,original,815,157.3280,45.280412
2026-08-28 14:52:32.744,capturas/2/20260828_144959/flow,original,816,157.4850,45.484489
2026-08-28 14:52:32.931,capturas/2/20260828_144959/flow,original,817,157.6720,45.527971
2026-08-28 14:52:33.103,capturas/2/20260828_144959/flow,original,818,157.8440,45.611603
2026-08-28 14:52:33.306,capturas/2/20260828_144959/flow,original,819,158.0470,46.734709
2026-08-28 14:52:33.494,capturas/2/20260828_144959/flow,original,820,158.2350,46.401174
2026-08-28 14:52:33.697,capturas/2/20260828_144959/flow,original,821,158.4380,45.984620
2026-08-28 14:52:33.884,capturas/2/20260828_144959/flow,original,822,158.6250,45.341896
2026-08-28 14:52:34.041,capturas/2/20260828_144959/flow,original,823,158.7820,44.586665
2026-08-28 14:52:34.228,capturas/2/20260828_144959/flow,original,824,158.9690,43.869186
2026-08-28 14:52:34.431,capturas/2/20260828_144959/flow,original,825,159.1720,43.152041
2026-08-28 14:52:34.603,capturas/2/20260828_144959/flow,original,826,159.3440,42.125095
2026-08-28 14:52:34.744,capturas/2/20260828_144959/flow,original,827,159.4850,42.193102
2026-08-28 14:52:34.900,capturas/2/20260828_144959/flow,original,828,159.6410,42.364414
2026-08-28 14:52:35.119,capturas/2/20260828_144959/flow,original,829,159.8600,42.515620
2026-08-28 14:52:35.244,capturas/2/20260828_144959/flow,original,830,159.9850,42.680823
2026-08-28 14:52:35.447,capturas/2/20260828_144959/flow,original,831,160.1880,42.858620
2026-08-28 14:52:35.619,capturas/2/20260828_144959/flow,original,832,160.3600,42.954842
2026-08-28 14:52:35.775,capturas/2/20260828_144959/flow,original,833,160.5160,43.115774
2026-08-28 14:52:35.931,capturas/2/20260828_144959/flow,original,834,160.6720,43.054862
2026-08-28 14:52:36.134,capturas/2/20260828_144959/flow,original,835,160.8750,42.978148
2026-08-28 14:52:36.275,capturas/2/20260828_144959/flow,original,836,161.0160,42.337961
2026-08-28 14:52:36.478,capturas/2/20260828_144959/flow,original,837,161.2190,42.111485
2026-08-28 14:52:36.666,capturas/2/20260828_144959/flow,original,838,161.4070,41.518575
2026-08-28 14:52:36.837,capturas/2/20260828_144959/flow,original,839,161.5780,41.165649
2026-08-28 14:52:37.056,capturas/2/20260828_144959/flow,original,840,161.7970,40.899714
2026-08-28 14:52:37.244,capturas/2/20260828_144959/flow,original,841,161.9850,40.569149
2026-08-28 14:52:37.447,capturas/2/20260828_144959/flow,original,842,162.1880,40.549391
2026-08-28 14:52:37.603,capturas/2/20260828_144959/flow,original,843,162.3440,39.960081
2026-08-28 14:52:37.775,capturas/2/20260828_144959/flow,original,844,162.5160,39.672627
2026-08-28 14:52:37.931,capturas/2/20260828_144959/flow,original,845,162.6720,39.347733
2026-08-28 14:52:38.056,capturas/2/20260828_144959/flow,original,846,162.7970,38.594916
2026-08-28 14:52:38.228,capturas/2/20260828_144959/flow,original,847,162.9690,38.380069
2026-08-28 14:52:38.400,capturas/2/20260828_144959/flow,original,848,163.1410,37.816010
2026-08-28 14:52:38.603,capturas/2/20260828_144959/flow,original,849,163.3440,37.625513
2026-08-28 14:52:38.759,capturas/2/20260828_144959/flow,original,850,163.5000,37.382880
2026-08-28 14:52:38.931,capturas/2/20260828_144959/flow,original,851,163.6720,36.708627
2026-08-28 14:52:39.134,capturas/2/20260828_144959/flow,original,852,163.8750,36.608578
2026-08-28 14:52:39.275,capturas/2/20260828_144959/flow,original,853,164.0160,36.663488
2026-08-28 14:52:39.431,capturas/2/20260828_144959/flow,original,854,164.1720,38.651698
2026-08-28 14:52:39.619,capturas/2/20260828_144959/flow,original,855,164.3600,39.290455
2026-08-28 14:52:39.806,capturas/2/20260828_144959/flow,original,856,164.5470,39.878062
2026-08-28 14:52:39.931,capturas/2/20260828_144959/flow,original,857,164.6720,40.448724
2026-08-28 14:52:40.134,capturas/2/20260828_144959/flow,original,858,164.8750,40.917527
2026-08-28 14:52:40.244,capturas/2/20260828_144959/flow,original,859,164.9850,43.754268
2026-08-28 14:52:40.447,capturas/2/20260828_144959/flow,original,860,165.1880,44.137067
2026-08-28 14:52:40.572,capturas/2/20260828_144959/flow,original,861,165.3130,44.481032
2026-08-28 14:52:40.759,capturas/2/20260828_144959/flow,original,862,165.5000,44.711851
2026-08-28 14:52:40.947,capturas/2/20260828_144959/flow,original,863,165.6880,44.876413
2026-08-28 14:52:41.119,capturas/2/20260828_144959/flow,original,864,165.8600,45.611368
2026-08-28 14:52:41.244,capturas/2/20260828_144959/flow,original,865,165.9850,45.667836
2026-08-28 14:52:41.447,capturas/2/20260828_144959/flow,original,866,166.1880,45.691550
2026-08-28 14:52:41.619,capturas/2/20260828_144959/flow,original,867,166.3600,45.701415
2026-08-28 14:52:41.806,capturas/2/20260828_144959/flow,original,868,166.5470,45.536964
2026-08-28 14:52:42.009,capturas/2/20260828_144959/flow,original,869,166.7500,45.026644
2026-08-28 14:52:42.212,capturas/2/20260828_144959/flow,original,870,166.9530,44.842325
2026-08-28 14:52:42.369,capturas/2/20260828_144959/flow,original,871,167.1100,44.728316
2026-08-28 14:52:42.541,capturas/2/20260828_144959/flow,original,872,167.2820,44.519351
2026-08-28 14:52:42.712,capturas/2/20260828_144959/flow,original,873,167.4530,43.809063
2026-08-28 14:52:42.900,capturas/2/20260828_144959/flow,original,874,167.6410,43.611901
2026-08-28 14:52:43.072,capturas/2/20260828_144959/flow,original,875,167.8130,43.266159
2026-08-28 14:52:43.259,capturas/2/20260828_144959/flow,original,876,168.0000,42.552632
2026-08-28 14:52:43.462,capturas/2/20260828_144959/flow,original,877,168.2030,42.443382
2026-08-28 14:52:43.619,capturas/2/20260828_144959/flow,original,878,168.3600,42.351226
2026-08-28 14:52:43.822,capturas/2/20260828_144959/flow,original,879,168.5630,42.292244
2026-08-28 14:52:43.994,capturas/2/20260828_144959/flow,original,880,168.7350,42.176182
2026-08-28 14:52:44.181,capturas/2/20260828_144959/flow,original,881,168.9220,42.170980
2026-08-28 14:52:44.306,capturas/2/20260828_144959/flow,original,882,169.0470,42.196077
2026-08-28 14:52:44.509,capturas/2/20260828_144959/flow,original,883,169.2500,42.325896
2026-08-28 14:52:44.634,capturas/2/20260828_144959/flow,original,884,169.3750,42.870113
2026-08-28 14:52:44.837,capturas/2/20260828_144959/flow,original,885,169.5780,42.911474
2026-08-28 14:52:45.025,capturas/2/20260828_144959/flow,original,886,169.7660,42.879512
2026-08-28 14:52:45.212,capturas/2/20260828_144959/flow,original,887,169.9530,42.785014
2026-08-28 14:52:45.384,capturas/2/20260828_144959/flow,original,888,170.1250,42.539496
2026-08-28 14:52:45.556,capturas/2/20260828_144959/flow,original,889,170.2970,42.370490
2026-08-28 14:52:45.728,capturas/2/20260828_144959/flow,original,890,170.4690,42.243581
2026-08-28 14:52:45.916,capturas/2/20260828_144959/flow,original,891,170.6570,42.179359
2026-08-28 14:52:46.119,capturas/2/20260828_144959/flow,original,892,170.8600,42.266767
2026-08-28 14:52:46.275,capturas/2/20260828_144959/flow,original,893,171.0160,42.402984
2026-08-28 14:52:46.462,capturas/2/20260828_144959/flow,original,894,171.2030,43.715063
2026-08-28 14:52:46.619,capturas/2/20260828_144959/flow,original,895,171.3600,43.868358
2026-08-28 14:52:46.791,capturas/2/20260828_144959/flow,original,896,171.5320,43.908640
2026-08-28 14:52:46.962,capturas/2/20260828_144959/flow,original,897,171.7030,43.944271
2026-08-28 14:52:47.150,capturas/2/20260828_144959/flow,original,898,171.8910,43.941990
2026-08-28 14:52:47.275,capturas/2/20260828_144959/flow,original,899,172.0160,43.382727
2026-08-28 14:52:47.462,capturas/2/20260828_144959/flow,original,900,172.2030,43.316373
2026-08-28 14:52:47.650,capturas/2/20260828_144959/flow,original,901,172.3910,43.189699
2026-08-28 14:52:47.822,capturas/2/20260828_144959/flow,original,902,172.5630,43.161327
2026-08-28 14:52:48.041,capturas/2/20260828_144959/flow,original,903,172.7820,43.077836
2026-08-28 14:52:48.228,capturas/2/20260828_144959/flow,original,904,172.9690,42.835492
2026-08-28 14:52:48.416,capturas/2/20260828_144959/flow,original,905,173.1570,42.926241
2026-08-28 14:52:48.603,capturas/2/20260828_144959/flow,original,906,173.3440,43.053126
2026-08-28 14:52:48.728,capturas/2/20260828_144959/flow,original,907,173.4690,43.142724
2026-08-28 14:52:48.916,capturas/2/20260828_144959/flow,original,908,173.6570,43.125360
2026-08-28 14:52:49.087,capturas/2/20260828_144959/flow,original,909,173.8280,42.461735
2026-08-28 14:52:49.275,capturas/2/20260828_144959/flow,original,910,174.0160,42.374756
2026-08-28 14:52:49.462,capturas/2/20260828_144959/flow,original,911,174.2030,42.320946
2026-08-28 14:52:49.587,capturas/2/20260828_144959/flow,original,912,174.3280,42.237275
2026-08-28 14:52:49.775,capturas/2/20260828_144959/flow,original,913,174.5160,41.741755
2026-08-28 14:52:49.947,capturas/2/20260828_144959/flow,original,914,174.6880,41.344946
2026-08-28 14:52:50.056,capturas/2/20260828_144959/flow,original,915,174.7970,40.918489
2026-08-28 14:52:50.228,capturas/2/20260828_144959/flow,original,916,174.9690,39.109757
2026-08-28 14:52:50.431,capturas/2/20260828_144959/flow,original,917,175.1720,38.289343
2026-08-28 14:52:50.587,capturas/2/20260828_144959/flow,original,918,175.3280,37.494628
2026-08-28 14:52:50.791,capturas/2/20260828_144959/flow,original,919,175.5320,33.045105
2026-08-28 14:52:50.947,capturas/2/20260828_144959/flow,original,920,175.6880,31.704319
2026-08-28 14:52:51.134,capturas/2/20260828_144959/flow,original,921,175.8750,30.512467
2026-08-28 14:52:51.322,capturas/2/20260828_144959/flow,original,922,176.0630,29.583894
2026-08-28 14:52:51.447,capturas/2/20260828_144959/flow,original,923,176.1880,28.036089
2026-08-28 14:52:51.619,capturas/2/20260828_144959/flow,original,924,176.3600,27.471193
2026-08-28 14:52:51.806,capturas/2/20260828_144959/flow,original,925,176.5470,27.020465
2026-08-28 14:52:52.009,capturas/2/20260828_144959/flow,original,926,176.7500,26.108917
2026-08-28 14:52:52.181,capturas/2/20260828_144959/flow,original,927,176.9220,25.921204
2026-08-28 14:52:52.306,capturas/2/20260828_144959/flow,original,928,177.0470,24.987323
2026-08-28 14:52:52.494,capturas/2/20260828_144959/flow,original,929,177.2350,24.676257
2026-08-28 14:52:52.681,capturas/2/20260828_144959/flow,original,930,177.4220,24.250282
2026-08-28 14:52:52.837,capturas/2/20260828_144959/flow,original,931,177.5780,22.424295
2026-08-28 14:52:53.025,capturas/2/20260828_144959/flow,original,932,177.7660,21.681485
2026-08-28 14:52:53.212,capturas/2/20260828_144959/flow,original,933,177.9530,19.364362
2026-08-28 14:52:53.353,capturas/2/20260828_144959/flow,original,934,178.0940,18.792932
2026-08-28 14:52:53.541,capturas/2/20260828_144959/flow,original,935,178.2820,18.270595
2026-08-28 14:52:53.728,capturas/2/20260828_144959/flow,original,936,178.4690,17.512215
2026-08-28 14:52:53.916,capturas/2/20260828_144959/flow,original,937,178.6570,17.175085
2026-08-28 14:52:54.103,capturas/2/20260828_144959/flow,original,938,178.8440,16.785197
2026-08-28 14:52:54.322,capturas/2/20260828_144959/flow,original,939,179.0630,13.959287
2026-08-28 14:52:54.509,capturas/2/20260828_144959/flow,original,940,179.2500,13.253853
2026-08-28 14:52:54.681,capturas/2/20260828_144959/flow,original,941,179.4220,12.514442
2026-08-28 14:52:54.884,capturas/2/20260828_144959/flow,original,942,179.6250,11.847194
2026-08-28 14:52:55.025,capturas/2/20260828_144959/flow,original,943,179.7660,11.122394
2026-08-28 14:52:55.212,capturas/2/20260828_144959/flow,original,944,179.9530,7.148936
2026-08-28 14:52:55.337,capturas/2/20260828_144959/flow,original,945,180.0780,6.386343
2026-08-28 14:52:55.556,capturas/2/20260828_144959/flow,original,946,180.2970,5.627470
2026-08-28 14:52:55.712,capturas/2/20260828_144959/flow,original,947,180.4530,4.888329
2026-08-28 14:52:55.884,capturas/2/20260828_144959/flow,original,948,180.6250,4.104320
2026-08-28 14:52:56.087,capturas/2/20260828_144959/flow,original,949,180.8280,1.157314
2026-08-28 14:52:56.259,capturas/2/20260828_144959/flow,original,950,181.0000,0.755286
2026-08-28 14:52:56.431,capturas/2/20260828_144959/flow,original,951,181.1720,0.468101
2026-08-28 14:52:56.619,capturas/2/20260828_144959/flow,original,952,181.3600,0.260485
2026-08-28 14:52:56.791,capturas/2/20260828_144959/flow,original,953,181.5320,0.123309
2026-08-28 14:52:56.931,capturas/2/20260828_144959/flow,original,954,181.6720,0.003170
2026-08-28 14:52:57.087,capturas/2/20260828_144959/flow,original,955,181.8280,0.001983
2026-08-28 14:52:57.291,capturas/2/20260828_144959/flow,original,956,182.0320,0.000215
2026-08-28 14:52:57.462,capturas/2/20260828_144959/flow,original,957,182.2030,0.000236
2026-08-28 14:52:57.634,capturas/2/20260828_144959/flow,original,958,182.3750,0.000000
2026-08-28 14:52:57.791,capturas/2/20260828_144959/flow,original,959,182.5320,0.000000
2026-08-28 14:52:57.947,capturas/2/20260828_144959/flow,original,960,182.6880,0.000000
2026-08-28 14:52:58.119,capturas/2/20260828_144959/flow,original,961,182.8600,0.000000
2026-08-28 14:52:58.275,capturas/2/20260828_144959/flow,original,962,183.0160,0.000000
2026-08-28 14:52:58.447,capturas/2/20260828_144959/flow,original,963,183.1880,0.000000
2026-08-28 14:52:58.634,capturas/2/20260828_144959/flow,original,964,183.3750,0.000000
2026-08-28 14:52:58.806,capturas/2/20260828_144959/flow,original,965,183.5470,0.000000
2026-08-28 14:52:58.962,capturas/2/20260828_144959/flow,original,966,183.7030,0.000000
2026-08-28 14:52:59.181,capturas/2/20260828_144959/flow,original,967,183.9220,0.000000
2026-08-28 14:52:59.337,capturas/2/20260828_144959/flow,original,968,184.0780,0.000000
2026-08-28 14:52:59.525,capturas/2/20260828_144959/flow,original,969,184.2660,0.000000
2026-08-28 14:52:59.712,capturas/2/20260828_144959/flow,original,970,184.4530,0.000000
2026-08-28 14:52:59.916,capturas/2/20260828_144959/flow,original,971,184.6570,0.000000
2026-08-28 14:53:00.103,capturas/2/20260828_144959/flow,original,972,184.8440,0.000000
2026-08-28 14:53:00.306,capturas/2/20260828_144959/flow,original,973,185.0470,0.000970
2026-08-28 14:53:00.494,capturas/2/20260828_144959/flow,original,974,185.2350,0.001291
2026-08-28 14:53:00.666,capturas/2/20260828_144959/flow,original,975,185.4070,0.000000
2026-08-28 14:53:00.791,capturas/2/20260828_144959/flow,original,976,185.5320,0.000000
2026-08-28 14:53:00.947,capturas/2/20260828_144959/flow,original,977,185.6880,0.000000
2026-08-28 14:53:01.134,capturas/2/20260828_144959/flow,original,978,185.8750,0.000000
2026-08-28 14:53:01.322,capturas/2/20260828_144959/flow,original,979,186.0630,0.000000
2026-08-28 14:53:01.525,capturas/2/20260828_144959/flow,original,980,186.2660,0.000000
2026-08-28 14:53:01.681,capturas/2/20260828_144959/flow,original,981,186.4220,0.000000
2026-08-28 14:53:01.869,capturas/2/20260828_144959/flow,original,982,186.6100,0.000000
2026-08-28 14:53:02.072,capturas/2/20260828_144959/flow,original,983,186.8130,0.000000
2026-08-28 14:53:02.259,capturas/2/20260828_144959/flow,original,984,187.0000,0.000000
2026-08-28 14:53:02.384,capturas/2/20260828_144959/flow,original,985,187.1250,0.000000
2026-08-28 14:53:02.587,capturas/2/20260828_144959/flow,original,986,187.3280,0.000000
2026-08-28 14:53:02.759,capturas/2/20260828_144959/flow,original,987,187.5000,0.000000
2026-08-28 14:53:02.916,capturas/2/20260828_144959/flow,original,988,187.6570,0.000000
2026-08-28 14:53:03.087,capturas/2/20260828_144959/flow,original,989,187.8280,0.000000
2026-08-28 14:53:03.291,capturas/2/20260828_144959/flow,original,990,188.0320,0.000000
2026-08-28 14:53:03.431,capturas/2/20260828_144959/flow,original,991,188.1720,0.000000
2026-08-28 14:53:03.650,capturas/2/20260828_144959/flow,original,992,188.3910,0.000000
2026-08-28 14:53:03.822,capturas/2/20260828_144959/flow,original,993,188.5630,0.001884
2026-08-28 14:53:03.994,capturas/2/20260828_144959/flow,original,994,188.7350,0.000000
2026-08-28 14:53:04.181,capturas/2/20260828_144959/flow,original,995,188.9220,0.000341
2026-08-28 14:53:04.337,capturas/2/20260828_144959/flow,original,996,189.0780,0.000000
2026-08-28 14:53:04.541,capturas/2/20260828_144959/flow,original,997,189.2820,0.000000
2026-08-28 14:53:04.712,capturas/2/20260828_144959/flow,original,998,189.4530,0.000000
2026-08-28 14:53:04.931,capturas/2/20260828_144959/flow,original,999,189.6720,0.001452
2026-08-28 14:53:05.072,capturas/2/20260828_144959/flow,original,1000,189.8130,0.000000
2026-08-28 14:53:05.275,capturas/2/20260828_144959/flow,original,1001,190.0160,0.000000
2026-08-28 14:53:05.400,capturas/2/20260828_144959/flow,original,1002,190.1410,0.002256
2026-08-28 14:53:05.603,capturas/2/20260828_144959/flow,original,1003,190.3440,0.002992
2026-08-28 14:53:05.744,capturas/2/20260828_144959/flow,original,1004,190.4850,0.007658
2026-08-28 14:53:06.494,capturas/2/20260828_144959/flow,original,1005,191.2350,0.004883
2026-08-28 14:53:06.681,capturas/2/20260828_144959/flow,original,1006,191.4220,0.001196
2026-08-28 14:53:06.869,capturas/2/20260828_144959/flow,original,1007,191.6100,0.003032
2026-08-28 14:53:07.041,capturas/2/20260828_144959/flow,original,1008,191.7820,0.012555
2026-08-28 14:53:07.212,capturas/2/20260828_144959/flow,original,1009,191.9530,0.003449
2026-08-28 14:53:07.400,capturas/2/20260828_144959/flow,original,1010,192.1410,0.000000
2026-08-28 14:53:07.603,capturas/2/20260828_144959/flow,original,1011,192.3440,0.004838
2026-08-28 14:53:07.791,capturas/2/20260828_144959/flow,original,1012,192.5320,0.009474
2026-08-28 14:53:07.962,capturas/2/20260828_144959/flow,original,1013,192.7030,0.008322
2026-08-28 14:53:08.134,capturas/2/20260828_144959/flow,original,1014,192.8750,0.001375
2026-08-28 14:53:08.322,capturas/2/20260828_144959/flow,original,1015,193.0630,0.001971
2026-08-28 14:53:08.447,capturas/2/20260828_144959/flow,original,1016,193.1880,0.000000
2026-08-28 14:53:08.650,capturas/2/20260828_144959/flow,original,1017,193.3910,0.002339
2026-08-28 14:53:08.853,capturas/2/20260828_144959/flow,original,1018,193.5940,0.001154
2026-08-28 14:53:09.025,capturas/2/20260828_144959/flow,original,1019,193.7660,0.005079
2026-08-28 14:53:09.181,capturas/2/20260828_144959/flow,original,1020,193.9220,0.014175
2026-08-28 14:53:09.369,capturas/2/20260828_144959/flow,original,1021,194.1100,0.021884
2026-08-28 14:53:09.587,capturas/2/20260828_144959/flow,original,1022,194.3280,0.020791
2026-08-28 14:53:09.728,capturas/2/20260828_144959/flow,original,1023,194.4690,0.019755
2026-08-28 14:53:09.900,capturas/2/20260828_144959/flow,original,1024,194.6410,0.010479
2026-08-28 14:53:10.056,capturas/2/20260828_144959/flow,original,1025,194.7970,0.005155
2026-08-28 14:53:10.212,capturas/2/20260828_144959/flow,original,1026,194.9530,0.006447
2026-08-28 14:53:10.416,capturas/2/20260828_144959/flow,original,1027,195.1570,0.005825
2026-08-28 14:53:10.541,capturas/2/20260828_144959/flow,original,1028,195.2820,0.001789
2026-08-28 14:53:10.744,capturas/2/20260828_144959/flow,original,1029,195.4850,0.018912
2026-08-28 14:53:10.916,capturas/2/20260828_144959/flow,original,1030,195.6570,0.019677
2026-08-28 14:53:11.119,capturas/2/20260828_144959/flow,original,1031,195.8600,0.086389
2026-08-28 14:53:11.291,capturas/2/20260828_144959/flow,original,1032,196.0320,0.068934
2026-08-28 14:53:11.462,capturas/2/20260828_144959/flow,original,1033,196.2030,0.055505
2026-08-28 14:53:11.650,capturas/2/20260828_144959/flow,original,1034,196.3910,0.052753
2026-08-28 14:53:11.822,capturas/2/20260828_144959/flow,original,1035,196.5630,0.049427
2026-08-28 14:53:12.009,capturas/2/20260828_144959/flow,original,1036,196.7500,0.057875
2026-08-28 14:53:12.181,capturas/2/20260828_144959/flow,original,1037,196.9220,0.083521
2026-08-28 14:53:12.353,capturas/2/20260828_144959/flow,original,1038,197.0940,0.070631
2026-08-28 14:53:12.556,capturas/2/20260828_144959/flow,original,1039,197.2970,0.152469
2026-08-28 14:53:12.728,capturas/2/20260828_144959/flow,original,1040,197.4690,0.111603
2026-08-28 14:53:12.931,capturas/2/20260828_144959/flow,original,1041,197.6720,0.116267
2026-08-28 14:53:13.103,capturas/2/20260828_144959/flow,original,1042,197.8440,0.230880
2026-08-28 14:53:13.244,capturas/2/20260828_144959/flow,original,1043,197.9850,0.230133
2026-08-28 14:53:13.400,capturas/2/20260828_144959/flow,original,1044,198.1410,0.160250
2026-08-28 14:53:13.587,capturas/2/20260828_144959/flow,original,1045,198.3280,0.141684
2026-08-28 14:53:13.744,capturas/2/20260828_144959/flow,original,1046,198.4850,0.115305
2026-08-28 14:53:13.947,capturas/2/20260828_144959/flow,original,1047,198.6880,0.127754
2026-08-28 14:53:14.119,capturas/2/20260828_144959/flow,original,1048,198.8600,0.324884
2026-08-28 14:53:14.322,capturas/2/20260828_144959/flow,original,1049,199.0630,0.405305
2026-08-28 14:53:14.462,capturas/2/20260828_144959/flow,original,1050,199.2030,0.426236
2026-08-28 14:53:14.603,capturas/2/20260828_144959/flow,original,1051,199.3440,0.400995
2026-08-28 14:53:14.806,capturas/2/20260828_144959/flow,original,1052,199.5470,0.354571
2026-08-28 14:53:15.009,capturas/2/20260828_144959/flow,original,1053,199.7500,0.302149
2026-08-28 14:53:15.197,capturas/2/20260828_144959/flow,original,1054,199.9380,0.337348
2026-08-28 14:53:15.369,capturas/2/20260828_144959/flow,original,1055,200.1100,0.347844
2026-08-28 14:53:15.478,capturas/2/20260828_144959/flow,original,1056,200.2190,0.586450
2026-08-28 14:53:15.650,capturas/2/20260828_144959/flow,original,1057,200.3910,0.503376
2026-08-28 14:53:15.837,capturas/2/20260828_144959/flow,original,1058,200.5780,0.381824
2026-08-28 14:53:15.978,capturas/2/20260828_144959/flow,original,1059,200.7190,0.445096
2026-08-28 14:53:16.181,capturas/2/20260828_144959/flow,original,1060,200.9220,0.427022
2026-08-28 14:53:16.337,capturas/2/20260828_144959/flow,original,1061,201.0780,0.538969
2026-08-28 14:53:16.509,capturas/2/20260828_144959/flow,original,1062,201.2500,0.589040
2026-08-28 14:53:16.666,capturas/2/20260828_144959/flow,original,1063,201.4070,0.597746
2026-08-28 14:53:16.837,capturas/2/20260828_144959/flow,original,1064,201.5780,0.376587
2026-08-28 14:53:16.994,capturas/2/20260828_144959/flow,original,1065,201.7350,0.338182
2026-08-28 14:53:17.181,capturas/2/20260828_144959/flow,original,1066,201.9220,0.335818
2026-08-28 14:53:17.337,capturas/2/20260828_144959/flow,original,1067,202.0780,0.368295
2026-08-28 14:53:17.462,capturas/2/20260828_144959/flow,original,1068,202.2030,0.322421
2026-08-28 14:53:17.666,capturas/2/20260828_144959/flow,original,1069,202.4070,0.237900
2026-08-28 14:53:17.869,capturas/2/20260828_144959/flow,original,1070,202.6100,0.264251
2026-08-28 14:53:18.056,capturas/2/20260828_144959/flow,original,1071,202.7970,0.359482
2026-08-28 14:53:18.212,capturas/2/20260828_144959/flow,original,1072,202.9530,0.378696
2026-08-28 14:53:18.400,capturas/2/20260828_144959/flow,original,1073,203.1410,0.420779
2026-08-28 14:53:18.541,capturas/2/20260828_144959/flow,original,1074,203.2820,0.394765
2026-08-28 14:53:18.666,capturas/2/20260828_144959/flow,original,1075,203.4070,0.322551
2026-08-28 14:53:18.837,capturas/2/20260828_144959/flow,original,1076,203.5780,0.283559
2026-08-28 14:53:19.025,capturas/2/20260828_144959/flow,original,1077,203.7660,0.257733
2026-08-28 14:53:19.181,capturas/2/20260828_144959/flow,original,1078,203.9220,0.291075
2026-08-28 14:53:19.384,capturas/2/20260828_144959/flow,original,1079,204.1250,0.345659
2026-08-28 14:53:19.525,capturas/2/20260828_144959/flow,original,1080,204.2660,0.417900
2026-08-28 14:53:19.650,capturas/2/20260828_144959/flow,original,1081,204.3910,0.344600
2026-08-28 14:53:19.837,capturas/2/20260828_144959/flow,original,1082,204.5780,0.360555
2026-08-28 14:53:20.009,capturas/2/20260828_144959/flow,original,1083,204.7500,0.301690
2026-08-28 14:53:20.181,capturas/2/20260828_144959/flow,original,1084,204.9220,0.278078
2026-08-28 14:53:20.384,capturas/2/20260828_144959/flow,original,1085,205.1250,0.334750
2026-08-28 14:53:20.525,capturas/2/20260828_144959/flow,original,1086,205.2660,0.535504
2026-08-28 14:53:20.697,capturas/2/20260828_144959/flow,original,1087,205.4380,0.590057
2026-08-28 14:53:20.900,capturas/2/20260828_144959/flow,original,1088,205.6410,0.613520
2026-08-28 14:53:21.072,capturas/2/20260828_144959/flow,original,1089,205.8130,0.433298
2026-08-28 14:53:21.244,capturas/2/20260828_144959/flow,original,1090,205.9850,0.448470
2026-08-28 14:53:21.400,capturas/2/20260828_144959/flow,original,1091,206.1410,0.492670
2026-08-28 14:53:21.587,capturas/2/20260828_144959/flow,original,1092,206.3280,0.506214
2026-08-28 14:53:21.775,capturas/2/20260828_144959/flow,original,1093,206.5160,0.458489
2026-08-28 14:53:21.978,capturas/2/20260828_144959/flow,original,1094,206.7190,0.398462
2026-08-28 14:53:22.181,capturas/2/20260828_144959/flow,original,1095,206.9220,0.366725
2026-08-28 14:53:22.369,capturas/2/20260828_144959/flow,original,1096,207.1100,0.327516
2026-08-28 14:53:22.494,capturas/2/20260828_144959/flow,original,1097,207.2350,0.322368
2026-08-28 14:53:22.666,capturas/2/20260828_144959/flow,original,1098,207.4070,0.412133
2026-08-28 14:53:22.806,capturas/2/20260828_144959/flow,original,1099,207.5470,0.393728
2026-08-28 14:53:23.025,capturas/2/20260828_144959/flow,original,1100,207.7660,0.401456
2026-08-28 14:53:23.212,capturas/2/20260828_144959/flow,original,1101,207.9530,0.398100
2026-08-28 14:53:23.416,capturas/2/20260828_144959/flow,original,1102,208.1570,0.383670
2026-08-28 14:53:23.541,capturas/2/20260828_144959/flow,original,1103,208.2820,0.277696
2026-08-28 14:53:23.728,capturas/2/20260828_144959/flow,original,1104,208.4690,0.461552
2026-08-28 14:53:23.900,capturas/2/20260828_144959/flow,original,1105,208.6410,0.456504
2026-08-28 14:53:24.103,capturas/2/20260828_144959/flow,original,1106,208.8440,0.418272
2026-08-28 14:53:24.306,capturas/2/20260828_144959/flow,original,1107,209.0470,0.412395
2026-08-28 14:53:24.494,capturas/2/20260828_144959/flow,original,1108,209.2350,0.453501
2026-08-28 14:53:24.697,capturas/2/20260828_144959/flow,original,1109,209.4380,0.350648
2026-08-28 14:53:24.869,capturas/2/20260828_144959/flow,original,1110,209.6100,0.429851
2026-08-28 14:53:25.072,capturas/2/20260828_144959/flow,original,1111,209.8130,0.403536
2026-08-28 14:53:25.275,capturas/2/20260828_144959/flow,original,1112,210.0160,0.337131
2026-08-28 14:53:25.478,capturas/2/20260828_144959/flow,original,1113,210.2190,0.313472
2026-08-28 14:53:25.634,capturas/2/20260828_144959/flow,original,1114,210.3750,0.347635
2026-08-28 14:53:25.837,capturas/2/20260828_144959/flow,original,1115,210.5780,0.295649
2026-08-28 14:53:25.994,capturas/2/20260828_144959/flow,original,1116,210.7350,0.289240
2026-08-28 14:53:26.181,capturas/2/20260828_144959/flow,original,1117,210.9220,0.302349
2026-08-28 14:53:26.353,capturas/2/20260828_144959/flow,original,1118,211.0940,0.362847
2026-08-28 14:53:26.541,capturas/2/20260828_144959/flow,original,1119,211.2820,0.424180
2026-08-28 14:53:26.744,capturas/2/20260828_144959/flow,original,1120,211.4850,0.434480
2026-08-28 14:53:26.884,capturas/2/20260828_144959/flow,original,1121,211.6250,0.508665
2026-08-28 14:53:27.087,capturas/2/20260828_144959/flow,original,1122,211.8280,0.541929
2026-08-28 14:53:27.275,capturas/2/20260828_144959/flow,original,1123,212.0160,0.402351
2026-08-28 14:53:27.447,capturas/2/20260828_144959/flow,original,1124,212.1880,0.332344
2026-08-28 14:53:27.603,capturas/2/20260828_144959/flow,original,1125,212.3440,0.365075
2026-08-28 14:53:27.806,capturas/2/20260828_144959/flow,original,1126,212.5470,0.408590
2026-08-28 14:53:27.994,capturas/2/20260828_144959/flow,original,1127,212.7350,0.433886
2026-08-28 14:53:28.197,capturas/2/20260828_144959/flow,original,1128,212.9380,0.305477
2026-08-28 14:53:28.384,capturas/2/20260828_144959/flow,original,1129,213.1250,0.292423
2026-08-28 14:53:28.525,capturas/2/20260828_144959/flow,original,1130,213.2660,0.338167
2026-08-28 14:53:28.712,capturas/2/20260828_144959/flow,original,1131,213.4530,0.273955
2026-08-28 14:53:28.900,capturas/2/20260828_144959/flow,original,1132,213.6410,0.311146
2026-08-28 14:53:29.056,capturas/2/20260828_144959/flow,original,1133,213.7970,0.232053
2026-08-28 14:53:29.259,capturas/2/20260828_144959/flow,original,1134,214.0000,0.249503
2026-08-28 14:53:29.462,capturas/2/20260828_144959/flow,original,1135,214.2030,0.274217
2026-08-28 14:53:29.587,capturas/2/20260828_144959/flow,original,1136,214.3280,0.249337
2026-08-28 14:53:29.791,capturas/2/20260828_144959/flow,original,1137,214.5320,0.199008
2026-08-28 14:53:29.994,capturas/2/20260828_144959/flow,original,1138,214.7350,0.192119
2026-08-28 14:53:30.181,capturas/2/20260828_144959/flow,original,1139,214.9220,0.362679
2026-08-28 14:53:30.353,capturas/2/20260828_144959/flow,original,1140,215.0940,0.376403
2026-08-28 14:53:30.556,capturas/2/20260828_144959/flow,original,1141,215.2970,0.372279
2026-08-28 14:53:30.744,capturas/2/20260828_144959/flow,original,1142,215.4850,0.422616
2026-08-28 14:53:30.916,capturas/2/20260828_144959/flow,original,1143,215.6570,0.471418
2026-08-28 14:53:31.087,capturas/2/20260828_144959/flow,original,1144,215.8280,0.438575
2026-08-28 14:53:31.244,capturas/2/20260828_144959/flow,original,1145,215.9850,0.439290
2026-08-28 14:53:31.447,capturas/2/20260828_144959/flow,original,1146,216.1880,0.461736
2026-08-28 14:53:31.572,capturas/2/20260828_144959/flow,original,1147,216.3130,0.385501
2026-08-28 14:53:31.744,capturas/2/20260828_144959/flow,original,1148,216.4850,0.385274
2026-08-28 14:53:31.947,capturas/2/20260828_144959/flow,original,1149,216.6880,0.334733
2026-08-28 14:53:32.119,capturas/2/20260828_144959/flow,original,1150,216.8600,0.362409
2026-08-28 14:53:32.291,capturas/2/20260828_144959/flow,original,1151,217.0320,0.383007
2026-08-28 14:53:32.462,capturas/2/20260828_144959/flow,original,1152,217.2030,0.369534
2026-08-28 14:53:32.666,capturas/2/20260828_144959/flow,original,1153,217.4070,0.315095
2026-08-28 14:53:32.853,capturas/2/20260828_144959/flow,original,1154,217.5940,0.324316
2026-08-28 14:53:33.009,capturas/2/20260828_144959/flow,original,1155,217.7500,0.362038
2026-08-28 14:53:33.197,capturas/2/20260828_144959/flow,original,1156,217.9380,0.363118
2026-08-28 14:53:33.400,capturas/2/20260828_144959/flow,original,1157,218.1410,0.340039
2026-08-28 14:53:33.572,capturas/2/20260828_144959/flow,original,1158,218.3130,0.367928
2026-08-28 14:53:33.728,capturas/2/20260828_144959/flow,original,1159,218.4690,0.334630
2026-08-28 14:53:33.884,capturas/2/20260828_144959/flow,original,1160,218.6250,0.330120
2026-08-28 14:53:34.072,capturas/2/20260828_144959/flow,original,1161,218.8130,0.297840
2026-08-28 14:53:34.259,capturas/2/20260828_144959/flow,original,1162,219.0000,0.271963
2026-08-28 14:53:34.431,capturas/2/20260828_144959/flow,original,1163,219.1720,0.354318
2026-08-28 14:53:34.572,capturas/2/20260828_144959/flow,original,1164,219.3130,0.388844
2026-08-28 14:53:34.728,capturas/2/20260828_144959/flow,original,1165,219.4690,0.425047
2026-08-28 14:53:34.931,capturas/2/20260828_144959/flow,original,1166,219.6720,0.464541
2026-08-28 14:53:35.056,capturas/2/20260828_144959/flow,original,1167,219.7970,0.451426
2026-08-28 14:53:35.275,capturas/2/20260828_144959/flow,original,1168,220.0160,0.409837
2026-08-28 14:53:35.447,capturas/2/20260828_144959/flow,original,1169,220.1880,0.366850
2026-08-28 14:53:35.572,capturas/2/20260828_144959/flow,original,1170,220.3130,0.315253
2026-08-28 14:53:35.791,capturas/2/20260828_144959/flow,original,1171,220.5320,0.324157
2026-08-28 14:53:35.978,capturas/2/20260828_144959/flow,original,1172,220.7190,0.402086
2026-08-28 14:53:36.166,capturas/2/20260828_144959/flow,original,1173,220.9070,0.454022
2026-08-28 14:53:36.353,capturas/2/20260828_144959/flow,original,1174,221.0940,0.285457
2026-08-28 14:53:36.525,capturas/2/20260828_144959/flow,original,1175,221.2660,0.345512
2026-08-28 14:53:36.697,capturas/2/20260828_144959/flow,original,1176,221.4380,0.330001
2026-08-28 14:53:36.916,capturas/2/20260828_144959/flow,original,1177,221.6570,0.243113
2026-08-28 14:53:37.072,capturas/2/20260828_144959/flow,original,1178,221.8130,0.267504
2026-08-28 14:53:37.244,capturas/2/20260828_144959/flow,original,1179,221.9850,0.264182
2026-08-28 14:53:37.447,capturas/2/20260828_144959/flow,original,1180,222.1880,0.279622
2026-08-28 14:53:37.587,capturas/2/20260828_144959/flow,original,1181,222.3280,0.241434
2026-08-28 14:53:37.822,capturas/2/20260828_144959/flow,original,1182,222.5630,0.248480
2026-08-28 14:53:37.994,capturas/2/20260828_144959/flow,original,1183,222.7350,0.271040
2026-08-28 14:53:38.166,capturas/2/20260828_144959/flow,original,1184,222.9070,0.311167
2026-08-28 14:53:38.353,capturas/2/20260828_144959/flow,original,1185,223.0940,0.312551
2026-08-28 14:53:38.556,capturas/2/20260828_144959/flow,original,1186,223.2970,0.245595
2026-08-28 14:53:38.759,capturas/2/20260828_144959/flow,original,1187,223.5000,0.211063
2026-08-28 14:53:38.931,capturas/2/20260828_144959/flow,original,1188,223.6720,0.201618
2026-08-28 14:53:39.119,capturas/2/20260828_144959/flow,original,1189,223.8600,0.213089
2026-08-28 14:53:39.306,capturas/2/20260828_144959/flow,original,1190,224.0470,0.152549
2026-08-28 14:53:39.509,capturas/2/20260828_144959/flow,original,1191,224.2500,0.136057
2026-08-28 14:53:39.650,capturas/2/20260828_144959/flow,original,1192,224.3910,0.162477
2026-08-28 14:53:39.806,capturas/2/20260828_144959/flow,original,1193,224.5470,0.238581
2026-08-28 14:53:39.978,capturas/2/20260828_144959/flow,original,1194,224.7190,0.349511
2026-08-28 14:53:40.150,capturas/2/20260828_144959/flow,original,1195,224.8910,0.327052
2026-08-28 14:53:40.337,capturas/2/20260828_144959/flow,original,1196,225.0780,0.276843
2026-08-28 14:53:40.541,capturas/2/20260828_144959/flow,original,1197,225.2820,0.259588
2026-08-28 14:53:40.744,capturas/2/20260828_144959/flow,original,1198,225.4850,0.198581
2026-08-28 14:53:40.916,capturas/2/20260828_144959/flow,original,1199,225.6570,0.172391
2026-08-28 14:53:41.087,capturas/2/20260828_144959/flow,original,1200,225.8280,0.221315
2026-08-28 14:53:41.275,capturas/2/20260828_144959/flow,original,1201,226.0160,0.092352
2026-08-28 14:53:41.478,capturas/2/20260828_144959/flow,original,1202,226.2190,0.141751
2026-08-28 14:53:41.728,capturas/2/20260828_144959/flow,original,1203,226.4690,0.108866
2026-08-28 14:53:41.962,capturas/2/20260828_144959/flow,original,1204,226.7030,0.237593
2026-08-28 14:53:42.197,capturas/2/20260828_144959/flow,original,1205,226.9380,0.203618
2026-08-28 14:53:42.416,capturas/2/20260828_144959/flow,original,1206,227.1570,0.160866
2026-08-28 14:53:42.634,capturas/2/20260828_144959/flow,original,1207,227.3750,0.195173
2026-08-28 14:53:42.822,capturas/2/20260828_144959/flow,original,1208,227.5630,0.121959
2026-08-28 14:53:43.134,capturas/2/20260828_144959/flow,original,1209,227.8750,0.118898
2026-08-28 14:53:43.462,capturas/2/20260828_144959/flow,original,1210,228.2030,0.172714
2026-08-28 14:53:43.634,capturas/2/20260828_144959/flow,original,1211,228.3750,0.174272
2026-08-28 14:53:43.837,capturas/2/20260828_144959/flow,original,1212,228.5780,0.144985
2026-08-28 14:53:44.056,capturas/2/20260828_144959/flow,original,1213,228.7970,0.172145
2026-08-28 14:53:44.228,capturas/2/20260828_144959/flow,original,1214,228.9690,0.158793
2026-08-28 14:53:44.369,capturas/2/20260828_144959/flow,original,1215,229.1100,0.153253
2026-08-28 14:53:44.572,capturas/2/20260828_144959/flow,original,1216,229.3130,0.101904
2026-08-28 14:53:44.775,capturas/2/20260828_144959/flow,original,1217,229.5160,0.135490
2026-08-28 14:53:45.025,capturas/2/20260828_144959/flow,original,1218,229.7660,0.075599
2026-08-28 14:53:45.197,capturas/2/20260828_144959/flow,original,1219,229.9380,0.088785
2026-08-28 14:53:45.400,capturas/2/20260828_144959/flow,original,1220,230.1410,0.117061
2026-08-28 14:53:45.587,capturas/2/20260828_144959/flow,original,1221,230.3280,0.100962
2026-08-28 14:53:45.791,capturas/2/20260828_144959/flow,original,1222,230.5320,0.085397
2026-08-28 14:53:45.994,capturas/2/20260828_144959/flow,original,1223,230.7350,0.123847
2026-08-28 14:53:46.197,capturas/2/20260828_144959/flow,original,1224,230.9380,0.152945
2026-08-28 14:53:46.384,capturas/2/20260828_144959/flow,original,1225,231.1250,0.144558
2026-08-28 14:53:46.619,capturas/2/20260828_144959/flow,original,1226,231.3600,0.199431
2026-08-28 14:53:46.775,capturas/2/20260828_144959/flow,original,1227,231.5160,0.181365
2026-08-28 14:53:46.962,capturas/2/20260828_144959/flow,original,1228,231.7030,0.164335
2026-08-28 14:53:47.166,capturas/2/20260828_144959/flow,original,1229,231.9070,0.141228
2026-08-28 14:54:33.143,capturas/3/20260828_145415/flow,original,0,23.4220,0.000436
2026-08-28 14:54:33.362,capturas/3/20260828_145415/flow,original,1,23.6410,0.000843
2026-08-28 14:54:33.580,capturas/3/20260828_145415/flow,original,2,23.8590,0.005562
2026-08-28 14:54:33.721,capturas/3/20260828_145415/flow,original,3,24.0000,0.000000
2026-08-28 14:54:33.924,capturas/3/20260828_145415/flow,original,4,24.2030,0.009556
2026-08-28 14:54:34.049,capturas/3/20260828_145415/flow,original,5,24.3280,0.031645
2026-08-28 14:54:34.237,capturas/3/20260828_145415/flow,original,6,24.5160,0.063251
2026-08-28 14:54:34.440,capturas/3/20260828_145415/flow,original,7,24.7190,0.047193
2026-08-28 14:54:34.659,capturas/3/20260828_145415/flow,original,8,24.9380,0.141199
2026-08-28 14:54:34.862,capturas/3/20260828_145415/flow,original,9,25.1410,0.020215
2026-08-28 14:54:35.018,capturas/3/20260828_145415/flow,original,10,25.2970,0.005741
2026-08-28 14:54:35.237,capturas/3/20260828_145415/flow,original,11,25.5160,0.010805
2026-08-28 14:54:35.440,capturas/3/20260828_145415/flow,original,12,25.7190,0.000855
2026-08-28 14:54:35.659,capturas/3/20260828_145415/flow,original,13,25.9380,0.001374
2026-08-28 14:54:35.799,capturas/3/20260828_145415/flow,original,14,26.0780,0.012487
2026-08-28 14:54:35.987,capturas/3/20260828_145415/flow,original,15,26.2660,0.030873
2026-08-28 14:54:36.190,capturas/3/20260828_145415/flow,original,16,26.4690,0.022440
2026-08-28 14:54:36.393,capturas/3/20260828_145415/flow,original,17,26.6720,0.005235
2026-08-28 14:54:36.612,capturas/3/20260828_145415/flow,original,18,26.8910,0.002178
2026-08-28 14:54:36.815,capturas/3/20260828_145415/flow,original,19,27.0940,0.002010
2026-08-28 14:54:37.018,capturas/3/20260828_145415/flow,original,20,27.2970,0.006083
2026-08-28 14:54:37.190,capturas/3/20260828_145415/flow,original,21,27.4690,0.007822
2026-08-28 14:54:37.393,capturas/3/20260828_145415/flow,original,22,27.6720,0.000468
2026-08-28 14:54:37.596,capturas/3/20260828_145415/flow,original,23,27.8750,0.000000
2026-08-28 14:54:37.846,capturas/3/20260828_145415/flow,original,24,28.1250,0.002206
2026-08-28 14:54:38.034,capturas/3/20260828_145415/flow,original,25,28.3130,0.000000
2026-08-28 14:54:38.252,capturas/3/20260828_145415/flow,original,26,28.5310,0.000000
2026-08-28 14:54:38.440,capturas/3/20260828_145415/flow,original,27,28.7190,0.000000
2026-08-28 14:54:38.659,capturas/3/20260828_145415/flow,original,28,28.9380,0.000000
2026-08-28 14:54:38.862,capturas/3/20260828_145415/flow,original,29,29.1410,0.000000
2026-08-28 14:54:39.018,capturas/3/20260828_145415/flow,original,30,29.2970,0.000000
2026-08-28 14:54:39.159,capturas/3/20260828_145415/flow,original,31,29.4380,0.001351
2026-08-28 14:54:39.346,capturas/3/20260828_145415/flow,original,32,29.6250,0.000733
2026-08-28 14:54:39.534,capturas/3/20260828_145415/flow,original,33,29.8130,0.000000
2026-08-28 14:54:39.721,capturas/3/20260828_145415/flow,original,34,30.0000,0.000000
2026-08-28 14:54:39.940,capturas/3/20260828_145415/flow,original,35,30.2190,0.000000
2026-08-28 14:54:40.065,capturas/3/20260828_145415/flow,original,36,30.3440,0.000000
2026-08-28 14:54:40.284,capturas/3/20260828_145415/flow,original,37,30.5630,0.000000
2026-08-28 14:54:40.471,capturas/3/20260828_145415/flow,original,38,30.7500,0.000000
2026-08-28 14:54:40.674,capturas/3/20260828_145415/flow,original,39,30.9530,0.000000
2026-08-28 14:54:40.893,capturas/3/20260828_145415/flow,original,40,31.1720,0.000000
2026-08-28 14:54:41.049,capturas/3/20260828_145415/flow,original,41,31.3280,0.000000
2026-08-28 14:54:41.252,capturas/3/20260828_145415/flow,original,42,31.5310,0.000000
2026-08-28 14:54:41.487,capturas/3/20260828_145415/flow,original,43,31.7660,0.000000
2026-08-28 14:54:41.674,capturas/3/20260828_145415/flow,original,44,31.9530,0.000000
2026-08-28 14:54:41.893,capturas/3/20260828_145415/flow,original,45,32.1720,0.000559
2026-08-28 14:54:42.065,capturas/3/20260828_145415/flow,original,46,32.3440,0.000000
2026-08-28 14:54:42.284,capturas/3/20260828_145415/flow,original,47,32.5630,0.001817
2026-08-28 14:54:42.502,capturas/3/20260828_145415/flow,original,48,32.7810,0.001274
2026-08-28 14:54:42.690,capturas/3/20260828_145415/flow,original,49,32.9690,0.001438
2026-08-28 14:54:42.909,capturas/3/20260828_145415/flow,original,50,33.1880,0.000000
2026-08-28 14:54:43.065,capturas/3/20260828_145415/flow,original,51,33.3440,0.000000
2026-08-28 14:54:43.284,capturas/3/20260828_145415/flow,original,52,33.5630,0.000000
2026-08-28 14:54:43.487,capturas/3/20260828_145415/flow,original,53,33.7660,0.003044
2026-08-28 14:54:43.690,capturas/3/20260828_145415/flow,original,54,33.9690,0.006993
2026-08-28 14:54:43.830,capturas/3/20260828_145415/flow,original,55,34.1090,0.011515
2026-08-28 14:54:44.034,capturas/3/20260828_145415/flow,original,56,34.3130,0.008636
2026-08-28 14:54:44.237,capturas/3/20260828_145415/flow,original,57,34.5160,0.005856
2026-08-28 14:54:44.409,capturas/3/20260828_145415/flow,original,58,34.6880,0.002682
2026-08-28 14:54:44.627,capturas/3/20260828_145415/flow,original,59,34.9060,0.038040
2026-08-28 14:54:44.830,capturas/3/20260828_145415/flow,original,60,35.1090,0.023808
2026-08-28 14:54:45.049,capturas/3/20260828_145415/flow,original,61,35.3280,0.010660
2026-08-28 14:54:45.252,capturas/3/20260828_145415/flow,original,62,35.5310,0.000000
2026-08-28 14:54:45.424,capturas/3/20260828_145415/flow,original,63,35.7030,0.000000
2026-08-28 14:54:45.627,capturas/3/20260828_145415/flow,original,64,35.9060,0.001791
2026-08-28 14:54:45.830,capturas/3/20260828_145415/flow,original,65,36.1090,0.000000
2026-08-28 14:54:46.065,capturas/3/20260828_145415/flow,original,66,36.3440,0.000000
2026-08-28 14:54:46.268,capturas/3/20260828_145415/flow,original,67,36.5470,0.000000
2026-08-28 14:54:46.471,capturas/3/20260828_145415/flow,original,68,36.7500,0.000000
2026-08-28 14:54:46.674,capturas/3/20260828_145415/flow,original,69,36.9530,0.000000
2026-08-28 14:54:46.877,capturas/3/20260828_145415/flow,original,70,37.1560,0.000000
2026-08-28 14:54:47.112,capturas/3/20260828_145415/flow,original,71,37.3910,0.000464
2026-08-28 14:54:47.299,capturas/3/20260828_145415/flow,original,72,37.5780,0.000000
2026-08-28 14:54:47.487,capturas/3/20260828_145415/flow,original,73,37.7660,0.000000
2026-08-28 14:54:47.690,capturas/3/20260828_145415/flow,original,74,37.9690,0.000000
2026-08-28 14:54:47.909,capturas/3/20260828_145415/flow,original,75,38.1880,0.000000
2026-08-28 14:54:48.112,capturas/3/20260828_145415/flow,original,76,38.3910,0.001110
2026-08-28 14:54:48.330,capturas/3/20260828_145415/flow,original,77,38.6090,0.019529
2026-08-28 14:54:48.534,capturas/3/20260828_145415/flow,original,78,38.8130,0.049576
2026-08-28 14:54:48.737,capturas/3/20260828_145415/flow,original,79,39.0160,0.043638
2026-08-28 14:54:48.955,capturas/3/20260828_145415/flow,original,80,39.2340,0.035631
2026-08-28 14:54:49.112,capturas/3/20260828_145415/flow,original,81,39.3910,0.030245
2026-08-28 14:54:49.315,capturas/3/20260828_145415/flow,original,82,39.5940,0.000000
2026-08-28 14:54:49.518,capturas/3/20260828_145415/flow,original,83,39.7970,0.001304
2026-08-28 14:54:49.721,capturas/3/20260828_145415/flow,original,84,40.0000,0.001870
2026-08-28 14:54:49.924,capturas/3/20260828_145415/flow,original,85,40.2030,0.023321
2026-08-28 14:54:50.065,capturas/3/20260828_145415/flow,original,86,40.3440,0.005913
2026-08-28 14:54:50.237,capturas/3/20260828_145415/flow,original,87,40.5160,0.000000
2026-08-28 14:54:50.455,capturas/3/20260828_145415/flow,original,88,40.7340,0.000000
2026-08-28 14:54:50.674,capturas/3/20260828_145415/flow,original,89,40.9530,0.000000
2026-08-28 14:54:50.877,capturas/3/20260828_145415/flow,original,90,41.1560,0.000000
2026-08-28 14:54:51.065,capturas/3/20260828_145415/flow,original,91,41.3440,0.000377
2026-08-28 14:54:51.268,capturas/3/20260828_145415/flow,original,92,41.5470,0.000000
2026-08-28 14:54:51.455,capturas/3/20260828_145415/flow,original,93,41.7340,0.000000
2026-08-28 14:54:51.659,capturas/3/20260828_145415/flow,original,94,41.9380,0.000000
2026-08-28 14:54:51.862,capturas/3/20260828_145415/flow,original,95,42.1410,0.000000
2026-08-28 14:54:52.065,capturas/3/20260828_145415/flow,original,96,42.3440,0.000000
2026-08-28 14:54:52.284,capturas/3/20260828_145415/flow,original,97,42.5630,0.001351
2026-08-28 14:54:52.409,capturas/3/20260828_145415/flow,original,98,42.6880,0.001519
2026-08-28 14:54:52.627,capturas/3/20260828_145415/flow,original,99,42.9060,0.000000
2026-08-28 14:54:52.799,capturas/3/20260828_145415/flow,original,100,43.0780,0.001150
2026-08-28 14:54:52.971,capturas/3/20260828_145415/flow,original,101,43.2500,0.005469
2026-08-28 14:54:53.127,capturas/3/20260828_145415/flow,original,102,43.4060,0.000000
2026-08-28 14:54:53.330,capturas/3/20260828_145415/flow,original,103,43.6090,0.000000
2026-08-28 14:54:53.549,capturas/3/20260828_145415/flow,original,104,43.8280,0.000000
2026-08-28 14:54:53.737,capturas/3/20260828_145415/flow,original,105,44.0160,0.000000
2026-08-28 14:54:53.940,capturas/3/20260828_145415/flow,original,106,44.2190,0.000000
2026-08-28 14:54:54.174,capturas/3/20260828_145415/flow,original,107,44.4530,0.000636
2026-08-28 14:54:54.393,capturas/3/20260828_145415/flow,original,108,44.6720,0.000000
2026-08-28 14:54:54.596,capturas/3/20260828_145415/flow,original,109,44.8750,0.000000
2026-08-28 14:54:54.768,capturas/3/20260828_145415/flow,original,110,45.0470,0.000477
2026-08-28 14:54:54.955,capturas/3/20260828_145415/flow,original,111,45.2340,0.000000
2026-08-28 14:54:55.143,capturas/3/20260828_145415/flow,original,112,45.4220,0.000000
2026-08-28 14:54:55.315,capturas/3/20260828_145415/flow,original,113,45.5940,0.000000
2026-08-28 14:54:55.518,capturas/3/20260828_145415/flow,original,114,45.7970,0.000000
2026-08-28 14:54:55.659,capturas/3/20260828_145415/flow,original,115,45.9380,0.000000
2026-08-28 14:54:55.862,capturas/3/20260828_145415/flow,original,116,46.1410,0.001783
2026-08-28 14:54:56.065,capturas/3/20260828_145415/flow,original,117,46.3440,0.000000
2026-08-28 14:54:56.299,capturas/3/20260828_145415/flow,original,118,46.5780,0.000000
2026-08-28 14:54:56.502,capturas/3/20260828_145415/flow,original,119,46.7810,0.000000
2026-08-28 14:54:56.643,capturas/3/20260828_145415/flow,original,120,46.9220,0.000000
2026-08-28 14:54:56.846,capturas/3/20260828_145415/flow,original,121,47.1250,0.000000
2026-08-28 14:54:57.049,capturas/3/20260828_145415/flow,original,122,47.3280,0.000000
2026-08-28 14:54:57.174,capturas/3/20260828_145415/flow,original,123,47.4530,0.000000
2026-08-28 14:54:57.377,capturas/3/20260828_145415/flow,original,124,47.6560,0.000000
2026-08-28 14:54:57.580,capturas/3/20260828_145415/flow,original,125,47.8590,0.000000
2026-08-28 14:54:57.784,capturas/3/20260828_145415/flow,original,126,48.0630,0.000000
2026-08-28 14:54:58.002,capturas/3/20260828_145415/flow,original,127,48.2810,0.000000
2026-08-28 14:54:58.159,capturas/3/20260828_145415/flow,original,128,48.4380,0.000526
2026-08-28 14:54:58.393,capturas/3/20260828_145415/flow,original,129,48.6720,0.000000
2026-08-28 14:54:58.596,capturas/3/20260828_145415/flow,original,130,48.8750,0.000000
2026-08-28 14:54:58.799,capturas/3/20260828_145415/flow,original,131,49.0780,0.000000
2026-08-28 14:54:59.018,capturas/3/20260828_145415/flow,original,132,49.2970,0.000000
2026-08-28 14:54:59.159,capturas/3/20260828_145415/flow,original,133,49.4380,0.000000
2026-08-28 14:54:59.346,capturas/3/20260828_145415/flow,original,134,49.6250,0.000000
2026-08-28 14:54:59.518,capturas/3/20260828_145415/flow,original,135,49.7970,0.000000
2026-08-28 14:54:59.627,capturas/3/20260828_145415/flow,original,136,49.9060,0.000000
2026-08-28 14:54:59.862,capturas/3/20260828_145415/flow,original,137,50.1410,0.000000
2026-08-28 14:54:59.987,capturas/3/20260828_145415/flow,original,138,50.2660,0.000000
2026-08-28 14:55:00.143,capturas/3/20260828_145415/flow,original,139,50.4220,0.000000
2026-08-28 14:55:00.346,capturas/3/20260828_145415/flow,original,140,50.6250,0.000000
2026-08-28 14:55:00.549,capturas/3/20260828_145415/flow,original,141,50.8280,0.000000
2026-08-28 14:55:00.768,capturas/3/20260828_145415/flow,original,142,51.0470,0.000583
2026-08-28 14:55:00.987,capturas/3/20260828_145415/flow,original,143,51.2660,0.000339
2026-08-28 14:55:01.127,capturas/3/20260828_145415/flow,original,144,51.4060,0.000000
2026-08-28 14:55:01.315,capturas/3/20260828_145415/flow,original,145,51.5940,0.000000
2026-08-28 14:55:01.534,capturas/3/20260828_145415/flow,original,146,51.8130,0.000000
2026-08-28 14:55:01.752,capturas/3/20260828_145415/flow,original,147,52.0310,0.000000
2026-08-28 14:55:01.924,capturas/3/20260828_145415/flow,original,148,52.2030,0.000000
2026-08-28 14:55:02.127,capturas/3/20260828_145415/flow,original,149,52.4060,0.000000
2026-08-28 14:55:02.330,capturas/3/20260828_145415/flow,original,150,52.6090,0.000000
2026-08-28 14:55:02.471,capturas/3/20260828_145415/flow,original,151,52.7500,0.000000
2026-08-28 14:55:02.690,capturas/3/20260828_145415/flow,original,152,52.9690,0.000000
2026-08-28 14:55:02.862,capturas/3/20260828_145415/flow,original,153,53.1410,0.000000
2026-08-28 14:55:03.065,capturas/3/20260828_145415/flow,original,154,53.3440,0.000000
2026-08-28 14:55:03.268,capturas/3/20260828_145415/flow,original,155,53.5470,0.000000
2026-08-28 14:55:03.471,capturas/3/20260828_145415/flow,original,156,53.7500,0.000000
2026-08-28 14:55:03.643,capturas/3/20260828_145415/flow,original,157,53.9220,0.000000
2026-08-28 14:55:03.877,capturas/3/20260828_145415/flow,original,158,54.1560,0.000000
2026-08-28 14:55:04.096,capturas/3/20260828_145415/flow,original,159,54.3750,0.000000
2026-08-28 14:55:04.221,capturas/3/20260828_145415/flow,original,160,54.5000,0.000000
2026-08-28 14:55:04.409,capturas/3/20260828_145415/flow,original,161,54.6880,0.000000
2026-08-28 14:55:04.627,capturas/3/20260828_145415/flow,original,162,54.9060,0.000000
2026-08-28 14:55:04.846,capturas/3/20260828_145415/flow,original,163,55.1250,0.000000
2026-08-28 14:55:05.018,capturas/3/20260828_145415/flow,original,164,55.2970,0.000000
2026-08-28 14:55:05.174,capturas/3/20260828_145415/flow,original,165,55.4530,0.000000
2026-08-28 14:55:05.393,capturas/3/20260828_145415/flow,original,166,55.6720,0.000000
2026-08-28 14:55:05.580,capturas/3/20260828_145415/flow,original,167,55.8590,0.000000
2026-08-28 14:55:05.799,capturas/3/20260828_145415/flow,original,168,56.0780,0.000000
2026-08-28 14:55:06.018,capturas/3/20260828_145415/flow,original,169,56.2970,0.000000
2026-08-28 14:55:06.205,capturas/3/20260828_145415/flow,original,170,56.4840,0.000000
2026-08-28 14:55:06.424,capturas/3/20260828_145415/flow,original,171,56.7030,0.000000
2026-08-28 14:55:06.612,capturas/3/20260828_145415/flow,original,172,56.8910,0.000000
2026-08-28 14:55:06.815,capturas/3/20260828_145415/flow,original,173,57.0940,0.001491
2026-08-28 14:55:07.018,capturas/3/20260828_145415/flow,original,174,57.2970,0.000000
2026-08-28 14:55:07.221,capturas/3/20260828_145415/flow,original,175,57.5000,0.000000
2026-08-28 14:55:07.440,capturas/3/20260828_145415/flow,original,176,57.7190,0.000513
2026-08-28 14:55:07.580,capturas/3/20260828_145415/flow,original,177,57.8590,0.000000
2026-08-28 14:55:07.784,capturas/3/20260828_145415/flow,original,178,58.0630,0.000000
2026-08-28 14:55:08.002,capturas/3/20260828_145415/flow,original,179,58.2810,0.000000
2026-08-28 14:55:08.190,capturas/3/20260828_145415/flow,original,180,58.4690,0.000000
2026-08-28 14:55:08.409,capturas/3/20260828_145415/flow,original,181,58.6880,0.000000
2026-08-28 14:55:08.643,capturas/3/20260828_145415/flow,original,182,58.9220,0.000000
2026-08-28 14:55:08.846,capturas/3/20260828_145415/flow,original,183,59.1250,0.000000
2026-08-28 14:55:09.049,capturas/3/20260828_145415/flow,original,184,59.3280,0.005046
2026-08-28 14:55:09.190,capturas/3/20260828_145415/flow,original,185,59.4690,0.000000
2026-08-28 14:55:09.377,capturas/3/20260828_145415/flow,original,186,59.6560,0.000000
2026-08-28 14:55:09.596,capturas/3/20260828_145415/flow,original,187,59.8750,0.000000
2026-08-28 14:55:09.799,capturas/3/20260828_145415/flow,original,188,60.0780,0.000000
2026-08-28 14:55:09.971,capturas/3/20260828_145415/flow,original,189,60.2500,0.000000
2026-08-28 14:55:10.205,capturas/3/20260828_145415/flow,original,190,60.4840,0.000000
2026-08-28 14:55:10.440,capturas/3/20260828_145415/flow,original,191,60.7190,0.000000
2026-08-28 14:55:10.643,capturas/3/20260828_145415/flow,original,192,60.9220,0.000000
2026-08-28 14:55:10.846,capturas/3/20260828_145415/flow,original,193,61.1250,0.000000
2026-08-28 14:55:11.034,capturas/3/20260828_145415/flow,original,194,61.3130,0.000000
2026-08-28 14:55:11.237,capturas/3/20260828_145415/flow,original,195,61.5160,0.000000
2026-08-28 14:55:11.440,capturas/3/20260828_145415/flow,original,196,61.7190,0.000000
2026-08-28 14:55:11.643,capturas/3/20260828_145415/flow,original,197,61.9220,0.000000
2026-08-28 14:55:11.830,capturas/3/20260828_145415/flow,original,198,62.1090,0.000000
2026-08-28 14:55:12.049,capturas/3/20260828_145415/flow,original,199,62.3280,0.000000
2026-08-28 14:55:12.237,capturas/3/20260828_145415/flow,original,200,62.5160,0.000000
2026-08-28 14:55:12.440,capturas/3/20260828_145415/flow,original,201,62.7190,0.000000
2026-08-28 14:55:12.659,capturas/3/20260828_145415/flow,original,202,62.9380,0.000413
2026-08-28 14:55:12.846,capturas/3/20260828_145415/flow,original,203,63.1250,0.000000
2026-08-28 14:55:13.049,capturas/3/20260828_145415/flow,original,204,63.3280,0.000000
2026-08-28 14:55:13.252,capturas/3/20260828_145415/flow,original,205,63.5310,0.000000
2026-08-28 14:55:13.471,capturas/3/20260828_145415/flow,original,206,63.7500,0.000421
2026-08-28 14:55:13.690,capturas/3/20260828_145415/flow,original,207,63.9690,0.000000
2026-08-28 14:55:13.877,capturas/3/20260828_145415/flow,original,208,64.1560,0.000000
2026-08-28 14:55:14.112,capturas/3/20260828_145415/flow,original,209,64.3910,0.000000
2026-08-28 14:55:14.252,capturas/3/20260828_145415/flow,original,210,64.5310,0.000000
2026-08-28 14:55:14.471,capturas/3/20260828_145415/flow,original,211,64.7500,0.000000
2026-08-28 14:55:14.612,capturas/3/20260828_145415/flow,original,212,64.8910,0.000000
2026-08-28 14:55:14.830,capturas/3/20260828_145415/flow,original,213,65.1090,0.000000
2026-08-28 14:55:15.049,capturas/3/20260828_145415/flow,original,214,65.3280,0.000000
2026-08-28 14:55:15.284,capturas/3/20260828_145415/flow,original,215,65.5630,0.000000
2026-08-28 14:55:15.440,capturas/3/20260828_145415/flow,original,216,65.7190,0.000000
2026-08-28 14:55:15.659,capturas/3/20260828_145415/flow,original,217,65.9380,0.000000
2026-08-28 14:55:15.846,capturas/3/20260828_145415/flow,original,218,66.1250,0.000000
2026-08-28 14:55:16.034,capturas/3/20260828_145415/flow,original,219,66.3130,0.000000
2026-08-28 14:55:16.252,capturas/3/20260828_145415/flow,original,220,66.5310,0.000000
2026-08-28 14:55:16.471,capturas/3/20260828_145415/flow,original,221,66.7500,0.000000
2026-08-28 14:55:16.674,capturas/3/20260828_145415/flow,original,222,66.9530,0.000000
2026-08-28 14:55:16.909,capturas/3/20260828_145415/flow,original,223,67.1880,0.000000
2026-08-28 14:55:17.112,capturas/3/20260828_145415/flow,original,224,67.3910,0.000000
2026-08-28 14:55:17.268,capturas/3/20260828_145415/flow,original,225,67.5470,0.000000
2026-08-28 14:55:17.487,capturas/3/20260828_145415/flow,original,226,67.7660,0.000000
2026-08-28 14:55:17.690,capturas/3/20260828_145415/flow,original,227,67.9690,0.000000
2026-08-28 14:55:17.909,capturas/3/20260828_145415/flow,original,228,68.1880,0.000000
2026-08-28 14:55:18.112,capturas/3/20260828_145415/flow,original,229,68.3910,0.000000
2026-08-28 14:55:18.315,capturas/3/20260828_145415/flow,original,230,68.5940,0.000000
2026-08-28 14:55:18.518,capturas/3/20260828_145415/flow,original,231,68.7970,0.000000
2026-08-28 14:55:18.721,capturas/3/20260828_145415/flow,original,232,69.0000,0.000000
2026-08-28 14:55:18.909,capturas/3/20260828_145415/flow,original,233,69.1880,0.000000
2026-08-28 14:55:19.096,capturas/3/20260828_145415/flow,original,234,69.3750,0.000440
2026-08-28 14:55:19.315,capturas/3/20260828_145415/flow,original,235,69.5940,0.000971
2026-08-28 14:55:19.518,capturas/3/20260828_145415/flow,original,236,69.7970,0.000000
2026-08-28 14:55:19.705,capturas/3/20260828_145415/flow,original,237,69.9840,0.000000
2026-08-28 14:55:19.955,capturas/3/20260828_145415/flow,original,238,70.2340,0.000000
2026-08-28 14:55:20.096,capturas/3/20260828_145415/flow,original,239,70.3750,0.000000
2026-08-28 14:55:20.299,capturas/3/20260828_145415/flow,original,240,70.5780,0.000000
2026-08-28 14:55:20.518,capturas/3/20260828_145415/flow,original,241,70.7970,0.000000
2026-08-28 14:55:20.721,capturas/3/20260828_145415/flow,original,242,71.0000,0.000965
2026-08-28 14:55:20.955,capturas/3/20260828_145415/flow,original,243,71.2340,0.000000
2026-08-28 14:55:21.174,capturas/3/20260828_145415/flow,original,244,71.4530,0.000000
2026-08-28 14:55:21.315,capturas/3/20260828_145415/flow,original,245,71.5940,0.000000
2026-08-28 14:55:21.518,capturas/3/20260828_145415/flow,original,246,71.7970,0.000000
2026-08-28 14:55:21.705,capturas/3/20260828_145415/flow,original,247,71.9840,0.000000
2026-08-28 14:55:21.924,capturas/3/20260828_145415/flow,original,248,72.2030,0.000000
2026-08-28 14:55:22.143,capturas/3/20260828_145415/flow,original,249,72.4220,0.000000
2026-08-28 14:55:22.284,capturas/3/20260828_145415/flow,original,250,72.5630,0.000962
2026-08-28 14:55:22.502,capturas/3/20260828_145415/flow,original,251,72.7810,0.000000
2026-08-28 14:55:22.705,capturas/3/20260828_145415/flow,original,252,72.9840,0.000000
2026-08-28 14:55:22.924,capturas/3/20260828_145415/flow,original,253,73.2030,0.000000
2026-08-28 14:55:23.127,capturas/3/20260828_145415/flow,original,254,73.4060,0.005299
2026-08-28 14:55:23.315,capturas/3/20260828_145415/flow,original,255,73.5940,0.000000
2026-08-28 14:55:23.565,capturas/3/20260828_145415/flow,original,256,73.8440,0.000000
2026-08-28 14:55:23.768,capturas/3/20260828_145415/flow,original,257,74.0470,0.000000
2026-08-28 14:55:23.987,capturas/3/20260828_145415/flow,original,258,74.2660,0.000000
2026-08-28 14:55:24.159,capturas/3/20260828_145415/flow,original,259,74.4380,0.000000
2026-08-28 14:55:24.284,capturas/3/20260828_145415/flow,original,260,74.5630,0.000000
2026-08-28 14:55:24.518,capturas/3/20260828_145415/flow,original,261,74.7970,0.000000
2026-08-28 14:55:24.721,capturas/3/20260828_145415/flow,original,262,75.0000,0.000497
2026-08-28 14:55:24.955,capturas/3/20260828_145415/flow,original,263,75.2340,0.000000
2026-08-28 14:55:25.190,capturas/3/20260828_145415/flow,original,264,75.4690,0.000000
2026-08-28 14:55:25.315,capturas/3/20260828_145415/flow,original,265,75.5940,0.000000
2026-08-28 14:55:25.518,capturas/3/20260828_145415/flow,original,266,75.7970,0.000000
2026-08-28 14:55:25.737,capturas/3/20260828_145415/flow,original,267,76.0160,0.001976
2026-08-28 14:55:25.955,capturas/3/20260828_145415/flow,original,268,76.2340,0.000000
2026-08-28 14:55:26.174,capturas/3/20260828_145415/flow,original,269,76.4530,0.000000
2026-08-28 14:55:26.330,capturas/3/20260828_145415/flow,original,270,76.6090,0.000000
2026-08-28 14:55:26.534,capturas/3/20260828_145415/flow,original,271,76.8130,0.000000
2026-08-28 14:55:26.737,capturas/3/20260828_145415/flow,original,272,77.0160,0.000000
2026-08-28 14:55:26.862,capturas/3/20260828_145415/flow,original,273,77.1410,0.000000
2026-08-28 14:55:27.096,capturas/3/20260828_145415/flow,original,274,77.3750,0.000000
2026-08-28 14:55:27.299,capturas/3/20260828_145415/flow,original,275,77.5780,0.000000
2026-08-28 14:55:27.487,capturas/3/20260828_145415/flow,original,276,77.7660,0.000000
2026-08-28 14:55:27.674,capturas/3/20260828_145415/flow,original,277,77.9530,0.000000
2026-08-28 14:55:27.909,capturas/3/20260828_145415/flow,original,278,78.1880,0.000000
2026-08-28 14:55:28.096,capturas/3/20260828_145415/flow,original,279,78.3750,0.000401
2026-08-28 14:55:28.268,capturas/3/20260828_145415/flow,original,280,78.5470,0.000000
2026-08-28 14:55:28.471,capturas/3/20260828_145415/flow,original,281,78.7500,0.000000
2026-08-28 14:55:28.690,capturas/3/20260828_145415/flow,original,282,78.9690,0.000000
2026-08-28 14:55:28.893,capturas/3/20260828_145415/flow,original,283,79.1720,0.000000
2026-08-28 14:55:29.096,capturas/3/20260828_145415/flow,original,284,79.3750,0.000000
2026-08-28 14:55:29.284,capturas/3/20260828_145415/flow,original,285,79.5630,0.000000
2026-08-28 14:55:29.534,capturas/3/20260828_145415/flow,original,286,79.8130,0.000000
2026-08-28 14:55:29.737,capturas/3/20260828_145415/flow,original,287,80.0160,0.000000
2026-08-28 14:55:29.955,capturas/3/20260828_145415/flow,original,288,80.2340,0.000000
2026-08-28 14:55:30.159,capturas/3/20260828_145415/flow,original,289,80.4380,0.000000
2026-08-28 14:55:30.330,capturas/3/20260828_145415/flow,original,290,80.6090,0.000000
2026-08-28 14:55:30.565,capturas/3/20260828_145415/flow,original,291,80.8440,0.000000
2026-08-28 14:55:30.721,capturas/3/20260828_145415/flow,original,292,81.0000,0.000000
2026-08-28 14:55:30.940,capturas/3/20260828_145415/flow,original,293,81.2190,0.000000
2026-08-28 14:55:31.127,capturas/3/20260828_145415/flow,original,294,81.4060,0.000000
2026-08-28 14:55:31.346,capturas/3/20260828_145415/flow,original,295,81.6250,0.000000
2026-08-28 14:55:31.549,capturas/3/20260828_145415/flow,original,296,81.8280,0.000000
2026-08-28 14:55:31.752,capturas/3/20260828_145415/flow,original,297,82.0310,0.000000
2026-08-28 14:55:31.940,capturas/3/20260828_145415/flow,original,298,82.2190,0.000000
2026-08-28 14:55:32.159,capturas/3/20260828_145415/flow,original,299,82.4380,0.000000
2026-08-28 14:55:32.330,capturas/3/20260828_145415/flow,original,300,82.6090,0.000000
2026-08-28 14:55:32.518,capturas/3/20260828_145415/flow,original,301,82.7970,0.000000
2026-08-28 14:55:32.752,capturas/3/20260828_145415/flow,original,302,83.0310,0.000000
2026-08-28 14:55:32.971,capturas/3/20260828_145415/flow,original,303,83.2500,0.000000
2026-08-28 14:55:33.205,capturas/3/20260828_145415/flow,original,304,83.4840,0.000734
2026-08-28 14:55:33.393,capturas/3/20260828_145415/flow,original,305,83.6720,0.000788
2026-08-28 14:55:33.596,capturas/3/20260828_145415/flow,original,306,83.8750,0.000000
2026-08-28 14:55:33.799,capturas/3/20260828_145415/flow,original,307,84.0780,0.000000
2026-08-28 14:55:34.018,capturas/3/20260828_145415/flow,original,308,84.2970,0.000000
2026-08-28 14:55:34.252,capturas/3/20260828_145415/flow,original,309,84.5310,0.000000
2026-08-28 14:55:34.424,capturas/3/20260828_145415/flow,original,310,84.7030,0.000000
2026-08-28 14:55:34.627,capturas/3/20260828_145415/flow,original,311,84.9060,0.000000
2026-08-28 14:55:34.830,capturas/3/20260828_145415/flow,original,312,85.1090,0.000000
2026-08-28 14:55:35.065,capturas/3/20260828_145415/flow,original,313,85.3440,0.000000
2026-08-28 14:55:35.284,capturas/3/20260828_145415/flow,original,314,85.5630,0.001027
2026-08-28 14:55:35.518,capturas/3/20260828_145415/flow,original,315,85.7970,0.000000
2026-08-28 14:55:35.721,capturas/3/20260828_145415/flow,original,316,86.0000,0.000000
2026-08-28 14:55:35.955,capturas/3/20260828_145415/flow,original,317,86.2340,0.000000
2026-08-28 14:55:36.221,capturas/3/20260828_145415/flow,original,318,86.5000,0.000000
2026-08-28 14:55:36.377,capturas/3/20260828_145415/flow,original,319,86.6560,0.000000
2026-08-28 14:55:36.659,capturas/3/20260828_145415/flow,original,320,86.9380,0.000000
2026-08-28 14:55:36.877,capturas/3/20260828_145415/flow,original,321,87.1560,0.000000
2026-08-28 14:55:37.080,capturas/3/20260828_145415/flow,original,322,87.3590,0.000000
2026-08-28 14:55:37.315,capturas/3/20260828_145415/flow,original,323,87.5940,0.000000
2026-08-28 14:55:37.502,capturas/3/20260828_145415/flow,original,324,87.7810,0.000000
2026-08-28 14:55:37.705,capturas/3/20260828_145415/flow,original,325,87.9840,0.000000
2026-08-28 14:55:37.924,capturas/3/20260828_145415/flow,original,326,88.2030,0.000000
2026-08-28 14:55:38.143,capturas/3/20260828_145415/flow,original,327,88.4220,0.000000
2026-08-28 14:55:38.362,capturas/3/20260828_145415/flow,original,328,88.6410,0.000000
2026-08-28 14:55:38.549,capturas/3/20260828_145415/flow,original,329,88.8280,0.000000
2026-08-28 14:55:38.721,capturas/3/20260828_145415/flow,original,330,89.0000,0.000000
2026-08-28 14:55:38.955,capturas/3/20260828_145415/flow,original,331,89.2340,0.000000
2026-08-28 14:55:39.096,capturas/3/20260828_145415/flow,original,332,89.3750,0.000000
2026-08-28 14:55:39.315,capturas/3/20260828_145415/flow,original,333,89.5940,0.000000
2026-08-28 14:55:39.534,capturas/3/20260828_145415/flow,original,334,89.8130,0.000000
2026-08-28 14:55:39.752,capturas/3/20260828_145415/flow,original,335,90.0310,0.000000
2026-08-28 14:55:39.971,capturas/3/20260828_145415/flow,original,336,90.2500,0.000000
2026-08-28 14:55:40.174,capturas/3/20260828_145415/flow,original,337,90.4530,0.000000
2026-08-28 14:55:40.377,capturas/3/20260828_145415/flow,original,338,90.6560,0.000000
2026-08-28 14:55:40.549,capturas/3/20260828_145415/flow,original,339,90.8280,0.000000
2026-08-28 14:55:40.768,capturas/3/20260828_145415/flow,original,340,91.0470,0.000000
2026-08-28 14:55:40.971,capturas/3/20260828_145415/flow,original,341,91.2500,0.000000
2026-08-28 14:55:41.205,capturas/3/20260828_145415/flow,original,342,91.4840,0.000000
2026-08-28 14:55:41.393,capturas/3/20260828_145415/flow,original,343,91.6720,0.000000
2026-08-28 14:55:41.627,capturas/3/20260828_145415/flow,original,344,91.9060,0.000000
2026-08-28 14:55:41.830,capturas/3/20260828_145415/flow,original,345,92.1090,0.000000
2026-08-28 14:55:42.049,capturas/3/20260828_145415/flow,original,346,92.3280,0.000859
2026-08-28 14:55:42.315,capturas/3/20260828_145415/flow,original,347,92.5940,0.000717
2026-08-28 14:55:42.518,capturas/3/20260828_145415/flow,original,348,92.7970,0.000000
2026-08-28 14:55:42.768,capturas/3/20260828_145415/flow,original,349,93.0470,0.000000
2026-08-28 14:55:43.002,capturas/3/20260828_145415/flow,original,350,93.2810,0.000000
2026-08-28 14:55:43.174,capturas/3/20260828_145415/flow,original,351,93.4530,0.000382
2026-08-28 14:55:43.393,capturas/3/20260828_145415/flow,original,352,93.6720,0.000000
2026-08-28 14:55:43.627,capturas/3/20260828_145415/flow,original,353,93.9060,0.000000
2026-08-28 14:55:43.846,capturas/3/20260828_145415/flow,original,354,94.1250,0.000000
2026-08-28 14:55:44.065,capturas/3/20260828_145415/flow,original,355,94.3440,0.000000
2026-08-28 14:55:44.284,capturas/3/20260828_145415/flow,original,356,94.5630,0.000000
2026-08-28 14:55:44.424,capturas/3/20260828_145415/flow,original,357,94.7030,0.000000
2026-08-28 14:55:44.627,capturas/3/20260828_145415/flow,original,358,94.9060,0.000000
2026-08-28 14:55:44.830,capturas/3/20260828_145415/flow,original,359,95.1090,0.000000
2026-08-28 14:55:45.049,capturas/3/20260828_145415/flow,original,360,95.3280,0.001600
2026-08-28 14:55:45.299,capturas/3/20260828_145415/flow,original,361,95.5780,0.000733
2026-08-28 14:55:45.424,capturas/3/20260828_145415/flow,original,362,95.7030,0.001241
2026-08-28 14:55:45.612,capturas/3/20260828_145415/flow,original,363,95.8910,0.000000
2026-08-28 14:55:45.830,capturas/3/20260828_145415/flow,original,364,96.1090,0.001141
2026-08-28 14:55:45.987,capturas/3/20260828_145415/flow,original,365,96.2660,0.000000
2026-08-28 14:55:46.237,capturas/3/20260828_145415/flow,original,366,96.5160,0.000000
2026-08-28 14:55:46.455,capturas/3/20260828_145415/flow,original,367,96.7340,0.000000
2026-08-28 14:55:46.674,capturas/3/20260828_145415/flow,original,368,96.9530,0.000000
2026-08-28 14:55:46.877,capturas/3/20260828_145415/flow,original,369,97.1560,0.000000
2026-08-28 14:55:47.096,capturas/3/20260828_145415/flow,original,370,97.3750,0.000000
2026-08-28 14:55:47.330,capturas/3/20260828_145415/flow,original,371,97.6090,0.000181
2026-08-28 14:55:47.518,capturas/3/20260828_145415/flow,original,372,97.7970,0.000000
2026-08-28 14:55:47.737,capturas/3/20260828_145415/flow,original,373,98.0160,0.000000
2026-08-28 14:55:47.971,capturas/3/20260828_145415/flow,original,374,98.2500,0.000000
2026-08-28 14:55:48.174,capturas/3/20260828_145415/flow,original,375,98.4530,0.000000
2026-08-28 14:55:48.393,capturas/3/20260828_145415/flow,original,376,98.6720,0.001870
2026-08-28 14:55:48.627,capturas/3/20260828_145415/flow,original,377,98.9060,0.000828
2026-08-28 14:55:48.846,capturas/3/20260828_145415/flow,original,378,99.1250,0.000848
2026-08-28 14:55:49.049,capturas/3/20260828_145415/flow,original,379,99.3280,0.000000
2026-08-28 14:55:49.284,capturas/3/20260828_145415/flow,original,380,99.5630,0.000000
2026-08-28 14:55:49.424,capturas/3/20260828_145415/flow,original,381,99.7030,0.000500
2026-08-28 14:55:49.659,capturas/3/20260828_145415/flow,original,382,99.9380,0.000662
2026-08-28 14:55:49.893,capturas/3/20260828_145415/flow,original,383,100.1720,0.004799
2026-08-28 14:55:50.049,capturas/3/20260828_145415/flow,original,384,100.3280,0.003721
2026-08-28 14:55:50.284,capturas/3/20260828_145415/flow,original,385,100.5630,0.001534
2026-08-28 14:55:50.409,capturas/3/20260828_145415/flow,original,386,100.6880,0.009920
2026-08-28 14:55:50.596,capturas/3/20260828_145415/flow,original,387,100.8750,0.011686
2026-08-28 14:55:50.799,capturas/3/20260828_145415/flow,original,388,101.0780,0.000484
2026-08-28 14:55:51.034,capturas/3/20260828_145415/flow,original,389,101.3130,0.000000
2026-08-28 14:55:51.268,capturas/3/20260828_145415/flow,original,390,101.5470,0.000000
2026-08-28 14:55:51.409,capturas/3/20260828_145415/flow,original,391,101.6880,0.000000
2026-08-28 14:55:51.627,capturas/3/20260828_145415/flow,original,392,101.9060,0.000229
2026-08-28 14:55:51.846,capturas/3/20260828_145415/flow,original,393,102.1250,0.000000
2026-08-28 14:55:52.080,capturas/3/20260828_145415/flow,original,394,102.3590,0.009458
2026-08-28 14:55:52.205,capturas/3/20260828_145415/flow,original,395,102.4840,0.001052
2026-08-28 14:55:52.424,capturas/3/20260828_145415/flow,original,396,102.7030,0.000320
2026-08-28 14:55:52.659,capturas/3/20260828_145415/flow,original,397,102.9380,0.000337
2026-08-28 14:55:52.799,capturas/3/20260828_145415/flow,original,398,103.0780,0.001097
2026-08-28 14:55:53.018,capturas/3/20260828_145415/flow,original,399,103.2970,0.000000
2026-08-28 14:55:53.221,capturas/3/20260828_145415/flow,original,400,103.5000,0.000000
2026-08-28 14:55:53.424,capturas/3/20260828_145415/flow,original,401,103.7030,0.000302
2026-08-28 14:55:53.643,capturas/3/20260828_145415/flow,original,402,103.9220,0.000000
2026-08-28 14:55:53.877,capturas/3/20260828_145415/flow,original,403,104.1560,0.000000
2026-08-28 14:55:54.127,capturas/3/20260828_145415/flow,original,404,104.4060,0.000000
2026-08-28 14:55:54.346,capturas/3/20260828_145415/flow,original,405,104.6250,0.000000
2026-08-28 14:55:54.580,capturas/3/20260828_145415/flow,original,406,104.8590,0.000000
2026-08-28 14:55:54.815,capturas/3/20260828_145415/flow,original,407,105.0940,0.000000
2026-08-28 14:55:55.018,capturas/3/20260828_145415/flow,original,408,105.2970,0.000000
2026-08-28 14:55:55.237,capturas/3/20260828_145415/flow,original,409,105.5160,0.000000
2026-08-28 14:55:55.424,capturas/3/20260828_145415/flow,original,410,105.7030,0.000000
2026-08-28 14:55:55.659,capturas/3/20260828_145415/flow,original,411,105.9380,0.000000
2026-08-28 14:55:55.877,capturas/3/20260828_145415/flow,original,412,106.1560,0.000000
2026-08-28 14:55:56.065,capturas/3/20260828_145415/flow,original,413,106.3440,0.000000
2026-08-28 14:55:56.268,capturas/3/20260828_145415/flow,original,414,106.5470,0.000000
2026-08-28 14:55:56.440,capturas/3/20260828_145415/flow,original,415,106.7190,0.000000
2026-08-28 14:55:56.690,capturas/3/20260828_145415/flow,original,416,106.9690,0.000000
2026-08-28 14:55:56.815,capturas/3/20260828_145415/flow,original,417,107.0940,0.000000
2026-08-28 14:55:57.018,capturas/3/20260828_145415/flow,original,418,107.2970,0.000000
2026-08-28 14:55:57.221,capturas/3/20260828_145415/flow,original,419,107.5000,0.000000
2026-08-28 14:55:57.424,capturas/3/20260828_145415/flow,original,420,107.7030,0.000000
2026-08-28 14:55:57.659,capturas/3/20260828_145415/flow,original,421,107.9380,0.000000
2026-08-28 14:55:57.862,capturas/3/20260828_145415/flow,original,422,108.1410,0.000000
2026-08-28 14:55:58.034,capturas/3/20260828_145415/flow,original,423,108.3130,0.000000
2026-08-28 14:55:58.284,capturas/3/20260828_145415/flow,original,424,108.5630,0.000000
2026-08-28 14:55:58.471,capturas/3/20260828_145415/flow,original,425,108.7500,0.000000
2026-08-28 14:55:58.690,capturas/3/20260828_145415/flow,original,426,108.9690,0.000000
2026-08-28 14:55:58.909,capturas/3/20260828_145415/flow,original,427,109.1880,0.000000
2026-08-28 14:55:59.127,capturas/3/20260828_145415/flow,original,428,109.4060,0.000000
2026-08-28 14:55:59.362,capturas/3/20260828_145415/flow,original,429,109.6410,0.000000
2026-08-28 14:55:59.487,capturas/3/20260828_145415/flow,original,430,109.7660,0.000000
2026-08-28 14:55:59.705,capturas/3/20260828_145415/flow,original,431,109.9840,0.000000
2026-08-28 14:55:59.940,capturas/3/20260828_145415/flow,original,432,110.2190,0.000000
2026-08-28 14:56:00.143,capturas/3/20260828_145415/flow,original,433,110.4220,0.000000
2026-08-28 14:56:00.362,capturas/3/20260828_145415/flow,original,434,110.6410,0.000000
2026-08-28 14:56:00.487,capturas/3/20260828_145415/flow,original,435,110.7660,0.000000
2026-08-28 14:56:00.674,capturas/3/20260828_145415/flow,original,436,110.9530,0.000000
2026-08-28 14:56:00.893,capturas/3/20260828_145415/flow,original,437,111.1720,0.000000
2026-08-28 14:56:01.127,capturas/3/20260828_145415/flow,original,438,111.4060,0.000630
2026-08-28 14:56:01.346,capturas/3/20260828_145415/flow,original,439,111.6250,0.000218
2026-08-28 14:56:01.487,capturas/3/20260828_145415/flow,original,440,111.7660,0.000458
2026-08-28 14:56:01.690,capturas/3/20260828_145415/flow,original,441,111.9690,0.000000
2026-08-28 14:56:01.924,capturas/3/20260828_145415/flow,original,442,112.2030,0.000000
2026-08-28 14:56:02.159,capturas/3/20260828_145415/flow,original,443,112.4380,0.000000
2026-08-28 14:56:02.315,capturas/3/20260828_145415/flow,original,444,112.5940,0.000000
2026-08-28 14:56:02.471,capturas/3/20260828_145415/flow,original,445,112.7500,0.000000
2026-08-28 14:56:02.690,capturas/3/20260828_145415/flow,original,446,112.9690,0.000000
2026-08-28 14:56:02.924,capturas/3/20260828_145415/flow,original,447,113.2030,0.000000
2026-08-28 14:56:03.049,capturas/3/20260828_145415/flow,original,448,113.3280,0.000000
2026-08-28 14:56:03.268,capturas/3/20260828_145415/flow,original,449,113.5470,0.000000
2026-08-28 14:56:03.393,capturas/3/20260828_145415/flow,original,450,113.6720,0.000000
2026-08-28 14:56:03.612,capturas/3/20260828_145415/flow,original,451,113.8910,0.002934
2026-08-28 14:56:03.846,capturas/3/20260828_145415/flow,original,452,114.1250,0.000000
2026-08-28 14:56:04.049,capturas/3/20260828_145415/flow,original,453,114.3280,0.000000
2026-08-28 14:56:04.268,capturas/3/20260828_145415/flow,original,454,114.5470,0.000837
2026-08-28 14:56:04.518,capturas/3/20260828_145415/flow,original,455,114.7970,0.000000
2026-08-28 14:56:04.737,capturas/3/20260828_145415/flow,original,456,115.0160,0.000000
2026-08-28 14:56:04.940,capturas/3/20260828_145415/flow,original,457,115.2190,0.000000
2026-08-28 14:56:05.065,capturas/3/20260828_145415/flow,original,458,115.3440,0.000000
2026-08-28 14:56:05.299,capturas/3/20260828_145415/flow,original,459,115.5780,0.000400
2026-08-28 14:56:05.487,capturas/3/20260828_145415/flow,original,460,115.7660,0.000761
2026-08-28 14:56:05.690,capturas/3/20260828_145415/flow,original,461,115.9690,0.001312
2026-08-28 14:56:05.940,capturas/3/20260828_145415/flow,original,462,116.2190,0.009347
2026-08-28 14:56:06.159,capturas/3/20260828_145415/flow,original,463,116.4380,0.010307
2026-08-28 14:56:06.393,capturas/3/20260828_145415/flow,original,464,116.6720,0.002444
2026-08-28 14:56:06.518,capturas/3/20260828_145415/flow,original,465,116.7970,0.001589
2026-08-28 14:56:06.705,capturas/3/20260828_145415/flow,original,466,116.9840,0.001397
2026-08-28 14:56:06.877,capturas/3/20260828_145415/flow,original,467,117.1560,0.007511
2026-08-28 14:56:07.096,capturas/3/20260828_145415/flow,original,468,117.3750,0.001224
2026-08-28 14:56:07.315,capturas/3/20260828_145415/flow,original,469,117.5940,0.000000
2026-08-28 14:56:07.502,capturas/3/20260828_145415/flow,original,470,117.7810,0.001028
2026-08-28 14:56:07.721,capturas/3/20260828_145415/flow,original,471,118.0000,0.003587
2026-08-28 14:56:07.893,capturas/3/20260828_145415/flow,original,472,118.1720,0.002148
2026-08-28 14:56:08.127,capturas/3/20260828_145415/flow,original,473,118.4060,0.006797
2026-08-28 14:56:08.346,capturas/3/20260828_145415/flow,original,474,118.6250,0.026569
2026-08-28 14:56:08.487,capturas/3/20260828_145415/flow,original,475,118.7660,0.031711
2026-08-28 14:56:08.690,capturas/3/20260828_145415/flow,original,476,118.9690,0.030078
2026-08-28 14:56:08.924,capturas/3/20260828_145415/flow,original,477,119.2030,0.016278
2026-08-28 14:56:09.159,capturas/3/20260828_145415/flow,original,478,119.4380,0.016054
2026-08-28 14:56:09.362,capturas/3/20260828_145415/flow,original,479,119.6410,0.011216
2026-08-28 14:56:09.534,capturas/3/20260828_145415/flow,original,480,119.8130,0.000000
2026-08-28 14:56:09.752,capturas/3/20260828_145415/flow,original,481,120.0310,0.004257
2026-08-28 14:56:09.987,capturas/3/20260828_145415/flow,original,482,120.2660,0.005662
2026-08-28 14:56:10.174,capturas/3/20260828_145415/flow,original,483,120.4530,0.000827
2026-08-28 14:56:10.377,capturas/3/20260828_145415/flow,original,484,120.6560,0.000233
2026-08-28 14:56:10.596,capturas/3/20260828_145415/flow,original,485,120.8750,0.011336
2026-08-28 14:56:10.799,capturas/3/20260828_145415/flow,original,486,121.0780,0.013565
2026-08-28 14:56:11.034,capturas/3/20260828_145415/flow,original,487,121.3130,0.011847
2026-08-28 14:56:11.237,capturas/3/20260828_145415/flow,original,488,121.5160,0.053313
2026-08-28 14:56:11.409,capturas/3/20260828_145415/flow,original,489,121.6880,0.000895
2026-08-28 14:56:11.612,capturas/3/20260828_145415/flow,original,490,121.8910,0.000000
2026-08-28 14:56:11.830,capturas/3/20260828_145415/flow,original,491,122.1090,0.000000
2026-08-28 14:56:11.955,capturas/3/20260828_145415/flow,original,492,122.2340,4.401302
2026-08-28 14:56:12.174,capturas/3/20260828_145415/flow,original,493,122.4530,5.769120
2026-08-28 14:56:12.409,capturas/3/20260828_145415/flow,original,494,122.6880,8.445505
2026-08-28 14:56:12.643,capturas/3/20260828_145415/flow,original,495,122.9220,8.935695
2026-08-28 14:56:12.862,capturas/3/20260828_145415/flow,original,496,123.1410,9.386172
2026-08-28 14:56:13.065,capturas/3/20260828_145415/flow,original,497,123.3440,11.235533
2026-08-28 14:56:13.268,capturas/3/20260828_145415/flow,original,498,123.5470,11.603792
2026-08-28 14:56:13.534,capturas/3/20260828_145415/flow,original,499,123.8130,12.140998
2026-08-28 14:56:13.768,capturas/3/20260828_145415/flow,original,500,124.0470,12.284885
2026-08-28 14:56:14.002,capturas/3/20260828_145415/flow,original,501,124.2810,12.337691
2026-08-28 14:56:14.237,capturas/3/20260828_145415/flow,original,502,124.5160,12.829781
2026-08-28 14:56:14.471,capturas/3/20260828_145415/flow,original,503,124.7500,13.018430
2026-08-28 14:56:14.596,capturas/3/20260828_145415/flow,original,504,124.8750,13.268441
2026-08-28 14:56:14.784,capturas/3/20260828_145415/flow,original,505,125.0630,13.295108
2026-08-28 14:56:15.018,capturas/3/20260828_145415/flow,original,506,125.2970,13.296836
2026-08-28 14:56:15.237,capturas/3/20260828_145415/flow,original,507,125.5160,13.853103
2026-08-28 14:56:15.471,capturas/3/20260828_145415/flow,original,508,125.7500,13.807371
2026-08-28 14:56:15.690,capturas/3/20260828_145415/flow,original,509,125.9690,13.962879
2026-08-28 14:56:15.815,capturas/3/20260828_145415/flow,original,510,126.0940,14.061979
2026-08-28 14:56:16.034,capturas/3/20260828_145415/flow,original,511,126.3130,14.131659
2026-08-28 14:56:16.252,capturas/3/20260828_145415/flow,original,512,126.5310,14.073175
2026-08-28 14:56:16.440,capturas/3/20260828_145415/flow,original,513,126.7190,13.979126
2026-08-28 14:56:16.643,capturas/3/20260828_145415/flow,original,514,126.9220,13.970805
2026-08-28 14:56:16.877,capturas/3/20260828_145415/flow,original,515,127.1560,14.209124
2026-08-28 14:56:17.080,capturas/3/20260828_145415/flow,original,516,127.3590,14.453780
2026-08-28 14:56:17.299,capturas/3/20260828_145415/flow,original,517,127.5780,14.682519
2026-08-28 14:56:17.518,capturas/3/20260828_145415/flow,original,518,127.7970,14.821330
2026-08-28 14:56:17.721,capturas/3/20260828_145415/flow,original,519,128.0000,14.911186
2026-08-28 14:56:17.971,capturas/3/20260828_145415/flow,original,520,128.2500,14.770980
2026-08-28 14:56:18.174,capturas/3/20260828_145415/flow,original,521,128.4530,14.789471
2026-08-28 14:56:18.393,capturas/3/20260828_145415/flow,original,522,128.6720,14.556630
2026-08-28 14:56:18.596,capturas/3/20260828_145415/flow,original,523,128.8750,14.552815
2026-08-28 14:56:18.830,capturas/3/20260828_145415/flow,original,524,129.1090,14.124381
2026-08-28 14:56:19.034,capturas/3/20260828_145415/flow,original,525,129.3130,14.049272
2026-08-28 14:56:19.252,capturas/3/20260828_145415/flow,original,526,129.5310,14.156096
2026-08-28 14:56:19.502,capturas/3/20260828_145415/flow,original,527,129.7810,14.938972
2026-08-28 14:56:19.627,capturas/3/20260828_145415/flow,original,528,129.9060,15.110811
2026-08-28 14:56:19.830,capturas/3/20260828_145415/flow,original,529,130.1090,15.302129
2026-08-28 14:56:20.049,capturas/3/20260828_145415/flow,original,530,130.3280,15.363719
2026-08-28 14:56:20.237,capturas/3/20260828_145415/flow,original,531,130.5160,15.451095
2026-08-28 14:56:20.471,capturas/3/20260828_145415/flow,original,532,130.7500,15.983530
2026-08-28 14:56:20.659,capturas/3/20260828_145415/flow,original,533,130.9380,16.196142
2026-08-28 14:56:20.877,capturas/3/20260828_145415/flow,original,534,131.1560,16.522176
2026-08-28 14:56:21.065,capturas/3/20260828_145415/flow,original,535,131.3440,16.667044
2026-08-28 14:56:21.299,capturas/3/20260828_145415/flow,original,536,131.5780,16.795082
2026-08-28 14:56:21.455,capturas/3/20260828_145415/flow,original,537,131.7340,16.249706
2026-08-28 14:56:21.690,capturas/3/20260828_145415/flow,original,538,131.9690,15.649741
2026-08-28 14:56:21.924,capturas/3/20260828_145415/flow,original,539,132.2030,13.890550
2026-08-28 14:56:22.143,capturas/3/20260828_145415/flow,original,540,132.4220,13.431974
2026-08-28 14:56:22.330,capturas/3/20260828_145415/flow,original,541,132.6090,13.204150
2026-08-28 14:56:22.549,capturas/3/20260828_145415/flow,original,542,132.8280,13.953127
2026-08-28 14:56:22.768,capturas/3/20260828_145415/flow,original,543,133.0470,14.345587
2026-08-28 14:56:22.971,capturas/3/20260828_145415/flow,original,544,133.2500,15.769662
2026-08-28 14:56:23.159,capturas/3/20260828_145415/flow,original,545,133.4380,16.175775
2026-08-28 14:56:23.377,capturas/3/20260828_145415/flow,original,546,133.6560,16.450654
2026-08-28 14:56:23.596,capturas/3/20260828_145415/flow,original,547,133.8750,16.511444
2026-08-28 14:56:23.784,capturas/3/20260828_145415/flow,original,548,134.0630,16.098495
2026-08-28 14:56:24.034,capturas/3/20260828_145415/flow,original,549,134.3130,14.659890
2026-08-28 14:56:24.159,capturas/3/20260828_145415/flow,original,550,134.4380,14.304504
2026-08-28 14:56:24.377,capturas/3/20260828_145415/flow,original,551,134.6560,14.151456
2026-08-28 14:56:24.518,capturas/3/20260828_145415/flow,original,552,134.7970,14.988675
2026-08-28 14:56:24.690,capturas/3/20260828_145415/flow,original,553,134.9690,15.448731
2026-08-28 14:56:24.909,capturas/3/20260828_145415/flow,original,554,135.1880,17.085038
2026-08-28 14:56:25.127,capturas/3/20260828_145415/flow,original,555,135.4060,17.546769
2026-08-28 14:56:25.362,capturas/3/20260828_145415/flow,original,556,135.6410,17.953820
2026-08-28 14:56:25.487,capturas/3/20260828_145415/flow,original,557,135.7660,18.591777
2026-08-28 14:56:25.690,capturas/3/20260828_145415/flow,original,558,135.9690,18.495103
2026-08-28 14:56:25.893,capturas/3/20260828_145415/flow,original,559,136.1720,18.283898
2026-08-28 14:56:26.112,capturas/3/20260828_145415/flow,original,560,136.3910,17.699801
2026-08-28 14:56:26.330,capturas/3/20260828_145415/flow,original,561,136.6090,17.278523
2026-08-28 14:56:26.549,capturas/3/20260828_145415/flow,original,562,136.8280,16.671056
2026-08-28 14:56:26.784,capturas/3/20260828_145415/flow,original,563,137.0630,16.045695
2026-08-28 14:56:27.002,capturas/3/20260828_145415/flow,original,564,137.2810,12.575147
2026-08-28 14:56:27.221,capturas/3/20260828_145415/flow,original,565,137.5000,11.626674
2026-08-28 14:56:27.440,capturas/3/20260828_145415/flow,original,566,137.7190,10.728233
2026-08-28 14:56:27.674,capturas/3/20260828_145415/flow,original,567,137.9530,8.295988
2026-08-28 14:56:27.893,capturas/3/20260828_145415/flow,original,568,138.1720,7.977884
2026-08-28 14:56:28.065,capturas/3/20260828_145415/flow,original,569,138.3440,7.409752
2026-08-28 14:56:28.205,capturas/3/20260828_145415/flow,original,570,138.4840,7.428552
2026-08-28 14:56:28.424,capturas/3/20260828_145415/flow,original,571,138.7030,7.470409
2026-08-28 14:56:28.659,capturas/3/20260828_145415/flow,original,572,138.9380,9.611727
2026-08-28 14:56:28.846,capturas/3/20260828_145415/flow,original,573,139.1250,10.111082
2026-08-28 14:56:29.065,capturas/3/20260828_145415/flow,original,574,139.3440,11.419273
2026-08-28 14:56:29.346,capturas/3/20260828_145415/flow,original,575,139.6250,12.029960
2026-08-28 14:56:29.580,capturas/3/20260828_145415/flow,original,576,139.8590,12.866986
2026-08-28 14:56:29.799,capturas/3/20260828_145415/flow,original,577,140.0780,17.395832
2026-08-28 14:56:30.002,capturas/3/20260828_145415/flow,original,578,140.2810,18.325674
2026-08-28 14:56:30.221,capturas/3/20260828_145415/flow,original,579,140.5000,20.092937
2026-08-28 14:56:30.440,capturas/3/20260828_145415/flow,original,580,140.7190,20.365523
2026-08-28 14:56:30.674,capturas/3/20260828_145415/flow,original,581,140.9530,20.628044
2026-08-28 14:56:30.893,capturas/3/20260828_145415/flow,original,582,141.1720,21.486667
2026-08-28 14:56:31.112,capturas/3/20260828_145415/flow,original,583,141.3910,21.622848
2026-08-28 14:56:31.330,capturas/3/20260828_145415/flow,original,584,141.6090,21.440411
2026-08-28 14:56:31.549,capturas/3/20260828_145415/flow,original,585,141.8280,21.232939
2026-08-28 14:56:31.784,capturas/3/20260828_145415/flow,original,586,142.0630,20.912308
2026-08-28 14:56:31.987,capturas/3/20260828_145415/flow,original,587,142.2660,19.291883
2026-08-28 14:56:32.190,capturas/3/20260828_145415/flow,original,588,142.4690,18.992180
2026-08-28 14:56:32.330,capturas/3/20260828_145415/flow,original,589,142.6090,18.248351
2026-08-28 14:56:32.549,capturas/3/20260828_145415/flow,original,590,142.8280,18.030020
2026-08-28 14:56:32.674,capturas/3/20260828_145415/flow,original,591,142.9530,17.921577
2026-08-28 14:56:32.909,capturas/3/20260828_145415/flow,original,592,143.1880,16.959360
2026-08-28 14:56:33.143,capturas/3/20260828_145415/flow,original,593,143.4220,16.890970
2026-08-28 14:56:33.330,capturas/3/20260828_145415/flow,original,594,143.6090,16.422364
2026-08-28 14:56:33.549,capturas/3/20260828_145415/flow,original,595,143.8280,16.308143
2026-08-28 14:56:33.690,capturas/3/20260828_145415/flow,original,596,143.9690,16.239417
2026-08-28 14:56:33.877,capturas/3/20260828_145415/flow,original,597,144.1560,16.388034
2026-08-28 14:56:34.112,capturas/3/20260828_145415/flow,original,598,144.3910,16.444250
2026-08-28 14:56:34.237,capturas/3/20260828_145415/flow,original,599,144.5160,16.463530
2026-08-28 14:56:34.424,capturas/3/20260828_145415/flow,original,600,144.7030,16.329498
2026-08-28 14:56:34.627,capturas/3/20260828_145415/flow,original,601,144.9060,16.165427
2026-08-28 14:56:34.830,capturas/3/20260828_145415/flow,original,602,145.1090,16.054953
2026-08-28 14:56:35.049,capturas/3/20260828_145415/flow,original,603,145.3280,16.081310
2026-08-28 14:56:35.252,capturas/3/20260828_145415/flow,original,604,145.5310,16.265999
2026-08-28 14:56:35.471,capturas/3/20260828_145415/flow,original,605,145.7500,16.351207
2026-08-28 14:56:35.705,capturas/3/20260828_145415/flow,original,606,145.9840,16.347036
2026-08-28 14:56:35.893,capturas/3/20260828_145415/flow,original,607,146.1720,15.857901
2026-08-28 14:56:36.112,capturas/3/20260828_145415/flow,original,608,146.3910,15.837666
2026-08-28 14:56:36.330,capturas/3/20260828_145415/flow,original,609,146.6090,15.814864
2026-08-28 14:56:36.565,capturas/3/20260828_145415/flow,original,610,146.8440,15.870291
2026-08-28 14:56:36.721,capturas/3/20260828_145415/flow,original,611,147.0000,15.939345
2026-08-28 14:56:36.987,capturas/3/20260828_145415/flow,original,612,147.2660,15.890183
2026-08-28 14:56:37.205,capturas/3/20260828_145415/flow,original,613,147.4840,15.707059
2026-08-28 14:56:37.440,capturas/3/20260828_145415/flow,original,614,147.7190,15.365991
2026-08-28 14:56:37.643,capturas/3/20260828_145415/flow,original,615,147.9220,15.367236
2026-08-28 14:56:37.768,capturas/3/20260828_145415/flow,original,616,148.0470,15.339141
2026-08-28 14:56:38.002,capturas/3/20260828_145415/flow,original,617,148.2810,15.128007
2026-08-28 14:56:38.190,capturas/3/20260828_145415/flow,original,618,148.4690,15.108957
2026-08-28 14:56:38.409,capturas/3/20260828_145415/flow,original,619,148.6880,15.348909
2026-08-28 14:56:38.612,capturas/3/20260828_145415/flow,original,620,148.8910,15.460843
2026-08-28 14:56:38.846,capturas/3/20260828_145415/flow,original,621,149.1250,15.530255
2026-08-28 14:56:39.065,capturas/3/20260828_145415/flow,original,622,149.3440,15.373252
2026-08-28 14:56:39.284,capturas/3/20260828_145415/flow,original,623,149.5630,15.488738
2026-08-28 14:56:39.518,capturas/3/20260828_145415/flow,original,624,149.7970,15.610719
2026-08-28 14:56:39.737,capturas/3/20260828_145415/flow,original,625,150.0160,15.647174
2026-08-28 14:56:39.924,capturas/3/20260828_145415/flow,original,626,150.2030,15.746652
2026-08-28 14:56:40.143,capturas/3/20260828_145415/flow,original,627,150.4220,16.070905
2026-08-28 14:56:40.377,capturas/3/20260828_145415/flow,original,628,150.6560,15.957395
2026-08-28 14:56:40.502,capturas/3/20260828_145415/flow,original,629,150.7810,15.736694
2026-08-28 14:56:40.721,capturas/3/20260828_145415/flow,original,630,151.0000,15.694751
2026-08-28 14:56:40.924,capturas/3/20260828_145415/flow,original,631,151.2030,15.600914
2026-08-28 14:56:41.143,capturas/3/20260828_145415/flow,original,632,151.4220,15.402086
2026-08-28 14:56:41.377,capturas/3/20260828_145415/flow,original,633,151.6560,15.560394
2026-08-28 14:56:41.596,capturas/3/20260828_145415/flow,original,634,151.8750,15.577582
2026-08-28 14:56:41.799,capturas/3/20260828_145415/flow,original,635,152.0780,15.579307
2026-08-28 14:56:42.049,capturas/3/20260828_145415/flow,original,636,152.3280,15.549903
2026-08-28 14:56:42.284,capturas/3/20260828_145415/flow,original,637,152.5630,15.390184
2026-08-28 14:56:42.487,capturas/3/20260828_145415/flow,original,638,152.7660,15.253040
2026-08-28 14:56:42.674,capturas/3/20260828_145415/flow,original,639,152.9530,14.966978
2026-08-28 14:56:42.893,capturas/3/20260828_145415/flow,original,640,153.1720,14.899492
2026-08-28 14:56:43.127,capturas/3/20260828_145415/flow,original,641,153.4060,14.880820
2026-08-28 14:56:43.252,capturas/3/20260828_145415/flow,original,642,153.5310,14.841408
2026-08-28 14:56:43.471,capturas/3/20260828_145415/flow,original,643,153.7500,14.908866
2026-08-28 14:56:43.705,capturas/3/20260828_145415/flow,original,644,153.9840,15.149538
2026-08-28 14:56:43.924,capturas/3/20260828_145415/flow,original,645,154.2030,15.275649
2026-08-28 14:56:44.143,capturas/3/20260828_145415/flow,original,646,154.4220,15.346816
2026-08-28 14:56:44.377,capturas/3/20260828_145415/flow,original,647,154.6560,15.309199
2026-08-28 14:56:44.596,capturas/3/20260828_145415/flow,original,648,154.8750,15.307945
2026-08-28 14:56:44.737,capturas/3/20260828_145415/flow,original,649,155.0160,15.405242
2026-08-28 14:56:44.924,capturas/3/20260828_145415/flow,original,650,155.2030,15.346437
2026-08-28 14:56:45.080,capturas/3/20260828_145415/flow,original,651,155.3590,15.180704
2026-08-28 14:56:45.284,capturas/3/20260828_145415/flow,original,652,155.5630,14.540466
2026-08-28 14:56:45.502,capturas/3/20260828_145415/flow,original,653,155.7810,14.487106
2026-08-28 14:56:45.752,capturas/3/20260828_145415/flow,original,654,156.0310,14.941221
2026-08-28 14:56:46.002,capturas/3/20260828_145415/flow,original,655,156.2810,15.094295
2026-08-28 14:56:46.127,capturas/3/20260828_145415/flow,original,656,156.4060,15.169183
2026-08-28 14:56:46.346,capturas/3/20260828_145415/flow,original,657,156.6250,15.195788
2026-08-28 14:56:46.580,capturas/3/20260828_145415/flow,original,658,156.8590,15.205711
2026-08-28 14:56:46.815,capturas/3/20260828_145415/flow,original,659,157.0940,15.231687
2026-08-28 14:56:47.034,capturas/3/20260828_145415/flow,original,660,157.3130,15.208635
2026-08-28 14:56:47.268,capturas/3/20260828_145415/flow,original,661,157.5470,15.201757
2026-08-28 14:56:47.502,capturas/3/20260828_145415/flow,original,662,157.7810,15.541262
2026-08-28 14:56:47.690,capturas/3/20260828_145415/flow,original,663,157.9690,15.545025
2026-08-28 14:56:47.877,capturas/3/20260828_145415/flow,original,664,158.1560,15.139294
2026-08-28 14:56:48.143,capturas/3/20260828_145415/flow,original,665,158.4220,14.849951
2026-08-28 14:56:48.377,capturas/3/20260828_145415/flow,original,666,158.6560,14.419495
2026-08-28 14:56:48.627,capturas/3/20260828_145415/flow,original,667,158.9060,11.860540
2026-08-28 14:56:48.862,capturas/3/20260828_145415/flow,original,668,159.1410,11.527404
2026-08-28 14:56:49.080,capturas/3/20260828_145415/flow,original,669,159.3590,11.487833
2026-08-28 14:56:49.315,capturas/3/20260828_145415/flow,original,670,159.5940,11.811386
2026-08-28 14:56:49.534,capturas/3/20260828_145415/flow,original,671,159.8130,12.198727
2026-08-28 14:56:49.784,capturas/3/20260828_145415/flow,original,672,160.0630,14.033030
2026-08-28 14:56:50.002,capturas/3/20260828_145415/flow,original,673,160.2810,14.300552
2026-08-28 14:56:50.221,capturas/3/20260828_145415/flow,original,674,160.5000,14.516482
2026-08-28 14:56:50.440,capturas/3/20260828_145415/flow,original,675,160.7190,14.185100
2026-08-28 14:56:50.659,capturas/3/20260828_145415/flow,original,676,160.9380,13.869330
2026-08-28 14:56:50.877,capturas/3/20260828_145415/flow,original,677,161.1560,12.093074
2026-08-28 14:56:51.065,capturas/3/20260828_145415/flow,original,678,161.3440,12.054730
2026-08-28 14:56:51.299,capturas/3/20260828_145415/flow,original,679,161.5780,13.262473
2026-08-28 14:56:51.455,capturas/3/20260828_145415/flow,original,680,161.7340,13.723370
2026-08-28 14:56:51.690,capturas/3/20260828_145415/flow,original,681,161.9690,14.271252
2026-08-28 14:56:51.909,capturas/3/20260828_145415/flow,original,682,162.1880,16.627178
2026-08-28 14:56:52.112,capturas/3/20260828_145415/flow,original,683,162.3910,16.744288
2026-08-28 14:56:52.346,capturas/3/20260828_145415/flow,original,684,162.6250,16.689405
2026-08-28 14:56:52.565,capturas/3/20260828_145415/flow,original,685,162.8440,16.613561
2026-08-28 14:56:52.768,capturas/3/20260828_145415/flow,original,686,163.0470,16.588353
2026-08-28 14:56:53.002,capturas/3/20260828_145415/flow,original,687,163.2810,15.196970
2026-08-28 14:56:53.127,capturas/3/20260828_145415/flow,original,688,163.4060,14.576331
2026-08-28 14:56:53.346,capturas/3/20260828_145415/flow,original,689,163.6250,13.761157
2026-08-28 14:56:53.565,capturas/3/20260828_145415/flow,original,690,163.8440,8.990725
2026-08-28 14:56:53.784,capturas/3/20260828_145415/flow,original,691,164.0630,8.390839
2026-08-28 14:56:54.018,capturas/3/20260828_145415/flow,original,692,164.2970,7.877297
2026-08-28 14:56:54.143,capturas/3/20260828_145415/flow,original,693,164.4220,7.430352
2026-08-28 14:56:54.362,capturas/3/20260828_145415/flow,original,694,164.6410,7.027011
2026-08-28 14:56:54.580,capturas/3/20260828_145415/flow,original,695,164.8590,7.010192
2026-08-28 14:56:54.784,capturas/3/20260828_145415/flow,original,696,165.0630,6.997709
2026-08-28 14:56:55.018,capturas/3/20260828_145415/flow,original,697,165.2970,7.856902
2026-08-28 14:56:55.143,capturas/3/20260828_145415/flow,original,698,165.4220,8.445262
2026-08-28 14:56:55.346,capturas/3/20260828_145415/flow,original,699,165.6250,10.117363
2026-08-28 14:56:55.502,capturas/3/20260828_145415/flow,original,700,165.7810,10.530088
2026-08-28 14:56:55.705,capturas/3/20260828_145415/flow,original,701,165.9840,11.030704
2026-08-28 14:56:55.924,capturas/3/20260828_145415/flow,original,702,166.2030,15.131696
2026-08-28 14:56:56.096,capturas/3/20260828_145415/flow,original,703,166.3750,16.339492
2026-08-28 14:56:56.330,capturas/3/20260828_145415/flow,original,704,166.6090,19.185265
2026-08-28 14:56:56.534,capturas/3/20260828_145415/flow,original,705,166.8130,19.733782
2026-08-28 14:56:56.737,capturas/3/20260828_145415/flow,original,706,167.0160,20.214363
2026-08-28 14:56:56.877,capturas/3/20260828_145415/flow,original,707,167.1560,21.357890
2026-08-28 14:56:57.127,capturas/3/20260828_145415/flow,original,708,167.4060,21.534636
2026-08-28 14:56:57.346,capturas/3/20260828_145415/flow,original,709,167.6250,21.728062
2026-08-28 14:56:57.549,capturas/3/20260828_145415/flow,original,710,167.8280,21.176699
2026-08-28 14:56:57.784,capturas/3/20260828_145415/flow,original,711,168.0630,20.906780
2026-08-28 14:56:58.018,capturas/3/20260828_145415/flow,original,712,168.2970,20.756380
2026-08-28 14:56:58.143,capturas/3/20260828_145415/flow,original,713,168.4220,20.638016
2026-08-28 14:56:58.346,capturas/3/20260828_145415/flow,original,714,168.6250,20.011187
2026-08-28 14:56:58.549,capturas/3/20260828_145415/flow,original,715,168.8280,19.687135
2026-08-28 14:56:58.799,capturas/3/20260828_145415/flow,original,716,169.0780,19.303771
2026-08-28 14:56:59.018,capturas/3/20260828_145415/flow,original,717,169.2970,18.219726
2026-08-28 14:56:59.237,capturas/3/20260828_145415/flow,original,718,169.5160,18.087140
2026-08-28 14:56:59.440,capturas/3/20260828_145415/flow,original,719,169.7190,17.679598
2026-08-28 14:56:59.674,capturas/3/20260828_145415/flow,original,720,169.9530,17.481743
2026-08-28 14:56:59.909,capturas/3/20260828_145415/flow,original,721,170.1880,17.297067
2026-08-28 14:57:00.127,capturas/3/20260828_145415/flow,original,722,170.4060,16.750069
2026-08-28 14:57:00.330,capturas/3/20260828_145415/flow,original,723,170.6090,16.735047
2026-08-28 14:57:00.565,capturas/3/20260828_145415/flow,original,724,170.8440,17.076560
2026-08-28 14:57:00.784,capturas/3/20260828_145415/flow,original,725,171.0630,17.078050
2026-08-28 14:57:00.940,capturas/3/20260828_145415/flow,original,726,171.2190,17.058217
2026-08-28 14:57:01.143,capturas/3/20260828_145415/flow,original,727,171.4220,16.524119
2026-08-28 14:57:01.377,capturas/3/20260828_145415/flow,original,728,171.6560,16.453954
2026-08-28 14:57:01.612,capturas/3/20260828_145415/flow,original,729,171.8910,15.831532
2026-08-28 14:57:01.815,capturas/3/20260828_145415/flow,original,730,172.0940,15.515313
2026-08-28 14:57:02.049,capturas/3/20260828_145415/flow,original,731,172.3280,15.054703
2026-08-28 14:57:02.221,capturas/3/20260828_145415/flow,original,732,172.5000,12.347422
2026-08-28 14:57:02.455,capturas/3/20260828_145415/flow,original,733,172.7340,11.444389
2026-08-28 14:57:02.690,capturas/3/20260828_145415/flow,original,734,172.9690,8.880158
2026-08-28 14:57:02.909,capturas/3/20260828_145415/flow,original,735,173.1880,8.080488
2026-08-28 14:57:03.127,capturas/3/20260828_145415/flow,original,736,173.4060,7.241315
2026-08-28 14:57:03.346,capturas/3/20260828_145415/flow,original,737,173.6250,1.793633
2026-08-28 14:57:03.534,capturas/3/20260828_145415/flow,original,738,173.8130,1.165006
2026-08-28 14:57:03.674,capturas/3/20260828_145415/flow,original,739,173.9530,0.150143
2026-08-28 14:57:03.893,capturas/3/20260828_145415/flow,original,740,174.1720,0.031688
2026-08-28 14:57:04.112,capturas/3/20260828_145415/flow,original,741,174.3910,0.016350
2026-08-28 14:57:04.346,capturas/3/20260828_145415/flow,original,742,174.6250,0.000000
2026-08-28 14:57:04.549,capturas/3/20260828_145415/flow,original,743,174.8280,0.000000
2026-08-28 14:57:04.768,capturas/3/20260828_145415/flow,original,744,175.0470,0.000000
2026-08-28 14:57:04.987,capturas/3/20260828_145415/flow,original,745,175.2660,0.000000
2026-08-28 14:57:05.174,capturas/3/20260828_145415/flow,original,746,175.4530,0.000000
2026-08-28 14:57:05.409,capturas/3/20260828_145415/flow,original,747,175.6880,0.000000
2026-08-28 14:57:05.627,capturas/3/20260828_145415/flow,original,748,175.9060,0.000000
2026-08-28 14:57:05.830,capturas/3/20260828_145415/flow,original,749,176.1090,0.000000
2026-08-28 14:57:06.065,capturas/3/20260828_145415/flow,original,750,176.3440,0.000000
2026-08-28 14:57:06.190,capturas/3/20260828_145415/flow,original,751,176.4690,0.000000
2026-08-28 14:57:06.424,capturas/3/20260828_145415/flow,original,752,176.7030,0.000000
2026-08-28 14:57:06.643,capturas/3/20260828_145415/flow,original,753,176.9220,0.000000
2026-08-28 14:57:06.877,capturas/3/20260828_145415/flow,original,754,177.1560,0.000000
2026-08-28 14:57:07.096,capturas/3/20260828_145415/flow,original,755,177.3750,0.000000
2026-08-28 14:57:07.346,capturas/3/20260828_145415/flow,original,756,177.6250,0.000000
2026-08-28 14:57:07.580,capturas/3/20260828_145415/flow,original,757,177.8590,0.000000
2026-08-28 14:57:07.815,capturas/3/20260828_145415/flow,original,758,178.0940,0.000000
2026-08-28 14:57:08.018,capturas/3/20260828_145415/flow,original,759,178.2970,0.000000
2026-08-28 14:57:08.190,capturas/3/20260828_145415/flow,original,760,178.4690,0.000000
2026-08-28 14:57:08.440,capturas/3/20260828_145415/flow,original,761,178.7190,0.000000
2026-08-28 14:57:08.674,capturas/3/20260828_145415/flow,original,762,178.9530,0.000000
2026-08-28 14:57:08.862,capturas/3/20260828_145415/flow,original,763,179.1410,0.000000
2026-08-28 14:57:09.127,capturas/3/20260828_145415/flow,original,764,179.4060,0.001484
2026-08-28 14:57:09.362,capturas/3/20260828_145415/flow,original,765,179.6410,0.003397
2026-08-28 14:57:09.612,capturas/3/20260828_145415/flow,original,766,179.8910,0.003566
2026-08-28 14:57:09.846,capturas/3/20260828_145415/flow,original,767,180.1250,0.007732
2026-08-28 14:57:10.096,capturas/3/20260828_145415/flow,original,768,180.3750,0.009860
2026-08-28 14:57:10.221,capturas/3/20260828_145415/flow,original,769,180.5000,0.042243
2026-08-28 14:57:10.440,capturas/3/20260828_145415/flow,original,770,180.7190,0.009755
2026-08-28 14:57:10.674,capturas/3/20260828_145415/flow,original,771,180.9530,0.006063
2026-08-28 14:57:10.893,capturas/3/20260828_145415/flow,original,772,181.1720,0.013606
2026-08-28 14:57:11.096,capturas/3/20260828_145415/flow,original,773,181.3750,0.063165
2026-08-28 14:57:11.330,capturas/3/20260828_145415/flow,original,774,181.6090,0.074980
2026-08-28 14:57:11.565,capturas/3/20260828_145415/flow,original,775,181.8440,0.133374
2026-08-28 14:57:11.815,capturas/3/20260828_145415/flow,original,776,182.0940,0.156113
2026-08-28 14:57:12.034,capturas/3/20260828_145415/flow,original,777,182.3130,0.228716
2026-08-28 14:57:12.174,capturas/3/20260828_145415/flow,original,778,182.4530,0.193627
2026-08-28 14:57:12.409,capturas/3/20260828_145415/flow,original,779,182.6880,0.207554
2026-08-28 14:57:12.643,capturas/3/20260828_145415/flow,original,780,182.9220,0.219526
2026-08-28 14:57:12.846,capturas/3/20260828_145415/flow,original,781,183.1250,0.295534
2026-08-28 14:57:13.080,capturas/3/20260828_145415/flow,original,782,183.3590,0.341827
2026-08-28 14:57:13.221,capturas/3/20260828_145415/flow,original,783,183.5000,0.303113
2026-08-28 14:57:13.455,capturas/3/20260828_145415/flow,original,784,183.7340,0.321928
2026-08-28 14:57:13.690,capturas/3/20260828_145415/flow,original,785,183.9690,0.289547
2026-08-28 14:57:13.909,capturas/3/20260828_145415/flow,original,786,184.1880,0.243948
2026-08-28 14:57:14.159,capturas/3/20260828_145415/flow,original,787,184.4380,0.182715
2026-08-28 14:57:14.362,capturas/3/20260828_145415/flow,original,788,184.6410,0.180689
2026-08-28 14:57:14.596,capturas/3/20260828_145415/flow,original,789,184.8750,0.238199
2026-08-28 14:57:14.799,capturas/3/20260828_145415/flow,original,790,185.0780,0.195846
2026-08-28 14:57:15.049,capturas/3/20260828_145415/flow,original,791,185.3280,0.152423
2026-08-28 14:57:15.174,capturas/3/20260828_145415/flow,original,792,185.4530,0.244931
2026-08-28 14:57:15.409,capturas/3/20260828_145415/flow,original,793,185.6880,0.224683
2026-08-28 14:57:15.659,capturas/3/20260828_145415/flow,original,794,185.9380,0.153610
2026-08-28 14:57:15.877,capturas/3/20260828_145415/flow,original,795,186.1560,0.150763
2026-08-28 14:57:16.096,capturas/3/20260828_145415/flow,original,796,186.3750,0.168091
2026-08-28 14:57:16.237,capturas/3/20260828_145415/flow,original,797,186.5160,0.229043
2026-08-28 14:57:16.440,capturas/3/20260828_145415/flow,original,798,186.7190,0.207253
2026-08-28 14:57:16.690,capturas/3/20260828_145415/flow,original,799,186.9690,0.143472
2026-08-28 14:57:16.893,capturas/3/20260828_145415/flow,original,800,187.1720,0.125480
2026-08-28 14:57:17.159,capturas/3/20260828_145415/flow,original,801,187.4380,0.164217
2026-08-28 14:57:17.330,capturas/3/20260828_145415/flow,original,802,187.6090,0.074138
2026-08-28 14:57:17.565,capturas/3/20260828_145415/flow,original,803,187.8440,0.065005
2026-08-28 14:57:17.768,capturas/3/20260828_145415/flow,original,804,188.0470,0.103669
2026-08-28 14:57:18.018,capturas/3/20260828_145415/flow,original,805,188.2970,0.140242
2026-08-28 14:57:18.190,capturas/3/20260828_145415/flow,original,806,188.4690,0.158321
2026-08-28 14:57:18.424,capturas/3/20260828_145415/flow,original,807,188.7030,0.099658
2026-08-28 14:57:18.659,capturas/3/20260828_145415/flow,original,808,188.9380,0.076898
2026-08-28 14:57:18.909,capturas/3/20260828_145415/flow,original,809,189.1880,0.076516
2026-08-28 14:57:19.096,capturas/3/20260828_145415/flow,original,810,189.3750,0.204280
2026-08-28 14:57:19.315,capturas/3/20260828_145415/flow,original,811,189.5940,0.149889
2026-08-28 14:57:19.534,capturas/3/20260828_145415/flow,original,812,189.8130,0.137451
2026-08-28 14:57:19.752,capturas/3/20260828_145415/flow,original,813,190.0310,0.191750
2026-08-28 14:57:19.955,capturas/3/20260828_145415/flow,original,814,190.2340,0.232909
2026-08-28 14:57:20.174,capturas/3/20260828_145415/flow,original,815,190.4530,0.199866
2026-08-28 14:57:20.424,capturas/3/20260828_145415/flow,original,816,190.7030,0.182107
2026-08-28 14:57:20.643,capturas/3/20260828_145415/flow,original,817,190.9220,0.169700
2026-08-28 14:57:20.862,capturas/3/20260828_145415/flow,original,818,191.1410,0.174588
2026-08-28 14:57:21.080,capturas/3/20260828_145415/flow,original,819,191.3590,0.253390
2026-08-28 14:57:21.205,capturas/3/20260828_145415/flow,original,820,191.4840,0.196396
2026-08-28 14:57:21.440,capturas/3/20260828_145415/flow,original,821,191.7190,0.181455
2026-08-28 14:57:21.659,capturas/3/20260828_145415/flow,original,822,191.9380,0.193034
2026-08-28 14:57:21.909,capturas/3/20260828_145415/flow,original,823,192.1880,0.175949
2026-08-28 14:57:22.096,capturas/3/20260828_145415/flow,original,824,192.3750,0.221417
2026-08-28 14:57:22.237,capturas/3/20260828_145415/flow,original,825,192.5160,0.222631
2026-08-28 14:57:22.440,capturas/3/20260828_145415/flow,original,826,192.7190,0.205044
2026-08-28 14:57:22.659,capturas/3/20260828_145415/flow,original,827,192.9380,0.177082
2026-08-28 14:57:22.815,capturas/3/20260828_145415/flow,original,828,193.0940,0.164335
2026-08-28 14:57:23.034,capturas/3/20260828_145415/flow,original,829,193.3130,0.188821
2026-08-28 14:57:23.237,capturas/3/20260828_145415/flow,original,830,193.5160,0.162982
2026-08-28 14:57:23.440,capturas/3/20260828_145415/flow,original,831,193.7190,0.153896
2026-08-28 14:57:23.674,capturas/3/20260828_145415/flow,original,832,193.9530,0.137719
2026-08-28 14:57:23.893,capturas/3/20260828_145415/flow,original,833,194.1720,0.106603
2026-08-28 14:57:24.143,capturas/3/20260828_145415/flow,original,834,194.4220,0.131079
2026-08-28 14:57:24.284,capturas/3/20260828_145415/flow,original,835,194.5630,0.124474
2026-08-28 14:57:24.534,capturas/3/20260828_145415/flow,original,836,194.8130,0.135312
2026-08-28 14:57:24.768,capturas/3/20260828_145415/flow,original,837,195.0470,0.106281
2026-08-28 14:57:24.955,capturas/3/20260828_145415/flow,original,838,195.2340,0.089839
2026-08-28 14:57:25.205,capturas/3/20260828_145415/flow,original,839,195.4840,0.149530
2026-08-28 14:57:25.346,capturas/3/20260828_145415/flow,original,840,195.6250,0.254029
2026-08-28 14:57:25.471,capturas/3/20260828_145415/flow,original,841,195.7500,0.163265
2026-08-28 14:57:25.721,capturas/3/20260828_145415/flow,original,842,196.0000,0.200272
2026-08-28 14:57:25.940,capturas/3/20260828_145415/flow,original,843,196.2190,0.163791
2026-08-28 14:57:26.174,capturas/3/20260828_145415/flow,original,844,196.4530,0.153861
2026-08-28 14:57:26.409,capturas/3/20260828_145415/flow,original,845,196.6880,0.208121
2026-08-28 14:57:26.596,capturas/3/20260828_145415/flow,original,846,196.8750,0.179880
2026-08-28 14:57:26.830,capturas/3/20260828_145415/flow,original,847,197.1090,0.174520
2026-08-28 14:57:27.065,capturas/3/20260828_145415/flow,original,848,197.3440,0.101564
2026-08-28 14:57:27.268,capturas/3/20260828_145415/flow,original,849,197.5470,0.109460
2026-08-28 14:57:27.502,capturas/3/20260828_145415/flow,original,850,197.7810,0.065667
2026-08-28 14:57:27.737,capturas/3/20260828_145415/flow,original,851,198.0160,0.076682
2026-08-28 14:57:27.971,capturas/3/20260828_145415/flow,original,852,198.2500,0.190799
2026-08-28 14:57:28.205,capturas/3/20260828_145415/flow,original,853,198.4840,0.188938
2026-08-28 14:57:28.424,capturas/3/20260828_145415/flow,original,854,198.7030,0.143245
2026-08-28 14:57:28.674,capturas/3/20260828_145415/flow,original,855,198.9530,0.190967
2026-08-28 14:57:28.909,capturas/3/20260828_145415/flow,original,856,199.1880,0.200597
2026-08-28 14:57:29.112,capturas/3/20260828_145415/flow,original,857,199.3910,0.251567
2026-08-28 14:57:29.237,capturas/3/20260828_145415/flow,original,858,199.5160,0.300111
2026-08-28 14:57:29.455,capturas/3/20260828_145415/flow,original,859,199.7340,0.173837
2026-08-28 14:57:29.596,capturas/3/20260828_145415/flow,original,860,199.8750,0.166656
2026-08-28 14:57:29.815,capturas/3/20260828_145415/flow,original,861,200.0940,0.169469
2026-08-28 14:57:30.018,capturas/3/20260828_145415/flow,original,862,200.2970,0.260423
2026-08-28 14:57:30.237,capturas/3/20260828_145415/flow,original,863,200.5160,0.270185
2026-08-28 14:57:30.487,capturas/3/20260828_145415/flow,original,864,200.7660,0.196103
2026-08-28 14:57:30.705,capturas/3/20260828_145415/flow,original,865,200.9840,0.223938
2026-08-28 14:57:30.940,capturas/3/20260828_145415/flow,original,866,201.2190,0.160031
2026-08-28 14:57:31.174,capturas/3/20260828_145415/flow,original,867,201.4530,0.111585
2026-08-28 14:57:31.299,capturas/3/20260828_145415/flow,original,868,201.5780,0.060289
2026-08-28 14:57:31.534,capturas/3/20260828_145415/flow,original,869,201.8130,0.032581
2026-08-28 14:57:31.768,capturas/3/20260828_145415/flow,original,870,202.0470,0.032909
2026-08-28 14:57:32.002,capturas/3/20260828_145415/flow,original,871,202.2810,0.074856
2026-08-28 14:57:32.221,capturas/3/20260828_145415/flow,original,872,202.5000,0.112128
2026-08-28 14:57:32.393,capturas/3/20260828_145415/flow,original,873,202.6720,0.161337
2026-08-28 14:57:32.627,capturas/3/20260828_145415/flow,original,874,202.9060,0.169479
2026-08-28 14:57:32.862,capturas/3/20260828_145415/flow,original,875,203.1410,0.154479
2026-08-28 14:57:33.096,capturas/3/20260828_145415/flow,original,876,203.3750,0.174890
2026-08-28 14:57:33.299,capturas/3/20260828_145415/flow,original,877,203.5780,0.120406
2026-08-28 14:57:33.534,capturas/3/20260828_145415/flow,original,878,203.8130,0.125811
2026-08-28 14:57:33.659,capturas/3/20260828_145415/flow,original,879,203.9380,0.159265
2026-08-28 14:57:33.877,capturas/3/20260828_145415/flow,original,880,204.1560,0.243745
2026-08-28 14:57:34.127,capturas/3/20260828_145415/flow,original,881,204.4060,0.307575
2026-08-28 14:57:34.284,capturas/3/20260828_145415/flow,original,882,204.5630,0.211217
2026-08-28 14:57:34.518,capturas/3/20260828_145415/flow,original,883,204.7970,0.246320
2026-08-28 14:57:34.737,capturas/3/20260828_145415/flow,original,884,205.0160,0.279354
2026-08-28 14:57:34.955,capturas/3/20260828_145415/flow,original,885,205.2340,0.200105
2026-08-28 14:57:35.205,capturas/3/20260828_145415/flow,original,886,205.4840,0.219376
2026-08-28 14:57:35.330,capturas/3/20260828_145415/flow,original,887,205.6090,0.201323
2026-08-28 14:57:35.565,capturas/3/20260828_145415/flow,original,888,205.8440,0.198428
2026-08-28 14:57:35.784,capturas/3/20260828_145415/flow,original,889,206.0630,0.259402
2026-08-28 14:57:36.018,capturas/3/20260828_145415/flow,original,890,206.2970,0.131763
2026-08-28 14:57:36.315,capturas/3/20260828_145415/flow,original,891,206.5940,0.089145
2026-08-28 14:57:36.580,capturas/3/20260828_145415/flow,original,892,206.8590,0.201959
2026-08-28 14:57:36.799,capturas/3/20260828_145415/flow,original,893,207.0780,0.158705
2026-08-28 14:57:37.034,capturas/3/20260828_145415/flow,original,894,207.3130,0.172862
2026-08-28 14:57:37.315,capturas/3/20260828_145415/flow,original,895,207.5940,0.171174
2026-08-28 14:57:37.518,capturas/3/20260828_145415/flow,original,896,207.7970,0.101960
2026-08-28 14:57:37.784,capturas/3/20260828_145415/flow,original,897,208.0630,0.088854
2026-08-28 14:57:38.159,capturas/3/20260828_145415/flow,original,898,208.4380,0.079414
2026-08-28 14:57:38.346,capturas/3/20260828_145415/flow,original,899,208.6250,0.080547
2026-08-28 14:57:38.580,capturas/3/20260828_145415/flow,original,900,208.8590,0.110863
2026-08-28 14:57:38.784,capturas/3/20260828_145415/flow,original,901,209.0630,0.085840
2026-08-28 14:57:39.002,capturas/3/20260828_145415/flow,original,902,209.2810,0.099966
2026-08-28 14:57:39.174,capturas/3/20260828_145415/flow,original,903,209.4530,0.104254
2026-08-28 14:57:39.299,capturas/3/20260828_145415/flow,original,904,209.5780,0.119574
2026-08-28 14:57:39.534,capturas/3/20260828_145415/flow,original,905,209.8130,0.097104
2026-08-28 14:57:39.721,capturas/3/20260828_145415/flow,original,906,210.0000,0.036665
2026-08-28 14:57:39.940,capturas/3/20260828_145415/flow,original,907,210.2190,0.038169
2026-08-28 14:57:40.174,capturas/3/20260828_145415/flow,original,908,210.4530,0.038204
2026-08-28 14:57:40.393,capturas/3/20260828_145415/flow,original,909,210.6720,0.076709
2026-08-28 14:57:40.627,capturas/3/20260828_145415/flow,original,910,210.9060,0.074981
2026-08-28 14:57:40.846,capturas/3/20260828_145415/flow,original,911,211.1250,0.058128
2026-08-28 14:57:41.049,capturas/3/20260828_145415/flow,original,912,211.3280,0.057642
2026-08-28 14:57:41.284,capturas/3/20260828_145415/flow,original,913,211.5630,0.066805
2026-08-28 14:57:41.440,capturas/3/20260828_145415/flow,original,914,211.7190,0.053396
2026-08-28 14:57:41.659,capturas/3/20260828_145415/flow,original,915,211.9380,0.026193
2026-08-28 14:57:41.862,capturas/3/20260828_145415/flow,original,916,212.1410,0.009221
2026-08-28 14:57:42.080,capturas/3/20260828_145415/flow,original,917,212.3590,0.005011
2026-08-28 14:57:42.315,capturas/3/20260828_145415/flow,original,918,212.5940,0.015301
2026-08-28 14:57:42.549,capturas/3/20260828_145415/flow,original,919,212.8280,0.000811
2026-08-28 14:57:42.768,capturas/3/20260828_145415/flow,original,920,213.0470,0.000000
2026-08-28 14:57:43.002,capturas/3/20260828_145415/flow,original,921,213.2810,0.000000
2026-08-28 14:57:43.252,capturas/3/20260828_145415/flow,original,922,213.5310,0.000429
2026-08-28 14:58:04.964,capturas/4/20260828_145754/flow,original,0,13.7810,0.003679
2026-08-28 14:58:05.105,capturas/4/20260828_145754/flow,original,1,13.9220,0.003164
2026-08-28 14:58:05.277,capturas/4/20260828_145754/flow,original,2,14.0940,0.000000
2026-08-28 14:58:05.418,capturas/4/20260828_145754/flow,original,3,14.2350,0.000872
2026-08-28 14:58:05.543,capturas/4/20260828_145754/flow,original,4,14.3600,0.000441
2026-08-28 14:58:05.668,capturas/4/20260828_145754/flow,original,5,14.4850,0.000000
2026-08-28 14:58:05.808,capturas/4/20260828_145754/flow,original,6,14.6250,0.000000
2026-08-28 14:58:05.949,capturas/4/20260828_145754/flow,original,7,14.7660,0.000000
2026-08-28 14:58:06.074,capturas/4/20260828_145754/flow,original,8,14.8910,0.001031
2026-08-28 14:58:06.261,capturas/4/20260828_145754/flow,original,9,15.0780,0.002031
2026-08-28 14:58:06.418,capturas/4/20260828_145754/flow,original,10,15.2350,0.000000
2026-08-28 14:58:06.558,capturas/4/20260828_145754/flow,original,11,15.3750,0.000683
2026-08-28 14:58:06.699,capturas/4/20260828_145754/flow,original,12,15.5160,0.000000
2026-08-28 14:58:06.824,capturas/4/20260828_145754/flow,original,13,15.6410,0.000000
2026-08-28 14:58:06.980,capturas/4/20260828_145754/flow,original,14,15.7970,0.000155
2026-08-28 14:58:07.121,capturas/4/20260828_145754/flow,original,15,15.9380,0.003849
2026-08-28 14:58:07.293,capturas/4/20260828_145754/flow,original,16,16.1100,0.001322
2026-08-28 14:58:07.433,capturas/4/20260828_145754/flow,original,17,16.2500,0.000000
2026-08-28 14:58:07.558,capturas/4/20260828_145754/flow,original,18,16.3750,0.000000
2026-08-28 14:58:07.714,capturas/4/20260828_145754/flow,original,19,16.5310,0.000000
2026-08-28 14:58:07.871,capturas/4/20260828_145754/flow,original,20,16.6880,0.000000
2026-08-28 14:58:08.011,capturas/4/20260828_145754/flow,original,21,16.8280,0.000000
2026-08-28 14:58:08.183,capturas/4/20260828_145754/flow,original,22,17.0000,0.000000
2026-08-28 14:58:08.339,capturas/4/20260828_145754/flow,original,23,17.1560,0.000000
2026-08-28 14:58:08.527,capturas/4/20260828_145754/flow,original,24,17.3440,0.000000
2026-08-28 14:58:08.652,capturas/4/20260828_145754/flow,original,25,17.4690,0.000000
2026-08-28 14:58:08.777,capturas/4/20260828_145754/flow,original,26,17.5940,0.000000
2026-08-28 14:58:08.918,capturas/4/20260828_145754/flow,original,27,17.7350,0.000000
2026-08-28 14:58:09.058,capturas/4/20260828_145754/flow,original,28,17.8750,0.000000
2026-08-28 14:58:09.199,capturas/4/20260828_145754/flow,original,29,18.0160,0.000000
2026-08-28 14:58:09.355,capturas/4/20260828_145754/flow,original,30,18.1720,0.004588
2026-08-28 14:58:09.496,capturas/4/20260828_145754/flow,original,31,18.3130,0.007626
2026-08-28 14:58:09.683,capturas/4/20260828_145754/flow,original,32,18.5000,0.019189
2026-08-28 14:58:09.824,capturas/4/20260828_145754/flow,original,33,18.6410,0.000541
2026-08-28 14:58:09.980,capturas/4/20260828_145754/flow,original,34,18.7970,0.000000
2026-08-28 14:58:10.121,capturas/4/20260828_145754/flow,original,35,18.9380,0.000000
2026-08-28 14:58:10.261,capturas/4/20260828_145754/flow,original,36,19.0780,0.000000
2026-08-28 14:58:10.418,capturas/4/20260828_145754/flow,original,37,19.2350,0.000000
2026-08-28 14:58:10.589,capturas/4/20260828_145754/flow,original,38,19.4060,0.000000
2026-08-28 14:58:10.746,capturas/4/20260828_145754/flow,original,39,19.5630,0.000000
2026-08-28 14:58:10.933,capturas/4/20260828_145754/flow,original,40,19.7500,0.000000
2026-08-28 14:58:11.074,capturas/4/20260828_145754/flow,original,41,19.8910,0.000452
2026-08-28 14:58:11.214,capturas/4/20260828_145754/flow,original,42,20.0310,0.000000
2026-08-28 14:58:11.339,capturas/4/20260828_145754/flow,original,43,20.1560,0.000733
2026-08-28 14:58:11.496,capturas/4/20260828_145754/flow,original,44,20.3130,0.000000
2026-08-28 14:58:11.636,capturas/4/20260828_145754/flow,original,45,20.4530,0.000000
2026-08-28 14:58:11.777,capturas/4/20260828_145754/flow,original,46,20.5940,0.000000
2026-08-28 14:58:11.918,capturas/4/20260828_145754/flow,original,47,20.7350,0.000000
2026-08-28 14:58:12.074,capturas/4/20260828_145754/flow,original,48,20.8910,0.001480
2026-08-28 14:58:12.230,capturas/4/20260828_145754/flow,original,49,21.0470,0.000000
2026-08-28 14:58:12.371,capturas/4/20260828_145754/flow,original,50,21.1880,0.039419
2026-08-28 14:58:12.496,capturas/4/20260828_145754/flow,original,51,21.3130,0.014931
2026-08-28 14:58:12.621,capturas/4/20260828_145754/flow,original,52,21.4380,0.026058
2026-08-28 14:58:12.808,capturas/4/20260828_145754/flow,original,53,21.6250,0.012352
2026-08-28 14:58:12.949,capturas/4/20260828_145754/flow,original,54,21.7660,0.002340
2026-08-28 14:58:13.089,capturas/4/20260828_145754/flow,original,55,21.9060,0.001648
2026-08-28 14:58:13.261,capturas/4/20260828_145754/flow,original,56,22.0780,0.005798
2026-08-28 14:58:13.418,capturas/4/20260828_145754/flow,original,57,22.2350,0.032411
2026-08-28 14:58:13.558,capturas/4/20260828_145754/flow,original,58,22.3750,0.002090
2026-08-28 14:58:13.730,capturas/4/20260828_145754/flow,original,59,22.5470,0.000923
2026-08-28 14:58:13.886,capturas/4/20260828_145754/flow,original,60,22.7030,0.000000
2026-08-28 14:58:14.027,capturas/4/20260828_145754/flow,original,61,22.8440,0.001110
2026-08-28 14:58:14.152,capturas/4/20260828_145754/flow,original,62,22.9690,0.000552
2026-08-28 14:58:14.277,capturas/4/20260828_145754/flow,original,63,23.0940,0.000000
2026-08-28 14:58:14.433,capturas/4/20260828_145754/flow,original,64,23.2500,0.000000
2026-08-28 14:58:14.574,capturas/4/20260828_145754/flow,original,65,23.3910,0.001850
2026-08-28 14:58:14.730,capturas/4/20260828_145754/flow,original,66,23.5470,0.000000
2026-08-28 14:58:14.902,capturas/4/20260828_145754/flow,original,67,23.7190,0.003484
2026-08-28 14:58:15.058,capturas/4/20260828_145754/flow,original,68,23.8750,0.004622
2026-08-28 14:58:15.230,capturas/4/20260828_145754/flow,original,69,24.0470,0.022515
2026-08-28 14:58:15.402,capturas/4/20260828_145754/flow,original,70,24.2190,0.023325
2026-08-28 14:58:15.527,capturas/4/20260828_145754/flow,original,71,24.3440,0.018883
2026-08-28 14:58:15.668,capturas/4/20260828_145754/flow,original,72,24.4850,0.067733
2026-08-28 14:58:15.793,capturas/4/20260828_145754/flow,original,73,24.6100,0.077071
2026-08-28 14:58:15.933,capturas/4/20260828_145754/flow,original,74,24.7500,0.083681
2026-08-28 14:58:16.105,capturas/4/20260828_145754/flow,original,75,24.9220,0.053939
2026-08-28 14:58:16.246,capturas/4/20260828_145754/flow,original,76,25.0630,0.063811
2026-08-28 14:58:16.386,capturas/4/20260828_145754/flow,original,77,25.2030,0.055863
2026-08-28 14:58:16.527,capturas/4/20260828_145754/flow,original,78,25.3440,0.055155
2026-08-28 14:58:16.683,capturas/4/20260828_145754/flow,original,79,25.5000,0.032578
2026-08-28 14:58:16.839,capturas/4/20260828_145754/flow,original,80,25.6560,0.035373
2026-08-28 14:58:16.980,capturas/4/20260828_145754/flow,original,81,25.7970,0.021874
2026-08-28 14:58:17.152,capturas/4/20260828_145754/flow,original,82,25.9690,0.018938
2026-08-28 14:58:17.293,capturas/4/20260828_145754/flow,original,83,26.1100,0.000195
2026-08-28 14:58:17.418,capturas/4/20260828_145754/flow,original,84,26.2350,0.004819
2026-08-28 14:58:17.558,capturas/4/20260828_145754/flow,original,85,26.3750,0.004634
2026-08-28 14:58:17.683,capturas/4/20260828_145754/flow,original,86,26.5000,0.017389
2026-08-28 14:58:17.855,capturas/4/20260828_145754/flow,original,87,26.6720,0.041836
2026-08-28 14:58:18.011,capturas/4/20260828_145754/flow,original,88,26.8280,0.043830
2026-08-28 14:58:18.136,capturas/4/20260828_145754/flow,original,89,26.9530,0.060537
2026-08-28 14:58:18.293,capturas/4/20260828_145754/flow,original,90,27.1100,0.028948
2026-08-28 14:58:18.449,capturas/4/20260828_145754/flow,original,91,27.2660,0.044996
2026-08-28 14:58:18.605,capturas/4/20260828_145754/flow,original,92,27.4220,0.041411
2026-08-28 14:58:18.746,capturas/4/20260828_145754/flow,original,93,27.5630,0.027476
2026-08-28 14:58:18.933,capturas/4/20260828_145754/flow,original,94,27.7500,0.023273
2026-08-28 14:58:19.058,capturas/4/20260828_145754/flow,original,95,27.8750,0.000000
2026-08-28 14:58:19.214,capturas/4/20260828_145754/flow,original,96,28.0310,0.000000
2026-08-28 14:58:19.371,capturas/4/20260828_145754/flow,original,97,28.1880,0.000211
2026-08-28 14:58:19.511,capturas/4/20260828_145754/flow,original,98,28.3280,0.003525
2026-08-28 14:58:19.683,capturas/4/20260828_145754/flow,original,99,28.5000,0.000000
2026-08-28 14:58:19.808,capturas/4/20260828_145754/flow,original,100,28.6250,0.000545
2026-08-28 14:58:19.949,capturas/4/20260828_145754/flow,original,101,28.7660,0.001416
2026-08-28 14:58:20.089,capturas/4/20260828_145754/flow,original,102,28.9060,0.000000
2026-08-28 14:58:20.230,capturas/4/20260828_145754/flow,original,103,29.0470,0.000000
2026-08-28 14:58:20.355,capturas/4/20260828_145754/flow,original,104,29.1720,0.000582
2026-08-28 14:58:20.496,capturas/4/20260828_145754/flow,original,105,29.3130,0.000000
2026-08-28 14:58:20.621,capturas/4/20260828_145754/flow,original,106,29.4380,0.000609
2026-08-28 14:58:20.761,capturas/4/20260828_145754/flow,original,107,29.5780,0.000000
2026-08-28 14:58:20.886,capturas/4/20260828_145754/flow,original,108,29.7030,0.000000
2026-08-28 14:58:21.027,capturas/4/20260828_145754/flow,original,109,29.8440,0.000000
2026-08-28 14:58:21.183,capturas/4/20260828_145754/flow,original,110,30.0000,0.000690
2026-08-28 14:58:21.339,capturas/4/20260828_145754/flow,original,111,30.1560,0.000000
2026-08-28 14:58:21.496,capturas/4/20260828_145754/flow,original,112,30.3130,0.004477
2026-08-28 14:58:21.668,capturas/4/20260828_145754/flow,original,113,30.4850,0.002865
2026-08-28 14:58:21.824,capturas/4/20260828_145754/flow,original,114,30.6410,0.000000
2026-08-28 14:58:21.964,capturas/4/20260828_145754/flow,original,115,30.7810,0.000607
2026-08-28 14:58:22.105,capturas/4/20260828_145754/flow,original,116,30.9220,0.000000
2026-08-28 14:58:22.246,capturas/4/20260828_145754/flow,original,117,31.0630,0.000000
2026-08-28 14:58:22.371,capturas/4/20260828_145754/flow,original,118,31.1880,0.000000
2026-08-28 14:58:22.511,capturas/4/20260828_145754/flow,original,119,31.3280,0.000000
2026-08-28 14:58:22.636,capturas/4/20260828_145754/flow,original,120,31.4530,0.000000
2026-08-28 14:58:22.793,capturas/4/20260828_145754/flow,original,121,31.6100,0.000000
2026-08-28 14:58:22.964,capturas/4/20260828_145754/flow,original,122,31.7810,0.000000
2026-08-28 14:58:23.105,capturas/4/20260828_145754/flow,original,123,31.9220,0.002835
2026-08-28 14:58:23.246,capturas/4/20260828_145754/flow,original,124,32.0630,0.006242
2026-08-28 14:58:23.386,capturas/4/20260828_145754/flow,original,125,32.2030,0.003584
2026-08-28 14:58:23.558,capturas/4/20260828_145754/flow,original,126,32.3750,0.001236
2026-08-28 14:58:23.699,capturas/4/20260828_145754/flow,original,127,32.5160,0.004372
2026-08-28 14:58:23.855,capturas/4/20260828_145754/flow,original,128,32.6720,0.003995
2026-08-28 14:58:23.996,capturas/4/20260828_145754/flow,original,129,32.8130,0.011254
2026-08-28 14:58:24.152,capturas/4/20260828_145754/flow,original,130,32.9690,0.021480
2026-08-28 14:58:24.293,capturas/4/20260828_145754/flow,original,131,33.1100,0.076755
2026-08-28 14:58:24.464,capturas/4/20260828_145754/flow,original,132,33.2810,0.095144
2026-08-28 14:58:24.589,capturas/4/20260828_145754/flow,original,133,33.4060,0.052870
2026-08-28 14:58:24.777,capturas/4/20260828_145754/flow,original,134,33.5940,0.021369
2026-08-28 14:58:24.902,capturas/4/20260828_145754/flow,original,135,33.7190,0.000000
2026-08-28 14:58:25.043,capturas/4/20260828_145754/flow,original,136,33.8600,0.001316
2026-08-28 14:58:25.183,capturas/4/20260828_145754/flow,original,137,34.0000,0.000000
2026-08-28 14:58:25.339,capturas/4/20260828_145754/flow,original,138,34.1560,0.001923
2026-08-28 14:58:25.480,capturas/4/20260828_145754/flow,original,139,34.2970,0.009314
2026-08-28 14:58:25.621,capturas/4/20260828_145754/flow,original,140,34.4380,0.007838
2026-08-28 14:58:25.761,capturas/4/20260828_145754/flow,original,141,34.5780,0.014392
2026-08-28 14:58:25.918,capturas/4/20260828_145754/flow,original,142,34.7350,0.000910
2026-08-28 14:58:26.043,capturas/4/20260828_145754/flow,original,143,34.8600,0.000000
2026-08-28 14:58:26.199,capturas/4/20260828_145754/flow,original,144,35.0160,0.000000
2026-08-28 14:58:26.339,capturas/4/20260828_145754/flow,original,145,35.1560,0.000662
2026-08-28 14:58:26.527,capturas/4/20260828_145754/flow,original,146,35.3440,0.001353
2026-08-28 14:58:26.652,capturas/4/20260828_145754/flow,original,147,35.4690,0.002035
2026-08-28 14:58:26.777,capturas/4/20260828_145754/flow,original,148,35.5940,0.002053
2026-08-28 14:58:26.933,capturas/4/20260828_145754/flow,original,149,35.7500,0.000000
2026-08-28 14:58:27.074,capturas/4/20260828_145754/flow,original,150,35.8910,0.002276
2026-08-28 14:58:27.199,capturas/4/20260828_145754/flow,original,151,36.0160,0.004069
2026-08-28 14:58:27.371,capturas/4/20260828_145754/flow,original,152,36.1880,0.016472
2026-08-28 14:58:27.543,capturas/4/20260828_145754/flow,original,153,36.3600,0.005629
2026-08-28 14:58:27.668,capturas/4/20260828_145754/flow,original,154,36.4850,0.000000
2026-08-28 14:58:27.824,capturas/4/20260828_145754/flow,original,155,36.6410,0.000000
2026-08-28 14:58:27.980,capturas/4/20260828_145754/flow,original,156,36.7970,0.000000
2026-08-28 14:58:28.105,capturas/4/20260828_145754/flow,original,157,36.9220,0.000000
2026-08-28 14:58:28.277,capturas/4/20260828_145754/flow,original,158,37.0940,0.000000
2026-08-28 14:58:28.418,capturas/4/20260828_145754/flow,original,159,37.2350,0.000000
2026-08-28 14:58:28.558,capturas/4/20260828_145754/flow,original,160,37.3750,0.000300
2026-08-28 14:58:28.683,capturas/4/20260828_145754/flow,original,161,37.5000,0.000788
2026-08-28 14:58:28.839,capturas/4/20260828_145754/flow,original,162,37.6560,0.000354
2026-08-28 14:58:29.011,capturas/4/20260828_145754/flow,original,163,37.8280,0.000000
2026-08-28 14:58:29.168,capturas/4/20260828_145754/flow,original,164,37.9850,0.002455
2026-08-28 14:58:29.324,capturas/4/20260828_145754/flow,original,165,38.1410,0.000000
2026-08-28 14:58:29.496,capturas/4/20260828_145754/flow,original,166,38.3130,0.000000
2026-08-28 14:58:29.683,capturas/4/20260828_145754/flow,original,167,38.5000,0.000000
2026-08-28 14:58:29.839,capturas/4/20260828_145754/flow,original,168,38.6560,0.000000
2026-08-28 14:58:29.980,capturas/4/20260828_145754/flow,original,169,38.7970,0.000314
2026-08-28 14:58:30.136,capturas/4/20260828_145754/flow,original,170,38.9530,0.000310
2026-08-28 14:58:30.293,capturas/4/20260828_145754/flow,original,171,39.1100,0.000000
2026-08-28 14:58:30.433,capturas/4/20260828_145754/flow,original,172,39.2500,0.000132
2026-08-28 14:58:30.558,capturas/4/20260828_145754/flow,original,173,39.3750,0.000000
2026-08-28 14:58:30.683,capturas/4/20260828_145754/flow,original,174,39.5000,0.000000
2026-08-28 14:58:30.839,capturas/4/20260828_145754/flow,original,175,39.6560,0.001392
2026-08-28 14:58:30.980,capturas/4/20260828_145754/flow,original,176,39.7970,0.001670
2026-08-28 14:58:31.152,capturas/4/20260828_145754/flow,original,177,39.9690,0.002432
2026-08-28 14:58:31.293,capturas/4/20260828_145754/flow,original,178,40.1100,0.000000
2026-08-28 14:58:31.433,capturas/4/20260828_145754/flow,original,179,40.2500,0.000549
2026-08-28 14:58:31.574,capturas/4/20260828_145754/flow,original,180,40.3910,0.019010
2026-08-28 14:58:31.730,capturas/4/20260828_145754/flow,original,181,40.5470,0.019233
2026-08-28 14:58:31.871,capturas/4/20260828_145754/flow,original,182,40.6880,0.022690
2026-08-28 14:58:32.011,capturas/4/20260828_145754/flow,original,183,40.8280,0.029593
2026-08-28 14:58:32.183,capturas/4/20260828_145754/flow,original,184,41.0000,0.057260
2026-08-28 14:58:32.339,capturas/4/20260828_145754/flow,original,185,41.1560,0.006710
2026-08-28 14:58:32.527,capturas/4/20260828_145754/flow,original,186,41.3440,0.007733
2026-08-28 14:58:32.668,capturas/4/20260828_145754/flow,original,187,41.4850,0.000490
2026-08-28 14:58:32.824,capturas/4/20260828_145754/flow,original,188,41.6410,0.000442
2026-08-28 14:58:32.964,capturas/4/20260828_145754/flow,original,189,41.7810,0.002345
2026-08-28 14:58:33.121,capturas/4/20260828_145754/flow,original,190,41.9380,0.000000
2026-08-28 14:58:33.293,capturas/4/20260828_145754/flow,original,191,42.1100,0.000668
2026-08-28 14:58:33.433,capturas/4/20260828_145754/flow,original,192,42.2500,0.000000
2026-08-28 14:58:33.621,capturas/4/20260828_145754/flow,original,193,42.4380,0.000000
2026-08-28 14:58:33.761,capturas/4/20260828_145754/flow,original,194,42.5780,0.000000
2026-08-28 14:58:33.918,capturas/4/20260828_145754/flow,original,195,42.7350,0.000000
2026-08-28 14:58:34.074,capturas/4/20260828_145754/flow,original,196,42.8910,0.000000
2026-08-28 14:58:34.230,capturas/4/20260828_145754/flow,original,197,43.0470,0.000000
2026-08-28 14:58:34.418,capturas/4/20260828_145754/flow,original,198,43.2350,0.000000
2026-08-28 14:58:34.558,capturas/4/20260828_145754/flow,original,199,43.3750,0.000000
2026-08-28 14:58:34.683,capturas/4/20260828_145754/flow,original,200,43.5000,0.000199
2026-08-28 14:58:34.824,capturas/4/20260828_145754/flow,original,201,43.6410,0.000000
2026-08-28 14:58:34.964,capturas/4/20260828_145754/flow,original,202,43.7810,0.000390
2026-08-28 14:58:35.089,capturas/4/20260828_145754/flow,original,203,43.9060,0.000000
2026-08-28 14:58:35.261,capturas/4/20260828_145754/flow,original,204,44.0780,0.000598
2026-08-28 14:58:35.402,capturas/4/20260828_145754/flow,original,205,44.2190,0.000523
2026-08-28 14:58:35.574,capturas/4/20260828_145754/flow,original,206,44.3910,0.000570
2026-08-28 14:58:35.699,capturas/4/20260828_145754/flow,original,207,44.5160,0.002279
2026-08-28 14:58:35.839,capturas/4/20260828_145754/flow,original,208,44.6560,0.001181
2026-08-28 14:58:36.027,capturas/4/20260828_145754/flow,original,209,44.8440,0.002195
2026-08-28 14:58:36.168,capturas/4/20260828_145754/flow,original,210,44.9850,0.014099
2026-08-28 14:58:36.293,capturas/4/20260828_145754/flow,original,211,45.1100,0.008175
2026-08-28 14:58:36.464,capturas/4/20260828_145754/flow,original,212,45.2810,0.003348
2026-08-28 14:58:36.636,capturas/4/20260828_145754/flow,original,213,45.4530,0.002889
2026-08-28 14:58:36.777,capturas/4/20260828_145754/flow,original,214,45.5940,0.002486
2026-08-28 14:58:36.918,capturas/4/20260828_145754/flow,original,215,45.7350,0.016193
2026-08-28 14:58:37.043,capturas/4/20260828_145754/flow,original,216,45.8600,0.012301
2026-08-28 14:58:37.214,capturas/4/20260828_145754/flow,original,217,46.0310,0.002080
2026-08-28 14:58:37.355,capturas/4/20260828_145754/flow,original,218,46.1720,0.001115
2026-08-28 14:58:37.527,capturas/4/20260828_145754/flow,original,219,46.3440,0.000447
2026-08-28 14:58:37.699,capturas/4/20260828_145754/flow,original,220,46.5160,0.008403
2026-08-28 14:58:37.855,capturas/4/20260828_145754/flow,original,221,46.6720,0.008536
2026-08-28 14:58:37.996,capturas/4/20260828_145754/flow,original,222,46.8130,0.008652
2026-08-28 14:58:38.136,capturas/4/20260828_145754/flow,original,223,46.9530,0.013659
2026-08-28 14:58:38.277,capturas/4/20260828_145754/flow,original,224,47.0940,0.013542
2026-08-28 14:58:38.433,capturas/4/20260828_145754/flow,original,225,47.2500,0.004503
2026-08-28 14:58:38.589,capturas/4/20260828_145754/flow,original,226,47.4060,0.006204
2026-08-28 14:58:38.746,capturas/4/20260828_145754/flow,original,227,47.5630,0.005460
2026-08-28 14:58:38.918,capturas/4/20260828_145754/flow,original,228,47.7350,0.015699
2026-08-28 14:58:39.074,capturas/4/20260828_145754/flow,original,229,47.8910,0.002698
2026-08-28 14:58:39.230,capturas/4/20260828_145754/flow,original,230,48.0470,0.005793
2026-08-28 14:58:39.402,capturas/4/20260828_145754/flow,original,231,48.2190,0.010586
2026-08-28 14:58:39.558,capturas/4/20260828_145754/flow,original,232,48.3750,0.009219
2026-08-28 14:58:39.714,capturas/4/20260828_145754/flow,original,233,48.5310,0.005242
2026-08-28 14:58:39.855,capturas/4/20260828_145754/flow,original,234,48.6720,0.006913
2026-08-28 14:58:40.043,capturas/4/20260828_145754/flow,original,235,48.8600,0.002684
2026-08-28 14:58:40.183,capturas/4/20260828_145754/flow,original,236,49.0000,0.005660
2026-08-28 14:58:40.371,capturas/4/20260828_145754/flow,original,237,49.1880,0.002335
2026-08-28 14:58:40.543,capturas/4/20260828_145754/flow,original,238,49.3600,0.003363
2026-08-28 14:58:40.683,capturas/4/20260828_145754/flow,original,239,49.5000,0.006364
2026-08-28 14:58:40.855,capturas/4/20260828_145754/flow,original,240,49.6720,0.003463
2026-08-28 14:58:41.011,capturas/4/20260828_145754/flow,original,241,49.8280,0.000000
2026-08-28 14:58:41.183,capturas/4/20260828_145754/flow,original,242,50.0000,0.001478
2026-08-28 14:58:41.308,capturas/4/20260828_145754/flow,original,243,50.1250,0.004447
2026-08-28 14:58:41.464,capturas/4/20260828_145754/flow,original,244,50.2810,0.010624
2026-08-28 14:58:41.636,capturas/4/20260828_145754/flow,original,245,50.4530,0.040974
2026-08-28 14:58:41.761,capturas/4/20260828_145754/flow,original,246,50.5780,0.063667
2026-08-28 14:58:41.918,capturas/4/20260828_145754/flow,original,247,50.7350,0.070707
2026-08-28 14:58:42.058,capturas/4/20260828_145754/flow,original,248,50.8750,0.088659
2026-08-28 14:58:42.199,capturas/4/20260828_145754/flow,original,249,51.0160,0.099563
2026-08-28 14:58:42.339,capturas/4/20260828_145754/flow,original,250,51.1560,0.028729
2026-08-28 14:58:42.511,capturas/4/20260828_145754/flow,original,251,51.3280,0.023262
2026-08-28 14:58:42.699,capturas/4/20260828_145754/flow,original,252,51.5160,0.020666
2026-08-28 14:58:42.839,capturas/4/20260828_145754/flow,original,253,51.6560,0.019392
2026-08-28 14:58:43.011,capturas/4/20260828_145754/flow,original,254,51.8280,0.009183
2026-08-28 14:58:43.136,capturas/4/20260828_145754/flow,original,255,51.9530,0.001735
2026-08-28 14:58:43.308,capturas/4/20260828_145754/flow,original,256,52.1250,0.000881
2026-08-28 14:58:43.480,capturas/4/20260828_145754/flow,original,257,52.2970,0.002090
2026-08-28 14:58:43.668,capturas/4/20260828_145754/flow,original,258,52.4850,0.002725
2026-08-28 14:58:43.793,capturas/4/20260828_145754/flow,original,259,52.6100,0.002383
2026-08-28 14:58:43.964,capturas/4/20260828_145754/flow,original,260,52.7810,0.005810
2026-08-28 14:58:44.121,capturas/4/20260828_145754/flow,original,261,52.9380,0.016370
2026-08-28 14:58:44.293,capturas/4/20260828_145754/flow,original,262,53.1100,0.027057
2026-08-28 14:58:44.464,capturas/4/20260828_145754/flow,original,263,53.2810,0.007576
2026-08-28 14:58:44.636,capturas/4/20260828_145754/flow,original,264,53.4530,0.005583
2026-08-28 14:58:44.761,capturas/4/20260828_145754/flow,original,265,53.5780,0.014867
2026-08-28 14:58:44.933,capturas/4/20260828_145754/flow,original,266,53.7500,0.059769
2026-08-28 14:58:45.074,capturas/4/20260828_145754/flow,original,267,53.8910,0.059980
2026-08-28 14:58:45.261,capturas/4/20260828_145754/flow,original,268,54.0780,0.012436
2026-08-28 14:58:45.418,capturas/4/20260828_145754/flow,original,269,54.2350,0.003967
2026-08-28 14:58:45.574,capturas/4/20260828_145754/flow,original,270,54.3910,0.004267
2026-08-28 14:58:45.714,capturas/4/20260828_145754/flow,original,271,54.5310,0.007827
2026-08-28 14:58:45.855,capturas/4/20260828_145754/flow,original,272,54.6720,0.012911
2026-08-28 14:58:46.011,capturas/4/20260828_145754/flow,original,273,54.8280,0.001493
2026-08-28 14:58:46.183,capturas/4/20260828_145754/flow,original,274,55.0000,0.001396
2026-08-28 14:58:46.324,capturas/4/20260828_145754/flow,original,275,55.1410,0.000223
2026-08-28 14:58:46.496,capturas/4/20260828_145754/flow,original,276,55.3130,0.000296
2026-08-28 14:58:46.668,capturas/4/20260828_145754/flow,original,277,55.4850,0.000555
2026-08-28 14:58:46.808,capturas/4/20260828_145754/flow,original,278,55.6250,0.000559
2026-08-28 14:58:46.964,capturas/4/20260828_145754/flow,original,279,55.7810,0.002007
2026-08-28 14:58:47.121,capturas/4/20260828_145754/flow,original,280,55.9380,0.026872
2026-08-28 14:58:47.277,capturas/4/20260828_145754/flow,original,281,56.0940,0.066997
2026-08-28 14:58:47.418,capturas/4/20260828_145754/flow,original,282,56.2350,0.102795
2026-08-28 14:58:47.589,capturas/4/20260828_145754/flow,original,283,56.4060,0.110631
2026-08-28 14:58:47.730,capturas/4/20260828_145754/flow,original,284,56.5470,0.046031
2026-08-28 14:58:47.918,capturas/4/20260828_145754/flow,original,285,56.7350,0.016010
2026-08-28 14:58:48.058,capturas/4/20260828_145754/flow,original,286,56.8750,0.008867
2026-08-28 14:58:48.214,capturas/4/20260828_145754/flow,original,287,57.0310,0.003280
2026-08-28 14:58:48.386,capturas/4/20260828_145754/flow,original,288,57.2030,0.001285
2026-08-28 14:58:48.543,capturas/4/20260828_145754/flow,original,289,57.3600,0.006960
2026-08-28 14:58:48.699,capturas/4/20260828_145754/flow,original,290,57.5160,0.006927
2026-08-28 14:58:48.839,capturas/4/20260828_145754/flow,original,291,57.6560,0.011655
2026-08-28 14:58:48.996,capturas/4/20260828_145754/flow,original,292,57.8130,0.012180
2026-08-28 14:58:49.168,capturas/4/20260828_145754/flow,original,293,57.9850,0.004375
2026-08-28 14:58:49.339,capturas/4/20260828_145754/flow,original,294,58.1560,0.006093
2026-08-28 14:58:49.480,capturas/4/20260828_145754/flow,original,295,58.2970,0.009906
2026-08-28 14:58:49.621,capturas/4/20260828_145754/flow,original,296,58.4380,0.008971
2026-08-28 14:58:49.777,capturas/4/20260828_145754/flow,original,297,58.5940,0.010005
2026-08-28 14:58:49.964,capturas/4/20260828_145754/flow,original,298,58.7810,0.010574
2026-08-28 14:58:50.089,capturas/4/20260828_145754/flow,original,299,58.9060,0.039820
2026-08-28 14:58:50.277,capturas/4/20260828_145754/flow,original,300,59.0940,0.016260
2026-08-28 14:58:50.402,capturas/4/20260828_145754/flow,original,301,59.2190,0.010523
2026-08-28 14:58:50.574,capturas/4/20260828_145754/flow,original,302,59.3910,0.002201
2026-08-28 14:58:50.714,capturas/4/20260828_145754/flow,original,303,59.5310,0.005695
2026-08-28 14:58:50.871,capturas/4/20260828_145754/flow,original,304,59.6880,0.011195
2026-08-28 14:58:51.058,capturas/4/20260828_145754/flow,original,305,59.8750,0.062704
2026-08-28 14:58:51.199,capturas/4/20260828_145754/flow,original,306,60.0160,0.099260
2026-08-28 14:58:51.324,capturas/4/20260828_145754/flow,original,307,60.1410,0.118647
2026-08-28 14:58:51.527,capturas/4/20260828_145754/flow,original,308,60.3440,0.057793
2026-08-28 14:58:51.699,capturas/4/20260828_145754/flow,original,309,60.5160,0.045828
2026-08-28 14:58:51.839,capturas/4/20260828_145754/flow,original,310,60.6560,0.016912
2026-08-28 14:58:51.980,capturas/4/20260828_145754/flow,original,311,60.7970,0.008764
2026-08-28 14:58:52.152,capturas/4/20260828_145754/flow,original,312,60.9690,0.003397
2026-08-28 14:58:52.293,capturas/4/20260828_145754/flow,original,313,61.1100,0.002473
2026-08-28 14:58:52.433,capturas/4/20260828_145754/flow,original,314,61.2500,0.000615
2026-08-28 14:58:52.605,capturas/4/20260828_145754/flow,original,315,61.4220,0.000272
2026-08-28 14:58:52.746,capturas/4/20260828_145754/flow,original,316,61.5630,0.002092
2026-08-28 14:58:52.902,capturas/4/20260828_145754/flow,original,317,61.7190,0.001359
2026-08-28 14:58:53.043,capturas/4/20260828_145754/flow,original,318,61.8600,0.008318
2026-08-28 14:58:53.214,capturas/4/20260828_145754/flow,original,319,62.0310,0.006470
2026-08-28 14:58:53.339,capturas/4/20260828_145754/flow,original,320,62.1560,0.011589
2026-08-28 14:58:53.511,capturas/4/20260828_145754/flow,original,321,62.3280,0.010451
2026-08-28 14:58:53.683,capturas/4/20260828_145754/flow,original,322,62.5000,0.016499
2026-08-28 14:58:53.808,capturas/4/20260828_145754/flow,original,323,62.6250,0.007997
2026-08-28 14:58:53.980,capturas/4/20260828_145754/flow,original,324,62.7970,0.001025
2026-08-28 14:58:54.105,capturas/4/20260828_145754/flow,original,325,62.9220,0.000698
2026-08-28 14:58:54.246,capturas/4/20260828_145754/flow,original,326,63.0630,0.002041
2026-08-28 14:58:54.386,capturas/4/20260828_145754/flow,original,327,63.2030,0.000242
2026-08-28 14:58:54.527,capturas/4/20260828_145754/flow,original,328,63.3440,0.000000
2026-08-28 14:58:54.699,capturas/4/20260828_145754/flow,original,329,63.5160,0.000431
2026-08-28 14:58:54.824,capturas/4/20260828_145754/flow,original,330,63.6410,0.000000
2026-08-28 14:58:55.011,capturas/4/20260828_145754/flow,original,331,63.8280,0.000000
2026-08-28 14:58:55.152,capturas/4/20260828_145754/flow,original,332,63.9690,0.000000
2026-08-28 14:58:55.293,capturas/4/20260828_145754/flow,original,333,64.1100,0.004738
2026-08-28 14:58:55.418,capturas/4/20260828_145754/flow,original,334,64.2350,0.004596
2026-08-28 14:58:55.558,capturas/4/20260828_145754/flow,original,335,64.3750,0.009293
2026-08-28 14:58:55.746,capturas/4/20260828_145754/flow,original,336,64.5630,0.006812
2026-08-28 14:58:55.902,capturas/4/20260828_145754/flow,original,337,64.7190,0.006279
2026-08-28 14:58:56.043,capturas/4/20260828_145754/flow,original,338,64.8600,0.008619
2026-08-28 14:58:56.199,capturas/4/20260828_145754/flow,original,339,65.0160,0.007932
2026-08-28 14:58:56.371,capturas/4/20260828_145754/flow,original,340,65.1880,0.020662
2026-08-28 14:58:56.511,capturas/4/20260828_145754/flow,original,341,65.3280,0.016163
2026-08-28 14:58:56.699,capturas/4/20260828_145754/flow,original,342,65.5160,0.007475
2026-08-28 14:58:56.839,capturas/4/20260828_145754/flow,original,343,65.6560,0.004336
2026-08-28 14:58:56.996,capturas/4/20260828_145754/flow,original,344,65.8130,0.004650
2026-08-28 14:58:57.168,capturas/4/20260828_145754/flow,original,345,65.9850,0.005568
2026-08-28 14:58:57.308,capturas/4/20260828_145754/flow,original,346,66.1250,0.001452
2026-08-28 14:58:57.464,capturas/4/20260828_145754/flow,original,347,66.2810,0.000000
2026-08-28 14:58:57.636,capturas/4/20260828_145754/flow,original,348,66.4530,0.000996
2026-08-28 14:58:57.824,capturas/4/20260828_145754/flow,original,349,66.6410,0.001700
2026-08-28 14:58:57.980,capturas/4/20260828_145754/flow,original,350,66.7970,0.002934
2026-08-28 14:58:58.168,capturas/4/20260828_145754/flow,original,351,66.9850,0.003116
2026-08-28 14:58:58.308,capturas/4/20260828_145754/flow,original,352,67.1250,0.001060
2026-08-28 14:58:58.449,capturas/4/20260828_145754/flow,original,353,67.2660,0.001166
2026-08-28 14:58:58.621,capturas/4/20260828_145754/flow,original,354,67.4380,0.007550
2026-08-28 14:58:58.761,capturas/4/20260828_145754/flow,original,355,67.5780,0.005971
2026-08-28 14:58:58.949,capturas/4/20260828_145754/flow,original,356,67.7660,0.001550
2026-08-28 14:58:59.121,capturas/4/20260828_145754/flow,original,357,67.9380,0.000454
2026-08-28 14:58:59.308,capturas/4/20260828_145754/flow,original,358,68.1250,0.000286
2026-08-28 14:58:59.464,capturas/4/20260828_145754/flow,original,359,68.2810,0.001194
2026-08-28 14:58:59.636,capturas/4/20260828_145754/flow,original,360,68.4530,0.001851
2026-08-28 14:58:59.777,capturas/4/20260828_145754/flow,original,361,68.5940,0.013022
2026-08-28 14:58:59.964,capturas/4/20260828_145754/flow,original,362,68.7810,0.046343
2026-08-28 14:59:00.105,capturas/4/20260828_145754/flow,original,363,68.9220,0.008174
2026-08-28 14:59:00.277,capturas/4/20260828_145754/flow,original,364,69.0940,0.000435
2026-08-28 14:59:00.449,capturas/4/20260828_145754/flow,original,365,69.2660,0.000449
2026-08-28 14:59:00.636,capturas/4/20260828_145754/flow,original,366,69.4530,0.000000
2026-08-28 14:59:00.839,capturas/4/20260828_145754/flow,original,367,69.6560,0.000000
2026-08-28 14:59:01.011,capturas/4/20260828_145754/flow,original,368,69.8280,0.000000
2026-08-28 14:59:01.152,capturas/4/20260828_145754/flow,original,369,69.9690,0.000000
2026-08-28 14:59:01.308,capturas/4/20260828_145754/flow,original,370,70.1250,0.000000
2026-08-28 14:59:01.480,capturas/4/20260828_145754/flow,original,371,70.2970,0.000822
2026-08-28 14:59:01.652,capturas/4/20260828_145754/flow,original,372,70.4690,0.000000
2026-08-28 14:59:01.824,capturas/4/20260828_145754/flow,original,373,70.6410,0.000000
2026-08-28 14:59:01.980,capturas/4/20260828_145754/flow,original,374,70.7970,0.000000
2026-08-28 14:59:02.152,capturas/4/20260828_145754/flow,original,375,70.9690,0.004425
2026-08-28 14:59:02.308,capturas/4/20260828_145754/flow,original,376,71.1250,0.002199
2026-08-28 14:59:02.449,capturas/4/20260828_145754/flow,original,377,71.2660,0.003883
2026-08-28 14:59:02.589,capturas/4/20260828_145754/flow,original,378,71.4060,0.004985
2026-08-28 14:59:02.777,capturas/4/20260828_145754/flow,original,379,71.5940,0.002822
2026-08-28 14:59:02.918,capturas/4/20260828_145754/flow,original,380,71.7350,0.006134
2026-08-28 14:59:03.058,capturas/4/20260828_145754/flow,original,381,71.8750,0.007091
2026-08-28 14:59:03.246,capturas/4/20260828_145754/flow,original,382,72.0630,0.000895
2026-08-28 14:59:03.402,capturas/4/20260828_145754/flow,original,383,72.2190,0.001232
2026-08-28 14:59:03.543,capturas/4/20260828_145754/flow,original,384,72.3600,0.000762
2026-08-28 14:59:03.714,capturas/4/20260828_145754/flow,original,385,72.5310,0.000769
2026-08-28 14:59:03.855,capturas/4/20260828_145754/flow,original,386,72.6720,0.001369
2026-08-28 14:59:04.058,capturas/4/20260828_145754/flow,original,387,72.8750,0.004267
2026-08-28 14:59:04.246,capturas/4/20260828_145754/flow,original,388,73.0630,0.010488
2026-08-28 14:59:04.433,capturas/4/20260828_145754/flow,original,389,73.2500,0.005968
2026-08-28 14:59:04.621,capturas/4/20260828_145754/flow,original,390,73.4380,0.006547
2026-08-28 14:59:04.777,capturas/4/20260828_145754/flow,original,391,73.5940,0.023689
2026-08-28 14:59:04.996,capturas/4/20260828_145754/flow,original,392,73.8130,0.057820
2026-08-28 14:59:05.199,capturas/4/20260828_145754/flow,original,393,74.0160,0.011563
2026-08-28 14:59:05.402,capturas/4/20260828_145754/flow,original,394,74.2190,0.004733
2026-08-28 14:59:05.589,capturas/4/20260828_145754/flow,original,395,74.4060,0.000227
2026-08-28 14:59:05.793,capturas/4/20260828_145754/flow,original,396,74.6100,0.000000
2026-08-28 14:59:05.949,capturas/4/20260828_145754/flow,original,397,74.7660,0.000467
2026-08-28 14:59:06.121,capturas/4/20260828_145754/flow,original,398,74.9380,0.002091
2026-08-28 14:59:06.277,capturas/4/20260828_145754/flow,original,399,75.0940,0.001108
2026-08-28 14:59:06.433,capturas/4/20260828_145754/flow,original,400,75.2500,0.000764
2026-08-28 14:59:06.574,capturas/4/20260828_145754/flow,original,401,75.3910,0.000981
2026-08-28 14:59:06.714,capturas/4/20260828_145754/flow,original,402,75.5310,0.000383
2026-08-28 14:59:06.902,capturas/4/20260828_145754/flow,original,403,75.7190,0.005050
2026-08-28 14:59:07.105,capturas/4/20260828_145754/flow,original,404,75.9220,0.011220
2026-08-28 14:59:07.277,capturas/4/20260828_145754/flow,original,405,76.0940,0.002804
2026-08-28 14:59:07.464,capturas/4/20260828_145754/flow,original,406,76.2810,0.020180
2026-08-28 14:59:07.668,capturas/4/20260828_145754/flow,original,407,76.4850,0.022299
2026-08-28 14:59:07.855,capturas/4/20260828_145754/flow,original,408,76.6720,0.009036
2026-08-28 14:59:08.011,capturas/4/20260828_145754/flow,original,409,76.8280,0.004201
2026-08-28 14:59:08.183,capturas/4/20260828_145754/flow,original,410,77.0000,0.003709
2026-08-28 14:59:08.324,capturas/4/20260828_145754/flow,original,411,77.1410,0.001008
2026-08-28 14:59:08.511,capturas/4/20260828_145754/flow,original,412,77.3280,0.005287
2026-08-28 14:59:08.652,capturas/4/20260828_145754/flow,original,413,77.4690,0.004438
2026-08-28 14:59:08.839,capturas/4/20260828_145754/flow,original,414,77.6560,0.013692
2026-08-28 14:59:09.027,capturas/4/20260828_145754/flow,original,415,77.8440,0.007806
2026-08-28 14:59:09.168,capturas/4/20260828_145754/flow,original,416,77.9850,0.004457
2026-08-28 14:59:09.339,capturas/4/20260828_145754/flow,original,417,78.1560,0.000883
2026-08-28 14:59:09.511,capturas/4/20260828_145754/flow,original,418,78.3280,0.000000
2026-08-28 14:59:09.699,capturas/4/20260828_145754/flow,original,419,78.5160,0.002014
2026-08-28 14:59:09.855,capturas/4/20260828_145754/flow,original,420,78.6720,0.002634
2026-08-28 14:59:09.996,capturas/4/20260828_145754/flow,original,421,78.8130,0.000931
2026-08-28 14:59:10.152,capturas/4/20260828_145754/flow,original,422,78.9690,0.000000
2026-08-28 14:59:10.339,capturas/4/20260828_145754/flow,original,423,79.1560,0.000000
2026-08-28 14:59:10.511,capturas/4/20260828_145754/flow,original,424,79.3280,0.000278
2026-08-28 14:59:10.668,capturas/4/20260828_145754/flow,original,425,79.4850,0.002652
2026-08-28 14:59:10.808,capturas/4/20260828_145754/flow,original,426,79.6250,0.004319
2026-08-28 14:59:10.980,capturas/4/20260828_145754/flow,original,427,79.7970,0.003888
2026-08-28 14:59:11.121,capturas/4/20260828_145754/flow,original,428,79.9380,0.000903
2026-08-28 14:59:11.277,capturas/4/20260828_145754/flow,original,429,80.0940,0.001714
2026-08-28 14:59:11.449,capturas/4/20260828_145754/flow,original,430,80.2660,0.000129
2026-08-28 14:59:11.621,capturas/4/20260828_145754/flow,original,431,80.4380,0.000000
2026-08-28 14:59:11.808,capturas/4/20260828_145754/flow,original,432,80.6250,0.000514
2026-08-28 14:59:11.996,capturas/4/20260828_145754/flow,original,433,80.8130,0.002432
2026-08-28 14:59:12.152,capturas/4/20260828_145754/flow,original,434,80.9690,0.000000
2026-08-28 14:59:12.339,capturas/4/20260828_145754/flow,original,435,81.1560,0.000000
2026-08-28 14:59:12.511,capturas/4/20260828_145754/flow,original,436,81.3280,0.001085
2026-08-28 14:59:12.668,capturas/4/20260828_145754/flow,original,437,81.4850,0.000806
2026-08-28 14:59:12.855,capturas/4/20260828_145754/flow,original,438,81.6720,0.000506
2026-08-28 14:59:13.011,capturas/4/20260828_145754/flow,original,439,81.8280,0.003259
2026-08-28 14:59:13.152,capturas/4/20260828_145754/flow,original,440,81.9690,0.001090
2026-08-28 14:59:13.293,capturas/4/20260828_145754/flow,original,441,82.1100,0.001172
2026-08-28 14:59:13.433,capturas/4/20260828_145754/flow,original,442,82.2500,0.001250
2026-08-28 14:59:13.605,capturas/4/20260828_145754/flow,original,443,82.4220,0.002644
2026-08-28 14:59:13.761,capturas/4/20260828_145754/flow,original,444,82.5780,0.003249
2026-08-28 14:59:13.902,capturas/4/20260828_145754/flow,original,445,82.7190,0.005630
2026-08-28 14:59:14.074,capturas/4/20260828_145754/flow,original,446,82.8910,0.002494
2026-08-28 14:59:14.230,capturas/4/20260828_145754/flow,original,447,83.0470,0.000000
2026-08-28 14:59:14.371,capturas/4/20260828_145754/flow,original,448,83.1880,0.000000
2026-08-28 14:59:14.543,capturas/4/20260828_145754/flow,original,449,83.3600,0.000000
2026-08-28 14:59:14.699,capturas/4/20260828_145754/flow,original,450,83.5160,0.000000
2026-08-28 14:59:14.855,capturas/4/20260828_145754/flow,original,451,83.6720,0.000000
2026-08-28 14:59:14.996,capturas/4/20260828_145754/flow,original,452,83.8130,0.000000
2026-08-28 14:59:15.136,capturas/4/20260828_145754/flow,original,453,83.9530,0.000000
2026-08-28 14:59:15.308,capturas/4/20260828_145754/flow,original,454,84.1250,0.000000
2026-08-28 14:59:15.480,capturas/4/20260828_145754/flow,original,455,84.2970,0.000000
2026-08-28 14:59:15.652,capturas/4/20260828_145754/flow,original,456,84.4690,0.000000
2026-08-28 14:59:15.824,capturas/4/20260828_145754/flow,original,457,84.6410,0.000000
2026-08-28 14:59:15.996,capturas/4/20260828_145754/flow,original,458,84.8130,0.000000
2026-08-28 14:59:16.136,capturas/4/20260828_145754/flow,original,459,84.9530,0.000000
2026-08-28 14:59:16.324,capturas/4/20260828_145754/flow,original,460,85.1410,0.000000
2026-08-28 14:59:16.511,capturas/4/20260828_145754/flow,original,461,85.3280,0.000513
2026-08-28 14:59:16.683,capturas/4/20260828_145754/flow,original,462,85.5000,0.000271
2026-08-28 14:59:16.839,capturas/4/20260828_145754/flow,original,463,85.6560,0.004286
2026-08-28 14:59:16.996,capturas/4/20260828_145754/flow,original,464,85.8130,0.013120
2026-08-28 14:59:17.152,capturas/4/20260828_145754/flow,original,465,85.9690,0.008942
2026-08-28 14:59:17.339,capturas/4/20260828_145754/flow,original,466,86.1560,0.005192
2026-08-28 14:59:17.527,capturas/4/20260828_145754/flow,original,467,86.3440,0.001562
2026-08-28 14:59:17.699,capturas/4/20260828_145754/flow,original,468,86.5160,0.005352
2026-08-28 14:59:17.871,capturas/4/20260828_145754/flow,original,469,86.6880,0.001035
2026-08-28 14:59:18.011,capturas/4/20260828_145754/flow,original,470,86.8280,0.000765
2026-08-28 14:59:18.183,capturas/4/20260828_145754/flow,original,471,87.0000,0.000000
2026-08-28 14:59:18.355,capturas/4/20260828_145754/flow,original,472,87.1720,0.001315
2026-08-28 14:59:18.527,capturas/4/20260828_145754/flow,original,473,87.3440,0.000929
2026-08-28 14:59:18.699,capturas/4/20260828_145754/flow,original,474,87.5160,0.009494
2026-08-28 14:59:18.886,capturas/4/20260828_145754/flow,original,475,87.7030,0.007461
2026-08-28 14:59:19.043,capturas/4/20260828_145754/flow,original,476,87.8600,0.002074
2026-08-28 14:59:19.214,capturas/4/20260828_145754/flow,original,477,88.0310,0.001944
2026-08-28 14:59:19.355,capturas/4/20260828_145754/flow,original,478,88.1720,0.000000
2026-08-28 14:59:19.527,capturas/4/20260828_145754/flow,original,479,88.3440,0.000614
2026-08-28 14:59:19.683,capturas/4/20260828_145754/flow,original,480,88.5000,0.002296
2026-08-28 14:59:19.902,capturas/4/20260828_145754/flow,original,481,88.7190,0.000000
2026-08-28 14:59:20.089,capturas/4/20260828_145754/flow,original,482,88.9060,0.000000
2026-08-28 14:59:20.230,capturas/4/20260828_145754/flow,original,483,89.0470,0.000228
2026-08-28 14:59:20.386,capturas/4/20260828_145754/flow,original,484,89.2030,0.000170
2026-08-28 14:59:20.527,capturas/4/20260828_145754/flow,original,485,89.3440,0.000000
2026-08-28 14:59:20.699,capturas/4/20260828_145754/flow,original,486,89.5160,0.000000
2026-08-28 14:59:20.871,capturas/4/20260828_145754/flow,original,487,89.6880,0.000153
2026-08-28 14:59:21.074,capturas/4/20260828_145754/flow,original,488,89.8910,0.000000
2026-08-28 14:59:21.261,capturas/4/20260828_145754/flow,original,489,90.0780,0.000217
2026-08-28 14:59:21.402,capturas/4/20260828_145754/flow,original,490,90.2190,0.000389
2026-08-28 14:59:21.558,capturas/4/20260828_145754/flow,original,491,90.3750,0.000715
2026-08-28 14:59:21.699,capturas/4/20260828_145754/flow,original,492,90.5160,0.002146
2026-08-28 14:59:21.871,capturas/4/20260828_145754/flow,original,493,90.6880,0.000943
2026-08-28 14:59:22.011,capturas/4/20260828_145754/flow,original,494,90.8280,0.003392
2026-08-28 14:59:22.199,capturas/4/20260828_145754/flow,original,495,91.0160,0.003551
2026-08-28 14:59:22.355,capturas/4/20260828_145754/flow,original,496,91.1720,0.004285
2026-08-28 14:59:22.589,capturas/4/20260828_145754/flow,original,497,91.4060,0.012927
2026-08-28 14:59:22.714,capturas/4/20260828_145754/flow,original,498,91.5310,0.009510
2026-08-28 14:59:22.886,capturas/4/20260828_145754/flow,original,499,91.7030,0.004829
2026-08-28 14:59:23.058,capturas/4/20260828_145754/flow,original,500,91.8750,0.010800
2026-08-28 14:59:23.199,capturas/4/20260828_145754/flow,original,501,92.0160,0.000000
2026-08-28 14:59:23.355,capturas/4/20260828_145754/flow,original,502,92.1720,0.000428
2026-08-28 14:59:23.511,capturas/4/20260828_145754/flow,original,503,92.3280,0.000000
2026-08-28 14:59:23.668,capturas/4/20260828_145754/flow,original,504,92.4850,0.000000
2026-08-28 14:59:23.839,capturas/4/20260828_145754/flow,original,505,92.6560,0.000000
2026-08-28 14:59:24.011,capturas/4/20260828_145754/flow,original,506,92.8280,0.002314
2026-08-28 14:59:24.136,capturas/4/20260828_145754/flow,original,507,92.9530,0.000840
2026-08-28 14:59:24.308,capturas/4/20260828_145754/flow,original,508,93.1250,0.001080
2026-08-28 14:59:24.480,capturas/4/20260828_145754/flow,original,509,93.2970,0.000326
2026-08-28 14:59:24.636,capturas/4/20260828_145754/flow,original,510,93.4530,0.000000
2026-08-28 14:59:24.777,capturas/4/20260828_145754/flow,original,511,93.5940,0.000000
2026-08-28 14:59:24.949,capturas/4/20260828_145754/flow,original,512,93.7660,0.000000
2026-08-28 14:59:25.074,capturas/4/20260828_145754/flow,original,513,93.8910,0.000759
2026-08-28 14:59:25.230,capturas/4/20260828_145754/flow,original,514,94.0470,0.000000
2026-08-28 14:59:25.402,capturas/4/20260828_145754/flow,original,515,94.2190,0.001199
2026-08-28 14:59:25.589,capturas/4/20260828_145754/flow,original,516,94.4060,0.000447
2026-08-28 14:59:25.730,capturas/4/20260828_145754/flow,original,517,94.5470,0.000880
2026-08-28 14:59:25.902,capturas/4/20260828_145754/flow,original,518,94.7190,0.000000
2026-08-28 14:59:26.043,capturas/4/20260828_145754/flow,original,519,94.8600,0.000635
2026-08-28 14:59:26.230,capturas/4/20260828_145754/flow,original,520,95.0470,0.000000
2026-08-28 14:59:26.371,capturas/4/20260828_145754/flow,original,521,95.1880,0.000000
2026-08-28 14:59:26.543,capturas/4/20260828_145754/flow,original,522,95.3600,0.000000
2026-08-28 14:59:26.730,capturas/4/20260828_145754/flow,original,523,95.5470,0.000000
2026-08-28 14:59:26.871,capturas/4/20260828_145754/flow,original,524,95.6880,0.000439
2026-08-28 14:59:27.027,capturas/4/20260828_145754/flow,original,525,95.8440,0.000416
2026-08-28 14:59:27.168,capturas/4/20260828_145754/flow,original,526,95.9850,0.001754
2026-08-28 14:59:27.339,capturas/4/20260828_145754/flow,original,527,96.1560,0.001181
2026-08-28 14:59:27.480,capturas/4/20260828_145754/flow,original,528,96.2970,0.004307
2026-08-28 14:59:27.652,capturas/4/20260828_145754/flow,original,529,96.4690,0.002041
2026-08-28 14:59:27.824,capturas/4/20260828_145754/flow,original,530,96.6410,0.001262
2026-08-28 14:59:28.011,capturas/4/20260828_145754/flow,original,531,96.8280,0.000885
2026-08-28 14:59:28.152,capturas/4/20260828_145754/flow,original,532,96.9690,0.000571
2026-08-28 14:59:28.277,capturas/4/20260828_145754/flow,original,533,97.0940,0.000739
2026-08-28 14:59:28.464,capturas/4/20260828_145754/flow,original,534,97.2810,0.000000
2026-08-28 14:59:28.652,capturas/4/20260828_145754/flow,original,535,97.4690,0.000764
2026-08-28 14:59:28.793,capturas/4/20260828_145754/flow,original,536,97.6100,0.000661
2026-08-28 14:59:28.964,capturas/4/20260828_145754/flow,original,537,97.7810,0.000000
2026-08-28 14:59:29.105,capturas/4/20260828_145754/flow,original,538,97.9220,0.002418
2026-08-28 14:59:29.293,capturas/4/20260828_145754/flow,original,539,98.1100,0.005297
2026-08-28 14:59:29.449,capturas/4/20260828_145754/flow,original,540,98.2660,0.004494
2026-08-28 14:59:29.636,capturas/4/20260828_145754/flow,original,541,98.4530,0.000688
2026-08-28 14:59:29.793,capturas/4/20260828_145754/flow,original,542,98.6100,0.000000
2026-08-28 14:59:29.964,capturas/4/20260828_145754/flow,original,543,98.7810,0.000000
2026-08-28 14:59:30.089,capturas/4/20260828_145754/flow,original,544,98.9060,0.000000
2026-08-28 14:59:30.277,capturas/4/20260828_145754/flow,original,545,99.0940,0.000000
2026-08-28 14:59:30.449,capturas/4/20260828_145754/flow,original,546,99.2660,0.000000
2026-08-28 14:59:30.621,capturas/4/20260828_145754/flow,original,547,99.4380,0.000000
2026-08-28 14:59:30.777,capturas/4/20260828_145754/flow,original,548,99.5940,0.000000
2026-08-28 14:59:30.964,capturas/4/20260828_145754/flow,original,549,99.7810,0.001404
2026-08-28 14:59:31.089,capturas/4/20260828_145754/flow,original,550,99.9060,0.000000
2026-08-28 14:59:31.277,capturas/4/20260828_145754/flow,original,551,100.0940,0.000000
2026-08-28 14:59:31.464,capturas/4/20260828_145754/flow,original,552,100.2810,0.000000
2026-08-28 14:59:31.636,capturas/4/20260828_145754/flow,original,553,100.4530,0.000000
2026-08-28 14:59:31.793,capturas/4/20260828_145754/flow,original,554,100.6100,0.000000
2026-08-28 14:59:31.980,capturas/4/20260828_145754/flow,original,555,100.7970,0.000000
2026-08-28 14:59:32.136,capturas/4/20260828_145754/flow,original,556,100.9530,0.000175
2026-08-28 14:59:32.261,capturas/4/20260828_145754/flow,original,557,101.0780,0.000000
2026-08-28 14:59:32.433,capturas/4/20260828_145754/flow,original,558,101.2500,0.000322
2026-08-28 14:59:32.621,capturas/4/20260828_145754/flow,original,559,101.4380,0.000142
2026-08-28 14:59:32.761,capturas/4/20260828_145754/flow,original,560,101.5780,0.000142
2026-08-28 14:59:32.949,capturas/4/20260828_145754/flow,original,561,101.7660,0.000337
2026-08-28 14:59:33.074,capturas/4/20260828_145754/flow,original,562,101.8910,0.000721
2026-08-28 14:59:33.230,capturas/4/20260828_145754/flow,original,563,102.0470,0.006724
2026-08-28 14:59:33.433,capturas/4/20260828_145754/flow,original,564,102.2500,0.000451
2026-08-28 14:59:33.621,capturas/4/20260828_145754/flow,original,565,102.4380,0.000366
2026-08-28 14:59:33.793,capturas/4/20260828_145754/flow,original,566,102.6100,0.000000
2026-08-28 14:59:33.964,capturas/4/20260828_145754/flow,original,567,102.7810,0.000979
2026-08-28 14:59:34.089,capturas/4/20260828_145754/flow,original,568,102.9060,0.001174
2026-08-28 14:59:34.261,capturas/4/20260828_145754/flow,original,569,103.0780,0.001636
2026-08-28 14:59:34.449,capturas/4/20260828_145754/flow,original,570,103.2660,0.006734
2026-08-28 14:59:34.621,capturas/4/20260828_145754/flow,original,571,103.4380,0.002242
2026-08-28 14:59:34.824,capturas/4/20260828_145754/flow,original,572,103.6410,0.009718
2026-08-28 14:59:35.027,capturas/4/20260828_145754/flow,original,573,103.8440,0.006252
2026-08-28 14:59:35.152,capturas/4/20260828_145754/flow,original,574,103.9690,0.011608
2026-08-28 14:59:35.339,capturas/4/20260828_145754/flow,original,575,104.1560,0.005274
2026-08-28 14:59:35.496,capturas/4/20260828_145754/flow,original,576,104.3130,0.001552
2026-08-28 14:59:35.652,capturas/4/20260828_145754/flow,original,577,104.4690,0.000468
2026-08-28 14:59:35.824,capturas/4/20260828_145754/flow,original,578,104.6410,0.000985
2026-08-28 14:59:36.011,capturas/4/20260828_145754/flow,original,579,104.8280,0.001033
2026-08-28 14:59:36.152,capturas/4/20260828_145754/flow,original,580,104.9690,0.000241
2026-08-28 14:59:36.339,capturas/4/20260828_145754/flow,original,581,105.1560,0.002091
2026-08-28 14:59:36.527,capturas/4/20260828_145754/flow,original,582,105.3440,0.005064
2026-08-28 14:59:36.668,capturas/4/20260828_145754/flow,original,583,105.4850,0.012210
2026-08-28 14:59:36.839,capturas/4/20260828_145754/flow,original,584,105.6560,0.012833
2026-08-28 14:59:37.011,capturas/4/20260828_145754/flow,original,585,105.8280,0.028951
2026-08-28 14:59:37.121,capturas/4/20260828_145754/flow,original,586,105.9380,0.036192
2026-08-28 14:59:37.308,capturas/4/20260828_145754/flow,original,587,106.1250,0.034110
2026-08-28 14:59:37.480,capturas/4/20260828_145754/flow,original,588,106.2970,0.013369
2026-08-28 14:59:37.652,capturas/4/20260828_145754/flow,original,589,106.4690,0.009725
2026-08-28 14:59:38.527,capturas/4/20260828_145754/flow,original,590,107.3440,0.007537
2026-08-28 14:59:38.699,capturas/4/20260828_145754/flow,original,591,107.5160,0.010094
2026-08-28 14:59:38.855,capturas/4/20260828_145754/flow,original,592,107.6720,0.005181
2026-08-28 14:59:39.027,capturas/4/20260828_145754/flow,original,593,107.8440,0.003168
2026-08-28 14:59:39.168,capturas/4/20260828_145754/flow,original,594,107.9850,0.009746
2026-08-28 14:59:39.355,capturas/4/20260828_145754/flow,original,595,108.1720,0.005355
2026-08-28 14:59:39.496,capturas/4/20260828_145754/flow,original,596,108.3130,0.025317
2026-08-28 14:59:39.636,capturas/4/20260828_145754/flow,original,597,108.4530,0.057196
2026-08-28 14:59:39.761,capturas/4/20260828_145754/flow,original,598,108.5780,0.018738
2026-08-28 14:59:39.949,capturas/4/20260828_145754/flow,original,599,108.7660,0.000713
2026-08-28 14:59:40.121,capturas/4/20260828_145754/flow,original,600,108.9380,0.001974
2026-08-28 14:59:40.277,capturas/4/20260828_145754/flow,original,601,109.0940,0.000000
2026-08-28 14:59:40.433,capturas/4/20260828_145754/flow,original,602,109.2500,0.000000
2026-08-28 14:59:40.589,capturas/4/20260828_145754/flow,original,603,109.4060,0.000816
2026-08-28 14:59:40.777,capturas/4/20260828_145754/flow,original,604,109.5940,0.000937
2026-08-28 14:59:40.949,capturas/4/20260828_145754/flow,original,605,109.7660,0.000000
2026-08-28 14:59:41.089,capturas/4/20260828_145754/flow,original,606,109.9060,0.000373
2026-08-28 14:59:41.277,capturas/4/20260828_145754/flow,original,607,110.0940,0.000000
2026-08-28 14:59:41.449,capturas/4/20260828_145754/flow,original,608,110.2660,0.006412
2026-08-28 14:59:41.621,capturas/4/20260828_145754/flow,original,609,110.4380,0.007643
2026-08-28 14:59:41.761,capturas/4/20260828_145754/flow,original,610,110.5780,0.002034
2026-08-28 14:59:41.933,capturas/4/20260828_145754/flow,original,611,110.7500,0.004300
2026-08-28 14:59:42.089,capturas/4/20260828_145754/flow,original,612,110.9060,0.001849
2026-08-28 14:59:42.277,capturas/4/20260828_145754/flow,original,613,111.0940,0.000000
2026-08-28 14:59:42.464,capturas/4/20260828_145754/flow,original,614,111.2810,0.001938
2026-08-28 14:59:42.636,capturas/4/20260828_145754/flow,original,615,111.4530,0.002722
2026-08-28 14:59:42.808,capturas/4/20260828_145754/flow,original,616,111.6250,0.001108
2026-08-28 14:59:42.949,capturas/4/20260828_145754/flow,original,617,111.7660,0.000753
2026-08-28 14:59:43.121,capturas/4/20260828_145754/flow,original,618,111.9380,0.003361
2026-08-28 14:59:43.293,capturas/4/20260828_145754/flow,original,619,112.1100,0.001063
2026-08-28 14:59:43.433,capturas/4/20260828_145754/flow,original,620,112.2500,0.000000
2026-08-28 14:59:43.574,capturas/4/20260828_145754/flow,original,621,112.3910,0.001412
2026-08-28 14:59:43.746,capturas/4/20260828_145754/flow,original,622,112.5630,0.000336
2026-08-28 14:59:43.933,capturas/4/20260828_145754/flow,original,623,112.7500,0.000143
2026-08-28 14:59:44.074,capturas/4/20260828_145754/flow,original,624,112.8910,0.000391
2026-08-28 14:59:44.230,capturas/4/20260828_145754/flow,original,625,113.0470,0.000392
2026-08-28 14:59:44.433,capturas/4/20260828_145754/flow,original,626,113.2500,0.000202
2026-08-28 14:59:44.636,capturas/4/20260828_145754/flow,original,627,113.4530,0.000391
2026-08-28 14:59:44.793,capturas/4/20260828_145754/flow,original,628,113.6100,0.014109
2026-08-28 14:59:44.980,capturas/4/20260828_145754/flow,original,629,113.7970,0.013789
2026-08-28 14:59:45.152,capturas/4/20260828_145754/flow,original,630,113.9690,0.005527
2026-08-28 14:59:45.339,capturas/4/20260828_145754/flow,original,631,114.1560,0.003438
2026-08-28 14:59:45.496,capturas/4/20260828_145754/flow,original,632,114.3130,0.000862
2026-08-28 14:59:45.683,capturas/4/20260828_145754/flow,original,633,114.5000,0.000538
2026-08-28 14:59:45.855,capturas/4/20260828_145754/flow,original,634,114.6720,0.023146
2026-08-28 14:59:46.043,capturas/4/20260828_145754/flow,original,635,114.8600,0.047900
2026-08-28 14:59:46.168,capturas/4/20260828_145754/flow,original,636,114.9850,0.095419
2026-08-28 14:59:46.371,capturas/4/20260828_145754/flow,original,637,115.1880,0.100249
2026-08-28 14:59:46.511,capturas/4/20260828_145754/flow,original,638,115.3280,0.000407
2026-08-28 14:59:46.652,capturas/4/20260828_145754/flow,original,639,115.4690,0.108040
2026-08-28 14:59:46.808,capturas/4/20260828_145754/flow,original,640,115.6250,0.869660
2026-08-28 14:59:46.980,capturas/4/20260828_145754/flow,original,641,115.7970,2.101187
2026-08-28 14:59:47.168,capturas/4/20260828_145754/flow,original,642,115.9850,3.582208
2026-08-28 14:59:47.339,capturas/4/20260828_145754/flow,original,643,116.1560,7.823113
2026-08-28 14:59:47.511,capturas/4/20260828_145754/flow,original,644,116.3280,8.506195
2026-08-28 14:59:47.668,capturas/4/20260828_145754/flow,original,645,116.4850,9.067093
2026-08-28 14:59:47.824,capturas/4/20260828_145754/flow,original,646,116.6410,10.098553
2026-08-28 14:59:47.996,capturas/4/20260828_145754/flow,original,647,116.8130,10.842424
2026-08-28 14:59:48.136,capturas/4/20260828_145754/flow,original,648,116.9530,16.548425
2026-08-28 14:59:48.324,capturas/4/20260828_145754/flow,original,649,117.1410,17.956635
2026-08-28 14:59:48.496,capturas/4/20260828_145754/flow,original,650,117.3130,19.093951
2026-08-28 14:59:48.636,capturas/4/20260828_145754/flow,original,651,117.4530,20.124211
2026-08-28 14:59:48.824,capturas/4/20260828_145754/flow,original,652,117.6410,21.036174
2026-08-28 14:59:48.996,capturas/4/20260828_145754/flow,original,653,117.8130,24.895010
2026-08-28 14:59:49.183,capturas/4/20260828_145754/flow,original,654,118.0000,25.976178
2026-08-28 14:59:49.324,capturas/4/20260828_145754/flow,original,655,118.1410,27.003834
2026-08-28 14:59:49.496,capturas/4/20260828_145754/flow,original,656,118.3130,27.952697
2026-08-28 14:59:49.683,capturas/4/20260828_145754/flow,original,657,118.5000,28.805056
2026-08-28 14:59:49.839,capturas/4/20260828_145754/flow,original,658,118.6560,31.455494
2026-08-28 14:59:49.980,capturas/4/20260828_145754/flow,original,659,118.7970,31.953702
2026-08-28 14:59:50.168,capturas/4/20260828_145754/flow,original,660,118.9850,32.660611
2026-08-28 14:59:50.339,capturas/4/20260828_145754/flow,original,661,119.1560,33.593020
2026-08-28 14:59:50.511,capturas/4/20260828_145754/flow,original,662,119.3280,34.052894
2026-08-28 14:59:50.668,capturas/4/20260828_145754/flow,original,663,119.4850,35.550476
2026-08-28 14:59:50.839,capturas/4/20260828_145754/flow,original,664,119.6560,35.953647
2026-08-28 14:59:51.011,capturas/4/20260828_145754/flow,original,665,119.8280,36.332187
2026-08-28 14:59:51.199,capturas/4/20260828_145754/flow,original,666,120.0160,36.690654
2026-08-28 14:59:51.324,capturas/4/20260828_145754/flow,original,667,120.1410,37.029157
2026-08-28 14:59:51.496,capturas/4/20260828_145754/flow,original,668,120.3130,38.316808
2026-08-28 14:59:51.668,capturas/4/20260828_145754/flow,original,669,120.4850,38.519847
2026-08-28 14:59:51.824,capturas/4/20260828_145754/flow,original,670,120.6410,38.658844
2026-08-28 14:59:51.996,capturas/4/20260828_145754/flow,original,671,120.8130,38.911801
2026-08-28 14:59:52.168,capturas/4/20260828_145754/flow,original,672,120.9850,39.085167
2026-08-28 14:59:52.339,capturas/4/20260828_145754/flow,original,673,121.1560,37.920226
2026-08-28 14:59:52.511,capturas/4/20260828_145754/flow,original,674,121.3280,37.418408
2026-08-28 14:59:52.668,capturas/4/20260828_145754/flow,original,675,121.4850,36.868803
2026-08-28 14:59:52.839,capturas/4/20260828_145754/flow,original,676,121.6560,36.414398
2026-08-28 14:59:52.964,capturas/4/20260828_145754/flow,original,677,121.7810,35.963868
2026-08-28 14:59:53.152,capturas/4/20260828_145754/flow,original,678,121.9690,35.736973
2026-08-28 14:59:53.324,capturas/4/20260828_145754/flow,original,679,122.1410,36.014997
2026-08-28 14:59:53.480,capturas/4/20260828_145754/flow,original,680,122.2970,36.399116
2026-08-28 14:59:53.668,capturas/4/20260828_145754/flow,original,681,122.4850,36.863799
2026-08-28 14:59:53.855,capturas/4/20260828_145754/flow,original,682,122.6720,37.473318
2026-08-28 14:59:54.027,capturas/4/20260828_145754/flow,original,683,122.8440,39.574846
2026-08-28 14:59:54.183,capturas/4/20260828_145754/flow,original,684,123.0000,39.933700
2026-08-28 14:59:54.355,capturas/4/20260828_145754/flow,original,685,123.1720,40.089587
2026-08-28 14:59:54.543,capturas/4/20260828_145754/flow,original,686,123.3600,39.893797
2026-08-28 14:59:54.714,capturas/4/20260828_145754/flow,original,687,123.5310,39.560308
2026-08-28 14:59:54.918,capturas/4/20260828_145754/flow,original,688,123.7350,38.205576
2026-08-28 14:59:55.074,capturas/4/20260828_145754/flow,original,689,123.8910,37.757919
2026-08-28 14:59:55.214,capturas/4/20260828_145754/flow,original,690,124.0310,37.425928
2026-08-28 14:59:55.386,capturas/4/20260828_145754/flow,original,691,124.2030,37.311879
2026-08-28 14:59:55.558,capturas/4/20260828_145754/flow,original,692,124.3750,37.682519
2026-08-28 14:59:55.714,capturas/4/20260828_145754/flow,original,693,124.5310,40.117508
2026-08-28 14:59:55.855,capturas/4/20260828_145754/flow,original,694,124.6720,40.930599
2026-08-28 14:59:56.011,capturas/4/20260828_145754/flow,original,695,124.8280,41.793897
2026-08-28 14:59:56.168,capturas/4/20260828_145754/flow,original,696,124.9850,42.565935
2026-08-28 14:59:56.339,capturas/4/20260828_145754/flow,original,697,125.1560,43.305525
2026-08-28 14:59:56.511,capturas/4/20260828_145754/flow,original,698,125.3280,45.329834
2026-08-28 14:59:56.652,capturas/4/20260828_145754/flow,original,699,125.4690,45.444175
2026-08-28 14:59:56.855,capturas/4/20260828_145754/flow,original,700,125.6720,45.498882
2026-08-28 14:59:56.996,capturas/4/20260828_145754/flow,original,701,125.8130,45.587680
2026-08-28 14:59:57.183,capturas/4/20260828_145754/flow,original,702,126.0000,45.658617
2026-08-28 14:59:57.355,capturas/4/20260828_145754/flow,original,703,126.1720,45.168970
2026-08-28 14:59:57.543,capturas/4/20260828_145754/flow,original,704,126.3600,44.629656
2026-08-28 14:59:57.699,capturas/4/20260828_145754/flow,original,705,126.5160,43.966804
2026-08-28 14:59:57.902,capturas/4/20260828_145754/flow,original,706,126.7190,43.334062
2026-08-28 14:59:58.089,capturas/4/20260828_145754/flow,original,707,126.9060,42.613169
2026-08-28 14:59:58.214,capturas/4/20260828_145754/flow,original,708,127.0310,40.011088
2026-08-28 14:59:58.402,capturas/4/20260828_145754/flow,original,709,127.2190,39.632894
2026-08-28 14:59:58.574,capturas/4/20260828_145754/flow,original,710,127.3910,39.349895
2026-08-28 14:59:58.777,capturas/4/20260828_145754/flow,original,711,127.5940,39.379509
2026-08-28 14:59:58.933,capturas/4/20260828_145754/flow,original,712,127.7500,39.537256
2026-08-28 14:59:59.105,capturas/4/20260828_145754/flow,original,713,127.9220,40.096320
2026-08-28 14:59:59.230,capturas/4/20260828_145754/flow,original,714,128.0470,40.281188
2026-08-28 14:59:59.418,capturas/4/20260828_145754/flow,original,715,128.2350,40.505883
2026-08-28 14:59:59.605,capturas/4/20260828_145754/flow,original,716,128.4220,41.887275
2026-08-28 14:59:59.777,capturas/4/20260828_145754/flow,original,717,128.5940,42.313267
2026-08-28 14:59:59.949,capturas/4/20260828_145754/flow,original,718,128.7660,43.044472
2026-08-28 15:00:00.105,capturas/4/20260828_145754/flow,original,719,128.9220,43.385516
2026-08-28 15:00:00.261,capturas/4/20260828_145754/flow,original,720,129.0780,43.699365
2026-08-28 15:00:00.418,capturas/4/20260828_145754/flow,original,721,129.2350,46.246181
2026-08-28 15:00:00.558,capturas/4/20260828_145754/flow,original,722,129.3750,47.019996
2026-08-28 15:00:00.746,capturas/4/20260828_145754/flow,original,723,129.5630,48.465242
2026-08-28 15:00:00.871,capturas/4/20260828_145754/flow,original,724,129.6880,49.062443
2026-08-28 15:00:01.043,capturas/4/20260828_145754/flow,original,725,129.8600,49.465764
2026-08-28 15:00:01.183,capturas/4/20260828_145754/flow,original,726,130.0000,49.864731
2026-08-28 15:00:01.402,capturas/4/20260828_145754/flow,original,727,130.2190,49.718406
2026-08-28 15:00:01.543,capturas/4/20260828_145754/flow,original,728,130.3600,49.196638
2026-08-28 15:00:01.714,capturas/4/20260828_145754/flow,original,729,130.5310,48.806494
2026-08-28 15:00:01.886,capturas/4/20260828_145754/flow,original,730,130.7030,48.370683
2026-08-28 15:00:02.058,capturas/4/20260828_145754/flow,original,731,130.8750,47.580075
2026-08-28 15:00:02.214,capturas/4/20260828_145754/flow,original,732,131.0310,47.433906
2026-08-28 15:00:02.418,capturas/4/20260828_145754/flow,original,733,131.2350,47.413224
2026-08-28 15:00:02.589,capturas/4/20260828_145754/flow,original,734,131.4060,47.369939
2026-08-28 15:00:02.761,capturas/4/20260828_145754/flow,original,735,131.5780,47.318055
2026-08-28 15:00:02.902,capturas/4/20260828_145754/flow,original,736,131.7190,47.231744
2026-08-28 15:00:03.074,capturas/4/20260828_145754/flow,original,737,131.8910,47.121793
2026-08-28 15:00:03.230,capturas/4/20260828_145754/flow,original,738,132.0470,46.757853
2026-08-28 15:00:03.402,capturas/4/20260828_145754/flow,original,739,132.2190,46.599530
2026-08-28 15:00:03.511,capturas/4/20260828_145754/flow,original,740,132.3280,46.414083
2026-08-28 15:00:03.699,capturas/4/20260828_145754/flow,original,741,132.5160,45.971955
2026-08-28 15:00:03.886,capturas/4/20260828_145754/flow,original,742,132.7030,45.671350
2026-08-28 15:00:04.043,capturas/4/20260828_145754/flow,original,743,132.8600,44.162016
2026-08-28 15:00:04.230,capturas/4/20260828_145754/flow,original,744,133.0470,43.450870
2026-08-28 15:00:04.402,capturas/4/20260828_145754/flow,original,745,133.2190,42.830938
2026-08-28 15:00:04.558,capturas/4/20260828_145754/flow,original,746,133.3750,41.594567
2026-08-28 15:00:04.699,capturas/4/20260828_145754/flow,original,747,133.5160,41.555773
2026-08-28 15:00:04.855,capturas/4/20260828_145754/flow,original,748,133.6720,41.623087
2026-08-28 15:00:05.011,capturas/4/20260828_145754/flow,original,749,133.8280,41.540711
2026-08-28 15:00:05.214,capturas/4/20260828_145754/flow,original,750,134.0310,41.275755
2026-08-28 15:00:05.386,capturas/4/20260828_145754/flow,original,751,134.2030,39.895259
2026-08-28 15:00:05.574,capturas/4/20260828_145754/flow,original,752,134.3910,39.406952
2026-08-28 15:00:05.761,capturas/4/20260828_145754/flow,original,753,134.5780,38.571398
2026-08-28 15:00:05.902,capturas/4/20260828_145754/flow,original,754,134.7190,38.343677
2026-08-28 15:00:06.074,capturas/4/20260828_145754/flow,original,755,134.8910,38.122755
2026-08-28 15:00:06.214,capturas/4/20260828_145754/flow,original,756,135.0310,37.714535
2026-08-28 15:00:06.402,capturas/4/20260828_145754/flow,original,757,135.2190,37.471492
2026-08-28 15:00:06.589,capturas/4/20260828_145754/flow,original,758,135.4060,37.053674
2026-08-28 15:00:06.761,capturas/4/20260828_145754/flow,original,759,135.5780,36.890904
2026-08-28 15:00:06.949,capturas/4/20260828_145754/flow,original,760,135.7660,36.725768
2026-08-28 15:00:07.105,capturas/4/20260828_145754/flow,original,761,135.9220,37.388991
2026-08-28 15:00:07.246,capturas/4/20260828_145754/flow,original,762,136.0630,37.993498
2026-08-28 15:00:07.418,capturas/4/20260828_145754/flow,original,763,136.2350,39.217330
2026-08-28 15:00:07.558,capturas/4/20260828_145754/flow,original,764,136.3750,39.813154
2026-08-28 15:00:07.761,capturas/4/20260828_145754/flow,original,765,136.5780,40.275117
2026-08-28 15:00:07.902,capturas/4/20260828_145754/flow,original,766,136.7190,41.702863
2026-08-28 15:00:08.089,capturas/4/20260828_145754/flow,original,767,136.9060,42.172589
2026-08-28 15:00:08.230,capturas/4/20260828_145754/flow,original,768,137.0470,43.535331
2026-08-28 15:00:08.386,capturas/4/20260828_145754/flow,original,769,137.2030,43.939451
2026-08-28 15:00:08.589,capturas/4/20260828_145754/flow,original,770,137.4060,44.200234
2026-08-28 15:00:08.761,capturas/4/20260828_145754/flow,original,771,137.5780,44.612485
2026-08-28 15:00:08.933,capturas/4/20260828_145754/flow,original,772,137.7500,44.681374
2026-08-28 15:00:09.058,capturas/4/20260828_145754/flow,original,773,137.8750,45.018860
2026-08-28 15:00:09.246,capturas/4/20260828_145754/flow,original,774,138.0630,45.248827
2026-08-28 15:00:09.402,capturas/4/20260828_145754/flow,original,775,138.2190,45.403359
2026-08-28 15:00:09.558,capturas/4/20260828_145754/flow,original,776,138.3750,45.363170
2026-08-28 15:00:09.746,capturas/4/20260828_145754/flow,original,777,138.5630,45.119747
2026-08-28 15:00:09.933,capturas/4/20260828_145754/flow,original,778,138.7500,44.436576
2026-08-28 15:00:10.089,capturas/4/20260828_145754/flow,original,779,138.9060,44.171674
2026-08-28 15:00:10.230,capturas/4/20260828_145754/flow,original,780,139.0470,43.994877
2026-08-28 15:00:10.418,capturas/4/20260828_145754/flow,original,781,139.2350,43.388726
2026-08-28 15:00:10.589,capturas/4/20260828_145754/flow,original,782,139.4060,43.129882
2026-08-28 15:00:10.793,capturas/4/20260828_145754/flow,original,783,139.6100,42.549670
2026-08-28 15:00:10.933,capturas/4/20260828_145754/flow,original,784,139.7500,42.347853
2026-08-28 15:00:11.074,capturas/4/20260828_145754/flow,original,785,139.8910,42.154227
2026-08-28 15:00:11.230,capturas/4/20260828_145754/flow,original,786,140.0470,41.800053
2026-08-28 15:00:11.402,capturas/4/20260828_145754/flow,original,787,140.2190,41.727633
2026-08-28 15:00:11.605,capturas/4/20260828_145754/flow,original,788,140.4220,41.570496
2026-08-28 15:00:11.777,capturas/4/20260828_145754/flow,original,789,140.5940,41.543203
2026-08-28 15:00:11.949,capturas/4/20260828_145754/flow,original,790,140.7660,41.487226
2026-08-28 15:00:12.136,capturas/4/20260828_145754/flow,original,791,140.9530,41.792498
2026-08-28 15:00:12.261,capturas/4/20260828_145754/flow,original,792,141.0780,41.870434
2026-08-28 15:00:12.449,capturas/4/20260828_145754/flow,original,793,141.2660,42.179715
2026-08-28 15:00:12.621,capturas/4/20260828_145754/flow,original,794,141.4380,42.244130
2026-08-28 15:00:12.808,capturas/4/20260828_145754/flow,original,795,141.6250,42.334223
2026-08-28 15:00:12.980,capturas/4/20260828_145754/flow,original,796,141.7970,42.261420
2026-08-28 15:00:13.121,capturas/4/20260828_145754/flow,original,797,141.9380,42.166597
2026-08-28 15:00:13.246,capturas/4/20260828_145754/flow,original,798,142.0630,41.964160
2026-08-28 15:00:13.433,capturas/4/20260828_145754/flow,original,799,142.2500,41.954652
2026-08-28 15:00:13.621,capturas/4/20260828_145754/flow,original,800,142.4380,41.949528
2026-08-28 15:00:13.777,capturas/4/20260828_145754/flow,original,801,142.5940,42.085595
2026-08-28 15:00:13.949,capturas/4/20260828_145754/flow,original,802,142.7660,42.114055
2026-08-28 15:00:14.105,capturas/4/20260828_145754/flow,original,803,142.9220,42.328615
2026-08-28 15:00:14.277,capturas/4/20260828_145754/flow,original,804,143.0940,42.392662
2026-08-28 15:00:14.433,capturas/4/20260828_145754/flow,original,805,143.2500,42.516276
2026-08-28 15:00:14.621,capturas/4/20260828_145754/flow,original,806,143.4380,43.090404
2026-08-28 15:00:14.808,capturas/4/20260828_145754/flow,original,807,143.6250,43.131243
2026-08-28 15:00:14.996,capturas/4/20260828_145754/flow,original,808,143.8130,43.137007
2026-08-28 15:00:15.152,capturas/4/20260828_145754/flow,original,809,143.9690,43.064529
2026-08-28 15:00:15.308,capturas/4/20260828_145754/flow,original,810,144.1250,42.955428
2026-08-28 15:00:15.496,capturas/4/20260828_145754/flow,original,811,144.3130,42.707256
2026-08-28 15:00:15.652,capturas/4/20260828_145754/flow,original,812,144.4690,42.716072
2026-08-28 15:00:15.793,capturas/4/20260828_145754/flow,original,813,144.6100,42.641374
2026-08-28 15:00:15.949,capturas/4/20260828_145754/flow,original,814,144.7660,42.421553
2026-08-28 15:00:16.136,capturas/4/20260828_145754/flow,original,815,144.9530,42.167667
2026-08-28 15:00:16.261,capturas/4/20260828_145754/flow,original,816,145.0780,41.433479
2026-08-28 15:00:16.418,capturas/4/20260828_145754/flow,original,817,145.2350,41.330202
2026-08-28 15:00:16.605,capturas/4/20260828_145754/flow,original,818,145.4220,41.429732
2026-08-28 15:00:16.746,capturas/4/20260828_145754/flow,original,819,145.5630,41.510953
2026-08-28 15:00:16.933,capturas/4/20260828_145754/flow,original,820,145.7500,41.587464
2026-08-28 15:00:17.089,capturas/4/20260828_145754/flow,original,821,145.9060,41.660321
2026-08-28 15:00:17.214,capturas/4/20260828_145754/flow,original,822,146.0310,41.712915
2026-08-28 15:00:17.386,capturas/4/20260828_145754/flow,original,823,146.2030,41.864522
2026-08-28 15:00:17.543,capturas/4/20260828_145754/flow,original,824,146.3600,41.973615
2026-08-28 15:00:17.668,capturas/4/20260828_145754/flow,original,825,146.4850,42.123756
2026-08-28 15:00:17.808,capturas/4/20260828_145754/flow,original,826,146.6250,42.143159
2026-08-28 15:00:17.949,capturas/4/20260828_145754/flow,original,827,146.7660,42.113394
2026-08-28 15:00:18.136,capturas/4/20260828_145754/flow,original,828,146.9530,42.053939
2026-08-28 15:00:18.293,capturas/4/20260828_145754/flow,original,829,147.1100,41.932680
2026-08-28 15:00:18.480,capturas/4/20260828_145754/flow,original,830,147.2970,41.764106
2026-08-28 15:00:18.605,capturas/4/20260828_145754/flow,original,831,147.4220,40.821157
2026-08-28 15:00:18.793,capturas/4/20260828_145754/flow,original,832,147.6100,40.354474
2026-08-28 15:00:18.980,capturas/4/20260828_145754/flow,original,833,147.7970,39.225717
2026-08-28 15:00:19.152,capturas/4/20260828_145754/flow,original,834,147.9690,38.615932
2026-08-28 15:00:19.293,capturas/4/20260828_145754/flow,original,835,148.1100,37.969758
2026-08-28 15:00:19.480,capturas/4/20260828_145754/flow,original,836,148.2970,37.171900
2026-08-28 15:00:19.652,capturas/4/20260828_145754/flow,original,837,148.4690,37.134168
2026-08-28 15:00:19.839,capturas/4/20260828_145754/flow,original,838,148.6560,37.523237
2026-08-28 15:00:20.027,capturas/4/20260828_145754/flow,original,839,148.8440,38.028233
2026-08-28 15:00:20.214,capturas/4/20260828_145754/flow,original,840,149.0310,38.609847
2026-08-28 15:00:20.339,capturas/4/20260828_145754/flow,original,841,149.1560,40.359621
2026-08-28 15:00:20.511,capturas/4/20260828_145754/flow,original,842,149.3280,40.742323
2026-08-28 15:00:20.699,capturas/4/20260828_145754/flow,original,843,149.5160,41.609679
2026-08-28 15:00:20.902,capturas/4/20260828_145754/flow,original,844,149.7190,41.637700
2026-08-28 15:00:21.058,capturas/4/20260828_145754/flow,original,845,149.8750,41.583357
2026-08-28 15:00:21.246,capturas/4/20260828_145754/flow,original,846,150.0630,40.282554
2026-08-28 15:00:21.433,capturas/4/20260828_145754/flow,original,847,150.2500,39.630021
2026-08-28 15:00:21.621,capturas/4/20260828_145754/flow,original,848,150.4380,38.970782
2026-08-28 15:00:21.808,capturas/4/20260828_145754/flow,original,849,150.6250,38.427327
2026-08-28 15:00:21.996,capturas/4/20260828_145754/flow,original,850,150.8130,38.211300
2026-08-28 15:00:22.183,capturas/4/20260828_145754/flow,original,851,151.0000,39.460518
2026-08-28 15:00:22.308,capturas/4/20260828_145754/flow,original,852,151.1250,40.013651
2026-08-28 15:00:22.496,capturas/4/20260828_145754/flow,original,853,151.3130,40.584264
2026-08-28 15:00:22.668,capturas/4/20260828_145754/flow,original,854,151.4850,41.746618
2026-08-28 15:00:22.871,capturas/4/20260828_145754/flow,original,855,151.6880,42.214305
2026-08-28 15:00:23.058,capturas/4/20260828_145754/flow,original,856,151.8750,43.307705
2026-08-28 15:00:23.246,capturas/4/20260828_145754/flow,original,857,152.0630,43.336724
2026-08-28 15:00:23.386,capturas/4/20260828_145754/flow,original,858,152.2030,43.236726
2026-08-28 15:00:23.558,capturas/4/20260828_145754/flow,original,859,152.3750,42.377835
2026-08-28 15:00:23.730,capturas/4/20260828_145754/flow,original,860,152.5470,41.788875
2026-08-28 15:00:23.886,capturas/4/20260828_145754/flow,original,861,152.7030,36.782710
2026-08-28 15:00:24.011,capturas/4/20260828_145754/flow,original,862,152.8280,35.423827
2026-08-28 15:00:24.199,capturas/4/20260828_145754/flow,original,863,153.0160,33.876965
2026-08-28 15:00:24.324,capturas/4/20260828_145754/flow,original,864,153.1410,32.288779
2026-08-28 15:00:24.511,capturas/4/20260828_145754/flow,original,865,153.3280,30.628893
2026-08-28 15:00:24.699,capturas/4/20260828_145754/flow,original,866,153.5160,24.772178
2026-08-28 15:00:24.886,capturas/4/20260828_145754/flow,original,867,153.7030,23.660312
2026-08-28 15:00:25.043,capturas/4/20260828_145754/flow,original,868,153.8600,22.544597
2026-08-28 15:00:25.214,capturas/4/20260828_145754/flow,original,869,154.0310,20.778598
2026-08-28 15:00:25.339,capturas/4/20260828_145754/flow,original,870,154.1560,19.912313
2026-08-28 15:00:25.496,capturas/4/20260828_145754/flow,original,871,154.3130,17.568959
2026-08-28 15:00:25.683,capturas/4/20260828_145754/flow,original,872,154.5000,17.300936
2026-08-28 15:00:25.839,capturas/4/20260828_145754/flow,original,873,154.6560,17.282277
2026-08-28 15:00:26.027,capturas/4/20260828_145754/flow,original,874,154.8440,17.275114
2026-08-28 15:00:26.199,capturas/4/20260828_145754/flow,original,875,155.0160,17.445827
2026-08-28 15:00:26.355,capturas/4/20260828_145754/flow,original,876,155.1720,18.200420
2026-08-28 15:00:26.558,capturas/4/20260828_145754/flow,original,877,155.3750,18.610701
2026-08-28 15:00:26.746,capturas/4/20260828_145754/flow,original,878,155.5630,19.340140
2026-08-28 15:00:26.933,capturas/4/20260828_145754/flow,original,879,155.7500,20.162367
2026-08-28 15:00:27.121,capturas/4/20260828_145754/flow,original,880,155.9380,21.194272
2026-08-28 15:00:27.308,capturas/4/20260828_145754/flow,original,881,156.1250,24.507620
2026-08-28 15:00:27.496,capturas/4/20260828_145754/flow,original,882,156.3130,24.931620
2026-08-28 15:00:27.652,capturas/4/20260828_145754/flow,original,883,156.4690,25.214485
2026-08-28 15:00:27.824,capturas/4/20260828_145754/flow,original,884,156.6410,25.266182
2026-08-28 15:00:28.027,capturas/4/20260828_145754/flow,original,885,156.8440,25.285955
2026-08-28 15:00:28.199,capturas/4/20260828_145754/flow,original,886,157.0160,25.483407
2026-08-28 15:00:28.371,capturas/4/20260828_145754/flow,original,887,157.1880,25.446635
2026-08-28 15:00:28.543,capturas/4/20260828_145754/flow,original,888,157.3600,25.304216
2026-08-28 15:00:28.714,capturas/4/20260828_145754/flow,original,889,157.5310,24.797307
2026-08-28 15:00:28.902,capturas/4/20260828_145754/flow,original,890,157.7190,24.552672
2026-08-28 15:00:29.043,capturas/4/20260828_145754/flow,original,891,157.8600,22.705219
2026-08-28 15:00:29.246,capturas/4/20260828_145754/flow,original,892,158.0630,22.363115
2026-08-28 15:00:29.371,capturas/4/20260828_145754/flow,original,893,158.1880,22.007644
2026-08-28 15:00:29.496,capturas/4/20260828_145754/flow,original,894,158.3130,21.689083
2026-08-28 15:00:29.668,capturas/4/20260828_145754/flow,original,895,158.4850,21.378125
2026-08-28 15:00:29.855,capturas/4/20260828_145754/flow,original,896,158.6720,20.288779
2026-08-28 15:00:30.043,capturas/4/20260828_145754/flow,original,897,158.8600,20.044521
2026-08-28 15:00:30.246,capturas/4/20260828_145754/flow,original,898,159.0630,19.824901
2026-08-28 15:00:30.371,capturas/4/20260828_145754/flow,original,899,159.1880,19.591629
2026-08-28 15:00:30.543,capturas/4/20260828_145754/flow,original,900,159.3600,19.434705
2026-08-28 15:00:30.699,capturas/4/20260828_145754/flow,original,901,159.5160,18.953917
2026-08-28 15:00:30.839,capturas/4/20260828_145754/flow,original,902,159.6560,18.902873
2026-08-28 15:00:31.011,capturas/4/20260828_145754/flow,original,903,159.8280,18.913996
2026-08-28 15:00:31.199,capturas/4/20260828_145754/flow,original,904,160.0160,18.827526
2026-08-28 15:00:31.355,capturas/4/20260828_145754/flow,original,905,160.1720,18.808178
2026-08-28 15:00:31.527,capturas/4/20260828_145754/flow,original,906,160.3440,18.831823
2026-08-28 15:00:31.699,capturas/4/20260828_145754/flow,original,907,160.5160,18.780986
2026-08-28 15:00:31.855,capturas/4/20260828_145754/flow,original,908,160.6720,18.656812
2026-08-28 15:00:32.058,capturas/4/20260828_145754/flow,original,909,160.8750,18.424044
2026-08-28 15:00:32.214,capturas/4/20260828_145754/flow,original,910,161.0310,18.339389
2026-08-28 15:00:32.355,capturas/4/20260828_145754/flow,original,911,161.1720,18.560904
2026-08-28 15:00:32.543,capturas/4/20260828_145754/flow,original,912,161.3600,18.677037
2026-08-28 15:00:32.699,capturas/4/20260828_145754/flow,original,913,161.5160,18.674258
2026-08-28 15:00:32.871,capturas/4/20260828_145754/flow,original,914,161.6880,18.155271
2026-08-28 15:00:33.027,capturas/4/20260828_145754/flow,original,915,161.8440,18.007487
2026-08-28 15:00:33.214,capturas/4/20260828_145754/flow,original,916,162.0310,17.794018
2026-08-28 15:00:33.386,capturas/4/20260828_145754/flow,original,917,162.2030,17.555653
2026-08-28 15:00:33.527,capturas/4/20260828_145754/flow,original,918,162.3440,17.198313
2026-08-28 15:00:33.699,capturas/4/20260828_145754/flow,original,919,162.5160,16.874433
2026-08-28 15:00:33.902,capturas/4/20260828_145754/flow,original,920,162.7190,16.609575
2026-08-28 15:00:34.058,capturas/4/20260828_145754/flow,original,921,162.8750,15.769923
2026-08-28 15:00:34.246,capturas/4/20260828_145754/flow,original,922,163.0630,15.239309
2026-08-28 15:00:34.418,capturas/4/20260828_145754/flow,original,923,163.2350,14.575838
2026-08-28 15:00:34.605,capturas/4/20260828_145754/flow,original,924,163.4220,12.980194
2026-08-28 15:00:34.730,capturas/4/20260828_145754/flow,original,925,163.5470,12.087014
2026-08-28 15:00:34.918,capturas/4/20260828_145754/flow,original,926,163.7350,8.721267
2026-08-28 15:00:35.105,capturas/4/20260828_145754/flow,original,927,163.9220,7.989996
2026-08-28 15:00:35.293,capturas/4/20260828_145754/flow,original,928,164.1100,7.277977
2026-08-28 15:00:35.433,capturas/4/20260828_145754/flow,original,929,164.2500,6.364522
2026-08-28 15:00:35.605,capturas/4/20260828_145754/flow,original,930,164.4220,5.416725
2026-08-28 15:00:35.793,capturas/4/20260828_145754/flow,original,931,164.6100,2.228134
2026-08-28 15:00:35.980,capturas/4/20260828_145754/flow,original,932,164.7970,1.754410
2026-08-28 15:00:36.168,capturas/4/20260828_145754/flow,original,933,164.9850,1.369883
2026-08-28 15:00:36.293,capturas/4/20260828_145754/flow,original,934,165.1100,0.947078
2026-08-28 15:00:36.433,capturas/4/20260828_145754/flow,original,935,165.2500,0.695452
2026-08-28 15:00:36.621,capturas/4/20260828_145754/flow,original,936,165.4380,0.115979
2026-08-28 15:00:36.808,capturas/4/20260828_145754/flow,original,937,165.6250,0.071561
2026-08-28 15:00:36.996,capturas/4/20260828_145754/flow,original,938,165.8130,0.037212
2026-08-28 15:00:37.199,capturas/4/20260828_145754/flow,original,939,166.0160,0.017483
2026-08-28 15:00:37.402,capturas/4/20260828_145754/flow,original,940,166.2190,0.007883
2026-08-28 15:00:37.589,capturas/4/20260828_145754/flow,original,941,166.4060,0.000598
2026-08-28 15:00:37.777,capturas/4/20260828_145754/flow,original,942,166.5940,0.000000
2026-08-28 15:00:37.949,capturas/4/20260828_145754/flow,original,943,166.7660,0.000000
2026-08-28 15:00:38.152,capturas/4/20260828_145754/flow,original,944,166.9690,0.000000
2026-08-28 15:00:38.339,capturas/4/20260828_145754/flow,original,945,167.1560,0.000000
2026-08-28 15:00:38.464,capturas/4/20260828_145754/flow,original,946,167.2810,0.000000
2026-08-28 15:00:38.636,capturas/4/20260828_145754/flow,original,947,167.4530,0.000000
2026-08-28 15:00:38.839,capturas/4/20260828_145754/flow,original,948,167.6560,0.000000
2026-08-28 15:00:39.011,capturas/4/20260828_145754/flow,original,949,167.8280,0.000000
2026-08-28 15:00:39.168,capturas/4/20260828_145754/flow,original,950,167.9850,0.000000
2026-08-28 15:00:39.293,capturas/4/20260828_145754/flow,original,951,168.1100,0.000000
2026-08-28 15:00:39.433,capturas/4/20260828_145754/flow,original,952,168.2500,0.000000
2026-08-28 15:00:39.621,capturas/4/20260828_145754/flow,original,953,168.4380,0.000000
2026-08-28 15:00:39.808,capturas/4/20260828_145754/flow,original,954,168.6250,0.000000
2026-08-28 15:00:39.996,capturas/4/20260828_145754/flow,original,955,168.8130,0.000000
2026-08-28 15:00:40.199,capturas/4/20260828_145754/flow,original,956,169.0160,0.000000
2026-08-28 15:00:40.339,capturas/4/20260828_145754/flow,original,957,169.1560,0.000000
2026-08-28 15:00:40.480,capturas/4/20260828_145754/flow,original,958,169.2970,0.000000
2026-08-28 15:00:40.652,capturas/4/20260828_145754/flow,original,959,169.4690,0.000522
2026-08-28 15:00:40.808,capturas/4/20260828_145754/flow,original,960,169.6250,0.000231
2026-08-28 15:00:41.011,capturas/4/20260828_145754/flow,original,961,169.8280,0.002244
2026-08-28 15:00:41.183,capturas/4/20260828_145754/flow,original,962,170.0000,0.007398
2026-08-28 15:00:41.355,capturas/4/20260828_145754/flow,original,963,170.1720,0.003527
2026-08-28 15:00:41.480,capturas/4/20260828_145754/flow,original,964,170.2970,0.000926
2026-08-28 15:00:41.683,capturas/4/20260828_145754/flow,original,965,170.5000,0.000000
2026-08-28 15:00:41.871,capturas/4/20260828_145754/flow,original,966,170.6880,0.005570
2026-08-28 15:00:42.027,capturas/4/20260828_145754/flow,original,967,170.8440,0.003117
2026-08-28 15:00:42.183,capturas/4/20260828_145754/flow,original,968,171.0000,0.000000
2026-08-28 15:00:42.386,capturas/4/20260828_145754/flow,original,969,171.2030,0.001413
2026-08-28 15:00:42.527,capturas/4/20260828_145754/flow,original,970,171.3440,0.005099
2026-08-28 15:00:42.683,capturas/4/20260828_145754/flow,original,971,171.5000,0.010493
2026-08-28 15:00:42.886,capturas/4/20260828_145754/flow,original,972,171.7030,0.006385
2026-08-28 15:00:43.043,capturas/4/20260828_145754/flow,original,973,171.8600,0.005245
2026-08-28 15:00:43.261,capturas/4/20260828_145754/flow,original,974,172.0780,0.005977
2026-08-28 15:00:43.433,capturas/4/20260828_145754/flow,original,975,172.2500,0.013200
2026-08-28 15:00:43.621,capturas/4/20260828_145754/flow,original,976,172.4380,0.012420
2026-08-28 15:00:43.808,capturas/4/20260828_145754/flow,original,977,172.6250,0.014307
2026-08-28 15:00:43.980,capturas/4/20260828_145754/flow,original,978,172.7970,0.016768
2026-08-28 15:00:44.121,capturas/4/20260828_145754/flow,original,979,172.9380,0.014584
2026-08-28 15:00:44.308,capturas/4/20260828_145754/flow,original,980,173.1250,0.012257
2026-08-28 15:00:44.496,capturas/4/20260828_145754/flow,original,981,173.3130,0.011681
2026-08-28 15:00:44.699,capturas/4/20260828_145754/flow,original,982,173.5160,0.013456
2026-08-28 15:00:44.871,capturas/4/20260828_145754/flow,original,983,173.6880,0.025659
2026-08-28 15:00:45.074,capturas/4/20260828_145754/flow,original,984,173.8910,0.048871
2026-08-28 15:00:45.261,capturas/4/20260828_145754/flow,original,985,174.0780,0.021451
2026-08-28 15:00:45.433,capturas/4/20260828_145754/flow,original,986,174.2500,0.031846
2026-08-28 15:00:45.558,capturas/4/20260828_145754/flow,original,987,174.3750,0.056671
2026-08-28 15:00:45.761,capturas/4/20260828_145754/flow,original,988,174.5780,0.064766
2026-08-28 15:00:45.886,capturas/4/20260828_145754/flow,original,989,174.7030,0.063903
2026-08-28 15:00:46.058,capturas/4/20260828_145754/flow,original,990,174.8750,0.046926
2026-08-28 15:00:46.246,capturas/4/20260828_145754/flow,original,991,175.0630,0.094876
2026-08-28 15:00:46.418,capturas/4/20260828_145754/flow,original,992,175.2350,0.142271
2026-08-28 15:00:46.543,capturas/4/20260828_145754/flow,original,993,175.3600,0.139946
2026-08-28 15:00:46.699,capturas/4/20260828_145754/flow,original,994,175.5160,0.074927
2026-08-28 15:00:46.886,capturas/4/20260828_145754/flow,original,995,175.7030,0.077321
2026-08-28 15:00:47.043,capturas/4/20260828_145754/flow,original,996,175.8600,0.194454
2026-08-28 15:00:47.214,capturas/4/20260828_145754/flow,original,997,176.0310,0.185679
2026-08-28 15:00:47.355,capturas/4/20260828_145754/flow,original,998,176.1720,0.172983
2026-08-28 15:00:47.543,capturas/4/20260828_145754/flow,original,999,176.3600,0.165392
2026-08-28 15:00:47.714,capturas/4/20260828_145754/flow,original,1000,176.5310,0.143543
2026-08-28 15:00:47.902,capturas/4/20260828_145754/flow,original,1001,176.7190,0.214434
2026-08-28 15:00:48.105,capturas/4/20260828_145754/flow,original,1002,176.9220,0.221143
2026-08-28 15:00:48.277,capturas/4/20260828_145754/flow,original,1003,177.0940,0.320042
2026-08-28 15:00:48.449,capturas/4/20260828_145754/flow,original,1004,177.2660,0.264036
2026-08-28 15:00:48.558,capturas/4/20260828_145754/flow,original,1005,177.3750,0.163849
2026-08-28 15:00:48.746,capturas/4/20260828_145754/flow,original,1006,177.5630,0.271868
2026-08-28 15:00:48.933,capturas/4/20260828_145754/flow,original,1007,177.7500,0.255893
2026-08-28 15:00:49.089,capturas/4/20260828_145754/flow,original,1008,177.9060,0.345772
2026-08-28 15:00:49.246,capturas/4/20260828_145754/flow,original,1009,178.0630,0.358374
2026-08-28 15:00:49.402,capturas/4/20260828_145754/flow,original,1010,178.2190,0.294852
2026-08-28 15:00:49.589,capturas/4/20260828_145754/flow,original,1011,178.4060,0.358274
2026-08-28 15:00:49.746,capturas/4/20260828_145754/flow,original,1012,178.5630,0.483482
2026-08-28 15:00:49.933,capturas/4/20260828_145754/flow,original,1013,178.7500,0.522033
2026-08-28 15:00:50.136,capturas/4/20260828_145754/flow,original,1014,178.9530,0.523357
2026-08-28 15:00:50.308,capturas/4/20260828_145754/flow,original,1015,179.1250,0.556365
2026-08-28 15:00:50.480,capturas/4/20260828_145754/flow,original,1016,179.2970,0.363329
2026-08-28 15:00:50.605,capturas/4/20260828_145754/flow,original,1017,179.4220,0.286622
2026-08-28 15:00:50.793,capturas/4/20260828_145754/flow,original,1018,179.6100,0.319509
2026-08-28 15:00:50.949,capturas/4/20260828_145754/flow,original,1019,179.7660,0.389511
2026-08-28 15:00:51.152,capturas/4/20260828_145754/flow,original,1020,179.9690,0.432722
2026-08-28 15:00:51.324,capturas/4/20260828_145754/flow,original,1021,180.1410,0.559209
2026-08-28 15:00:51.511,capturas/4/20260828_145754/flow,original,1022,180.3280,0.469364
2026-08-28 15:00:51.636,capturas/4/20260828_145754/flow,original,1023,180.4530,0.405859
2026-08-28 15:00:51.824,capturas/4/20260828_145754/flow,original,1024,180.6410,0.374509
2026-08-28 15:00:51.996,capturas/4/20260828_145754/flow,original,1025,180.8130,0.307001
2026-08-28 15:00:52.168,capturas/4/20260828_145754/flow,original,1026,180.9850,0.228351
2026-08-28 15:00:52.339,capturas/4/20260828_145754/flow,original,1027,181.1560,0.192202
2026-08-28 15:00:52.543,capturas/4/20260828_145754/flow,original,1028,181.3600,0.192870
2026-08-28 15:00:52.668,capturas/4/20260828_145754/flow,original,1029,181.4850,0.228780
2026-08-28 15:00:52.871,capturas/4/20260828_145754/flow,original,1030,181.6880,0.189708
2026-08-28 15:00:53.058,capturas/4/20260828_145754/flow,original,1031,181.8750,0.297774
2026-08-28 15:00:53.214,capturas/4/20260828_145754/flow,original,1032,182.0310,0.279187
2026-08-28 15:00:53.386,capturas/4/20260828_145754/flow,original,1033,182.2030,0.276480
2026-08-28 15:00:53.558,capturas/4/20260828_145754/flow,original,1034,182.3750,0.292752
2026-08-28 15:00:53.714,capturas/4/20260828_145754/flow,original,1035,182.5310,0.377900
2026-08-28 15:00:53.886,capturas/4/20260828_145754/flow,original,1036,182.7030,0.323566
2026-08-28 15:00:54.058,capturas/4/20260828_145754/flow,original,1037,182.8750,0.289228
2026-08-28 15:00:54.246,capturas/4/20260828_145754/flow,original,1038,183.0630,0.385906
2026-08-28 15:00:54.402,capturas/4/20260828_145754/flow,original,1039,183.2190,0.530270
2026-08-28 15:00:54.589,capturas/4/20260828_145754/flow,original,1040,183.4060,0.435292
2026-08-28 15:00:54.761,capturas/4/20260828_145754/flow,original,1041,183.5780,0.341973
2026-08-28 15:00:54.949,capturas/4/20260828_145754/flow,original,1042,183.7660,0.397035
2026-08-28 15:00:55.136,capturas/4/20260828_145754/flow,original,1043,183.9530,0.368098
2026-08-28 15:00:55.324,capturas/4/20260828_145754/flow,original,1044,184.1410,0.333044
2026-08-28 15:00:55.480,capturas/4/20260828_145754/flow,original,1045,184.2970,0.301769
2026-08-28 15:00:55.621,capturas/4/20260828_145754/flow,original,1046,184.4380,0.257228
2026-08-28 15:00:55.793,capturas/4/20260828_145754/flow,original,1047,184.6100,0.392326
2026-08-28 15:00:55.964,capturas/4/20260828_145754/flow,original,1048,184.7810,0.374911
2026-08-28 15:00:56.105,capturas/4/20260828_145754/flow,original,1049,184.9220,0.365914
2026-08-28 15:00:56.293,capturas/4/20260828_145754/flow,original,1050,185.1100,0.448284
2026-08-28 15:00:56.449,capturas/4/20260828_145754/flow,original,1051,185.2660,0.506716
2026-08-28 15:00:56.636,capturas/4/20260828_145754/flow,original,1052,185.4530,0.496167
2026-08-28 15:00:56.793,capturas/4/20260828_145754/flow,original,1053,185.6100,0.497971
2026-08-28 15:00:56.933,capturas/4/20260828_145754/flow,original,1054,185.7500,0.420186
2026-08-28 15:00:57.136,capturas/4/20260828_145754/flow,original,1055,185.9530,0.484226
2026-08-28 15:00:57.308,capturas/4/20260828_145754/flow,original,1056,186.1250,0.469317
2026-08-28 15:00:57.480,capturas/4/20260828_145754/flow,original,1057,186.2970,0.475169
2026-08-28 15:00:57.636,capturas/4/20260828_145754/flow,original,1058,186.4530,0.419677
2026-08-28 15:00:57.839,capturas/4/20260828_145754/flow,original,1059,186.6560,0.430615
2026-08-28 15:00:58.011,capturas/4/20260828_145754/flow,original,1060,186.8280,0.394469
2026-08-28 15:00:58.136,capturas/4/20260828_145754/flow,original,1061,186.9530,0.387897
2026-08-28 15:00:58.308,capturas/4/20260828_145754/flow,original,1062,187.1250,0.337702
2026-08-28 15:00:58.480,capturas/4/20260828_145754/flow,original,1063,187.2970,0.413277
2026-08-28 15:00:58.652,capturas/4/20260828_145754/flow,original,1064,187.4690,0.441877
2026-08-28 15:00:58.824,capturas/4/20260828_145754/flow,original,1065,187.6410,0.424213
2026-08-28 15:00:58.996,capturas/4/20260828_145754/flow,original,1066,187.8130,0.281340
2026-08-28 15:00:59.152,capturas/4/20260828_145754/flow,original,1067,187.9690,0.319465
2026-08-28 15:00:59.324,capturas/4/20260828_145754/flow,original,1068,188.1410,0.328561
2026-08-28 15:00:59.480,capturas/4/20260828_145754/flow,original,1069,188.2970,0.291313
2026-08-28 15:00:59.699,capturas/4/20260828_145754/flow,original,1070,188.5160,0.291554
2026-08-28 15:00:59.886,capturas/4/20260828_145754/flow,original,1071,188.7030,0.443863
2026-08-28 15:01:00.105,capturas/4/20260828_145754/flow,original,1072,188.9220,0.364630
2026-08-28 15:01:00.277,capturas/4/20260828_145754/flow,original,1073,189.0940,0.376861
2026-08-28 15:01:00.464,capturas/4/20260828_145754/flow,original,1074,189.2810,0.405367
2026-08-28 15:01:00.652,capturas/4/20260828_145754/flow,original,1075,189.4690,0.372172
2026-08-28 15:01:00.808,capturas/4/20260828_145754/flow,original,1076,189.6250,0.247681
2026-08-28 15:01:00.996,capturas/4/20260828_145754/flow,original,1077,189.8130,0.259494
2026-08-28 15:01:01.121,capturas/4/20260828_145754/flow,original,1078,189.9380,0.302609
2026-08-28 15:01:01.308,capturas/4/20260828_145754/flow,original,1079,190.1250,0.321429
2026-08-28 15:01:01.511,capturas/4/20260828_145754/flow,original,1080,190.3280,0.337773
2026-08-28 15:01:01.761,capturas/4/20260828_145754/flow,original,1081,190.5780,0.341145
2026-08-28 15:01:01.996,capturas/4/20260828_145754/flow,original,1082,190.8130,0.356037
2026-08-28 15:01:02.214,capturas/4/20260828_145754/flow,original,1083,191.0310,0.369352
